row_type,family,geometry,sd_ratio,equalize_prevalence,lp_dist,n,prevalence,n_levels,scales,unfair_w,miscal_slope,miscal_intercept,true_auc_by_level,oracle_auc_by_level,prevalence_by_level,true_auc_gap,true_max_excess_auc,prevalence_ratio,rule,method,is_one_of_the_five,n_sims,n_perm,alpha,seed,geometry_seed_word,pythonhashseed,n_evaluable,n_flag,flag_rate,flag_rate_mc_se,mean_n_admissible_p0,frac_reps_with_level_dropped,description
cell,sd_ratio_sweep,sweep_sdr_1000,1.0,False,normal,2000,0.2,3,1/1/1,,,,0.744643/0.744643/0.744643,0.744643/0.744643/0.744643,0.2/0.2/0.2,0.0,0.0,1.0,m30,calibration_cox,False,1000,999,0.05,42,2114898310,0,1000,56,0.056,0.007270763371201128,3.0,0.0,SD-ratio sweep at 1.000: per-level linear-predictor SD 1.000/1.000/1.000
cell,sd_ratio_sweep,sweep_sdr_1000,1.0,False,normal,2000,0.2,3,1/1/1,,,,0.744643/0.744643/0.744643,0.744643/0.744643/0.744643,0.2/0.2/0.2,0.0,0.0,1.0,m30,diciccio2020,True,1000,999,0.05,42,2114898310,0,1000,55,0.055,0.00720936890441875,3.0,0.0,SD-ratio sweep at 1.000: per-level linear-predictor SD 1.000/1.000/1.000
cell,sd_ratio_sweep,sweep_sdr_1000,1.0,False,normal,2000,0.2,3,1/1/1,,,,0.744643/0.744643/0.744643,0.744643/0.744643/0.744643,0.2/0.2/0.2,0.0,0.0,1.0,m30,fixed_threshold_005,True,1000,999,0.05,42,2114898310,0,1000,295,0.295,0.01442133835675455,3.0,0.0,SD-ratio sweep at 1.000: per-level linear-predictor SD 1.000/1.000/1.000
cell,sd_ratio_sweep,sweep_sdr_1000,1.0,False,normal,2000,0.2,3,1/1/1,,,,0.744643/0.744643/0.744643,0.744643/0.744643/0.744643,0.2/0.2/0.2,0.0,0.0,1.0,m30,four_fifths,True,1000,999,0.05,42,2114898310,0,1000,0,0.0,0.0,3.0,0.0,SD-ratio sweep at 1.000: per-level linear-predictor SD 1.000/1.000/1.000
cell,sd_ratio_sweep,sweep_sdr_1000,1.0,False,normal,2000,0.2,3,1/1/1,,,,0.744643/0.744643/0.744643,0.744643/0.744643/0.744643,0.2/0.2/0.2,0.0,0.0,1.0,m30,lum2022,True,1000,999,0.05,42,2114898310,0,1000,82,0.082,0.008676174272108648,3.0,0.0,SD-ratio sweep at 1.000: per-level linear-predictor SD 1.000/1.000/1.000
cell,sd_ratio_sweep,sweep_sdr_1000,1.0,False,normal,2000,0.2,3,1/1/1,,,,0.744643/0.744643/0.744643,0.744643/0.744643/0.744643,0.2/0.2/0.2,0.0,0.0,1.0,m30,lum2022_bootstrapCI,True,1000,999,0.05,42,2114898310,0,0,0,,,3.0,0.0,SD-ratio sweep at 1.000: per-level linear-predictor SD 1.000/1.000/1.000
cell,sd_ratio_sweep,sweep_sdr_1000,1.0,False,normal,2000,0.2,3,1/1/1,,,,0.744643/0.744643/0.744643,0.744643/0.744643/0.744643,0.2/0.2/0.2,0.0,0.0,1.0,m30,lum2022_cochranQ,True,1000,999,0.05,42,2114898310,0,0,0,,,3.0,0.0,SD-ratio sweep at 1.000: per-level linear-predictor SD 1.000/1.000/1.000
cell,sd_ratio_sweep,sweep_sdr_1000,1.0,False,normal,2000,0.2,3,1/1/1,,,,0.744643/0.744643/0.744643,0.744643/0.744643/0.744643,0.2/0.2/0.2,0.0,0.0,1.0,m30,mbc_excess,False,1000,999,0.05,42,2114898310,0,1000,19,0.0190539769378749,0.004323300001240467,3.0,0.0,SD-ratio sweep at 1.000: per-level linear-predictor SD 1.000/1.000/1.000
cell,sd_ratio_sweep,sweep_sdr_1000,1.0,False,normal,2000,0.2,3,1/1/1,,,,0.744643/0.744643/0.744643,0.744643/0.744643/0.744643,0.2/0.2/0.2,0.0,0.0,1.0,m30,permutation_null,True,1000,999,0.05,42,2114898310,0,1000,56,0.056,0.007270763371201128,3.0,0.0,SD-ratio sweep at 1.000: per-level linear-predictor SD 1.000/1.000/1.000
cell,sd_ratio_sweep,sweep_sdr_1100,1.1,False,normal,2000,0.2,3,0.953463/1/1.04881,,,,0.736039/0.744645/0.753337,0.736039/0.744645/0.753337,0.196927/0.199937/0.203145,0.017298914916666686,0.0,1.031573361937666,m30,calibration_cox,False,1000,999,0.05,42,2144117681,0,1000,47,0.047,0.006692607862410586,3.0,0.0,SD-ratio sweep at 1.100: per-level linear-predictor SD 0.953/1.000/1.049
cell,sd_ratio_sweep,sweep_sdr_1100,1.1,False,normal,2000,0.2,3,0.953463/1/1.04881,,,,0.736039/0.744645/0.753337,0.736039/0.744645/0.753337,0.196927/0.199937/0.203145,0.017298914916666686,0.0,1.031573361937666,m30,diciccio2020,True,1000,999,0.05,42,2144117681,0,1000,69,0.069,0.008014923580421713,3.0,0.0,SD-ratio sweep at 1.100: per-level linear-predictor SD 0.953/1.000/1.049
cell,sd_ratio_sweep,sweep_sdr_1100,1.1,False,normal,2000,0.2,3,0.953463/1/1.04881,,,,0.736039/0.744645/0.753337,0.736039/0.744645/0.753337,0.196927/0.199937/0.203145,0.017298914916666686,0.0,1.031573361937666,m30,fixed_threshold_005,True,1000,999,0.05,42,2144117681,0,1000,313,0.313,0.014663935351739656,3.0,0.0,SD-ratio sweep at 1.100: per-level linear-predictor SD 0.953/1.000/1.049
cell,sd_ratio_sweep,sweep_sdr_1100,1.1,False,normal,2000,0.2,3,0.953463/1/1.04881,,,,0.736039/0.744645/0.753337,0.736039/0.744645/0.753337,0.196927/0.199937/0.203145,0.017298914916666686,0.0,1.031573361937666,m30,four_fifths,True,1000,999,0.05,42,2144117681,0,1000,0,0.0,0.0,3.0,0.0,SD-ratio sweep at 1.100: per-level linear-predictor SD 0.953/1.000/1.049
cell,sd_ratio_sweep,sweep_sdr_1100,1.1,False,normal,2000,0.2,3,0.953463/1/1.04881,,,,0.736039/0.744645/0.753337,0.736039/0.744645/0.753337,0.196927/0.199937/0.203145,0.017298914916666686,0.0,1.031573361937666,m30,lum2022,True,1000,999,0.05,42,2144117681,0,1000,83,0.083,0.008724161850859944,3.0,0.0,SD-ratio sweep at 1.100: per-level linear-predictor SD 0.953/1.000/1.049
cell,sd_ratio_sweep,sweep_sdr_1100,1.1,False,normal,2000,0.2,3,0.953463/1/1.04881,,,,0.736039/0.744645/0.753337,0.736039/0.744645/0.753337,0.196927/0.199937/0.203145,0.017298914916666686,0.0,1.031573361937666,m30,lum2022_bootstrapCI,True,1000,999,0.05,42,2144117681,0,0,0,,,3.0,0.0,SD-ratio sweep at 1.100: per-level linear-predictor SD 0.953/1.000/1.049
cell,sd_ratio_sweep,sweep_sdr_1100,1.1,False,normal,2000,0.2,3,0.953463/1/1.04881,,,,0.736039/0.744645/0.753337,0.736039/0.744645/0.753337,0.196927/0.199937/0.203145,0.017298914916666686,0.0,1.031573361937666,m30,lum2022_cochranQ,True,1000,999,0.05,42,2144117681,0,0,0,,,3.0,0.0,SD-ratio sweep at 1.100: per-level linear-predictor SD 0.953/1.000/1.049
cell,sd_ratio_sweep,sweep_sdr_1100,1.1,False,normal,2000,0.2,3,0.953463/1/1.04881,,,,0.736039/0.744645/0.753337,0.736039/0.744645/0.753337,0.196927/0.199937/0.203145,0.017298914916666686,0.0,1.031573361937666,m30,mbc_excess,False,1000,999,0.05,42,2144117681,0,1000,19,0.019261731150175435,0.0043463452305671476,3.0,0.0,SD-ratio sweep at 1.100: per-level linear-predictor SD 0.953/1.000/1.049
cell,sd_ratio_sweep,sweep_sdr_1100,1.1,False,normal,2000,0.2,3,0.953463/1/1.04881,,,,0.736039/0.744645/0.753337,0.736039/0.744645/0.753337,0.196927/0.199937/0.203145,0.017298914916666686,0.0,1.031573361937666,m30,permutation_null,True,1000,999,0.05,42,2144117681,0,1000,67,0.067,0.007906389820898032,3.0,0.0,SD-ratio sweep at 1.100: per-level linear-predictor SD 0.953/1.000/1.049
cell,sd_ratio_sweep,sweep_sdr_1222,1.222,False,normal,2000,0.2,3,0.904616/1/1.10544,,,,0.726673/0.744654/0.763011,0.726673/0.744654/0.763011,0.193607/0.199713/0.206699,0.03633876571804551,0.0,1.0676239702407828,m30,calibration_cox,False,1000,999,0.05,42,565321286,0,1000,46,0.046,0.006624499981130651,3.0,0.0,SD-ratio sweep at 1.222: per-level linear-predictor SD 0.905/1.000/1.105
cell,sd_ratio_sweep,sweep_sdr_1222,1.222,False,normal,2000,0.2,3,0.904616/1/1.10544,,,,0.726673/0.744654/0.763011,0.726673/0.744654/0.763011,0.193607/0.199713/0.206699,0.03633876571804551,0.0,1.0676239702407828,m30,diciccio2020,True,1000,999,0.05,42,565321286,0,1000,135,0.135,0.010806248192596726,3.0,0.0,SD-ratio sweep at 1.222: per-level linear-predictor SD 0.905/1.000/1.105
cell,sd_ratio_sweep,sweep_sdr_1222,1.222,False,normal,2000,0.2,3,0.904616/1/1.10544,,,,0.726673/0.744654/0.763011,0.726673/0.744654/0.763011,0.193607/0.199713/0.206699,0.03633876571804551,0.0,1.0676239702407828,m30,fixed_threshold_005,True,1000,999,0.05,42,565321286,0,1000,490,0.49,0.0158082257068907,3.0,0.0,SD-ratio sweep at 1.222: per-level linear-predictor SD 0.905/1.000/1.105
cell,sd_ratio_sweep,sweep_sdr_1222,1.222,False,normal,2000,0.2,3,0.904616/1/1.10544,,,,0.726673/0.744654/0.763011,0.726673/0.744654/0.763011,0.193607/0.199713/0.206699,0.03633876571804551,0.0,1.0676239702407828,m30,four_fifths,True,1000,999,0.05,42,565321286,0,1000,0,0.0,0.0,3.0,0.0,SD-ratio sweep at 1.222: per-level linear-predictor SD 0.905/1.000/1.105
cell,sd_ratio_sweep,sweep_sdr_1222,1.222,False,normal,2000,0.2,3,0.904616/1/1.10544,,,,0.726673/0.744654/0.763011,0.726673/0.744654/0.763011,0.193607/0.199713/0.206699,0.03633876571804551,0.0,1.0676239702407828,m30,lum2022,True,1000,999,0.05,42,565321286,0,1000,175,0.175,0.012015614840697915,3.0,0.0,SD-ratio sweep at 1.222: per-level linear-predictor SD 0.905/1.000/1.105
cell,sd_ratio_sweep,sweep_sdr_1222,1.222,False,normal,2000,0.2,3,0.904616/1/1.10544,,,,0.726673/0.744654/0.763011,0.726673/0.744654/0.763011,0.193607/0.199713/0.206699,0.03633876571804551,0.0,1.0676239702407828,m30,lum2022_bootstrapCI,True,1000,999,0.05,42,565321286,0,0,0,,,3.0,0.0,SD-ratio sweep at 1.222: per-level linear-predictor SD 0.905/1.000/1.105
cell,sd_ratio_sweep,sweep_sdr_1222,1.222,False,normal,2000,0.2,3,0.904616/1/1.10544,,,,0.726673/0.744654/0.763011,0.726673/0.744654/0.763011,0.193607/0.199713/0.206699,0.03633876571804551,0.0,1.0676239702407828,m30,lum2022_cochranQ,True,1000,999,0.05,42,565321286,0,0,0,,,3.0,0.0,SD-ratio sweep at 1.222: per-level linear-predictor SD 0.905/1.000/1.105
cell,sd_ratio_sweep,sweep_sdr_1222,1.222,False,normal,2000,0.2,3,0.904616/1/1.10544,,,,0.726673/0.744654/0.763011,0.726673/0.744654/0.763011,0.193607/0.199713/0.206699,0.03633876571804551,0.0,1.0676239702407828,m30,mbc_excess,False,1000,999,0.05,42,565321286,0,1000,18,0.01893852068974459,0.004310435375206164,3.0,0.0,SD-ratio sweep at 1.222: per-level linear-predictor SD 0.905/1.000/1.105
cell,sd_ratio_sweep,sweep_sdr_1222,1.222,False,normal,2000,0.2,3,0.904616/1/1.10544,,,,0.726673/0.744654/0.763011,0.726673/0.744654/0.763011,0.193607/0.199713/0.206699,0.03633876571804551,0.0,1.0676239702407828,m30,permutation_null,True,1000,999,0.05,42,565321286,0,1000,141,0.141,0.011005407761641547,3.0,0.0,SD-ratio sweep at 1.222: per-level linear-predictor SD 0.905/1.000/1.105
cell,sd_ratio_sweep,sweep_sdr_1250,1.25,False,normal,2000,0.2,3,0.894427/1/1.11803,,,,0.724675/0.744657/0.765103,0.724675/0.744657/0.765103,0.1929/0.199644/0.207477,0.04042774670481952,0.0,1.0755645696672942,m30,calibration_cox,False,1000,999,0.05,42,16640429,0,1000,53,0.053,0.00708456067798138,3.0,0.0,SD-ratio sweep at 1.250: per-level linear-predictor SD 0.894/1.000/1.118
cell,sd_ratio_sweep,sweep_sdr_1250,1.25,False,normal,2000,0.2,3,0.894427/1/1.11803,,,,0.724675/0.744657/0.765103,0.724675/0.744657/0.765103,0.1929/0.199644/0.207477,0.04042774670481952,0.0,1.0755645696672942,m30,diciccio2020,True,1000,999,0.05,42,16640429,0,1000,200,0.2,0.01264911064067352,3.0,0.0,SD-ratio sweep at 1.250: per-level linear-predictor SD 0.894/1.000/1.118
cell,sd_ratio_sweep,sweep_sdr_1250,1.25,False,normal,2000,0.2,3,0.894427/1/1.11803,,,,0.724675/0.744657/0.765103,0.724675/0.744657/0.765103,0.1929/0.199644/0.207477,0.04042774670481952,0.0,1.0755645696672942,m30,fixed_threshold_005,True,1000,999,0.05,42,16640429,0,1000,552,0.552,0.015725647840391186,3.0,0.0,SD-ratio sweep at 1.250: per-level linear-predictor SD 0.894/1.000/1.118
cell,sd_ratio_sweep,sweep_sdr_1250,1.25,False,normal,2000,0.2,3,0.894427/1/1.11803,,,,0.724675/0.744657/0.765103,0.724675/0.744657/0.765103,0.1929/0.199644/0.207477,0.04042774670481952,0.0,1.0755645696672942,m30,four_fifths,True,1000,999,0.05,42,16640429,0,1000,0,0.0,0.0,3.0,0.0,SD-ratio sweep at 1.250: per-level linear-predictor SD 0.894/1.000/1.118
cell,sd_ratio_sweep,sweep_sdr_1250,1.25,False,normal,2000,0.2,3,0.894427/1/1.11803,,,,0.724675/0.744657/0.765103,0.724675/0.744657/0.765103,0.1929/0.199644/0.207477,0.04042774670481952,0.0,1.0755645696672942,m30,lum2022,True,1000,999,0.05,42,16640429,0,1000,244,0.244,0.013581752464244074,3.0,0.0,SD-ratio sweep at 1.250: per-level linear-predictor SD 0.894/1.000/1.118
cell,sd_ratio_sweep,sweep_sdr_1250,1.25,False,normal,2000,0.2,3,0.894427/1/1.11803,,,,0.724675/0.744657/0.765103,0.724675/0.744657/0.765103,0.1929/0.199644/0.207477,0.04042774670481952,0.0,1.0755645696672942,m30,lum2022_bootstrapCI,True,1000,999,0.05,42,16640429,0,0,0,,,3.0,0.0,SD-ratio sweep at 1.250: per-level linear-predictor SD 0.894/1.000/1.118
cell,sd_ratio_sweep,sweep_sdr_1250,1.25,False,normal,2000,0.2,3,0.894427/1/1.11803,,,,0.724675/0.744657/0.765103,0.724675/0.744657/0.765103,0.1929/0.199644/0.207477,0.04042774670481952,0.0,1.0755645696672942,m30,lum2022_cochranQ,True,1000,999,0.05,42,16640429,0,0,0,,,3.0,0.0,SD-ratio sweep at 1.250: per-level linear-predictor SD 0.894/1.000/1.118
cell,sd_ratio_sweep,sweep_sdr_1250,1.25,False,normal,2000,0.2,3,0.894427/1/1.11803,,,,0.724675/0.744657/0.765103,0.724675/0.744657/0.765103,0.1929/0.199644/0.207477,0.04042774670481952,0.0,1.0755645696672942,m30,mbc_excess,False,1000,999,0.05,42,16640429,0,1000,20,0.020491868979916752,0.0044801732428140185,3.0,0.0,SD-ratio sweep at 1.250: per-level linear-predictor SD 0.894/1.000/1.118
cell,sd_ratio_sweep,sweep_sdr_1250,1.25,False,normal,2000,0.2,3,0.894427/1/1.11803,,,,0.724675/0.744657/0.765103,0.724675/0.744657/0.765103,0.1929/0.199644/0.207477,0.04042774670481952,0.0,1.0755645696672942,m30,permutation_null,True,1000,999,0.05,42,16640429,0,1000,200,0.2,0.01264911064067352,3.0,0.0,SD-ratio sweep at 1.250: per-level linear-predictor SD 0.894/1.000/1.118
cell,sd_ratio_sweep,sweep_sdr_1350,1.35,False,normal,2000,0.2,3,0.860663/1/1.1619,,,,0.717949/0.744668/0.772223,0.717949/0.744668/0.772223,0.190523/0.199354/0.210152,0.05427425561180155,0.0,1.10302930278916,m30,calibration_cox,False,1000,999,0.05,42,20939674,0,1000,51,0.051,0.00695693898205238,3.0,0.0,SD-ratio sweep at 1.350: per-level linear-predictor SD 0.861/1.000/1.162
cell,sd_ratio_sweep,sweep_sdr_1350,1.35,False,normal,2000,0.2,3,0.860663/1/1.1619,,,,0.717949/0.744668/0.772223,0.717949/0.744668/0.772223,0.190523/0.199354/0.210152,0.05427425561180155,0.0,1.10302930278916,m30,diciccio2020,True,1000,999,0.05,42,20939674,0,1000,289,0.289,0.0143345387090063,3.0,0.0,SD-ratio sweep at 1.350: per-level linear-predictor SD 0.861/1.000/1.162
cell,sd_ratio_sweep,sweep_sdr_1350,1.35,False,normal,2000,0.2,3,0.860663/1/1.1619,,,,0.717949/0.744668/0.772223,0.717949/0.744668/0.772223,0.190523/0.199354/0.210152,0.05427425561180155,0.0,1.10302930278916,m30,fixed_threshold_005,True,1000,999,0.05,42,20939674,0,1000,629,0.629,0.015276092432294327,3.0,0.0,SD-ratio sweep at 1.350: per-level linear-predictor SD 0.861/1.000/1.162
cell,sd_ratio_sweep,sweep_sdr_1350,1.35,False,normal,2000,0.2,3,0.860663/1/1.1619,,,,0.717949/0.744668/0.772223,0.717949/0.744668/0.772223,0.190523/0.199354/0.210152,0.05427425561180155,0.0,1.10302930278916,m30,four_fifths,True,1000,999,0.05,42,20939674,0,1000,1,0.001,0.0009994998749374609,3.0,0.0,SD-ratio sweep at 1.350: per-level linear-predictor SD 0.861/1.000/1.162
cell,sd_ratio_sweep,sweep_sdr_1350,1.35,False,normal,2000,0.2,3,0.860663/1/1.1619,,,,0.717949/0.744668/0.772223,0.717949/0.744668/0.772223,0.190523/0.199354/0.210152,0.05427425561180155,0.0,1.10302930278916,m30,lum2022,True,1000,999,0.05,42,20939674,0,1000,351,0.351,0.015093011627902497,3.0,0.0,SD-ratio sweep at 1.350: per-level linear-predictor SD 0.861/1.000/1.162
cell,sd_ratio_sweep,sweep_sdr_1350,1.35,False,normal,2000,0.2,3,0.860663/1/1.1619,,,,0.717949/0.744668/0.772223,0.717949/0.744668/0.772223,0.190523/0.199354/0.210152,0.05427425561180155,0.0,1.10302930278916,m30,lum2022_bootstrapCI,True,1000,999,0.05,42,20939674,0,0,0,,,3.0,0.0,SD-ratio sweep at 1.350: per-level linear-predictor SD 0.861/1.000/1.162
cell,sd_ratio_sweep,sweep_sdr_1350,1.35,False,normal,2000,0.2,3,0.860663/1/1.1619,,,,0.717949/0.744668/0.772223,0.717949/0.744668/0.772223,0.190523/0.199354/0.210152,0.05427425561180155,0.0,1.10302930278916,m30,lum2022_cochranQ,True,1000,999,0.05,42,20939674,0,0,0,,,3.0,0.0,SD-ratio sweep at 1.350: per-level linear-predictor SD 0.861/1.000/1.162
cell,sd_ratio_sweep,sweep_sdr_1350,1.35,False,normal,2000,0.2,3,0.860663/1/1.1619,,,,0.717949/0.744668/0.772223,0.717949/0.744668/0.772223,0.190523/0.199354/0.210152,0.05427425561180155,0.0,1.10302930278916,m30,mbc_excess,False,1000,999,0.05,42,20939674,0,1000,19,0.019164343931662834,0.00433555900125137,3.0,0.0,SD-ratio sweep at 1.350: per-level linear-predictor SD 0.861/1.000/1.162
cell,sd_ratio_sweep,sweep_sdr_1350,1.35,False,normal,2000,0.2,3,0.860663/1/1.1619,,,,0.717949/0.744668/0.772223,0.717949/0.744668/0.772223,0.190523/0.199354/0.210152,0.05427425561180155,0.0,1.10302930278916,m30,permutation_null,True,1000,999,0.05,42,20939674,0,1000,297,0.297,0.014449602070645405,3.0,0.0,SD-ratio sweep at 1.350: per-level linear-predictor SD 0.861/1.000/1.162
cell,sd_ratio_sweep,sweep_sdr_1450,1.4500000000000002,False,normal,2000,0.2,3,0.830455/1/1.20416,,,,0.71179/0.744681/0.778846,0.71179/0.744681/0.778846,0.188343/0.199008/0.212684,0.06705547301690606,0.0,1.1292373027799683,m30,calibration_cox,False,1000,999,0.05,42,74487071,0,1000,32,0.032,0.005565608681896348,3.0,0.0,SD-ratio sweep at 1.450: per-level linear-predictor SD 0.830/1.000/1.204
cell,sd_ratio_sweep,sweep_sdr_1450,1.4500000000000002,False,normal,2000,0.2,3,0.830455/1/1.20416,,,,0.71179/0.744681/0.778846,0.71179/0.744681/0.778846,0.188343/0.199008/0.212684,0.06705547301690606,0.0,1.1292373027799683,m30,diciccio2020,True,1000,999,0.05,42,74487071,0,1000,397,0.397,0.01547226550961429,3.0,0.0,SD-ratio sweep at 1.450: per-level linear-predictor SD 0.830/1.000/1.204
cell,sd_ratio_sweep,sweep_sdr_1450,1.4500000000000002,False,normal,2000,0.2,3,0.830455/1/1.20416,,,,0.71179/0.744681/0.778846,0.71179/0.744681/0.778846,0.188343/0.199008/0.212684,0.06705547301690606,0.0,1.1292373027799683,m30,fixed_threshold_005,True,1000,999,0.05,42,74487071,0,1000,779,0.779,0.01312093746650749,3.0,0.0,SD-ratio sweep at 1.450: per-level linear-predictor SD 0.830/1.000/1.204
cell,sd_ratio_sweep,sweep_sdr_1450,1.4500000000000002,False,normal,2000,0.2,3,0.830455/1/1.20416,,,,0.71179/0.744681/0.778846,0.71179/0.744681/0.778846,0.188343/0.199008/0.212684,0.06705547301690606,0.0,1.1292373027799683,m30,four_fifths,True,1000,999,0.05,42,74487071,0,1000,1,0.001,0.0009994998749374609,3.0,0.0,SD-ratio sweep at 1.450: per-level linear-predictor SD 0.830/1.000/1.204
cell,sd_ratio_sweep,sweep_sdr_1450,1.4500000000000002,False,normal,2000,0.2,3,0.830455/1/1.20416,,,,0.71179/0.744681/0.778846,0.71179/0.744681/0.778846,0.188343/0.199008/0.212684,0.06705547301690606,0.0,1.1292373027799683,m30,lum2022,True,1000,999,0.05,42,74487071,0,1000,482,0.482,0.01580113919943749,3.0,0.0,SD-ratio sweep at 1.450: per-level linear-predictor SD 0.830/1.000/1.204
cell,sd_ratio_sweep,sweep_sdr_1450,1.4500000000000002,False,normal,2000,0.2,3,0.830455/1/1.20416,,,,0.71179/0.744681/0.778846,0.71179/0.744681/0.778846,0.188343/0.199008/0.212684,0.06705547301690606,0.0,1.1292373027799683,m30,lum2022_bootstrapCI,True,1000,999,0.05,42,74487071,0,0,0,,,3.0,0.0,SD-ratio sweep at 1.450: per-level linear-predictor SD 0.830/1.000/1.204
cell,sd_ratio_sweep,sweep_sdr_1450,1.4500000000000002,False,normal,2000,0.2,3,0.830455/1/1.20416,,,,0.71179/0.744681/0.778846,0.71179/0.744681/0.778846,0.188343/0.199008/0.212684,0.06705547301690606,0.0,1.1292373027799683,m30,lum2022_cochranQ,True,1000,999,0.05,42,74487071,0,0,0,,,3.0,0.0,SD-ratio sweep at 1.450: per-level linear-predictor SD 0.830/1.000/1.204
cell,sd_ratio_sweep,sweep_sdr_1450,1.4500000000000002,False,normal,2000,0.2,3,0.830455/1/1.20416,,,,0.71179/0.744681/0.778846,0.71179/0.744681/0.778846,0.188343/0.199008/0.212684,0.06705547301690606,0.0,1.1292373027799683,m30,mbc_excess,False,1000,999,0.05,42,74487071,0,1000,19,0.01963910354135802,0.004387870685588836,3.0,0.0,SD-ratio sweep at 1.450: per-level linear-predictor SD 0.830/1.000/1.204
cell,sd_ratio_sweep,sweep_sdr_1450,1.4500000000000002,False,normal,2000,0.2,3,0.830455/1/1.20416,,,,0.71179/0.744681/0.778846,0.71179/0.744681/0.778846,0.188343/0.199008/0.212684,0.06705547301690606,0.0,1.1292373027799683,m30,permutation_null,True,1000,999,0.05,42,74487071,0,1000,405,0.405,0.015523369479594306,3.0,0.0,SD-ratio sweep at 1.450: per-level linear-predictor SD 0.830/1.000/1.204
cell,sd_ratio_sweep,sweep_sdr_1500,1.4999999999999998,False,normal,2000,0.2,3,0.816497/1/1.22474,,,,0.7089/0.744689/0.781988,0.7089/0.744689/0.781988,0.187318/0.198818/0.213902,0.07308877470424135,0.0,1.1419198546561338,m30,calibration_cox,False,1000,999,0.05,42,2026179437,0,1000,41,0.041,0.006270486424512854,3.0,0.0,SD-ratio sweep at 1.500: per-level linear-predictor SD 0.816/1.000/1.225
cell,sd_ratio_sweep,sweep_sdr_1500,1.4999999999999998,False,normal,2000,0.2,3,0.816497/1/1.22474,,,,0.7089/0.744689/0.781988,0.7089/0.744689/0.781988,0.187318/0.198818/0.213902,0.07308877470424135,0.0,1.1419198546561338,m30,diciccio2020,True,1000,999,0.05,42,2026179437,0,1000,473,0.473,0.01578831846651188,3.0,0.0,SD-ratio sweep at 1.500: per-level linear-predictor SD 0.816/1.000/1.225
cell,sd_ratio_sweep,sweep_sdr_1500,1.4999999999999998,False,normal,2000,0.2,3,0.816497/1/1.22474,,,,0.7089/0.744689/0.781988,0.7089/0.744689/0.781988,0.187318/0.198818/0.213902,0.07308877470424135,0.0,1.1419198546561338,m30,fixed_threshold_005,True,1000,999,0.05,42,2026179437,0,1000,828,0.828,0.011933817494833748,3.0,0.0,SD-ratio sweep at 1.500: per-level linear-predictor SD 0.816/1.000/1.225
cell,sd_ratio_sweep,sweep_sdr_1500,1.4999999999999998,False,normal,2000,0.2,3,0.816497/1/1.22474,,,,0.7089/0.744689/0.781988,0.7089/0.744689/0.781988,0.187318/0.198818/0.213902,0.07308877470424135,0.0,1.1419198546561338,m30,four_fifths,True,1000,999,0.05,42,2026179437,0,1000,7,0.007,0.0026364749192814255,3.0,0.0,SD-ratio sweep at 1.500: per-level linear-predictor SD 0.816/1.000/1.225
cell,sd_ratio_sweep,sweep_sdr_1500,1.4999999999999998,False,normal,2000,0.2,3,0.816497/1/1.22474,,,,0.7089/0.744689/0.781988,0.7089/0.744689/0.781988,0.187318/0.198818/0.213902,0.07308877470424135,0.0,1.1419198546561338,m30,lum2022,True,1000,999,0.05,42,2026179437,0,1000,553,0.553,0.01572230899073034,3.0,0.0,SD-ratio sweep at 1.500: per-level linear-predictor SD 0.816/1.000/1.225
cell,sd_ratio_sweep,sweep_sdr_1500,1.4999999999999998,False,normal,2000,0.2,3,0.816497/1/1.22474,,,,0.7089/0.744689/0.781988,0.7089/0.744689/0.781988,0.187318/0.198818/0.213902,0.07308877470424135,0.0,1.1419198546561338,m30,lum2022_bootstrapCI,True,1000,999,0.05,42,2026179437,0,0,0,,,3.0,0.0,SD-ratio sweep at 1.500: per-level linear-predictor SD 0.816/1.000/1.225
cell,sd_ratio_sweep,sweep_sdr_1500,1.4999999999999998,False,normal,2000,0.2,3,0.816497/1/1.22474,,,,0.7089/0.744689/0.781988,0.7089/0.744689/0.781988,0.187318/0.198818/0.213902,0.07308877470424135,0.0,1.1419198546561338,m30,lum2022_cochranQ,True,1000,999,0.05,42,2026179437,0,0,0,,,3.0,0.0,SD-ratio sweep at 1.500: per-level linear-predictor SD 0.816/1.000/1.225
cell,sd_ratio_sweep,sweep_sdr_1500,1.4999999999999998,False,normal,2000,0.2,3,0.816497/1/1.22474,,,,0.7089/0.744689/0.781988,0.7089/0.744689/0.781988,0.187318/0.198818/0.213902,0.07308877470424135,0.0,1.1419198546561338,m30,mbc_excess,False,1000,999,0.05,42,2026179437,0,1000,18,0.018627090404922123,0.004275525921798274,3.0,0.0,SD-ratio sweep at 1.500: per-level linear-predictor SD 0.816/1.000/1.225
cell,sd_ratio_sweep,sweep_sdr_1500,1.4999999999999998,False,normal,2000,0.2,3,0.816497/1/1.22474,,,,0.7089/0.744689/0.781988,0.7089/0.744689/0.781988,0.187318/0.198818/0.213902,0.07308877470424135,0.0,1.1419198546561338,m30,permutation_null,True,1000,999,0.05,42,2026179437,0,1000,481,0.481,0.01579996835439869,3.0,0.0,SD-ratio sweep at 1.500: per-level linear-predictor SD 0.816/1.000/1.225
cell,sd_ratio_sweep,sweep_sdr_1600,1.6,False,normal,2000,0.2,3,0.790569/1/1.26491,,,,0.703455/0.744705/0.787967,0.703455/0.744705/0.787967,0.185381/0.198412/0.216251,0.0845123304516292,0.0,1.1665251162036885,m30,calibration_cox,False,1000,999,0.05,42,2055451956,0,1000,61,0.061,0.0075682891065286355,3.0,0.0,SD-ratio sweep at 1.600: per-level linear-predictor SD 0.791/1.000/1.265
cell,sd_ratio_sweep,sweep_sdr_1600,1.6,False,normal,2000,0.2,3,0.790569/1/1.26491,,,,0.703455/0.744705/0.787967,0.703455/0.744705/0.787967,0.185381/0.198412/0.216251,0.0845123304516292,0.0,1.1665251162036885,m30,diciccio2020,True,1000,999,0.05,42,2055451956,0,1000,610,0.61,0.01542400726140908,3.0,0.0,SD-ratio sweep at 1.600: per-level linear-predictor SD 0.791/1.000/1.265
cell,sd_ratio_sweep,sweep_sdr_1600,1.6,False,normal,2000,0.2,3,0.790569/1/1.26491,,,,0.703455/0.744705/0.787967,0.703455/0.744705/0.787967,0.185381/0.198412/0.216251,0.0845123304516292,0.0,1.1665251162036885,m30,fixed_threshold_005,True,1000,999,0.05,42,2055451956,0,1000,887,0.887,0.010011543337567888,3.0,0.0,SD-ratio sweep at 1.600: per-level linear-predictor SD 0.791/1.000/1.265
cell,sd_ratio_sweep,sweep_sdr_1600,1.6,False,normal,2000,0.2,3,0.790569/1/1.26491,,,,0.703455/0.744705/0.787967,0.703455/0.744705/0.787967,0.185381/0.198412/0.216251,0.0845123304516292,0.0,1.1665251162036885,m30,four_fifths,True,1000,999,0.05,42,2055451956,0,1000,7,0.007,0.0026364749192814255,3.0,0.0,SD-ratio sweep at 1.600: per-level linear-predictor SD 0.791/1.000/1.265
cell,sd_ratio_sweep,sweep_sdr_1600,1.6,False,normal,2000,0.2,3,0.790569/1/1.26491,,,,0.703455/0.744705/0.787967,0.703455/0.744705/0.787967,0.185381/0.198412/0.216251,0.0845123304516292,0.0,1.1665251162036885,m30,lum2022,True,1000,999,0.05,42,2055451956,0,1000,682,0.682,0.014726710426975875,3.0,0.0,SD-ratio sweep at 1.600: per-level linear-predictor SD 0.791/1.000/1.265
cell,sd_ratio_sweep,sweep_sdr_1600,1.6,False,normal,2000,0.2,3,0.790569/1/1.26491,,,,0.703455/0.744705/0.787967,0.703455/0.744705/0.787967,0.185381/0.198412/0.216251,0.0845123304516292,0.0,1.1665251162036885,m30,lum2022_bootstrapCI,True,1000,999,0.05,42,2055451956,0,0,0,,,3.0,0.0,SD-ratio sweep at 1.600: per-level linear-predictor SD 0.791/1.000/1.265
cell,sd_ratio_sweep,sweep_sdr_1600,1.6,False,normal,2000,0.2,3,0.790569/1/1.26491,,,,0.703455/0.744705/0.787967,0.703455/0.744705/0.787967,0.185381/0.198412/0.216251,0.0845123304516292,0.0,1.1665251162036885,m30,lum2022_cochranQ,True,1000,999,0.05,42,2055451956,0,0,0,,,3.0,0.0,SD-ratio sweep at 1.600: per-level linear-predictor SD 0.791/1.000/1.265
cell,sd_ratio_sweep,sweep_sdr_1600,1.6,False,normal,2000,0.2,3,0.790569/1/1.26491,,,,0.703455/0.744705/0.787967,0.703455/0.744705/0.787967,0.185381/0.198412/0.216251,0.0845123304516292,0.0,1.1665251162036885,m30,mbc_excess,False,1000,999,0.05,42,2055451956,0,1000,19,0.01973252599255129,0.004398085198186203,3.0,0.0,SD-ratio sweep at 1.600: per-level linear-predictor SD 0.791/1.000/1.265
cell,sd_ratio_sweep,sweep_sdr_1600,1.6,False,normal,2000,0.2,3,0.790569/1/1.26491,,,,0.703455/0.744705/0.787967,0.703455/0.744705/0.787967,0.185381/0.198412/0.216251,0.0845123304516292,0.0,1.1665251162036885,m30,permutation_null,True,1000,999,0.05,42,2055451956,0,1000,617,0.617,0.015372410351015223,3.0,0.0,SD-ratio sweep at 1.600: per-level linear-predictor SD 0.791/1.000/1.265
cell,sd_ratio_sweep,sweep_sdr_1750,1.75,False,normal,2000,0.2,3,0.755929/1/1.32288,,,,0.696027/0.744731/0.796248,0.696027/0.744731/0.796248,0.182719/0.197752/0.219581,0.10022020607382298,0.0,1.2017389387638853,m30,calibration_cox,False,1000,999,0.05,42,104213318,0,1000,51,0.051,0.00695693898205238,3.0,0.0,SD-ratio sweep at 1.750: per-level linear-predictor SD 0.756/1.000/1.323
cell,sd_ratio_sweep,sweep_sdr_1750,1.75,False,normal,2000,0.2,3,0.755929/1/1.32288,,,,0.696027/0.744731/0.796248,0.696027/0.744731/0.796248,0.182719/0.197752/0.219581,0.10022020607382298,0.0,1.2017389387638853,m30,diciccio2020,True,1000,999,0.05,42,104213318,0,1000,791,0.791,0.012857643641040918,3.0,0.0,SD-ratio sweep at 1.750: per-level linear-predictor SD 0.756/1.000/1.323
cell,sd_ratio_sweep,sweep_sdr_1750,1.75,False,normal,2000,0.2,3,0.755929/1/1.32288,,,,0.696027/0.744731/0.796248,0.696027/0.744731/0.796248,0.182719/0.197752/0.219581,0.10022020607382298,0.0,1.2017389387638853,m30,fixed_threshold_005,True,1000,999,0.05,42,104213318,0,1000,961,0.961,0.006122009474020767,3.0,0.0,SD-ratio sweep at 1.750: per-level linear-predictor SD 0.756/1.000/1.323
cell,sd_ratio_sweep,sweep_sdr_1750,1.75,False,normal,2000,0.2,3,0.755929/1/1.32288,,,,0.696027/0.744731/0.796248,0.696027/0.744731/0.796248,0.182719/0.197752/0.219581,0.10022020607382298,0.0,1.2017389387638853,m30,four_fifths,True,1000,999,0.05,42,104213318,0,1000,28,0.028,0.005216895628628198,3.0,0.0,SD-ratio sweep at 1.750: per-level linear-predictor SD 0.756/1.000/1.323
cell,sd_ratio_sweep,sweep_sdr_1750,1.75,False,normal,2000,0.2,3,0.755929/1/1.32288,,,,0.696027/0.744731/0.796248,0.696027/0.744731/0.796248,0.182719/0.197752/0.219581,0.10022020607382298,0.0,1.2017389387638853,m30,lum2022,True,1000,999,0.05,42,104213318,0,1000,829,0.829,0.011906258858264422,3.0,0.0,SD-ratio sweep at 1.750: per-level linear-predictor SD 0.756/1.000/1.323
cell,sd_ratio_sweep,sweep_sdr_1750,1.75,False,normal,2000,0.2,3,0.755929/1/1.32288,,,,0.696027/0.744731/0.796248,0.696027/0.744731/0.796248,0.182719/0.197752/0.219581,0.10022020607382298,0.0,1.2017389387638853,m30,lum2022_bootstrapCI,True,1000,999,0.05,42,104213318,0,0,0,,,3.0,0.0,SD-ratio sweep at 1.750: per-level linear-predictor SD 0.756/1.000/1.323
cell,sd_ratio_sweep,sweep_sdr_1750,1.75,False,normal,2000,0.2,3,0.755929/1/1.32288,,,,0.696027/0.744731/0.796248,0.696027/0.744731/0.796248,0.182719/0.197752/0.219581,0.10022020607382298,0.0,1.2017389387638853,m30,lum2022_cochranQ,True,1000,999,0.05,42,104213318,0,0,0,,,3.0,0.0,SD-ratio sweep at 1.750: per-level linear-predictor SD 0.756/1.000/1.323
cell,sd_ratio_sweep,sweep_sdr_1750,1.75,False,normal,2000,0.2,3,0.755929/1/1.32288,,,,0.696027/0.744731/0.796248,0.696027/0.744731/0.796248,0.182719/0.197752/0.219581,0.10022020607382298,0.0,1.2017389387638853,m30,mbc_excess,False,1000,999,0.05,42,104213318,0,1000,19,0.019395038744030133,0.004361063083257075,3.0,0.0,SD-ratio sweep at 1.750: per-level linear-predictor SD 0.756/1.000/1.323
cell,sd_ratio_sweep,sweep_sdr_1750,1.75,False,normal,2000,0.2,3,0.755929/1/1.32288,,,,0.696027/0.744731/0.796248,0.696027/0.744731/0.796248,0.182719/0.197752/0.219581,0.10022020607382298,0.0,1.2017389387638853,m30,permutation_null,True,1000,999,0.05,42,104213318,0,1000,784,0.784,0.013013224043256921,3.0,0.0,SD-ratio sweep at 1.750: per-level linear-predictor SD 0.756/1.000/1.323
cell,sd_ratio_sweep,sweep_sdr_1900,1.9,False,normal,2000,0.2,3,0.725476/1/1.3784,,,,0.689355/0.744758/0.80381,0.689355/0.744758/0.80381,0.180303/0.197048/0.222708,0.11445472577962335,0.0,1.2351888949196088,m30,calibration_cox,False,1000,999,0.05,42,1910501897,0,1000,66,0.066,0.007851369307324678,3.0,0.0,SD-ratio sweep at 1.900: per-level linear-predictor SD 0.725/1.000/1.378
cell,sd_ratio_sweep,sweep_sdr_1900,1.9,False,normal,2000,0.2,3,0.725476/1/1.3784,,,,0.689355/0.744758/0.80381,0.689355/0.744758/0.80381,0.180303/0.197048/0.222708,0.11445472577962335,0.0,1.2351888949196088,m30,diciccio2020,True,1000,999,0.05,42,1910501897,0,1000,870,0.87,0.010634848376916336,3.0,0.0,SD-ratio sweep at 1.900: per-level linear-predictor SD 0.725/1.000/1.378
cell,sd_ratio_sweep,sweep_sdr_1900,1.9,False,normal,2000,0.2,3,0.725476/1/1.3784,,,,0.689355/0.744758/0.80381,0.689355/0.744758/0.80381,0.180303/0.197048/0.222708,0.11445472577962335,0.0,1.2351888949196088,m30,fixed_threshold_005,True,1000,999,0.05,42,1910501897,0,1000,972,0.972,0.005216895628628201,3.0,0.0,SD-ratio sweep at 1.900: per-level linear-predictor SD 0.725/1.000/1.378
cell,sd_ratio_sweep,sweep_sdr_1900,1.9,False,normal,2000,0.2,3,0.725476/1/1.3784,,,,0.689355/0.744758/0.80381,0.689355/0.744758/0.80381,0.180303/0.197048/0.222708,0.11445472577962335,0.0,1.2351888949196088,m30,four_fifths,True,1000,999,0.05,42,1910501897,0,1000,74,0.074,0.00827792244467173,3.0,0.0,SD-ratio sweep at 1.900: per-level linear-predictor SD 0.725/1.000/1.378
cell,sd_ratio_sweep,sweep_sdr_1900,1.9,False,normal,2000,0.2,3,0.725476/1/1.3784,,,,0.689355/0.744758/0.80381,0.689355/0.744758/0.80381,0.180303/0.197048/0.222708,0.11445472577962335,0.0,1.2351888949196088,m30,lum2022,True,1000,999,0.05,42,1910501897,0,1000,891,0.891,0.009854897259738428,3.0,0.0,SD-ratio sweep at 1.900: per-level linear-predictor SD 0.725/1.000/1.378
cell,sd_ratio_sweep,sweep_sdr_1900,1.9,False,normal,2000,0.2,3,0.725476/1/1.3784,,,,0.689355/0.744758/0.80381,0.689355/0.744758/0.80381,0.180303/0.197048/0.222708,0.11445472577962335,0.0,1.2351888949196088,m30,lum2022_bootstrapCI,True,1000,999,0.05,42,1910501897,0,0,0,,,3.0,0.0,SD-ratio sweep at 1.900: per-level linear-predictor SD 0.725/1.000/1.378
cell,sd_ratio_sweep,sweep_sdr_1900,1.9,False,normal,2000,0.2,3,0.725476/1/1.3784,,,,0.689355/0.744758/0.80381,0.689355/0.744758/0.80381,0.180303/0.197048/0.222708,0.11445472577962335,0.0,1.2351888949196088,m30,lum2022_cochranQ,True,1000,999,0.05,42,1910501897,0,0,0,,,3.0,0.0,SD-ratio sweep at 1.900: per-level linear-predictor SD 0.725/1.000/1.378
cell,sd_ratio_sweep,sweep_sdr_1900,1.9,False,normal,2000,0.2,3,0.725476/1/1.3784,,,,0.689355/0.744758/0.80381,0.689355/0.744758/0.80381,0.180303/0.197048/0.222708,0.11445472577962335,0.0,1.2351888949196088,m30,mbc_excess,False,1000,999,0.05,42,1910501897,0,1000,19,0.019865794656263785,0.00441261202225382,3.0,0.0,SD-ratio sweep at 1.900: per-level linear-predictor SD 0.725/1.000/1.378
cell,sd_ratio_sweep,sweep_sdr_1900,1.9,False,normal,2000,0.2,3,0.725476/1/1.3784,,,,0.689355/0.744758/0.80381,0.689355/0.744758/0.80381,0.180303/0.197048/0.222708,0.11445472577962335,0.0,1.2351888949196088,m30,permutation_null,True,1000,999,0.05,42,1910501897,0,1000,870,0.87,0.010634848376916336,3.0,0.0,SD-ratio sweep at 1.900: per-level linear-predictor SD 0.725/1.000/1.378
cell,sd_ratio_sweep,sweep_sdr_2000,2.0,False,normal,2000,0.2,3,0.707107/1/1.41421,,,,0.685266/0.744777/0.808501,0.685266/0.744777/0.808501,0.178807/0.196562/0.224694,0.12323515937613394,0.0,1.2566298105519202,m30,calibration_cox,False,1000,999,0.05,42,1824220776,0,1000,57,0.057,0.007331507348424334,3.0,0.0,SD-ratio sweep at 2.000: per-level linear-predictor SD 0.707/1.000/1.414
cell,sd_ratio_sweep,sweep_sdr_2000,2.0,False,normal,2000,0.2,3,0.707107/1/1.41421,,,,0.685266/0.744777/0.808501,0.685266/0.744777/0.808501,0.178807/0.196562/0.224694,0.12323515937613394,0.0,1.2566298105519202,m30,diciccio2020,True,1000,999,0.05,42,1824220776,0,1000,915,0.915,0.008819013550278736,3.0,0.0,SD-ratio sweep at 2.000: per-level linear-predictor SD 0.707/1.000/1.414
cell,sd_ratio_sweep,sweep_sdr_2000,2.0,False,normal,2000,0.2,3,0.707107/1/1.41421,,,,0.685266/0.744777/0.808501,0.685266/0.744777/0.808501,0.178807/0.196562/0.224694,0.12323515937613394,0.0,1.2566298105519202,m30,fixed_threshold_005,True,1000,999,0.05,42,1824220776,0,1000,988,0.988,0.003443254274665176,3.0,0.0,SD-ratio sweep at 2.000: per-level linear-predictor SD 0.707/1.000/1.414
cell,sd_ratio_sweep,sweep_sdr_2000,2.0,False,normal,2000,0.2,3,0.707107/1/1.41421,,,,0.685266/0.744777/0.808501,0.685266/0.744777/0.808501,0.178807/0.196562/0.224694,0.12323515937613394,0.0,1.2566298105519202,m30,four_fifths,True,1000,999,0.05,42,1824220776,0,1000,115,0.115,0.010088359628799918,3.0,0.0,SD-ratio sweep at 2.000: per-level linear-predictor SD 0.707/1.000/1.414
cell,sd_ratio_sweep,sweep_sdr_2000,2.0,False,normal,2000,0.2,3,0.707107/1/1.41421,,,,0.685266/0.744777/0.808501,0.685266/0.744777/0.808501,0.178807/0.196562/0.224694,0.12323515937613394,0.0,1.2566298105519202,m30,lum2022,True,1000,999,0.05,42,1824220776,0,1000,938,0.938,0.00762600813007697,3.0,0.0,SD-ratio sweep at 2.000: per-level linear-predictor SD 0.707/1.000/1.414
cell,sd_ratio_sweep,sweep_sdr_2000,2.0,False,normal,2000,0.2,3,0.707107/1/1.41421,,,,0.685266/0.744777/0.808501,0.685266/0.744777/0.808501,0.178807/0.196562/0.224694,0.12323515937613394,0.0,1.2566298105519202,m30,lum2022_bootstrapCI,True,1000,999,0.05,42,1824220776,0,0,0,,,3.0,0.0,SD-ratio sweep at 2.000: per-level linear-predictor SD 0.707/1.000/1.414
cell,sd_ratio_sweep,sweep_sdr_2000,2.0,False,normal,2000,0.2,3,0.707107/1/1.41421,,,,0.685266/0.744777/0.808501,0.685266/0.744777/0.808501,0.178807/0.196562/0.224694,0.12323515937613394,0.0,1.2566298105519202,m30,lum2022_cochranQ,True,1000,999,0.05,42,1824220776,0,0,0,,,3.0,0.0,SD-ratio sweep at 2.000: per-level linear-predictor SD 0.707/1.000/1.414
cell,sd_ratio_sweep,sweep_sdr_2000,2.0,False,normal,2000,0.2,3,0.707107/1/1.41421,,,,0.685266/0.744777/0.808501,0.685266/0.744777/0.808501,0.178807/0.196562/0.224694,0.12323515937613394,0.0,1.2566298105519202,m30,mbc_excess,False,1000,999,0.05,42,1824220776,0,1000,19,0.019006544236362808,0.004318019860138903,3.0,0.0,SD-ratio sweep at 2.000: per-level linear-predictor SD 0.707/1.000/1.414
cell,sd_ratio_sweep,sweep_sdr_2000,2.0,False,normal,2000,0.2,3,0.707107/1/1.41421,,,,0.685266/0.744777/0.808501,0.685266/0.744777/0.808501,0.178807/0.196562/0.224694,0.12323515937613394,0.0,1.2566298105519202,m30,permutation_null,True,1000,999,0.05,42,1824220776,0,1000,918,0.918,0.008676174272108645,3.0,0.0,SD-ratio sweep at 2.000: per-level linear-predictor SD 0.707/1.000/1.414
cell,sd_ratio_sweep,sweep_sdr_2250,2.25,False,normal,2000,0.2,3,0.666667/1/1.5,,,,0.676094/0.744827/0.819176,0.676094/0.744827/0.819176,0.1754/0.195314/0.229359,0.14308111110567456,0.0,1.3076366808175994,m30,calibration_cox,False,1000,999,0.05,42,306726467,0,1000,35,0.035,0.005811626278418116,3.0,0.0,SD-ratio sweep at 2.250: per-level linear-predictor SD 0.667/1.000/1.500
cell,sd_ratio_sweep,sweep_sdr_2250,2.25,False,normal,2000,0.2,3,0.666667/1/1.5,,,,0.676094/0.744827/0.819176,0.676094/0.744827/0.819176,0.1754/0.195314/0.229359,0.14308111110567456,0.0,1.3076366808175994,m30,diciccio2020,True,1000,999,0.05,42,306726467,0,1000,974,0.974,0.005032295698784007,3.0,0.0,SD-ratio sweep at 2.250: per-level linear-predictor SD 0.667/1.000/1.500
cell,sd_ratio_sweep,sweep_sdr_2250,2.25,False,normal,2000,0.2,3,0.666667/1/1.5,,,,0.676094/0.744827/0.819176,0.676094/0.744827/0.819176,0.1754/0.195314/0.229359,0.14308111110567456,0.0,1.3076366808175994,m30,fixed_threshold_005,True,1000,999,0.05,42,306726467,0,1000,999,0.999,0.0009994998749374613,3.0,0.0,SD-ratio sweep at 2.250: per-level linear-predictor SD 0.667/1.000/1.500
cell,sd_ratio_sweep,sweep_sdr_2250,2.25,False,normal,2000,0.2,3,0.666667/1/1.5,,,,0.676094/0.744827/0.819176,0.676094/0.744827/0.819176,0.1754/0.195314/0.229359,0.14308111110567456,0.0,1.3076366808175994,m30,four_fifths,True,1000,999,0.05,42,306726467,0,1000,246,0.246,0.013619251080731275,3.0,0.0,SD-ratio sweep at 2.250: per-level linear-predictor SD 0.667/1.000/1.500
cell,sd_ratio_sweep,sweep_sdr_2250,2.25,False,normal,2000,0.2,3,0.666667/1/1.5,,,,0.676094/0.744827/0.819176,0.676094/0.744827/0.819176,0.1754/0.195314/0.229359,0.14308111110567456,0.0,1.3076366808175994,m30,lum2022,True,1000,999,0.05,42,306726467,0,1000,981,0.981,0.004317290817167639,3.0,0.0,SD-ratio sweep at 2.250: per-level linear-predictor SD 0.667/1.000/1.500
cell,sd_ratio_sweep,sweep_sdr_2250,2.25,False,normal,2000,0.2,3,0.666667/1/1.5,,,,0.676094/0.744827/0.819176,0.676094/0.744827/0.819176,0.1754/0.195314/0.229359,0.14308111110567456,0.0,1.3076366808175994,m30,lum2022_bootstrapCI,True,1000,999,0.05,42,306726467,0,0,0,,,3.0,0.0,SD-ratio sweep at 2.250: per-level linear-predictor SD 0.667/1.000/1.500
cell,sd_ratio_sweep,sweep_sdr_2250,2.25,False,normal,2000,0.2,3,0.666667/1/1.5,,,,0.676094/0.744827/0.819176,0.676094/0.744827/0.819176,0.1754/0.195314/0.229359,0.14308111110567456,0.0,1.3076366808175994,m30,lum2022_cochranQ,True,1000,999,0.05,42,306726467,0,0,0,,,3.0,0.0,SD-ratio sweep at 2.250: per-level linear-predictor SD 0.667/1.000/1.500
cell,sd_ratio_sweep,sweep_sdr_2250,2.25,False,normal,2000,0.2,3,0.666667/1/1.5,,,,0.676094/0.744827/0.819176,0.676094/0.744827/0.819176,0.1754/0.195314/0.229359,0.14308111110567456,0.0,1.3076366808175994,m30,mbc_excess,False,1000,999,0.05,42,306726467,0,1000,20,0.020106147107946518,0.004438681105510975,3.0,0.0,SD-ratio sweep at 2.250: per-level linear-predictor SD 0.667/1.000/1.500
cell,sd_ratio_sweep,sweep_sdr_2250,2.25,False,normal,2000,0.2,3,0.666667/1/1.5,,,,0.676094/0.744827/0.819176,0.676094/0.744827/0.819176,0.1754/0.195314/0.229359,0.14308111110567456,0.0,1.3076366808175994,m30,permutation_null,True,1000,999,0.05,42,306726467,0,1000,976,0.976,0.004839834707921338,3.0,0.0,SD-ratio sweep at 2.250: per-level linear-predictor SD 0.667/1.000/1.500
cell,sd_ratio_sweep,sweep_sdr_2500,2.5,False,normal,2000,0.2,3,0.632456/1/1.58114,,,,0.668158/0.744878/0.82858,0.668158/0.744878/0.82858,0.17238/0.194046/0.233657,0.16042258110341412,0.0,1.355478285946236,m30,calibration_cox,False,1000,999,0.05,42,1785767043,0,1000,48,0.048,0.006759881655768835,3.0,0.0,SD-ratio sweep at 2.500: per-level linear-predictor SD 0.632/1.000/1.581
cell,sd_ratio_sweep,sweep_sdr_2500,2.5,False,normal,2000,0.2,3,0.632456/1/1.58114,,,,0.668158/0.744878/0.82858,0.668158/0.744878/0.82858,0.17238/0.194046/0.233657,0.16042258110341412,0.0,1.355478285946236,m30,diciccio2020,True,1000,999,0.05,42,1785767043,0,1000,995,0.995,0.002230470802319547,3.0,0.0,SD-ratio sweep at 2.500: per-level linear-predictor SD 0.632/1.000/1.581
cell,sd_ratio_sweep,sweep_sdr_2500,2.5,False,normal,2000,0.2,3,0.632456/1/1.58114,,,,0.668158/0.744878/0.82858,0.668158/0.744878/0.82858,0.17238/0.194046/0.233657,0.16042258110341412,0.0,1.355478285946236,m30,fixed_threshold_005,True,1000,999,0.05,42,1785767043,0,1000,1000,1.0,0.0,3.0,0.0,SD-ratio sweep at 2.500: per-level linear-predictor SD 0.632/1.000/1.581
cell,sd_ratio_sweep,sweep_sdr_2500,2.5,False,normal,2000,0.2,3,0.632456/1/1.58114,,,,0.668158/0.744878/0.82858,0.668158/0.744878/0.82858,0.17238/0.194046/0.233657,0.16042258110341412,0.0,1.355478285946236,m30,four_fifths,True,1000,999,0.05,42,1785767043,0,1000,434,0.434,0.015673034167001616,3.0,0.0,SD-ratio sweep at 2.500: per-level linear-predictor SD 0.632/1.000/1.581
cell,sd_ratio_sweep,sweep_sdr_2500,2.5,False,normal,2000,0.2,3,0.632456/1/1.58114,,,,0.668158/0.744878/0.82858,0.668158/0.744878/0.82858,0.17238/0.194046/0.233657,0.16042258110341412,0.0,1.355478285946236,m30,lum2022,True,1000,999,0.05,42,1785767043,0,1000,996,0.996,0.0019959959919799443,3.0,0.0,SD-ratio sweep at 2.500: per-level linear-predictor SD 0.632/1.000/1.581
cell,sd_ratio_sweep,sweep_sdr_2500,2.5,False,normal,2000,0.2,3,0.632456/1/1.58114,,,,0.668158/0.744878/0.82858,0.668158/0.744878/0.82858,0.17238/0.194046/0.233657,0.16042258110341412,0.0,1.355478285946236,m30,lum2022_bootstrapCI,True,1000,999,0.05,42,1785767043,0,0,0,,,3.0,0.0,SD-ratio sweep at 2.500: per-level linear-predictor SD 0.632/1.000/1.581
cell,sd_ratio_sweep,sweep_sdr_2500,2.5,False,normal,2000,0.2,3,0.632456/1/1.58114,,,,0.668158/0.744878/0.82858,0.668158/0.744878/0.82858,0.17238/0.194046/0.233657,0.16042258110341412,0.0,1.355478285946236,m30,lum2022_cochranQ,True,1000,999,0.05,42,1785767043,0,0,0,,,3.0,0.0,SD-ratio sweep at 2.500: per-level linear-predictor SD 0.632/1.000/1.581
cell,sd_ratio_sweep,sweep_sdr_2500,2.5,False,normal,2000,0.2,3,0.632456/1/1.58114,,,,0.668158/0.744878/0.82858,0.668158/0.744878/0.82858,0.17238/0.194046/0.233657,0.16042258110341412,0.0,1.355478285946236,m30,mbc_excess,False,1000,999,0.05,42,1785767043,0,1000,19,0.019109911768921573,0.004329517645316347,3.0,0.0,SD-ratio sweep at 2.500: per-level linear-predictor SD 0.632/1.000/1.581
cell,sd_ratio_sweep,sweep_sdr_2500,2.5,False,normal,2000,0.2,3,0.632456/1/1.58114,,,,0.668158/0.744878/0.82858,0.668158/0.744878/0.82858,0.17238/0.194046/0.233657,0.16042258110341412,0.0,1.355478285946236,m30,permutation_null,True,1000,999,0.05,42,1785767043,0,1000,995,0.995,0.002230470802319547,3.0,0.0,SD-ratio sweep at 2.500: per-level linear-predictor SD 0.632/1.000/1.581
cell,sd_ratio_sweep,sweep_sdr_2750,2.75,False,normal,2000,0.2,3,0.603023/1/1.65831,,,,0.661202/0.744928/0.836944,0.661202/0.744928/0.836944,0.169666/0.192779/0.237647,0.17574239712302142,0.0,1.4006724882934578,m30,calibration_cox,False,1000,999,0.05,42,344163496,0,1000,57,0.057,0.007331507348424334,3.0,0.0,SD-ratio sweep at 2.750: per-level linear-predictor SD 0.603/1.000/1.658
cell,sd_ratio_sweep,sweep_sdr_2750,2.75,False,normal,2000,0.2,3,0.603023/1/1.65831,,,,0.661202/0.744928/0.836944,0.661202/0.744928/0.836944,0.169666/0.192779/0.237647,0.17574239712302142,0.0,1.4006724882934578,m30,diciccio2020,True,1000,999,0.05,42,344163496,0,1000,996,0.996,0.0019959959919799443,3.0,0.0,SD-ratio sweep at 2.750: per-level linear-predictor SD 0.603/1.000/1.658
cell,sd_ratio_sweep,sweep_sdr_2750,2.75,False,normal,2000,0.2,3,0.603023/1/1.65831,,,,0.661202/0.744928/0.836944,0.661202/0.744928/0.836944,0.169666/0.192779/0.237647,0.17574239712302142,0.0,1.4006724882934578,m30,fixed_threshold_005,True,1000,999,0.05,42,344163496,0,1000,1000,1.0,0.0,3.0,0.0,SD-ratio sweep at 2.750: per-level linear-predictor SD 0.603/1.000/1.658
cell,sd_ratio_sweep,sweep_sdr_2750,2.75,False,normal,2000,0.2,3,0.603023/1/1.65831,,,,0.661202/0.744928/0.836944,0.661202/0.744928/0.836944,0.169666/0.192779/0.237647,0.17574239712302142,0.0,1.4006724882934578,m30,four_fifths,True,1000,999,0.05,42,344163496,0,1000,640,0.64,0.015178932768808221,3.0,0.0,SD-ratio sweep at 2.750: per-level linear-predictor SD 0.603/1.000/1.658
cell,sd_ratio_sweep,sweep_sdr_2750,2.75,False,normal,2000,0.2,3,0.603023/1/1.65831,,,,0.661202/0.744928/0.836944,0.661202/0.744928/0.836944,0.169666/0.192779/0.237647,0.17574239712302142,0.0,1.4006724882934578,m30,lum2022,True,1000,999,0.05,42,344163496,0,1000,1000,1.0,0.0,3.0,0.0,SD-ratio sweep at 2.750: per-level linear-predictor SD 0.603/1.000/1.658
cell,sd_ratio_sweep,sweep_sdr_2750,2.75,False,normal,2000,0.2,3,0.603023/1/1.65831,,,,0.661202/0.744928/0.836944,0.661202/0.744928/0.836944,0.169666/0.192779/0.237647,0.17574239712302142,0.0,1.4006724882934578,m30,lum2022_bootstrapCI,True,1000,999,0.05,42,344163496,0,0,0,,,3.0,0.0,SD-ratio sweep at 2.750: per-level linear-predictor SD 0.603/1.000/1.658
cell,sd_ratio_sweep,sweep_sdr_2750,2.75,False,normal,2000,0.2,3,0.603023/1/1.65831,,,,0.661202/0.744928/0.836944,0.661202/0.744928/0.836944,0.169666/0.192779/0.237647,0.17574239712302142,0.0,1.4006724882934578,m30,lum2022_cochranQ,True,1000,999,0.05,42,344163496,0,0,0,,,3.0,0.0,SD-ratio sweep at 2.750: per-level linear-predictor SD 0.603/1.000/1.658
cell,sd_ratio_sweep,sweep_sdr_2750,2.75,False,normal,2000,0.2,3,0.603023/1/1.65831,,,,0.661202/0.744928/0.836944,0.661202/0.744928/0.836944,0.169666/0.192779/0.237647,0.17574239712302142,0.0,1.4006724882934578,m30,mbc_excess,False,1000,999,0.05,42,344163496,0,1000,19,0.019688970655360627,0.00439332619889452,3.0,0.0,SD-ratio sweep at 2.750: per-level linear-predictor SD 0.603/1.000/1.658
cell,sd_ratio_sweep,sweep_sdr_2750,2.75,False,normal,2000,0.2,3,0.603023/1/1.65831,,,,0.661202/0.744928/0.836944,0.661202/0.744928/0.836944,0.169666/0.192779/0.237647,0.17574239712302142,0.0,1.4006724882934578,m30,permutation_null,True,1000,999,0.05,42,344163496,0,1000,996,0.996,0.0019959959919799443,3.0,0.0,SD-ratio sweep at 2.750: per-level linear-predictor SD 0.603/1.000/1.658
cell,sd_ratio_sweep,sweep_sdr_3000,3.0,False,normal,2000,0.2,3,0.57735/1/1.73205,,,,0.65504/0.744979/0.844442,0.65504/0.744979/0.844442,0.167201/0.191526/0.241372,0.18940153458119813,0.0,1.4436064035911302,m30,calibration_cox,False,1000,999,0.05,42,1409745165,0,1000,45,0.045,0.0065555320150236475,3.0,0.0,SD-ratio sweep at 3.000: per-level linear-predictor SD 0.577/1.000/1.732
cell,sd_ratio_sweep,sweep_sdr_3000,3.0,False,normal,2000,0.2,3,0.57735/1/1.73205,,,,0.65504/0.744979/0.844442,0.65504/0.744979/0.844442,0.167201/0.191526/0.241372,0.18940153458119813,0.0,1.4436064035911302,m30,diciccio2020,True,1000,999,0.05,42,1409745165,0,1000,1000,1.0,0.0,3.0,0.0,SD-ratio sweep at 3.000: per-level linear-predictor SD 0.577/1.000/1.732
cell,sd_ratio_sweep,sweep_sdr_3000,3.0,False,normal,2000,0.2,3,0.57735/1/1.73205,,,,0.65504/0.744979/0.844442,0.65504/0.744979/0.844442,0.167201/0.191526/0.241372,0.18940153458119813,0.0,1.4436064035911302,m30,fixed_threshold_005,True,1000,999,0.05,42,1409745165,0,1000,1000,1.0,0.0,3.0,0.0,SD-ratio sweep at 3.000: per-level linear-predictor SD 0.577/1.000/1.732
cell,sd_ratio_sweep,sweep_sdr_3000,3.0,False,normal,2000,0.2,3,0.57735/1/1.73205,,,,0.65504/0.744979/0.844442,0.65504/0.744979/0.844442,0.167201/0.191526/0.241372,0.18940153458119813,0.0,1.4436064035911302,m30,four_fifths,True,1000,999,0.05,42,1409745165,0,1000,755,0.755,0.013600551459407815,3.0,0.0,SD-ratio sweep at 3.000: per-level linear-predictor SD 0.577/1.000/1.732
cell,sd_ratio_sweep,sweep_sdr_3000,3.0,False,normal,2000,0.2,3,0.57735/1/1.73205,,,,0.65504/0.744979/0.844442,0.65504/0.744979/0.844442,0.167201/0.191526/0.241372,0.18940153458119813,0.0,1.4436064035911302,m30,lum2022,True,1000,999,0.05,42,1409745165,0,1000,1000,1.0,0.0,3.0,0.0,SD-ratio sweep at 3.000: per-level linear-predictor SD 0.577/1.000/1.732
cell,sd_ratio_sweep,sweep_sdr_3000,3.0,False,normal,2000,0.2,3,0.57735/1/1.73205,,,,0.65504/0.744979/0.844442,0.65504/0.744979/0.844442,0.167201/0.191526/0.241372,0.18940153458119813,0.0,1.4436064035911302,m30,lum2022_bootstrapCI,True,1000,999,0.05,42,1409745165,0,0,0,,,3.0,0.0,SD-ratio sweep at 3.000: per-level linear-predictor SD 0.577/1.000/1.732
cell,sd_ratio_sweep,sweep_sdr_3000,3.0,False,normal,2000,0.2,3,0.57735/1/1.73205,,,,0.65504/0.744979/0.844442,0.65504/0.744979/0.844442,0.167201/0.191526/0.241372,0.18940153458119813,0.0,1.4436064035911302,m30,lum2022_cochranQ,True,1000,999,0.05,42,1409745165,0,0,0,,,3.0,0.0,SD-ratio sweep at 3.000: per-level linear-predictor SD 0.577/1.000/1.732
cell,sd_ratio_sweep,sweep_sdr_3000,3.0,False,normal,2000,0.2,3,0.57735/1/1.73205,,,,0.65504/0.744979/0.844442,0.65504/0.744979/0.844442,0.167201/0.191526/0.241372,0.18940153458119813,0.0,1.4436064035911302,m30,mbc_excess,False,1000,999,0.05,42,1409745165,0,1000,18,0.018384569978252482,0.004248126359345637,3.0,0.0,SD-ratio sweep at 3.000: per-level linear-predictor SD 0.577/1.000/1.732
cell,sd_ratio_sweep,sweep_sdr_3000,3.0,False,normal,2000,0.2,3,0.57735/1/1.73205,,,,0.65504/0.744979/0.844442,0.65504/0.744979/0.844442,0.167201/0.191526/0.241372,0.18940153458119813,0.0,1.4436064035911302,m30,permutation_null,True,1000,999,0.05,42,1409745165,0,1000,1000,1.0,0.0,3.0,0.0,SD-ratio sweep at 3.000: per-level linear-predictor SD 0.577/1.000/1.732
cell,sd_ratio_sweep,sweep_sdr_3167,3.167,False,normal,2000,0.2,3,0.561922/1/1.77961,,,,0.651296/0.745013/0.849036,0.651296/0.745013/0.849036,0.165671/0.190701/0.243731,0.1977402535506999,0.0,1.4711775820718347,m30,calibration_cox,False,1000,999,0.05,42,503011615,0,1000,52,0.052,0.007021111023192838,3.0,0.0,SD-ratio sweep at 3.167: per-level linear-predictor SD 0.562/1.000/1.780
cell,sd_ratio_sweep,sweep_sdr_3167,3.167,False,normal,2000,0.2,3,0.561922/1/1.77961,,,,0.651296/0.745013/0.849036,0.651296/0.745013/0.849036,0.165671/0.190701/0.243731,0.1977402535506999,0.0,1.4711775820718347,m30,diciccio2020,True,1000,999,0.05,42,503011615,0,1000,1000,1.0,0.0,3.0,0.0,SD-ratio sweep at 3.167: per-level linear-predictor SD 0.562/1.000/1.780
cell,sd_ratio_sweep,sweep_sdr_3167,3.167,False,normal,2000,0.2,3,0.561922/1/1.77961,,,,0.651296/0.745013/0.849036,0.651296/0.745013/0.849036,0.165671/0.190701/0.243731,0.1977402535506999,0.0,1.4711775820718347,m30,fixed_threshold_005,True,1000,999,0.05,42,503011615,0,1000,1000,1.0,0.0,3.0,0.0,SD-ratio sweep at 3.167: per-level linear-predictor SD 0.562/1.000/1.780
cell,sd_ratio_sweep,sweep_sdr_3167,3.167,False,normal,2000,0.2,3,0.561922/1/1.77961,,,,0.651296/0.745013/0.849036,0.651296/0.745013/0.849036,0.165671/0.190701/0.243731,0.1977402535506999,0.0,1.4711775820718347,m30,four_fifths,True,1000,999,0.05,42,503011615,0,1000,806,0.806,0.012504559168559281,3.0,0.0,SD-ratio sweep at 3.167: per-level linear-predictor SD 0.562/1.000/1.780
cell,sd_ratio_sweep,sweep_sdr_3167,3.167,False,normal,2000,0.2,3,0.561922/1/1.77961,,,,0.651296/0.745013/0.849036,0.651296/0.745013/0.849036,0.165671/0.190701/0.243731,0.1977402535506999,0.0,1.4711775820718347,m30,lum2022,True,1000,999,0.05,42,503011615,0,1000,1000,1.0,0.0,3.0,0.0,SD-ratio sweep at 3.167: per-level linear-predictor SD 0.562/1.000/1.780
cell,sd_ratio_sweep,sweep_sdr_3167,3.167,False,normal,2000,0.2,3,0.561922/1/1.77961,,,,0.651296/0.745013/0.849036,0.651296/0.745013/0.849036,0.165671/0.190701/0.243731,0.1977402535506999,0.0,1.4711775820718347,m30,lum2022_bootstrapCI,True,1000,999,0.05,42,503011615,0,0,0,,,3.0,0.0,SD-ratio sweep at 3.167: per-level linear-predictor SD 0.562/1.000/1.780
cell,sd_ratio_sweep,sweep_sdr_3167,3.167,False,normal,2000,0.2,3,0.561922/1/1.77961,,,,0.651296/0.745013/0.849036,0.651296/0.745013/0.849036,0.165671/0.190701/0.243731,0.1977402535506999,0.0,1.4711775820718347,m30,lum2022_cochranQ,True,1000,999,0.05,42,503011615,0,0,0,,,3.0,0.0,SD-ratio sweep at 3.167: per-level linear-predictor SD 0.562/1.000/1.780
cell,sd_ratio_sweep,sweep_sdr_3167,3.167,False,normal,2000,0.2,3,0.561922/1/1.77961,,,,0.651296/0.745013/0.849036,0.651296/0.745013/0.849036,0.165671/0.190701/0.243731,0.1977402535506999,0.0,1.4711775820718347,m30,mbc_excess,False,1000,999,0.05,42,503011615,0,1000,19,0.019932189081824845,0.004419829965081375,3.0,0.0,SD-ratio sweep at 3.167: per-level linear-predictor SD 0.562/1.000/1.780
cell,sd_ratio_sweep,sweep_sdr_3167,3.167,False,normal,2000,0.2,3,0.561922/1/1.77961,,,,0.651296/0.745013/0.849036,0.651296/0.745013/0.849036,0.165671/0.190701/0.243731,0.1977402535506999,0.0,1.4711775820718347,m30,permutation_null,True,1000,999,0.05,42,503011615,0,1000,1000,1.0,0.0,3.0,0.0,SD-ratio sweep at 3.167: per-level linear-predictor SD 0.562/1.000/1.780
cell,sd_ratio_sweep_prevalence_fixed,sweep_sdr_1000_pf,1.0,True,normal,2000,0.2,3,1/1/1,,,,0.744643/0.744643/0.744643,0.744643/0.744643/0.744643,0.2/0.2/0.2,0.0,0.0,1.0,m30,calibration_cox,False,1000,999,0.05,42,192359240,0,1000,41,0.041,0.006270486424512854,3.0,0.0,"SD-ratio sweep at 1.000, every level's prevalence held at 0.20 by a per-level intercept: spread mechanism only"
cell,sd_ratio_sweep_prevalence_fixed,sweep_sdr_1000_pf,1.0,True,normal,2000,0.2,3,1/1/1,,,,0.744643/0.744643/0.744643,0.744643/0.744643/0.744643,0.2/0.2/0.2,0.0,0.0,1.0,m30,diciccio2020,True,1000,999,0.05,42,192359240,0,1000,51,0.051,0.00695693898205238,3.0,0.0,"SD-ratio sweep at 1.000, every level's prevalence held at 0.20 by a per-level intercept: spread mechanism only"
cell,sd_ratio_sweep_prevalence_fixed,sweep_sdr_1000_pf,1.0,True,normal,2000,0.2,3,1/1/1,,,,0.744643/0.744643/0.744643,0.744643/0.744643/0.744643,0.2/0.2/0.2,0.0,0.0,1.0,m30,fixed_threshold_005,True,1000,999,0.05,42,192359240,0,1000,298,0.298,0.014463609508003178,3.0,0.0,"SD-ratio sweep at 1.000, every level's prevalence held at 0.20 by a per-level intercept: spread mechanism only"
cell,sd_ratio_sweep_prevalence_fixed,sweep_sdr_1000_pf,1.0,True,normal,2000,0.2,3,1/1/1,,,,0.744643/0.744643/0.744643,0.744643/0.744643/0.744643,0.2/0.2/0.2,0.0,0.0,1.0,m30,four_fifths,True,1000,999,0.05,42,192359240,0,1000,0,0.0,0.0,3.0,0.0,"SD-ratio sweep at 1.000, every level's prevalence held at 0.20 by a per-level intercept: spread mechanism only"
cell,sd_ratio_sweep_prevalence_fixed,sweep_sdr_1000_pf,1.0,True,normal,2000,0.2,3,1/1/1,,,,0.744643/0.744643/0.744643,0.744643/0.744643/0.744643,0.2/0.2/0.2,0.0,0.0,1.0,m30,lum2022,True,1000,999,0.05,42,192359240,0,1000,73,0.073,0.008226238508577295,3.0,0.0,"SD-ratio sweep at 1.000, every level's prevalence held at 0.20 by a per-level intercept: spread mechanism only"
cell,sd_ratio_sweep_prevalence_fixed,sweep_sdr_1000_pf,1.0,True,normal,2000,0.2,3,1/1/1,,,,0.744643/0.744643/0.744643,0.744643/0.744643/0.744643,0.2/0.2/0.2,0.0,0.0,1.0,m30,lum2022_bootstrapCI,True,1000,999,0.05,42,192359240,0,0,0,,,3.0,0.0,"SD-ratio sweep at 1.000, every level's prevalence held at 0.20 by a per-level intercept: spread mechanism only"
cell,sd_ratio_sweep_prevalence_fixed,sweep_sdr_1000_pf,1.0,True,normal,2000,0.2,3,1/1/1,,,,0.744643/0.744643/0.744643,0.744643/0.744643/0.744643,0.2/0.2/0.2,0.0,0.0,1.0,m30,lum2022_cochranQ,True,1000,999,0.05,42,192359240,0,0,0,,,3.0,0.0,"SD-ratio sweep at 1.000, every level's prevalence held at 0.20 by a per-level intercept: spread mechanism only"
cell,sd_ratio_sweep_prevalence_fixed,sweep_sdr_1000_pf,1.0,True,normal,2000,0.2,3,1/1/1,,,,0.744643/0.744643/0.744643,0.744643/0.744643/0.744643,0.2/0.2/0.2,0.0,0.0,1.0,m30,mbc_excess,False,1000,999,0.05,42,192359240,0,1000,19,0.019608844253432053,0.00438455670284656,3.0,0.0,"SD-ratio sweep at 1.000, every level's prevalence held at 0.20 by a per-level intercept: spread mechanism only"
cell,sd_ratio_sweep_prevalence_fixed,sweep_sdr_1000_pf,1.0,True,normal,2000,0.2,3,1/1/1,,,,0.744643/0.744643/0.744643,0.744643/0.744643/0.744643,0.2/0.2/0.2,0.0,0.0,1.0,m30,permutation_null,True,1000,999,0.05,42,192359240,0,1000,48,0.048,0.006759881655768835,3.0,0.0,"SD-ratio sweep at 1.000, every level's prevalence held at 0.20 by a per-level intercept: spread mechanism only"
cell,sd_ratio_sweep_prevalence_fixed,sweep_sdr_1100_pf,1.1,True,normal,2000,0.2,3,0.953463/1/1.04881,,,,0.735928/0.744643/0.753468,0.735928/0.744643/0.753468,0.2/0.2/0.2,0.0175404777164353,0.0,1.0000000000000002,m30,calibration_cox,False,1000,999,0.05,42,1076623597,0,1000,39,0.039,0.006122009474020765,3.0,0.0,"SD-ratio sweep at 1.100, every level's prevalence held at 0.20 by a per-level intercept: spread mechanism only"
cell,sd_ratio_sweep_prevalence_fixed,sweep_sdr_1100_pf,1.1,True,normal,2000,0.2,3,0.953463/1/1.04881,,,,0.735928/0.744643/0.753468,0.735928/0.744643/0.753468,0.2/0.2/0.2,0.0175404777164353,0.0,1.0000000000000002,m30,diciccio2020,True,1000,999,0.05,42,1076623597,0,1000,68,0.068,0.007960904471226871,3.0,0.0,"SD-ratio sweep at 1.100, every level's prevalence held at 0.20 by a per-level intercept: spread mechanism only"
cell,sd_ratio_sweep_prevalence_fixed,sweep_sdr_1100_pf,1.1,True,normal,2000,0.2,3,0.953463/1/1.04881,,,,0.735928/0.744643/0.753468,0.735928/0.744643/0.753468,0.2/0.2/0.2,0.0175404777164353,0.0,1.0000000000000002,m30,fixed_threshold_005,True,1000,999,0.05,42,1076623597,0,1000,308,0.308,0.014599178059055242,3.0,0.0,"SD-ratio sweep at 1.100, every level's prevalence held at 0.20 by a per-level intercept: spread mechanism only"
cell,sd_ratio_sweep_prevalence_fixed,sweep_sdr_1100_pf,1.1,True,normal,2000,0.2,3,0.953463/1/1.04881,,,,0.735928/0.744643/0.753468,0.735928/0.744643/0.753468,0.2/0.2/0.2,0.0175404777164353,0.0,1.0000000000000002,m30,four_fifths,True,1000,999,0.05,42,1076623597,0,1000,0,0.0,0.0,3.0,0.0,"SD-ratio sweep at 1.100, every level's prevalence held at 0.20 by a per-level intercept: spread mechanism only"
cell,sd_ratio_sweep_prevalence_fixed,sweep_sdr_1100_pf,1.1,True,normal,2000,0.2,3,0.953463/1/1.04881,,,,0.735928/0.744643/0.753468,0.735928/0.744643/0.753468,0.2/0.2/0.2,0.0175404777164353,0.0,1.0000000000000002,m30,lum2022,True,1000,999,0.05,42,1076623597,0,1000,98,0.098,0.009401914698613257,3.0,0.0,"SD-ratio sweep at 1.100, every level's prevalence held at 0.20 by a per-level intercept: spread mechanism only"
cell,sd_ratio_sweep_prevalence_fixed,sweep_sdr_1100_pf,1.1,True,normal,2000,0.2,3,0.953463/1/1.04881,,,,0.735928/0.744643/0.753468,0.735928/0.744643/0.753468,0.2/0.2/0.2,0.0175404777164353,0.0,1.0000000000000002,m30,lum2022_bootstrapCI,True,1000,999,0.05,42,1076623597,0,0,0,,,3.0,0.0,"SD-ratio sweep at 1.100, every level's prevalence held at 0.20 by a per-level intercept: spread mechanism only"
cell,sd_ratio_sweep_prevalence_fixed,sweep_sdr_1100_pf,1.1,True,normal,2000,0.2,3,0.953463/1/1.04881,,,,0.735928/0.744643/0.753468,0.735928/0.744643/0.753468,0.2/0.2/0.2,0.0175404777164353,0.0,1.0000000000000002,m30,lum2022_cochranQ,True,1000,999,0.05,42,1076623597,0,0,0,,,3.0,0.0,"SD-ratio sweep at 1.100, every level's prevalence held at 0.20 by a per-level intercept: spread mechanism only"
cell,sd_ratio_sweep_prevalence_fixed,sweep_sdr_1100_pf,1.1,True,normal,2000,0.2,3,0.953463/1/1.04881,,,,0.735928/0.744643/0.753468,0.735928/0.744643/0.753468,0.2/0.2/0.2,0.0175404777164353,0.0,1.0000000000000002,m30,mbc_excess,False,1000,999,0.05,42,1076623597,0,1000,18,0.018562958735758323,0.0042682988764533416,3.0,0.0,"SD-ratio sweep at 1.100, every level's prevalence held at 0.20 by a per-level intercept: spread mechanism only"
cell,sd_ratio_sweep_prevalence_fixed,sweep_sdr_1100_pf,1.1,True,normal,2000,0.2,3,0.953463/1/1.04881,,,,0.735928/0.744643/0.753468,0.735928/0.744643/0.753468,0.2/0.2/0.2,0.0175404777164353,0.0,1.0000000000000002,m30,permutation_null,True,1000,999,0.05,42,1076623597,0,1000,68,0.068,0.007960904471226871,3.0,0.0,"SD-ratio sweep at 1.100, every level's prevalence held at 0.20 by a per-level intercept: spread mechanism only"
cell,sd_ratio_sweep_prevalence_fixed,sweep_sdr_1222_pf,1.222,True,normal,2000,0.2,3,0.904616/1/1.10544,,,,0.726462/0.744643/0.763311,0.726462/0.744643/0.763311,0.2/0.2/0.2,0.03684951158754812,0.0,1.0000000000000002,m30,calibration_cox,False,1000,999,0.05,42,376836520,0,1000,50,0.05,0.006892024376045111,3.0,0.0,"SD-ratio sweep at 1.222, every level's prevalence held at 0.20 by a per-level intercept: spread mechanism only"
cell,sd_ratio_sweep_prevalence_fixed,sweep_sdr_1222_pf,1.222,True,normal,2000,0.2,3,0.904616/1/1.10544,,,,0.726462/0.744643/0.763311,0.726462/0.744643/0.763311,0.2/0.2/0.2,0.03684951158754812,0.0,1.0000000000000002,m30,diciccio2020,True,1000,999,0.05,42,376836520,0,1000,159,0.159,0.011563693181678594,3.0,0.0,"SD-ratio sweep at 1.222, every level's prevalence held at 0.20 by a per-level intercept: spread mechanism only"
cell,sd_ratio_sweep_prevalence_fixed,sweep_sdr_1222_pf,1.222,True,normal,2000,0.2,3,0.904616/1/1.10544,,,,0.726462/0.744643/0.763311,0.726462/0.744643/0.763311,0.2/0.2/0.2,0.03684951158754812,0.0,1.0000000000000002,m30,fixed_threshold_005,True,1000,999,0.05,42,376836520,0,1000,472,0.472,0.015786576576319513,3.0,0.0,"SD-ratio sweep at 1.222, every level's prevalence held at 0.20 by a per-level intercept: spread mechanism only"
cell,sd_ratio_sweep_prevalence_fixed,sweep_sdr_1222_pf,1.222,True,normal,2000,0.2,3,0.904616/1/1.10544,,,,0.726462/0.744643/0.763311,0.726462/0.744643/0.763311,0.2/0.2/0.2,0.03684951158754812,0.0,1.0000000000000002,m30,four_fifths,True,1000,999,0.05,42,376836520,0,1000,0,0.0,0.0,3.0,0.0,"SD-ratio sweep at 1.222, every level's prevalence held at 0.20 by a per-level intercept: spread mechanism only"
cell,sd_ratio_sweep_prevalence_fixed,sweep_sdr_1222_pf,1.222,True,normal,2000,0.2,3,0.904616/1/1.10544,,,,0.726462/0.744643/0.763311,0.726462/0.744643/0.763311,0.2/0.2/0.2,0.03684951158754812,0.0,1.0000000000000002,m30,lum2022,True,1000,999,0.05,42,376836520,0,1000,192,0.192,0.012455360291858283,3.0,0.0,"SD-ratio sweep at 1.222, every level's prevalence held at 0.20 by a per-level intercept: spread mechanism only"
cell,sd_ratio_sweep_prevalence_fixed,sweep_sdr_1222_pf,1.222,True,normal,2000,0.2,3,0.904616/1/1.10544,,,,0.726462/0.744643/0.763311,0.726462/0.744643/0.763311,0.2/0.2/0.2,0.03684951158754812,0.0,1.0000000000000002,m30,lum2022_bootstrapCI,True,1000,999,0.05,42,376836520,0,0,0,,,3.0,0.0,"SD-ratio sweep at 1.222, every level's prevalence held at 0.20 by a per-level intercept: spread mechanism only"
cell,sd_ratio_sweep_prevalence_fixed,sweep_sdr_1222_pf,1.222,True,normal,2000,0.2,3,0.904616/1/1.10544,,,,0.726462/0.744643/0.763311,0.726462/0.744643/0.763311,0.2/0.2/0.2,0.03684951158754812,0.0,1.0000000000000002,m30,lum2022_cochranQ,True,1000,999,0.05,42,376836520,0,0,0,,,3.0,0.0,"SD-ratio sweep at 1.222, every level's prevalence held at 0.20 by a per-level intercept: spread mechanism only"
cell,sd_ratio_sweep_prevalence_fixed,sweep_sdr_1222_pf,1.222,True,normal,2000,0.2,3,0.904616/1/1.10544,,,,0.726462/0.744643/0.763311,0.726462/0.744643/0.763311,0.2/0.2/0.2,0.03684951158754812,0.0,1.0000000000000002,m30,mbc_excess,False,1000,999,0.05,42,376836520,0,1000,18,0.01882533282855653,0.0042977831113785395,3.0,0.0,"SD-ratio sweep at 1.222, every level's prevalence held at 0.20 by a per-level intercept: spread mechanism only"
cell,sd_ratio_sweep_prevalence_fixed,sweep_sdr_1222_pf,1.222,True,normal,2000,0.2,3,0.904616/1/1.10544,,,,0.726462/0.744643/0.763311,0.726462/0.744643/0.763311,0.2/0.2/0.2,0.03684951158754812,0.0,1.0000000000000002,m30,permutation_null,True,1000,999,0.05,42,376836520,0,1000,159,0.159,0.011563693181678594,3.0,0.0,"SD-ratio sweep at 1.222, every level's prevalence held at 0.20 by a per-level intercept: spread mechanism only"
cell,sd_ratio_sweep_prevalence_fixed,sweep_sdr_1250_pf,1.25,True,normal,2000,0.2,3,0.894427/1/1.11803,,,,0.724446/0.744643/0.765443,0.724446/0.744643/0.765443,0.2/0.2/0.2,0.04099708417626913,0.0,1.0,m30,calibration_cox,False,1000,999,0.05,42,241108275,0,1000,53,0.053,0.00708456067798138,3.0,0.0,"SD-ratio sweep at 1.250, every level's prevalence held at 0.20 by a per-level intercept: spread mechanism only"
cell,sd_ratio_sweep_prevalence_fixed,sweep_sdr_1250_pf,1.25,True,normal,2000,0.2,3,0.894427/1/1.11803,,,,0.724446/0.744643/0.765443,0.724446/0.744643/0.765443,0.2/0.2/0.2,0.04099708417626913,0.0,1.0,m30,diciccio2020,True,1000,999,0.05,42,241108275,0,1000,185,0.185,0.012279047194306243,3.0,0.0,"SD-ratio sweep at 1.250, every level's prevalence held at 0.20 by a per-level intercept: spread mechanism only"
cell,sd_ratio_sweep_prevalence_fixed,sweep_sdr_1250_pf,1.25,True,normal,2000,0.2,3,0.894427/1/1.11803,,,,0.724446/0.744643/0.765443,0.724446/0.744643/0.765443,0.2/0.2/0.2,0.04099708417626913,0.0,1.0,m30,fixed_threshold_005,True,1000,999,0.05,42,241108275,0,1000,522,0.522,0.015796075461962062,3.0,0.0,"SD-ratio sweep at 1.250, every level's prevalence held at 0.20 by a per-level intercept: spread mechanism only"
cell,sd_ratio_sweep_prevalence_fixed,sweep_sdr_1250_pf,1.25,True,normal,2000,0.2,3,0.894427/1/1.11803,,,,0.724446/0.744643/0.765443,0.724446/0.744643/0.765443,0.2/0.2/0.2,0.04099708417626913,0.0,1.0,m30,four_fifths,True,1000,999,0.05,42,241108275,0,1000,1,0.001,0.0009994998749374609,3.0,0.0,"SD-ratio sweep at 1.250, every level's prevalence held at 0.20 by a per-level intercept: spread mechanism only"
cell,sd_ratio_sweep_prevalence_fixed,sweep_sdr_1250_pf,1.25,True,normal,2000,0.2,3,0.894427/1/1.11803,,,,0.724446/0.744643/0.765443,0.724446/0.744643/0.765443,0.2/0.2/0.2,0.04099708417626913,0.0,1.0,m30,lum2022,True,1000,999,0.05,42,241108275,0,1000,240,0.24,0.013505554412907307,3.0,0.0,"SD-ratio sweep at 1.250, every level's prevalence held at 0.20 by a per-level intercept: spread mechanism only"
cell,sd_ratio_sweep_prevalence_fixed,sweep_sdr_1250_pf,1.25,True,normal,2000,0.2,3,0.894427/1/1.11803,,,,0.724446/0.744643/0.765443,0.724446/0.744643/0.765443,0.2/0.2/0.2,0.04099708417626913,0.0,1.0,m30,lum2022_bootstrapCI,True,1000,999,0.05,42,241108275,0,0,0,,,3.0,0.0,"SD-ratio sweep at 1.250, every level's prevalence held at 0.20 by a per-level intercept: spread mechanism only"
cell,sd_ratio_sweep_prevalence_fixed,sweep_sdr_1250_pf,1.25,True,normal,2000,0.2,3,0.894427/1/1.11803,,,,0.724446/0.744643/0.765443,0.724446/0.744643/0.765443,0.2/0.2/0.2,0.04099708417626913,0.0,1.0,m30,lum2022_cochranQ,True,1000,999,0.05,42,241108275,0,0,0,,,3.0,0.0,"SD-ratio sweep at 1.250, every level's prevalence held at 0.20 by a per-level intercept: spread mechanism only"
cell,sd_ratio_sweep_prevalence_fixed,sweep_sdr_1250_pf,1.25,True,normal,2000,0.2,3,0.894427/1/1.11803,,,,0.724446/0.744643/0.765443,0.724446/0.744643/0.765443,0.2/0.2/0.2,0.04099708417626913,0.0,1.0,m30,mbc_excess,False,1000,999,0.05,42,241108275,0,1000,19,0.019223312450494467,0.004342093585924321,3.0,0.0,"SD-ratio sweep at 1.250, every level's prevalence held at 0.20 by a per-level intercept: spread mechanism only"
cell,sd_ratio_sweep_prevalence_fixed,sweep_sdr_1250_pf,1.25,True,normal,2000,0.2,3,0.894427/1/1.11803,,,,0.724446/0.744643/0.765443,0.724446/0.744643/0.765443,0.2/0.2/0.2,0.04099708417626913,0.0,1.0,m30,permutation_null,True,1000,999,0.05,42,241108275,0,1000,181,0.181,0.0121753439376471,3.0,0.0,"SD-ratio sweep at 1.250, every level's prevalence held at 0.20 by a per-level intercept: spread mechanism only"
cell,sd_ratio_sweep_prevalence_fixed,sweep_sdr_1350_pf,1.35,True,normal,2000,0.2,3,0.860663/1/1.1619,,,,0.717663/0.744643/0.772707,0.717663/0.744643/0.772707,0.2/0.2/0.2,0.05504481361695879,0.0,1.000000000000015,m30,calibration_cox,False,1000,999,0.05,42,1157879446,0,1000,54,0.054,0.007147307185227175,3.0,0.0,"SD-ratio sweep at 1.350, every level's prevalence held at 0.20 by a per-level intercept: spread mechanism only"
cell,sd_ratio_sweep_prevalence_fixed,sweep_sdr_1350_pf,1.35,True,normal,2000,0.2,3,0.860663/1/1.1619,,,,0.717663/0.744643/0.772707,0.717663/0.744643/0.772707,0.2/0.2/0.2,0.05504481361695879,0.0,1.000000000000015,m30,diciccio2020,True,1000,999,0.05,42,1157879446,0,1000,318,0.318,0.014726710426975875,3.0,0.0,"SD-ratio sweep at 1.350, every level's prevalence held at 0.20 by a per-level intercept: spread mechanism only"
cell,sd_ratio_sweep_prevalence_fixed,sweep_sdr_1350_pf,1.35,True,normal,2000,0.2,3,0.860663/1/1.1619,,,,0.717663/0.744643/0.772707,0.717663/0.744643/0.772707,0.2/0.2/0.2,0.05504481361695879,0.0,1.000000000000015,m30,fixed_threshold_005,True,1000,999,0.05,42,1157879446,0,1000,662,0.662,0.014958475858188226,3.0,0.0,"SD-ratio sweep at 1.350, every level's prevalence held at 0.20 by a per-level intercept: spread mechanism only"
cell,sd_ratio_sweep_prevalence_fixed,sweep_sdr_1350_pf,1.35,True,normal,2000,0.2,3,0.860663/1/1.1619,,,,0.717663/0.744643/0.772707,0.717663/0.744643/0.772707,0.2/0.2/0.2,0.05504481361695879,0.0,1.000000000000015,m30,four_fifths,True,1000,999,0.05,42,1157879446,0,1000,1,0.001,0.0009994998749374609,3.0,0.0,"SD-ratio sweep at 1.350, every level's prevalence held at 0.20 by a per-level intercept: spread mechanism only"
cell,sd_ratio_sweep_prevalence_fixed,sweep_sdr_1350_pf,1.35,True,normal,2000,0.2,3,0.860663/1/1.1619,,,,0.717663/0.744643/0.772707,0.717663/0.744643/0.772707,0.2/0.2/0.2,0.05504481361695879,0.0,1.000000000000015,m30,lum2022,True,1000,999,0.05,42,1157879446,0,1000,362,0.362,0.015197236590906913,3.0,0.0,"SD-ratio sweep at 1.350, every level's prevalence held at 0.20 by a per-level intercept: spread mechanism only"
cell,sd_ratio_sweep_prevalence_fixed,sweep_sdr_1350_pf,1.35,True,normal,2000,0.2,3,0.860663/1/1.1619,,,,0.717663/0.744643/0.772707,0.717663/0.744643/0.772707,0.2/0.2/0.2,0.05504481361695879,0.0,1.000000000000015,m30,lum2022_bootstrapCI,True,1000,999,0.05,42,1157879446,0,0,0,,,3.0,0.0,"SD-ratio sweep at 1.350, every level's prevalence held at 0.20 by a per-level intercept: spread mechanism only"
cell,sd_ratio_sweep_prevalence_fixed,sweep_sdr_1350_pf,1.35,True,normal,2000,0.2,3,0.860663/1/1.1619,,,,0.717663/0.744643/0.772707,0.717663/0.744643/0.772707,0.2/0.2/0.2,0.05504481361695879,0.0,1.000000000000015,m30,lum2022_cochranQ,True,1000,999,0.05,42,1157879446,0,0,0,,,3.0,0.0,"SD-ratio sweep at 1.350, every level's prevalence held at 0.20 by a per-level intercept: spread mechanism only"
cell,sd_ratio_sweep_prevalence_fixed,sweep_sdr_1350_pf,1.35,True,normal,2000,0.2,3,0.860663/1/1.1619,,,,0.717663/0.744643/0.772707,0.717663/0.744643/0.772707,0.2/0.2/0.2,0.05504481361695879,0.0,1.000000000000015,m30,mbc_excess,False,1000,999,0.05,42,1157879446,0,1000,20,0.020197100565997324,0.004448502859920887,3.0,0.0,"SD-ratio sweep at 1.350, every level's prevalence held at 0.20 by a per-level intercept: spread mechanism only"
cell,sd_ratio_sweep_prevalence_fixed,sweep_sdr_1350_pf,1.35,True,normal,2000,0.2,3,0.860663/1/1.1619,,,,0.717663/0.744643/0.772707,0.717663/0.744643/0.772707,0.2/0.2/0.2,0.05504481361695879,0.0,1.000000000000015,m30,permutation_null,True,1000,999,0.05,42,1157879446,0,1000,319,0.319,0.014739029818817792,3.0,0.0,"SD-ratio sweep at 1.350, every level's prevalence held at 0.20 by a per-level intercept: spread mechanism only"
cell,sd_ratio_sweep_prevalence_fixed,sweep_sdr_1450_pf,1.4500000000000002,True,normal,2000,0.2,3,0.830455/1/1.20416,,,,0.71146/0.744643/0.779477,0.71146/0.744643/0.779477,0.2/0.2/0.2,0.06801643546138203,0.0,1.000000000000009,m30,calibration_cox,False,1000,999,0.05,42,1476847150,0,1000,47,0.047,0.006692607862410586,3.0,0.0,"SD-ratio sweep at 1.450, every level's prevalence held at 0.20 by a per-level intercept: spread mechanism only"
cell,sd_ratio_sweep_prevalence_fixed,sweep_sdr_1450_pf,1.4500000000000002,True,normal,2000,0.2,3,0.830455/1/1.20416,,,,0.71146/0.744643/0.779477,0.71146/0.744643/0.779477,0.2/0.2/0.2,0.06801643546138203,0.0,1.000000000000009,m30,diciccio2020,True,1000,999,0.05,42,1476847150,0,1000,449,0.449,0.015728922404284407,3.0,0.0,"SD-ratio sweep at 1.450, every level's prevalence held at 0.20 by a per-level intercept: spread mechanism only"
cell,sd_ratio_sweep_prevalence_fixed,sweep_sdr_1450_pf,1.4500000000000002,True,normal,2000,0.2,3,0.830455/1/1.20416,,,,0.71146/0.744643/0.779477,0.71146/0.744643/0.779477,0.2/0.2/0.2,0.06801643546138203,0.0,1.000000000000009,m30,fixed_threshold_005,True,1000,999,0.05,42,1476847150,0,1000,779,0.779,0.01312093746650749,3.0,0.0,"SD-ratio sweep at 1.450, every level's prevalence held at 0.20 by a per-level intercept: spread mechanism only"
cell,sd_ratio_sweep_prevalence_fixed,sweep_sdr_1450_pf,1.4500000000000002,True,normal,2000,0.2,3,0.830455/1/1.20416,,,,0.71146/0.744643/0.779477,0.71146/0.744643/0.779477,0.2/0.2/0.2,0.06801643546138203,0.0,1.000000000000009,m30,four_fifths,True,1000,999,0.05,42,1476847150,0,1000,0,0.0,0.0,3.0,0.0,"SD-ratio sweep at 1.450, every level's prevalence held at 0.20 by a per-level intercept: spread mechanism only"
cell,sd_ratio_sweep_prevalence_fixed,sweep_sdr_1450_pf,1.4500000000000002,True,normal,2000,0.2,3,0.830455/1/1.20416,,,,0.71146/0.744643/0.779477,0.71146/0.744643/0.779477,0.2/0.2/0.2,0.06801643546138203,0.0,1.000000000000009,m30,lum2022,True,1000,999,0.05,42,1476847150,0,1000,515,0.515,0.01580427157448264,3.0,0.0,"SD-ratio sweep at 1.450, every level's prevalence held at 0.20 by a per-level intercept: spread mechanism only"
cell,sd_ratio_sweep_prevalence_fixed,sweep_sdr_1450_pf,1.4500000000000002,True,normal,2000,0.2,3,0.830455/1/1.20416,,,,0.71146/0.744643/0.779477,0.71146/0.744643/0.779477,0.2/0.2/0.2,0.06801643546138203,0.0,1.000000000000009,m30,lum2022_bootstrapCI,True,1000,999,0.05,42,1476847150,0,0,0,,,3.0,0.0,"SD-ratio sweep at 1.450, every level's prevalence held at 0.20 by a per-level intercept: spread mechanism only"
cell,sd_ratio_sweep_prevalence_fixed,sweep_sdr_1450_pf,1.4500000000000002,True,normal,2000,0.2,3,0.830455/1/1.20416,,,,0.71146/0.744643/0.779477,0.71146/0.744643/0.779477,0.2/0.2/0.2,0.06801643546138203,0.0,1.000000000000009,m30,lum2022_cochranQ,True,1000,999,0.05,42,1476847150,0,0,0,,,3.0,0.0,"SD-ratio sweep at 1.450, every level's prevalence held at 0.20 by a per-level intercept: spread mechanism only"
cell,sd_ratio_sweep_prevalence_fixed,sweep_sdr_1450_pf,1.4500000000000002,True,normal,2000,0.2,3,0.830455/1/1.20416,,,,0.71146/0.744643/0.779477,0.71146/0.744643/0.779477,0.2/0.2/0.2,0.06801643546138203,0.0,1.000000000000009,m30,mbc_excess,False,1000,999,0.05,42,1476847150,0,1000,19,0.01954448078893941,0.004377498607610309,3.0,0.0,"SD-ratio sweep at 1.450, every level's prevalence held at 0.20 by a per-level intercept: spread mechanism only"
cell,sd_ratio_sweep_prevalence_fixed,sweep_sdr_1450_pf,1.4500000000000002,True,normal,2000,0.2,3,0.830455/1/1.20416,,,,0.71146/0.744643/0.779477,0.71146/0.744643/0.779477,0.2/0.2/0.2,0.06801643546138203,0.0,1.000000000000009,m30,permutation_null,True,1000,999,0.05,42,1476847150,0,1000,448,0.448,0.01572564784039119,3.0,0.0,"SD-ratio sweep at 1.450, every level's prevalence held at 0.20 by a per-level intercept: spread mechanism only"
cell,sd_ratio_sweep_prevalence_fixed,sweep_sdr_1500_pf,1.4999999999999998,True,normal,2000,0.2,3,0.816497/1/1.22474,,,,0.708552/0.744643/0.782693,0.708552/0.744643/0.782693,0.2/0.2/0.2,0.07414144290259528,0.0,1.0000000000000073,m30,calibration_cox,False,1000,999,0.05,42,1538964219,0,1000,44,0.044,0.006485676526007136,3.0,0.0,"SD-ratio sweep at 1.500, every level's prevalence held at 0.20 by a per-level intercept: spread mechanism only"
cell,sd_ratio_sweep_prevalence_fixed,sweep_sdr_1500_pf,1.4999999999999998,True,normal,2000,0.2,3,0.816497/1/1.22474,,,,0.708552/0.744643/0.782693,0.708552/0.744643/0.782693,0.2/0.2/0.2,0.07414144290259528,0.0,1.0000000000000073,m30,diciccio2020,True,1000,999,0.05,42,1538964219,0,1000,532,0.532,0.01577897335063343,3.0,0.0,"SD-ratio sweep at 1.500, every level's prevalence held at 0.20 by a per-level intercept: spread mechanism only"
cell,sd_ratio_sweep_prevalence_fixed,sweep_sdr_1500_pf,1.4999999999999998,True,normal,2000,0.2,3,0.816497/1/1.22474,,,,0.708552/0.744643/0.782693,0.708552/0.744643/0.782693,0.2/0.2/0.2,0.07414144290259528,0.0,1.0000000000000073,m30,fixed_threshold_005,True,1000,999,0.05,42,1538964219,0,1000,820,0.82,0.012149074038789953,3.0,0.0,"SD-ratio sweep at 1.500, every level's prevalence held at 0.20 by a per-level intercept: spread mechanism only"
cell,sd_ratio_sweep_prevalence_fixed,sweep_sdr_1500_pf,1.4999999999999998,True,normal,2000,0.2,3,0.816497/1/1.22474,,,,0.708552/0.744643/0.782693,0.708552/0.744643/0.782693,0.2/0.2/0.2,0.07414144290259528,0.0,1.0000000000000073,m30,four_fifths,True,1000,999,0.05,42,1538964219,0,1000,3,0.003,0.001729450779872038,3.0,0.0,"SD-ratio sweep at 1.500, every level's prevalence held at 0.20 by a per-level intercept: spread mechanism only"
cell,sd_ratio_sweep_prevalence_fixed,sweep_sdr_1500_pf,1.4999999999999998,True,normal,2000,0.2,3,0.816497/1/1.22474,,,,0.708552/0.744643/0.782693,0.708552/0.744643/0.782693,0.2/0.2/0.2,0.07414144290259528,0.0,1.0000000000000073,m30,lum2022,True,1000,999,0.05,42,1538964219,0,1000,579,0.579,0.015612783224012303,3.0,0.0,"SD-ratio sweep at 1.500, every level's prevalence held at 0.20 by a per-level intercept: spread mechanism only"
cell,sd_ratio_sweep_prevalence_fixed,sweep_sdr_1500_pf,1.4999999999999998,True,normal,2000,0.2,3,0.816497/1/1.22474,,,,0.708552/0.744643/0.782693,0.708552/0.744643/0.782693,0.2/0.2/0.2,0.07414144290259528,0.0,1.0000000000000073,m30,lum2022_bootstrapCI,True,1000,999,0.05,42,1538964219,0,0,0,,,3.0,0.0,"SD-ratio sweep at 1.500, every level's prevalence held at 0.20 by a per-level intercept: spread mechanism only"
cell,sd_ratio_sweep_prevalence_fixed,sweep_sdr_1500_pf,1.4999999999999998,True,normal,2000,0.2,3,0.816497/1/1.22474,,,,0.708552/0.744643/0.782693,0.708552/0.744643/0.782693,0.2/0.2/0.2,0.07414144290259528,0.0,1.0000000000000073,m30,lum2022_cochranQ,True,1000,999,0.05,42,1538964219,0,0,0,,,3.0,0.0,"SD-ratio sweep at 1.500, every level's prevalence held at 0.20 by a per-level intercept: spread mechanism only"
cell,sd_ratio_sweep_prevalence_fixed,sweep_sdr_1500_pf,1.4999999999999998,True,normal,2000,0.2,3,0.816497/1/1.22474,,,,0.708552/0.744643/0.782693,0.708552/0.744643/0.782693,0.2/0.2/0.2,0.07414144290259528,0.0,1.0000000000000073,m30,mbc_excess,False,1000,999,0.05,42,1538964219,0,1000,18,0.01874759170721228,0.00428906977238561,3.0,0.0,"SD-ratio sweep at 1.500, every level's prevalence held at 0.20 by a per-level intercept: spread mechanism only"
cell,sd_ratio_sweep_prevalence_fixed,sweep_sdr_1500_pf,1.4999999999999998,True,normal,2000,0.2,3,0.816497/1/1.22474,,,,0.708552/0.744643/0.782693,0.708552/0.744643/0.782693,0.2/0.2/0.2,0.07414144290259528,0.0,1.0000000000000073,m30,permutation_null,True,1000,999,0.05,42,1538964219,0,1000,536,0.536,0.015770351930125083,3.0,0.0,"SD-ratio sweep at 1.500, every level's prevalence held at 0.20 by a per-level intercept: spread mechanism only"
cell,sd_ratio_sweep_prevalence_fixed,sweep_sdr_1600_pf,1.6,True,normal,2000,0.2,3,0.790569/1/1.26491,,,,0.703078/0.744643/0.78882,0.703078/0.744643/0.78882,0.2/0.2/0.2,0.08574224395709062,0.0,1.0000000000000049,m30,calibration_cox,False,1000,999,0.05,42,1563347029,0,1000,39,0.039,0.006122009474020765,3.0,0.0,"SD-ratio sweep at 1.600, every level's prevalence held at 0.20 by a per-level intercept: spread mechanism only"
cell,sd_ratio_sweep_prevalence_fixed,sweep_sdr_1600_pf,1.6,True,normal,2000,0.2,3,0.790569/1/1.26491,,,,0.703078/0.744643/0.78882,0.703078/0.744643/0.78882,0.2/0.2/0.2,0.08574224395709062,0.0,1.0000000000000049,m30,diciccio2020,True,1000,999,0.05,42,1563347029,0,1000,654,0.654,0.015042739112276061,3.0,0.0,"SD-ratio sweep at 1.600, every level's prevalence held at 0.20 by a per-level intercept: spread mechanism only"
cell,sd_ratio_sweep_prevalence_fixed,sweep_sdr_1600_pf,1.6,True,normal,2000,0.2,3,0.790569/1/1.26491,,,,0.703078/0.744643/0.78882,0.703078/0.744643/0.78882,0.2/0.2/0.2,0.08574224395709062,0.0,1.0000000000000049,m30,fixed_threshold_005,True,1000,999,0.05,42,1563347029,0,1000,890,0.89,0.009894442884771228,3.0,0.0,"SD-ratio sweep at 1.600, every level's prevalence held at 0.20 by a per-level intercept: spread mechanism only"
cell,sd_ratio_sweep_prevalence_fixed,sweep_sdr_1600_pf,1.6,True,normal,2000,0.2,3,0.790569/1/1.26491,,,,0.703078/0.744643/0.78882,0.703078/0.744643/0.78882,0.2/0.2/0.2,0.08574224395709062,0.0,1.0000000000000049,m30,four_fifths,True,1000,999,0.05,42,1563347029,0,1000,6,0.006,0.002442130217658346,3.0,0.0,"SD-ratio sweep at 1.600, every level's prevalence held at 0.20 by a per-level intercept: spread mechanism only"
cell,sd_ratio_sweep_prevalence_fixed,sweep_sdr_1600_pf,1.6,True,normal,2000,0.2,3,0.790569/1/1.26491,,,,0.703078/0.744643/0.78882,0.703078/0.744643/0.78882,0.2/0.2/0.2,0.08574224395709062,0.0,1.0000000000000049,m30,lum2022,True,1000,999,0.05,42,1563347029,0,1000,696,0.696,0.014545927265045704,3.0,0.0,"SD-ratio sweep at 1.600, every level's prevalence held at 0.20 by a per-level intercept: spread mechanism only"
cell,sd_ratio_sweep_prevalence_fixed,sweep_sdr_1600_pf,1.6,True,normal,2000,0.2,3,0.790569/1/1.26491,,,,0.703078/0.744643/0.78882,0.703078/0.744643/0.78882,0.2/0.2/0.2,0.08574224395709062,0.0,1.0000000000000049,m30,lum2022_bootstrapCI,True,1000,999,0.05,42,1563347029,0,0,0,,,3.0,0.0,"SD-ratio sweep at 1.600, every level's prevalence held at 0.20 by a per-level intercept: spread mechanism only"
cell,sd_ratio_sweep_prevalence_fixed,sweep_sdr_1600_pf,1.6,True,normal,2000,0.2,3,0.790569/1/1.26491,,,,0.703078/0.744643/0.78882,0.703078/0.744643/0.78882,0.2/0.2/0.2,0.08574224395709062,0.0,1.0000000000000049,m30,lum2022_cochranQ,True,1000,999,0.05,42,1563347029,0,0,0,,,3.0,0.0,"SD-ratio sweep at 1.600, every level's prevalence held at 0.20 by a per-level intercept: spread mechanism only"
cell,sd_ratio_sweep_prevalence_fixed,sweep_sdr_1600_pf,1.6,True,normal,2000,0.2,3,0.790569/1/1.26491,,,,0.703078/0.744643/0.78882,0.703078/0.744643/0.78882,0.2/0.2/0.2,0.08574224395709062,0.0,1.0000000000000049,m30,mbc_excess,False,1000,999,0.05,42,1563347029,0,1000,19,0.019057020891383936,0.004323638611878807,3.0,0.0,"SD-ratio sweep at 1.600, every level's prevalence held at 0.20 by a per-level intercept: spread mechanism only"
cell,sd_ratio_sweep_prevalence_fixed,sweep_sdr_1600_pf,1.6,True,normal,2000,0.2,3,0.790569/1/1.26491,,,,0.703078/0.744643/0.78882,0.703078/0.744643/0.78882,0.2/0.2/0.2,0.08574224395709062,0.0,1.0000000000000049,m30,permutation_null,True,1000,999,0.05,42,1563347029,0,1000,654,0.654,0.015042739112276061,3.0,0.0,"SD-ratio sweep at 1.600, every level's prevalence held at 0.20 by a per-level intercept: spread mechanism only"
cell,sd_ratio_sweep_prevalence_fixed,sweep_sdr_1750_pf,1.75,True,normal,2000,0.2,3,0.755929/1/1.32288,,,,0.69562/0.744643/0.797322,0.69562/0.744643/0.797322,0.2/0.2/0.2,0.10170236616656814,0.0,1.0000000000000002,m30,calibration_cox,False,1000,999,0.05,42,1586664576,0,1000,49,0.049,0.006826346021115542,3.0,0.0,"SD-ratio sweep at 1.750, every level's prevalence held at 0.20 by a per-level intercept: spread mechanism only"
cell,sd_ratio_sweep_prevalence_fixed,sweep_sdr_1750_pf,1.75,True,normal,2000,0.2,3,0.755929/1/1.32288,,,,0.69562/0.744643/0.797322,0.69562/0.744643/0.797322,0.2/0.2/0.2,0.10170236616656814,0.0,1.0000000000000002,m30,diciccio2020,True,1000,999,0.05,42,1586664576,0,1000,804,0.804,0.01255324659201754,3.0,0.0,"SD-ratio sweep at 1.750, every level's prevalence held at 0.20 by a per-level intercept: spread mechanism only"
cell,sd_ratio_sweep_prevalence_fixed,sweep_sdr_1750_pf,1.75,True,normal,2000,0.2,3,0.755929/1/1.32288,,,,0.69562/0.744643/0.797322,0.69562/0.744643/0.797322,0.2/0.2/0.2,0.10170236616656814,0.0,1.0000000000000002,m30,fixed_threshold_005,True,1000,999,0.05,42,1586664576,0,1000,959,0.959,0.006270486424512857,3.0,0.0,"SD-ratio sweep at 1.750, every level's prevalence held at 0.20 by a per-level intercept: spread mechanism only"
cell,sd_ratio_sweep_prevalence_fixed,sweep_sdr_1750_pf,1.75,True,normal,2000,0.2,3,0.755929/1/1.32288,,,,0.69562/0.744643/0.797322,0.69562/0.744643/0.797322,0.2/0.2/0.2,0.10170236616656814,0.0,1.0000000000000002,m30,four_fifths,True,1000,999,0.05,42,1586664576,0,1000,26,0.026,0.0050322956987840055,3.0,0.0,"SD-ratio sweep at 1.750, every level's prevalence held at 0.20 by a per-level intercept: spread mechanism only"
cell,sd_ratio_sweep_prevalence_fixed,sweep_sdr_1750_pf,1.75,True,normal,2000,0.2,3,0.755929/1/1.32288,,,,0.69562/0.744643/0.797322,0.69562/0.744643/0.797322,0.2/0.2/0.2,0.10170236616656814,0.0,1.0000000000000002,m30,lum2022,True,1000,999,0.05,42,1586664576,0,1000,843,0.843,0.01150439046625244,3.0,0.0,"SD-ratio sweep at 1.750, every level's prevalence held at 0.20 by a per-level intercept: spread mechanism only"
cell,sd_ratio_sweep_prevalence_fixed,sweep_sdr_1750_pf,1.75,True,normal,2000,0.2,3,0.755929/1/1.32288,,,,0.69562/0.744643/0.797322,0.69562/0.744643/0.797322,0.2/0.2/0.2,0.10170236616656814,0.0,1.0000000000000002,m30,lum2022_bootstrapCI,True,1000,999,0.05,42,1586664576,0,0,0,,,3.0,0.0,"SD-ratio sweep at 1.750, every level's prevalence held at 0.20 by a per-level intercept: spread mechanism only"
cell,sd_ratio_sweep_prevalence_fixed,sweep_sdr_1750_pf,1.75,True,normal,2000,0.2,3,0.755929/1/1.32288,,,,0.69562/0.744643/0.797322,0.69562/0.744643/0.797322,0.2/0.2/0.2,0.10170236616656814,0.0,1.0000000000000002,m30,lum2022_cochranQ,True,1000,999,0.05,42,1586664576,0,0,0,,,3.0,0.0,"SD-ratio sweep at 1.750, every level's prevalence held at 0.20 by a per-level intercept: spread mechanism only"
cell,sd_ratio_sweep_prevalence_fixed,sweep_sdr_1750_pf,1.75,True,normal,2000,0.2,3,0.755929/1/1.32288,,,,0.69562/0.744643/0.797322,0.69562/0.744643/0.797322,0.2/0.2/0.2,0.10170236616656814,0.0,1.0000000000000002,m30,mbc_excess,False,1000,999,0.05,42,1586664576,0,1000,19,0.019791165913982476,0.0044044835867270175,3.0,0.0,"SD-ratio sweep at 1.750, every level's prevalence held at 0.20 by a per-level intercept: spread mechanism only"
cell,sd_ratio_sweep_prevalence_fixed,sweep_sdr_1750_pf,1.75,True,normal,2000,0.2,3,0.755929/1/1.32288,,,,0.69562/0.744643/0.797322,0.69562/0.744643/0.797322,0.2/0.2/0.2,0.10170236616656814,0.0,1.0000000000000002,m30,permutation_null,True,1000,999,0.05,42,1586664576,0,1000,802,0.802,0.012601428490452976,3.0,0.0,"SD-ratio sweep at 1.750, every level's prevalence held at 0.20 by a per-level intercept: spread mechanism only"
cell,sd_ratio_sweep_prevalence_fixed,sweep_sdr_1900_pf,1.9,True,normal,2000,0.2,3,0.725476/1/1.3784,,,,0.688927/0.744643/0.805102,0.688927/0.744643/0.805102,0.2/0.2/0.2,0.11617483290369535,0.0,1.0000000000000968,m30,calibration_cox,False,1000,999,0.05,42,746093184,0,1000,42,0.042,0.0063431853196954605,3.0,0.0,"SD-ratio sweep at 1.900, every level's prevalence held at 0.20 by a per-level intercept: spread mechanism only"
cell,sd_ratio_sweep_prevalence_fixed,sweep_sdr_1900_pf,1.9,True,normal,2000,0.2,3,0.725476/1/1.3784,,,,0.688927/0.744643/0.805102,0.688927/0.744643/0.805102,0.2/0.2/0.2,0.11617483290369535,0.0,1.0000000000000968,m30,diciccio2020,True,1000,999,0.05,42,746093184,0,1000,891,0.891,0.009854897259738428,3.0,0.0,"SD-ratio sweep at 1.900, every level's prevalence held at 0.20 by a per-level intercept: spread mechanism only"
cell,sd_ratio_sweep_prevalence_fixed,sweep_sdr_1900_pf,1.9,True,normal,2000,0.2,3,0.725476/1/1.3784,,,,0.688927/0.744643/0.805102,0.688927/0.744643/0.805102,0.2/0.2/0.2,0.11617483290369535,0.0,1.0000000000000968,m30,fixed_threshold_005,True,1000,999,0.05,42,746093184,0,1000,986,0.986,0.0037153734670958734,3.0,0.0,"SD-ratio sweep at 1.900, every level's prevalence held at 0.20 by a per-level intercept: spread mechanism only"
cell,sd_ratio_sweep_prevalence_fixed,sweep_sdr_1900_pf,1.9,True,normal,2000,0.2,3,0.725476/1/1.3784,,,,0.688927/0.744643/0.805102,0.688927/0.744643/0.805102,0.2/0.2/0.2,0.11617483290369535,0.0,1.0000000000000968,m30,four_fifths,True,1000,999,0.05,42,746093184,0,1000,62,0.062,0.007626008130076967,3.0,0.0,"SD-ratio sweep at 1.900, every level's prevalence held at 0.20 by a per-level intercept: spread mechanism only"
cell,sd_ratio_sweep_prevalence_fixed,sweep_sdr_1900_pf,1.9,True,normal,2000,0.2,3,0.725476/1/1.3784,,,,0.688927/0.744643/0.805102,0.688927/0.744643/0.805102,0.2/0.2/0.2,0.11617483290369535,0.0,1.0000000000000968,m30,lum2022,True,1000,999,0.05,42,746093184,0,1000,910,0.91,0.009049861877399012,3.0,0.0,"SD-ratio sweep at 1.900, every level's prevalence held at 0.20 by a per-level intercept: spread mechanism only"
cell,sd_ratio_sweep_prevalence_fixed,sweep_sdr_1900_pf,1.9,True,normal,2000,0.2,3,0.725476/1/1.3784,,,,0.688927/0.744643/0.805102,0.688927/0.744643/0.805102,0.2/0.2/0.2,0.11617483290369535,0.0,1.0000000000000968,m30,lum2022_bootstrapCI,True,1000,999,0.05,42,746093184,0,0,0,,,3.0,0.0,"SD-ratio sweep at 1.900, every level's prevalence held at 0.20 by a per-level intercept: spread mechanism only"
cell,sd_ratio_sweep_prevalence_fixed,sweep_sdr_1900_pf,1.9,True,normal,2000,0.2,3,0.725476/1/1.3784,,,,0.688927/0.744643/0.805102,0.688927/0.744643/0.805102,0.2/0.2/0.2,0.11617483290369535,0.0,1.0000000000000968,m30,lum2022_cochranQ,True,1000,999,0.05,42,746093184,0,0,0,,,3.0,0.0,"SD-ratio sweep at 1.900, every level's prevalence held at 0.20 by a per-level intercept: spread mechanism only"
cell,sd_ratio_sweep_prevalence_fixed,sweep_sdr_1900_pf,1.9,True,normal,2000,0.2,3,0.725476/1/1.3784,,,,0.688927/0.744643/0.805102,0.688927/0.744643/0.805102,0.2/0.2/0.2,0.11617483290369535,0.0,1.0000000000000968,m30,mbc_excess,False,1000,999,0.05,42,746093184,0,1000,18,0.01898421119786569,0.004315531360453834,3.0,0.0,"SD-ratio sweep at 1.900, every level's prevalence held at 0.20 by a per-level intercept: spread mechanism only"
cell,sd_ratio_sweep_prevalence_fixed,sweep_sdr_1900_pf,1.9,True,normal,2000,0.2,3,0.725476/1/1.3784,,,,0.688927/0.744643/0.805102,0.688927/0.744643/0.805102,0.2/0.2/0.2,0.11617483290369535,0.0,1.0000000000000968,m30,permutation_null,True,1000,999,0.05,42,746093184,0,1000,896,0.896,0.009653186002558947,3.0,0.0,"SD-ratio sweep at 1.900, every level's prevalence held at 0.20 by a per-level intercept: spread mechanism only"
cell,sd_ratio_sweep_prevalence_fixed,sweep_sdr_2000_pf,2.0,True,normal,2000,0.2,3,0.707107/1/1.41421,,,,0.684829/0.744643/0.809936,0.684829/0.744643/0.809936,0.2/0.2/0.2,0.12510674878581374,0.0,1.0000000000000306,m30,calibration_cox,False,1000,999,0.05,42,983511509,0,1000,43,0.043,0.006414904519944158,3.0,0.0,"SD-ratio sweep at 2.000, every level's prevalence held at 0.20 by a per-level intercept: spread mechanism only"
cell,sd_ratio_sweep_prevalence_fixed,sweep_sdr_2000_pf,2.0,True,normal,2000,0.2,3,0.707107/1/1.41421,,,,0.684829/0.744643/0.809936,0.684829/0.744643/0.809936,0.2/0.2/0.2,0.12510674878581374,0.0,1.0000000000000306,m30,diciccio2020,True,1000,999,0.05,42,983511509,0,1000,941,0.941,0.007451107300260817,3.0,0.0,"SD-ratio sweep at 2.000, every level's prevalence held at 0.20 by a per-level intercept: spread mechanism only"
cell,sd_ratio_sweep_prevalence_fixed,sweep_sdr_2000_pf,2.0,True,normal,2000,0.2,3,0.707107/1/1.41421,,,,0.684829/0.744643/0.809936,0.684829/0.744643/0.809936,0.2/0.2/0.2,0.12510674878581374,0.0,1.0000000000000306,m30,fixed_threshold_005,True,1000,999,0.05,42,983511509,0,1000,994,0.994,0.002442130217658347,3.0,0.0,"SD-ratio sweep at 2.000, every level's prevalence held at 0.20 by a per-level intercept: spread mechanism only"
cell,sd_ratio_sweep_prevalence_fixed,sweep_sdr_2000_pf,2.0,True,normal,2000,0.2,3,0.707107/1/1.41421,,,,0.684829/0.744643/0.809936,0.684829/0.744643/0.809936,0.2/0.2/0.2,0.12510674878581374,0.0,1.0000000000000306,m30,four_fifths,True,1000,999,0.05,42,983511509,0,1000,99,0.099,0.009444522221901964,3.0,0.0,"SD-ratio sweep at 2.000, every level's prevalence held at 0.20 by a per-level intercept: spread mechanism only"
cell,sd_ratio_sweep_prevalence_fixed,sweep_sdr_2000_pf,2.0,True,normal,2000,0.2,3,0.707107/1/1.41421,,,,0.684829/0.744643/0.809936,0.684829/0.744643/0.809936,0.2/0.2/0.2,0.12510674878581374,0.0,1.0000000000000306,m30,lum2022,True,1000,999,0.05,42,983511509,0,1000,955,0.955,0.00655553201502365,3.0,0.0,"SD-ratio sweep at 2.000, every level's prevalence held at 0.20 by a per-level intercept: spread mechanism only"
cell,sd_ratio_sweep_prevalence_fixed,sweep_sdr_2000_pf,2.0,True,normal,2000,0.2,3,0.707107/1/1.41421,,,,0.684829/0.744643/0.809936,0.684829/0.744643/0.809936,0.2/0.2/0.2,0.12510674878581374,0.0,1.0000000000000306,m30,lum2022_bootstrapCI,True,1000,999,0.05,42,983511509,0,0,0,,,3.0,0.0,"SD-ratio sweep at 2.000, every level's prevalence held at 0.20 by a per-level intercept: spread mechanism only"
cell,sd_ratio_sweep_prevalence_fixed,sweep_sdr_2000_pf,2.0,True,normal,2000,0.2,3,0.707107/1/1.41421,,,,0.684829/0.744643/0.809936,0.684829/0.744643/0.809936,0.2/0.2/0.2,0.12510674878581374,0.0,1.0000000000000306,m30,lum2022_cochranQ,True,1000,999,0.05,42,983511509,0,0,0,,,3.0,0.0,"SD-ratio sweep at 2.000, every level's prevalence held at 0.20 by a per-level intercept: spread mechanism only"
cell,sd_ratio_sweep_prevalence_fixed,sweep_sdr_2000_pf,2.0,True,normal,2000,0.2,3,0.707107/1/1.41421,,,,0.684829/0.744643/0.809936,0.684829/0.744643/0.809936,0.2/0.2/0.2,0.12510674878581374,0.0,1.0000000000000306,m30,mbc_excess,False,1000,999,0.05,42,983511509,0,1000,18,0.01815132375829561,0.00422159368060418,3.0,0.0,"SD-ratio sweep at 2.000, every level's prevalence held at 0.20 by a per-level intercept: spread mechanism only"
cell,sd_ratio_sweep_prevalence_fixed,sweep_sdr_2000_pf,2.0,True,normal,2000,0.2,3,0.707107/1/1.41421,,,,0.684829/0.744643/0.809936,0.684829/0.744643/0.809936,0.2/0.2/0.2,0.12510674878581374,0.0,1.0000000000000306,m30,permutation_null,True,1000,999,0.05,42,983511509,0,1000,941,0.941,0.007451107300260817,3.0,0.0,"SD-ratio sweep at 2.000, every level's prevalence held at 0.20 by a per-level intercept: spread mechanism only"
cell,sd_ratio_sweep_prevalence_fixed,sweep_sdr_2250_pf,2.25,True,normal,2000,0.2,3,0.666667/1/1.5,,,,0.675648/0.744643/0.820957,0.675648/0.744643/0.820957,0.2/0.2/0.2,0.14530871980677584,0.0,1.0000000000000018,m30,calibration_cox,False,1000,999,0.05,42,1068965806,0,1000,60,0.06,0.007509993342207435,3.0,0.0,"SD-ratio sweep at 2.250, every level's prevalence held at 0.20 by a per-level intercept: spread mechanism only"
cell,sd_ratio_sweep_prevalence_fixed,sweep_sdr_2250_pf,2.25,True,normal,2000,0.2,3,0.666667/1/1.5,,,,0.675648/0.744643/0.820957,0.675648/0.744643/0.820957,0.2/0.2/0.2,0.14530871980677584,0.0,1.0000000000000018,m30,diciccio2020,True,1000,999,0.05,42,1068965806,0,1000,979,0.979,0.00453420334788814,3.0,0.0,"SD-ratio sweep at 2.250, every level's prevalence held at 0.20 by a per-level intercept: spread mechanism only"
cell,sd_ratio_sweep_prevalence_fixed,sweep_sdr_2250_pf,2.25,True,normal,2000,0.2,3,0.666667/1/1.5,,,,0.675648/0.744643/0.820957,0.675648/0.744643/0.820957,0.2/0.2/0.2,0.14530871980677584,0.0,1.0000000000000018,m30,fixed_threshold_005,True,1000,999,0.05,42,1068965806,0,1000,1000,1.0,0.0,3.0,0.0,"SD-ratio sweep at 2.250, every level's prevalence held at 0.20 by a per-level intercept: spread mechanism only"
cell,sd_ratio_sweep_prevalence_fixed,sweep_sdr_2250_pf,2.25,True,normal,2000,0.2,3,0.666667/1/1.5,,,,0.675648/0.744643/0.820957,0.675648/0.744643/0.820957,0.2/0.2/0.2,0.14530871980677584,0.0,1.0000000000000018,m30,four_fifths,True,1000,999,0.05,42,1068965806,0,1000,262,0.262,0.013905250806799567,3.0,0.0,"SD-ratio sweep at 2.250, every level's prevalence held at 0.20 by a per-level intercept: spread mechanism only"
cell,sd_ratio_sweep_prevalence_fixed,sweep_sdr_2250_pf,2.25,True,normal,2000,0.2,3,0.666667/1/1.5,,,,0.675648/0.744643/0.820957,0.675648/0.744643/0.820957,0.2/0.2/0.2,0.14530871980677584,0.0,1.0000000000000018,m30,lum2022,True,1000,999,0.05,42,1068965806,0,1000,988,0.988,0.003443254274665176,3.0,0.0,"SD-ratio sweep at 2.250, every level's prevalence held at 0.20 by a per-level intercept: spread mechanism only"
cell,sd_ratio_sweep_prevalence_fixed,sweep_sdr_2250_pf,2.25,True,normal,2000,0.2,3,0.666667/1/1.5,,,,0.675648/0.744643/0.820957,0.675648/0.744643/0.820957,0.2/0.2/0.2,0.14530871980677584,0.0,1.0000000000000018,m30,lum2022_bootstrapCI,True,1000,999,0.05,42,1068965806,0,0,0,,,3.0,0.0,"SD-ratio sweep at 2.250, every level's prevalence held at 0.20 by a per-level intercept: spread mechanism only"
cell,sd_ratio_sweep_prevalence_fixed,sweep_sdr_2250_pf,2.25,True,normal,2000,0.2,3,0.666667/1/1.5,,,,0.675648/0.744643/0.820957,0.675648/0.744643/0.820957,0.2/0.2/0.2,0.14530871980677584,0.0,1.0000000000000018,m30,lum2022_cochranQ,True,1000,999,0.05,42,1068965806,0,0,0,,,3.0,0.0,"SD-ratio sweep at 2.250, every level's prevalence held at 0.20 by a per-level intercept: spread mechanism only"
cell,sd_ratio_sweep_prevalence_fixed,sweep_sdr_2250_pf,2.25,True,normal,2000,0.2,3,0.666667/1/1.5,,,,0.675648/0.744643/0.820957,0.675648/0.744643/0.820957,0.2/0.2/0.2,0.14530871980677584,0.0,1.0000000000000018,m30,mbc_excess,False,1000,999,0.05,42,1068965806,0,1000,19,0.019421700376573453,0.004364000221248397,3.0,0.0,"SD-ratio sweep at 2.250, every level's prevalence held at 0.20 by a per-level intercept: spread mechanism only"
cell,sd_ratio_sweep_prevalence_fixed,sweep_sdr_2250_pf,2.25,True,normal,2000,0.2,3,0.666667/1/1.5,,,,0.675648/0.744643/0.820957,0.675648/0.744643/0.820957,0.2/0.2/0.2,0.14530871980677584,0.0,1.0000000000000018,m30,permutation_null,True,1000,999,0.05,42,1068965806,0,1000,979,0.979,0.00453420334788814,3.0,0.0,"SD-ratio sweep at 2.250, every level's prevalence held at 0.20 by a per-level intercept: spread mechanism only"
cell,sd_ratio_sweep_prevalence_fixed,sweep_sdr_2500_pf,2.5,True,normal,2000,0.2,3,0.632456/1/1.58114,,,,0.667712/0.744643/0.830689,0.667712/0.744643/0.830689,0.2/0.2/0.2,0.1629765885819744,0.0,1.0000000000000002,m30,calibration_cox,False,1000,999,0.05,42,1783799910,0,1000,49,0.049,0.006826346021115542,3.0,0.0,"SD-ratio sweep at 2.500, every level's prevalence held at 0.20 by a per-level intercept: spread mechanism only"
cell,sd_ratio_sweep_prevalence_fixed,sweep_sdr_2500_pf,2.5,True,normal,2000,0.2,3,0.632456/1/1.58114,,,,0.667712/0.744643/0.830689,0.667712/0.744643/0.830689,0.2/0.2/0.2,0.1629765885819744,0.0,1.0000000000000002,m30,diciccio2020,True,1000,999,0.05,42,1783799910,0,1000,999,0.999,0.0009994998749374613,3.0,0.0,"SD-ratio sweep at 2.500, every level's prevalence held at 0.20 by a per-level intercept: spread mechanism only"
cell,sd_ratio_sweep_prevalence_fixed,sweep_sdr_2500_pf,2.5,True,normal,2000,0.2,3,0.632456/1/1.58114,,,,0.667712/0.744643/0.830689,0.667712/0.744643/0.830689,0.2/0.2/0.2,0.1629765885819744,0.0,1.0000000000000002,m30,fixed_threshold_005,True,1000,999,0.05,42,1783799910,0,1000,1000,1.0,0.0,3.0,0.0,"SD-ratio sweep at 2.500, every level's prevalence held at 0.20 by a per-level intercept: spread mechanism only"
cell,sd_ratio_sweep_prevalence_fixed,sweep_sdr_2500_pf,2.5,True,normal,2000,0.2,3,0.632456/1/1.58114,,,,0.667712/0.744643/0.830689,0.667712/0.744643/0.830689,0.2/0.2/0.2,0.1629765885819744,0.0,1.0000000000000002,m30,four_fifths,True,1000,999,0.05,42,1783799910,0,1000,466,0.466,0.01577479001445027,3.0,0.0,"SD-ratio sweep at 2.500, every level's prevalence held at 0.20 by a per-level intercept: spread mechanism only"
cell,sd_ratio_sweep_prevalence_fixed,sweep_sdr_2500_pf,2.5,True,normal,2000,0.2,3,0.632456/1/1.58114,,,,0.667712/0.744643/0.830689,0.667712/0.744643/0.830689,0.2/0.2/0.2,0.1629765885819744,0.0,1.0000000000000002,m30,lum2022,True,1000,999,0.05,42,1783799910,0,1000,999,0.999,0.0009994998749374613,3.0,0.0,"SD-ratio sweep at 2.500, every level's prevalence held at 0.20 by a per-level intercept: spread mechanism only"
cell,sd_ratio_sweep_prevalence_fixed,sweep_sdr_2500_pf,2.5,True,normal,2000,0.2,3,0.632456/1/1.58114,,,,0.667712/0.744643/0.830689,0.667712/0.744643/0.830689,0.2/0.2/0.2,0.1629765885819744,0.0,1.0000000000000002,m30,lum2022_bootstrapCI,True,1000,999,0.05,42,1783799910,0,0,0,,,3.0,0.0,"SD-ratio sweep at 2.500, every level's prevalence held at 0.20 by a per-level intercept: spread mechanism only"
cell,sd_ratio_sweep_prevalence_fixed,sweep_sdr_2500_pf,2.5,True,normal,2000,0.2,3,0.632456/1/1.58114,,,,0.667712/0.744643/0.830689,0.667712/0.744643/0.830689,0.2/0.2/0.2,0.1629765885819744,0.0,1.0000000000000002,m30,lum2022_cochranQ,True,1000,999,0.05,42,1783799910,0,0,0,,,3.0,0.0,"SD-ratio sweep at 2.500, every level's prevalence held at 0.20 by a per-level intercept: spread mechanism only"
cell,sd_ratio_sweep_prevalence_fixed,sweep_sdr_2500_pf,2.5,True,normal,2000,0.2,3,0.632456/1/1.58114,,,,0.667712/0.744643/0.830689,0.667712/0.744643/0.830689,0.2/0.2/0.2,0.1629765885819744,0.0,1.0000000000000002,m30,mbc_excess,False,1000,999,0.05,42,1783799910,0,1000,19,0.0193200955581019,0.004352795591999205,3.0,0.0,"SD-ratio sweep at 2.500, every level's prevalence held at 0.20 by a per-level intercept: spread mechanism only"
cell,sd_ratio_sweep_prevalence_fixed,sweep_sdr_2500_pf,2.5,True,normal,2000,0.2,3,0.632456/1/1.58114,,,,0.667712/0.744643/0.830689,0.667712/0.744643/0.830689,0.2/0.2/0.2,0.1629765885819744,0.0,1.0000000000000002,m30,permutation_null,True,1000,999,0.05,42,1783799910,0,1000,999,0.999,0.0009994998749374613,3.0,0.0,"SD-ratio sweep at 2.500, every level's prevalence held at 0.20 by a per-level intercept: spread mechanism only"
cell,sd_ratio_sweep_prevalence_fixed,sweep_sdr_2750_pf,2.75,True,normal,2000,0.2,3,0.603023/1/1.65831,,,,0.660763/0.744643/0.839358,0.660763/0.744643/0.839358,0.2/0.2/0.2,0.17859578729948367,0.0,1.0000000000000004,m30,calibration_cox,False,1000,999,0.05,42,1870302749,0,1000,44,0.044,0.006485676526007136,3.0,0.0,"SD-ratio sweep at 2.750, every level's prevalence held at 0.20 by a per-level intercept: spread mechanism only"
cell,sd_ratio_sweep_prevalence_fixed,sweep_sdr_2750_pf,2.75,True,normal,2000,0.2,3,0.603023/1/1.65831,,,,0.660763/0.744643/0.839358,0.660763/0.744643/0.839358,0.2/0.2/0.2,0.17859578729948367,0.0,1.0000000000000004,m30,diciccio2020,True,1000,999,0.05,42,1870302749,0,1000,1000,1.0,0.0,3.0,0.0,"SD-ratio sweep at 2.750, every level's prevalence held at 0.20 by a per-level intercept: spread mechanism only"
cell,sd_ratio_sweep_prevalence_fixed,sweep_sdr_2750_pf,2.75,True,normal,2000,0.2,3,0.603023/1/1.65831,,,,0.660763/0.744643/0.839358,0.660763/0.744643/0.839358,0.2/0.2/0.2,0.17859578729948367,0.0,1.0000000000000004,m30,fixed_threshold_005,True,1000,999,0.05,42,1870302749,0,1000,1000,1.0,0.0,3.0,0.0,"SD-ratio sweep at 2.750, every level's prevalence held at 0.20 by a per-level intercept: spread mechanism only"
cell,sd_ratio_sweep_prevalence_fixed,sweep_sdr_2750_pf,2.75,True,normal,2000,0.2,3,0.603023/1/1.65831,,,,0.660763/0.744643/0.839358,0.660763/0.744643/0.839358,0.2/0.2/0.2,0.17859578729948367,0.0,1.0000000000000004,m30,four_fifths,True,1000,999,0.05,42,1870302749,0,1000,616,0.616,0.015379986996093333,3.0,0.0,"SD-ratio sweep at 2.750, every level's prevalence held at 0.20 by a per-level intercept: spread mechanism only"
cell,sd_ratio_sweep_prevalence_fixed,sweep_sdr_2750_pf,2.75,True,normal,2000,0.2,3,0.603023/1/1.65831,,,,0.660763/0.744643/0.839358,0.660763/0.744643/0.839358,0.2/0.2/0.2,0.17859578729948367,0.0,1.0000000000000004,m30,lum2022,True,1000,999,0.05,42,1870302749,0,1000,1000,1.0,0.0,3.0,0.0,"SD-ratio sweep at 2.750, every level's prevalence held at 0.20 by a per-level intercept: spread mechanism only"
cell,sd_ratio_sweep_prevalence_fixed,sweep_sdr_2750_pf,2.75,True,normal,2000,0.2,3,0.603023/1/1.65831,,,,0.660763/0.744643/0.839358,0.660763/0.744643/0.839358,0.2/0.2/0.2,0.17859578729948367,0.0,1.0000000000000004,m30,lum2022_bootstrapCI,True,1000,999,0.05,42,1870302749,0,0,0,,,3.0,0.0,"SD-ratio sweep at 2.750, every level's prevalence held at 0.20 by a per-level intercept: spread mechanism only"
cell,sd_ratio_sweep_prevalence_fixed,sweep_sdr_2750_pf,2.75,True,normal,2000,0.2,3,0.603023/1/1.65831,,,,0.660763/0.744643/0.839358,0.660763/0.744643/0.839358,0.2/0.2/0.2,0.17859578729948367,0.0,1.0000000000000004,m30,lum2022_cochranQ,True,1000,999,0.05,42,1870302749,0,0,0,,,3.0,0.0,"SD-ratio sweep at 2.750, every level's prevalence held at 0.20 by a per-level intercept: spread mechanism only"
cell,sd_ratio_sweep_prevalence_fixed,sweep_sdr_2750_pf,2.75,True,normal,2000,0.2,3,0.603023/1/1.65831,,,,0.660763/0.744643/0.839358,0.660763/0.744643/0.839358,0.2/0.2/0.2,0.17859578729948367,0.0,1.0000000000000004,m30,mbc_excess,False,1000,999,0.05,42,1870302749,0,1000,18,0.018246851584573086,0.004232482013171899,3.0,0.0,"SD-ratio sweep at 2.750, every level's prevalence held at 0.20 by a per-level intercept: spread mechanism only"
cell,sd_ratio_sweep_prevalence_fixed,sweep_sdr_2750_pf,2.75,True,normal,2000,0.2,3,0.603023/1/1.65831,,,,0.660763/0.744643/0.839358,0.660763/0.744643/0.839358,0.2/0.2/0.2,0.17859578729948367,0.0,1.0000000000000004,m30,permutation_null,True,1000,999,0.05,42,1870302749,0,1000,1000,1.0,0.0,3.0,0.0,"SD-ratio sweep at 2.750, every level's prevalence held at 0.20 by a per-level intercept: spread mechanism only"
cell,sd_ratio_sweep_prevalence_fixed,sweep_sdr_3000_pf,3.0,True,normal,2000,0.2,3,0.57735/1/1.73205,,,,0.654611/0.744643/0.84714,0.654611/0.744643/0.84714,0.2/0.2/0.2,0.19252938395374464,0.0,1.0000000000000002,m30,calibration_cox,False,1000,999,0.05,42,484981345,0,1000,47,0.047,0.006692607862410586,3.0,0.0,"SD-ratio sweep at 3.000, every level's prevalence held at 0.20 by a per-level intercept: spread mechanism only"
cell,sd_ratio_sweep_prevalence_fixed,sweep_sdr_3000_pf,3.0,True,normal,2000,0.2,3,0.57735/1/1.73205,,,,0.654611/0.744643/0.84714,0.654611/0.744643/0.84714,0.2/0.2/0.2,0.19252938395374464,0.0,1.0000000000000002,m30,diciccio2020,True,1000,999,0.05,42,484981345,0,1000,1000,1.0,0.0,3.0,0.0,"SD-ratio sweep at 3.000, every level's prevalence held at 0.20 by a per-level intercept: spread mechanism only"
cell,sd_ratio_sweep_prevalence_fixed,sweep_sdr_3000_pf,3.0,True,normal,2000,0.2,3,0.57735/1/1.73205,,,,0.654611/0.744643/0.84714,0.654611/0.744643/0.84714,0.2/0.2/0.2,0.19252938395374464,0.0,1.0000000000000002,m30,fixed_threshold_005,True,1000,999,0.05,42,484981345,0,1000,1000,1.0,0.0,3.0,0.0,"SD-ratio sweep at 3.000, every level's prevalence held at 0.20 by a per-level intercept: spread mechanism only"
cell,sd_ratio_sweep_prevalence_fixed,sweep_sdr_3000_pf,3.0,True,normal,2000,0.2,3,0.57735/1/1.73205,,,,0.654611/0.744643/0.84714,0.654611/0.744643/0.84714,0.2/0.2/0.2,0.19252938395374464,0.0,1.0000000000000002,m30,four_fifths,True,1000,999,0.05,42,484981345,0,1000,788,0.788,0.012925014506761683,3.0,0.0,"SD-ratio sweep at 3.000, every level's prevalence held at 0.20 by a per-level intercept: spread mechanism only"
cell,sd_ratio_sweep_prevalence_fixed,sweep_sdr_3000_pf,3.0,True,normal,2000,0.2,3,0.57735/1/1.73205,,,,0.654611/0.744643/0.84714,0.654611/0.744643/0.84714,0.2/0.2/0.2,0.19252938395374464,0.0,1.0000000000000002,m30,lum2022,True,1000,999,0.05,42,484981345,0,1000,1000,1.0,0.0,3.0,0.0,"SD-ratio sweep at 3.000, every level's prevalence held at 0.20 by a per-level intercept: spread mechanism only"
cell,sd_ratio_sweep_prevalence_fixed,sweep_sdr_3000_pf,3.0,True,normal,2000,0.2,3,0.57735/1/1.73205,,,,0.654611/0.744643/0.84714,0.654611/0.744643/0.84714,0.2/0.2/0.2,0.19252938395374464,0.0,1.0000000000000002,m30,lum2022_bootstrapCI,True,1000,999,0.05,42,484981345,0,0,0,,,3.0,0.0,"SD-ratio sweep at 3.000, every level's prevalence held at 0.20 by a per-level intercept: spread mechanism only"
cell,sd_ratio_sweep_prevalence_fixed,sweep_sdr_3000_pf,3.0,True,normal,2000,0.2,3,0.57735/1/1.73205,,,,0.654611/0.744643/0.84714,0.654611/0.744643/0.84714,0.2/0.2/0.2,0.19252938395374464,0.0,1.0000000000000002,m30,lum2022_cochranQ,True,1000,999,0.05,42,484981345,0,0,0,,,3.0,0.0,"SD-ratio sweep at 3.000, every level's prevalence held at 0.20 by a per-level intercept: spread mechanism only"
cell,sd_ratio_sweep_prevalence_fixed,sweep_sdr_3000_pf,3.0,True,normal,2000,0.2,3,0.57735/1/1.73205,,,,0.654611/0.744643/0.84714,0.654611/0.744643/0.84714,0.2/0.2/0.2,0.19252938395374464,0.0,1.0000000000000002,m30,mbc_excess,False,1000,999,0.05,42,484981345,0,1000,18,0.018619715429776938,0.00427469550109608,3.0,0.0,"SD-ratio sweep at 3.000, every level's prevalence held at 0.20 by a per-level intercept: spread mechanism only"
cell,sd_ratio_sweep_prevalence_fixed,sweep_sdr_3000_pf,3.0,True,normal,2000,0.2,3,0.57735/1/1.73205,,,,0.654611/0.744643/0.84714,0.654611/0.744643/0.84714,0.2/0.2/0.2,0.19252938395374464,0.0,1.0000000000000002,m30,permutation_null,True,1000,999,0.05,42,484981345,0,1000,1000,1.0,0.0,3.0,0.0,"SD-ratio sweep at 3.000, every level's prevalence held at 0.20 by a per-level intercept: spread mechanism only"
cell,sd_ratio_sweep_prevalence_fixed,sweep_sdr_3167_pf,3.167,True,normal,2000,0.2,3,0.561922/1/1.77961,,,,0.650874/0.744643/0.851913,0.650874/0.744643/0.851913,0.2/0.2/0.2,0.20103847897471128,0.0,1.0000000000000002,m30,calibration_cox,False,1000,999,0.05,42,1159931101,0,1000,45,0.045,0.0065555320150236475,3.0,0.0,"SD-ratio sweep at 3.167, every level's prevalence held at 0.20 by a per-level intercept: spread mechanism only"
cell,sd_ratio_sweep_prevalence_fixed,sweep_sdr_3167_pf,3.167,True,normal,2000,0.2,3,0.561922/1/1.77961,,,,0.650874/0.744643/0.851913,0.650874/0.744643/0.851913,0.2/0.2/0.2,0.20103847897471128,0.0,1.0000000000000002,m30,diciccio2020,True,1000,999,0.05,42,1159931101,0,1000,1000,1.0,0.0,3.0,0.0,"SD-ratio sweep at 3.167, every level's prevalence held at 0.20 by a per-level intercept: spread mechanism only"
cell,sd_ratio_sweep_prevalence_fixed,sweep_sdr_3167_pf,3.167,True,normal,2000,0.2,3,0.561922/1/1.77961,,,,0.650874/0.744643/0.851913,0.650874/0.744643/0.851913,0.2/0.2/0.2,0.20103847897471128,0.0,1.0000000000000002,m30,fixed_threshold_005,True,1000,999,0.05,42,1159931101,0,1000,1000,1.0,0.0,3.0,0.0,"SD-ratio sweep at 3.167, every level's prevalence held at 0.20 by a per-level intercept: spread mechanism only"
cell,sd_ratio_sweep_prevalence_fixed,sweep_sdr_3167_pf,3.167,True,normal,2000,0.2,3,0.561922/1/1.77961,,,,0.650874/0.744643/0.851913,0.650874/0.744643/0.851913,0.2/0.2/0.2,0.20103847897471128,0.0,1.0000000000000002,m30,four_fifths,True,1000,999,0.05,42,1159931101,0,1000,845,0.845,0.011444430960078356,3.0,0.0,"SD-ratio sweep at 3.167, every level's prevalence held at 0.20 by a per-level intercept: spread mechanism only"
cell,sd_ratio_sweep_prevalence_fixed,sweep_sdr_3167_pf,3.167,True,normal,2000,0.2,3,0.561922/1/1.77961,,,,0.650874/0.744643/0.851913,0.650874/0.744643/0.851913,0.2/0.2/0.2,0.20103847897471128,0.0,1.0000000000000002,m30,lum2022,True,1000,999,0.05,42,1159931101,0,1000,1000,1.0,0.0,3.0,0.0,"SD-ratio sweep at 3.167, every level's prevalence held at 0.20 by a per-level intercept: spread mechanism only"
cell,sd_ratio_sweep_prevalence_fixed,sweep_sdr_3167_pf,3.167,True,normal,2000,0.2,3,0.561922/1/1.77961,,,,0.650874/0.744643/0.851913,0.650874/0.744643/0.851913,0.2/0.2/0.2,0.20103847897471128,0.0,1.0000000000000002,m30,lum2022_bootstrapCI,True,1000,999,0.05,42,1159931101,0,0,0,,,3.0,0.0,"SD-ratio sweep at 3.167, every level's prevalence held at 0.20 by a per-level intercept: spread mechanism only"
cell,sd_ratio_sweep_prevalence_fixed,sweep_sdr_3167_pf,3.167,True,normal,2000,0.2,3,0.561922/1/1.77961,,,,0.650874/0.744643/0.851913,0.650874/0.744643/0.851913,0.2/0.2/0.2,0.20103847897471128,0.0,1.0000000000000002,m30,lum2022_cochranQ,True,1000,999,0.05,42,1159931101,0,0,0,,,3.0,0.0,"SD-ratio sweep at 3.167, every level's prevalence held at 0.20 by a per-level intercept: spread mechanism only"
cell,sd_ratio_sweep_prevalence_fixed,sweep_sdr_3167_pf,3.167,True,normal,2000,0.2,3,0.561922/1/1.77961,,,,0.650874/0.744643/0.851913,0.650874/0.744643/0.851913,0.2/0.2/0.2,0.20103847897471128,0.0,1.0000000000000002,m30,mbc_excess,False,1000,999,0.05,42,1159931101,0,1000,19,0.019472944274817248,0.004369639426324226,3.0,0.0,"SD-ratio sweep at 3.167, every level's prevalence held at 0.20 by a per-level intercept: spread mechanism only"
cell,sd_ratio_sweep_prevalence_fixed,sweep_sdr_3167_pf,3.167,True,normal,2000,0.2,3,0.561922/1/1.77961,,,,0.650874/0.744643/0.851913,0.650874/0.744643/0.851913,0.2/0.2/0.2,0.20103847897471128,0.0,1.0000000000000002,m30,permutation_null,True,1000,999,0.05,42,1159931101,0,1000,1000,1.0,0.0,3.0,0.0,"SD-ratio sweep at 3.167, every level's prevalence held at 0.20 by a per-level intercept: spread mechanism only"
