cohort,cohort_label,is_clinical,rule,partition,partition_key,model_class,is_published_class,seed,spec_id,n_test,n_levels_admissible,partition_sd_ratio,min_level_lp_sd,max_level_lp_sd,min_level_lp_mean,max_level_lp_mean,level_lp_mean_spread,implied_auroc_min_gaussian,implied_auroc_max_gaussian,implied_casemix_gap_gaussian,implied_auroc_min_empirical,implied_auroc_max_empirical,implied_casemix_gap_empirical,observed_auc_gap
diabetes130,Diabetes 130,True,m30,race,diabetes130|race,published,False,,published,19890,5,1.2400488097604687,0.4599193106798152,0.57032239379436,-2.3868338461409944,-2.163915784346839,0.22291806179415552,0.6263803259286445,0.6541441912020355,0.02776386527339103,0.6278339392703371,0.6609538421383382,0.03311990286800104,0.1235725710459753
diabetes130,Diabetes 130,True,m30,gender,diabetes130|gender,published,False,,published,19890,2,1.0215101992692017,0.5075539051739006,0.5184714908140527,-2.1924058714170696,-2.1555983362062516,0.03680753521081792,0.6384371421518076,0.6411585763797295,0.002721434227921926,0.6422444438988566,0.6443215819314185,0.0020771380325619315,0.01348071459925726
diabetes130,Diabetes 130,True,m30,age_group,diabetes130|age_group,published,False,,published,19890,9,3.3035828296356273,0.33927920812373075,1.1208369664099294,-2.972056626740284,-1.9156269976950997,1.0564296290451842,0.5942686033383419,0.7672423820529299,0.17297377871458808,0.5954013698850111,0.7972041510362666,0.2018027811512555,0.21604857190810656
diabetes130,Diabetes 130,True,ev10,race,diabetes130|race,published,False,,published,19890,4,1.2298992804437154,0.46371471458102054,0.57032239379436,-2.332965518238077,-2.163915784346839,0.16904973389123823,0.6272902025346311,0.6541441912020355,0.026853988667404405,0.6278339392703371,0.6609538421383382,0.03311990286800104,0.0831307890960411
diabetes130,Diabetes 130,True,ev10,gender,diabetes130|gender,published,False,,published,19890,2,1.0215101992692017,0.5075539051739006,0.5184714908140527,-2.1924058714170696,-2.1555983362062516,0.03680753521081792,0.6384371421518076,0.6411585763797295,0.002721434227921926,0.6422444438988566,0.6443215819314185,0.0020771380325619315,0.01348071459925726
diabetes130,Diabetes 130,True,ev10,age_group,diabetes130|age_group,published,False,,published,19890,9,3.3035828296356273,0.33927920812373075,1.1208369664099294,-2.972056626740284,-1.9156269976950997,1.0564296290451842,0.5942686033383419,0.7672423820529299,0.17297377871458808,0.5954013698850111,0.7972041510362666,0.2018027811512555,0.21604857190810656
diabetes130,Diabetes 130,True,m30,race,diabetes130|race,xgb_published,True,42,xgb_published|s42,19890,5,1.240789469357846,0.4585616210485351,0.5689784304486856,-2.3824387754387697,-2.1614718716944217,0.22096690374434802,0.6260233768220548,0.6538121934793072,0.027788816657252413,0.627326635803232,0.6602627725888677,0.03293613678563567,0.14083423225710456
diabetes130,Diabetes 130,True,m30,gender,diabetes130|gender,xgb_published,True,42,xgb_published|s42,19890,2,1.0232193749683842,0.5054623542692237,0.5171988742054031,-2.1892665127119253,-2.1546388307705566,0.03462768194136867,0.6379015478159091,0.6408356138248366,0.0029340660089274273,0.6412741767640001,0.6435183547122132,0.0022441779482130775,0.011698051713659119
diabetes130,Diabetes 130,True,m30,age_group,diabetes130|age_group,xgb_published,True,42,xgb_published|s42,19890,9,3.3097603284899724,0.3362303311374182,1.1128418112336733,-2.982490940739741,-1.8995139843115743,1.0829769564281668,0.5934452130239563,0.7658042747754197,0.17235906175146343,0.5950489766960274,0.7952244954875531,0.20017551879152573,0.2231903797849082
diabetes130,Diabetes 130,True,ev10,race,diabetes130|race,xgb_published,True,42,xgb_published|s42,19890,4,1.231363016638416,0.462072047609469,0.5689784304486856,-2.32742335498567,-2.1614718716944217,0.16595148329124854,0.6268661707369316,0.6538121934793072,0.026946022742375564,0.627326635803232,0.6602627725888677,0.03293613678563567,0.08408810248108356
diabetes130,Diabetes 130,True,ev10,gender,diabetes130|gender,xgb_published,True,42,xgb_published|s42,19890,2,1.0232193749683842,0.5054623542692237,0.5171988742054031,-2.1892665127119253,-2.1546388307705566,0.03462768194136867,0.6379015478159091,0.6408356138248366,0.0029340660089274273,0.6412741767640001,0.6435183547122132,0.0022441779482130775,0.011698051713659119
diabetes130,Diabetes 130,True,ev10,age_group,diabetes130|age_group,xgb_published,True,42,xgb_published|s42,19890,9,3.3097603284899724,0.3362303311374182,1.1128418112336733,-2.982490940739741,-1.8995139843115743,1.0829769564281668,0.5934452130239563,0.7658042747754197,0.17235906175146343,0.5950489766960274,0.7952244954875531,0.20017551879152573,0.2231903797849082
diabetes130,Diabetes 130,True,m30,race,diabetes130|race,xgb_published,True,43,xgb_published|s43,19980,5,1.326009444571914,0.3966580332238216,0.5259722983201075,-2.396893670704146,-2.1616227801645254,0.23527089053962058,0.6097459448265211,0.6431419519727783,0.033396007146257234,0.6101068889806205,0.6488128215796134,0.03870593259899291,0.10087837823813817
diabetes130,Diabetes 130,True,m30,gender,diabetes130|gender,xgb_published,True,43,xgb_published|s43,19980,2,1.0260240471657913,0.4898712874224991,0.5026197209115492,-2.1990017051281145,-2.142950190328659,0.05605151479945558,0.633933011241891,0.6371233502711162,0.0031903390292251643,0.6363807226227063,0.6396564350555253,0.003275712432818989,0.0073564013246277815
diabetes130,Diabetes 130,True,m30,age_group,diabetes130|age_group,xgb_published,True,43,xgb_published|s43,19980,10,2.4934314983675208,0.3748934269628053,0.9347710793200024,-3.6208647132753,-2.0565185380532824,1.5643461752220174,0.6042311779685837,0.7352384839934011,0.13100730602481736,0.6056931851629319,0.7635703996291803,0.15787721446624836,0.20283254071316748
diabetes130,Diabetes 130,True,ev10,race,diabetes130|race,xgb_published,True,43,xgb_published|s43,19980,4,1.072967237112135,0.49020350307782834,0.5259722983201075,-2.239928133310203,-2.1616227801645254,0.07830535314567744,0.6339771405437892,0.6431419519727783,0.009164811428989172,0.6359827615595028,0.6488128215796134,0.012830060020110556,0.10087837823813817
diabetes130,Diabetes 130,True,ev10,gender,diabetes130|gender,xgb_published,True,43,xgb_published|s43,19980,2,1.0260240471657913,0.4898712874224991,0.5026197209115492,-2.1990017051281145,-2.142950190328659,0.05605151479945558,0.633933011241891,0.6371233502711162,0.0031903390292251643,0.6363807226227063,0.6396564350555253,0.003275712432818989,0.0073564013246277815
diabetes130,Diabetes 130,True,ev10,age_group,diabetes130|age_group,xgb_published,True,43,xgb_published|s43,19980,8,2.4819775807806512,0.376623498358108,0.9347710793200024,-2.3195611328366295,-2.0565185380532824,0.263042594783347,0.6042311779685837,0.7352384839934011,0.13100730602481736,0.6056931851629319,0.7635703996291803,0.15787721446624836,0.18700490510315704
diabetes130,Diabetes 130,True,m30,race,diabetes130|race,xgb_published,True,44,xgb_published|s44,19979,5,1.3580687907115745,0.4152672879021234,0.563961543503312,-2.358732501770597,-2.158751006622772,0.1999814951478247,0.614652732927592,0.6527250007724612,0.03807226784486917,0.6148381752574191,0.6590044678364452,0.044166292579026045,0.2072720291343103
diabetes130,Diabetes 130,True,m30,gender,diabetes130|gender,xgb_published,True,44,xgb_published|s44,19979,2,1.0284695128729822,0.5096644751483602,0.5241743744844981,-2.1937689394446354,-2.1537418053223183,0.040027134122317065,0.6389750208259709,0.6425956656343481,0.0036206448083772047,0.6408301193733842,0.6434453356927543,0.0026152163193701172,0.006028437467250236
diabetes130,Diabetes 130,True,m30,age_group,diabetes130|age_group,xgb_published,True,44,xgb_published|s44,19979,10,3.391684188169221,0.33669546252985944,1.1419646764908467,-3.7304707028553605,-1.9319768731627063,1.7984938296926543,0.5935632703431544,0.7708326226213617,0.17726935227820728,0.5945924199853251,0.7986738034485568,0.20408138346323168,0.2063259805795551
diabetes130,Diabetes 130,True,ev10,race,diabetes130|race,xgb_published,True,44,xgb_published|s44,19979,4,1.1561347887688058,0.4877991294629992,0.563961543503312,-2.358732501770597,-2.158751006622772,0.1999814951478247,0.6335678653945466,0.6527250007724612,0.019157135377914636,0.6367024412178016,0.6590044678364452,0.022302026618643556,0.2072720291343103
diabetes130,Diabetes 130,True,ev10,gender,diabetes130|gender,xgb_published,True,44,xgb_published|s44,19979,2,1.0284695128729822,0.5096644751483602,0.5241743744844981,-2.1937689394446354,-2.1537418053223183,0.040027134122317065,0.6389750208259709,0.6425956656343481,0.0036206448083772047,0.6408301193733842,0.6434453356927543,0.0026152163193701172,0.006028437467250236
diabetes130,Diabetes 130,True,ev10,age_group,diabetes130|age_group,xgb_published,True,44,xgb_published|s44,19979,8,3.391684188169221,0.33669546252985944,1.1419646764908467,-2.3495557673219865,-1.9319768731627063,0.4175788941592802,0.5935632703431544,0.7708326226213617,0.17726935227820728,0.5945924199853251,0.7986738034485568,0.20408138346323168,0.17024246328742854
diabetes130,Diabetes 130,True,m30,race,diabetes130|race,xgb_published,True,45,xgb_published|s45,19604,5,1.1072306636536153,0.496811107323181,0.5500844920719332,-2.2466262546670372,-2.167621359840798,0.07900489482623918,0.6356721610009658,0.6492198986134403,0.01354773761247452,0.6372913854467728,0.654834546150693,0.017543160703920258,0.20682818996544505
diabetes130,Diabetes 130,True,m30,gender,diabetes130|gender,xgb_published,True,45,xgb_published|s45,19604,2,1.0799261676671321,0.48537280433711344,0.5241667924776277,-2.196450163365637,-2.1525493098674264,0.0439008534982106,0.6327771816896253,0.6425921700229467,0.009814988333321395,0.6352669256490786,0.6453502337071715,0.010083308058092877,0.022194699103852966
diabetes130,Diabetes 130,True,m30,age_group,diabetes130|age_group,xgb_published,True,45,xgb_published|s45,19604,10,3.006637629446794,0.36198271450638375,1.0883508506441892,-3.681541543051867,-1.9581089995621537,1.7234325434897135,0.6003298804441843,0.7620383752301576,0.16170849478597327,0.6015643607547237,0.7915926493849403,0.1900282886302166,0.26003466327108105
diabetes130,Diabetes 130,True,ev10,race,diabetes130|race,xgb_published,True,45,xgb_published|s45,19604,5,1.1072306636536153,0.496811107323181,0.5500844920719332,-2.2466262546670372,-2.167621359840798,0.07900489482623918,0.6356721610009658,0.6492198986134403,0.01354773761247452,0.6372913854467728,0.654834546150693,0.017543160703920258,0.20682818996544505
diabetes130,Diabetes 130,True,ev10,gender,diabetes130|gender,xgb_published,True,45,xgb_published|s45,19604,2,1.0799261676671321,0.48537280433711344,0.5241667924776277,-2.196450163365637,-2.1525493098674264,0.0439008534982106,0.6327771816896253,0.6425921700229467,0.009814988333321395,0.6352669256490786,0.6453502337071715,0.010083308058092877,0.022194699103852966
diabetes130,Diabetes 130,True,ev10,age_group,diabetes130|age_group,xgb_published,True,45,xgb_published|s45,19604,9,3.006637629446794,0.36198271450638375,1.0883508506441892,-2.9920356352931727,-1.9581089995621537,1.033926635731019,0.6003298804441843,0.7620383752301576,0.16170849478597327,0.6015643607547237,0.7915926493849403,0.1900282886302166,0.24843008646988052
diabetes130,Diabetes 130,True,m30,race,diabetes130|race,xgb_published,True,46,xgb_published|s46,19729,5,1.3031582058895859,0.41470109981446074,0.5404211412146507,-2.3167427427190037,-2.1704779727396954,0.14626476997930826,0.6144779632277951,0.6468000930629387,0.0323221298351436,0.6154786534425839,0.6527518914298713,0.03727323798728743,0.2615971070573062
diabetes130,Diabetes 130,True,m30,gender,diabetes130|gender,xgb_published,True,46,xgb_published|s46,19729,2,1.016480621572645,0.4873558582795823,0.49538778575109965,-2.1936683658127816,-2.158870523998327,0.03479784181445478,0.6332451905768317,0.6353382260848788,0.0020930355080470697,0.6350709498616285,0.6389545305981716,0.0038835807365431574,0.009530516689856161
diabetes130,Diabetes 130,True,m30,age_group,diabetes130|age_group,xgb_published,True,46,xgb_published|s46,19729,9,2.9610754545111324,0.3211051913811761,0.9508167005149002,-2.8553579983409367,-2.051250351187819,0.8041076471531179,0.5893542691456322,0.737617904846292,0.1482636357006598,0.5898251543309874,0.7630374372906391,0.17321228295965174,0.24696670544173116
diabetes130,Diabetes 130,True,ev10,race,diabetes130|race,xgb_published,True,46,xgb_published|s46,19729,4,1.1461478084275063,0.4715108620729281,0.5404211412146507,-2.2636911010563736,-2.1704779727396954,0.09321312831667816,0.6292757402309358,0.6468000930629387,0.017524352832002932,0.6320827473964575,0.6527518914298713,0.0206691440334138,0.10610474176101936
diabetes130,Diabetes 130,True,ev10,gender,diabetes130|gender,xgb_published,True,46,xgb_published|s46,19729,2,1.016480621572645,0.4873558582795823,0.49538778575109965,-2.1936683658127816,-2.158870523998327,0.03479784181445478,0.6332451905768317,0.6353382260848788,0.0020930355080470697,0.6350709498616285,0.6389545305981716,0.0038835807365431574,0.009530516689856161
diabetes130,Diabetes 130,True,ev10,age_group,diabetes130|age_group,xgb_published,True,46,xgb_published|s46,19729,8,2.9610754545111324,0.3211051913811761,0.9508167005149002,-2.3337111466873584,-2.051250351187819,0.2824607954995395,0.5893542691456322,0.737617904846292,0.1482636357006598,0.5898251543309874,0.7630374372906391,0.17321228295965174,0.2308919087297746
diabetes130,Diabetes 130,True,m30,race,diabetes130|race,xgb_published,True,47,xgb_published|s47,19920,5,1.2479493037736848,0.4359730571542906,0.5440722731397818,-2.331029840100216,-2.1579139197574744,0.1731159203427417,0.6200403942261926,0.6476295314196044,0.027589137193411828,0.6182801562456987,0.6516585770022147,0.03337842075651609,0.11092638882212502
diabetes130,Diabetes 130,True,m30,gender,diabetes130|gender,xgb_published,True,47,xgb_published|s47,19920,2,1.0503862305447544,0.4978655980761374,0.5229511688811037,-2.1942474205730536,-2.1446892434923206,0.04955817708073296,0.635971614168184,0.6422752505912314,0.006303636423047321,0.6382606844749386,0.6436861201652381,0.005425435690299518,0.0007621862090781972
diabetes130,Diabetes 130,True,m30,age_group,diabetes130|age_group,xgb_published,True,47,xgb_published|s47,19920,9,3.0730521350113347,0.37227856568620143,1.1440314411009387,-2.9758380071385164,-1.952071510534219,1.0237664966042974,0.6030674530423499,0.7713054928783996,0.16823803983604968,0.6045536411418481,0.802635900775752,0.1980822596339039,0.2300208578720062
diabetes130,Diabetes 130,True,ev10,race,diabetes130|race,xgb_published,True,47,xgb_published|s47,19920,4,1.1673401358045055,0.46607861449466825,0.5440722731397818,-2.331029840100216,-2.1579139197574744,0.1731159203427417,0.627931793657864,0.6476295314196044,0.01969773776174044,0.6289698076839678,0.6516585770022147,0.022688769318246926,0.11092638882212502
diabetes130,Diabetes 130,True,ev10,gender,diabetes130|gender,xgb_published,True,47,xgb_published|s47,19920,2,1.0503862305447544,0.4978655980761374,0.5229511688811037,-2.1942474205730536,-2.1446892434923206,0.04955817708073296,0.635971614168184,0.6422752505912314,0.006303636423047321,0.6382606844749386,0.6436861201652381,0.005425435690299518,0.0007621862090781972
diabetes130,Diabetes 130,True,ev10,age_group,diabetes130|age_group,xgb_published,True,47,xgb_published|s47,19920,8,3.0730521350113347,0.37227856568620143,1.1440314411009387,-2.342467141498875,-1.952071510534219,0.3903956309646559,0.6030674530423499,0.7713054928783996,0.16823803983604968,0.6045536411418481,0.802635900775752,0.1980822596339039,0.2048765764388243
diabetes130,Diabetes 130,True,m30,race,diabetes130|race,logreg_l2,False,42,logreg_l2|s42,19890,5,1.4869567581563392,0.3079841419525764,0.4579591012813648,-2.323094923475192,-2.1372672092195435,0.1858277142556486,0.5858564610480693,0.625665645172074,0.03980918412400469,0.5861619185442846,0.6276149125956304,0.04145299405134584,0.10184961315280461
diabetes130,Diabetes 130,True,m30,gender,diabetes130|gender,logreg_l2,False,42,logreg_l2|s42,19890,2,1.0869278695304567,0.39490648135965345,0.4292348604480172,-2.1607770156023345,-2.13227739865636,0.02849961694597436,0.6091459109128784,0.6181680920923605,0.009022181179482058,0.6112647220559928,0.6186048003551214,0.007340078299128638,0.010954741050043015
diabetes130,Diabetes 130,True,m30,age_group,diabetes130|age_group,logreg_l2,False,42,logreg_l2|s42,19890,9,3.3859522145364878,0.2877283080549333,0.9742343018434382,-2.581818048026483,-2.0147696759600464,0.5670483720664365,0.5802693888432869,0.741875736261908,0.161606347418621,0.5810896446401869,0.7660932532755321,0.18500360863534526,0.2544166249099835
diabetes130,Diabetes 130,True,ev10,race,diabetes130|race,logreg_l2,False,42,logreg_l2|s42,19890,4,1.4237541721468616,0.3216560205690662,0.4579591012813648,-2.279985830371779,-2.1372672092195435,0.14271862115223533,0.5895571532925465,0.625665645172074,0.03610849187952747,0.5911164867085943,0.6276149125956304,0.03649842588703611,0.057716755513607554
diabetes130,Diabetes 130,True,ev10,gender,diabetes130|gender,logreg_l2,False,42,logreg_l2|s42,19890,2,1.0869278695304567,0.39490648135965345,0.4292348604480172,-2.1607770156023345,-2.13227739865636,0.02849961694597436,0.6091459109128784,0.6181680920923605,0.009022181179482058,0.6112647220559928,0.6186048003551214,0.007340078299128638,0.010954741050043015
diabetes130,Diabetes 130,True,ev10,age_group,diabetes130|age_group,logreg_l2,False,42,logreg_l2|s42,19890,9,3.3859522145364878,0.2877283080549333,0.9742343018434382,-2.581818048026483,-2.0147696759600464,0.5670483720664365,0.5802693888432869,0.741875736261908,0.161606347418621,0.5810896446401869,0.7660932532755321,0.18500360863534526,0.2544166249099835
diabetes130,Diabetes 130,True,m30,race,diabetes130|race,logreg_l2,False,43,logreg_l2|s43,19980,5,1.6933934866443328,0.24838704464803632,0.42061700357381976,-2.3326710018736834,-2.1311832146772773,0.20148778719640603,0.5695331508108538,0.6159080993102409,0.04637494849938717,0.568782014271326,0.6155108130462457,0.046728798774919644,0.10897350829291186
diabetes130,Diabetes 130,True,m30,gender,diabetes130|gender,logreg_l2,False,43,logreg_l2|s43,19980,2,1.0985016681503261,0.3955621675329482,0.43452570089210235,-2.1632016836264056,-2.120282164381293,0.042919519245112614,0.6093210980104624,0.619542062805577,0.010220964795114584,0.610427199719223,0.6188890729958523,0.008461873276629284,0.005126320171848886
diabetes130,Diabetes 130,True,m30,age_group,diabetes130|age_group,logreg_l2,False,43,logreg_l2|s43,19980,10,6.388246388109738,0.14761557331185193,0.9430046530381864,-2.8124240808769208,-1.997324194471432,0.8150998864054888,0.5415416268191477,0.7366971569459455,0.19515553012679776,0.5384544733792296,0.7393211026332519,0.20086662925402232,0.23879345468541657
diabetes130,Diabetes 130,True,ev10,race,diabetes130|race,logreg_l2,False,43,logreg_l2|s43,19980,4,1.0491988687538774,0.40089349702919735,0.42061700357381976,-2.1976944659318987,-2.1311832146772773,0.06651125125462132,0.6107537612528854,0.6159080993102409,0.005154338057355545,0.612762037766196,0.6155108130462457,0.0027487752800496867,0.10897350829291186
diabetes130,Diabetes 130,True,ev10,gender,diabetes130|gender,logreg_l2,False,43,logreg_l2|s43,19980,2,1.0985016681503261,0.3955621675329482,0.43452570089210235,-2.1632016836264056,-2.120282164381293,0.042919519245112614,0.6093210980104624,0.619542062805577,0.010220964795114584,0.610427199719223,0.6188890729958523,0.008461873276629284,0.005126320171848886
diabetes130,Diabetes 130,True,ev10,age_group,diabetes130|age_group,logreg_l2,False,43,logreg_l2|s43,19980,8,2.674636302139932,0.3525730404106547,0.9430046530381864,-2.3276855074717844,-1.997324194471432,0.33036131300035243,0.5978016254199517,0.7366971569459455,0.13889553152599377,0.5989832578948909,0.7393211026332519,0.14033784473836097,0.21274872349314766
diabetes130,Diabetes 130,True,m30,race,diabetes130|race,logreg_l2,False,44,logreg_l2|s44,19979,5,1.601372690173476,0.27125817645493616,0.43438543576119254,-2.298983771615871,-2.129278854220386,0.16970491739548477,0.5758165440389088,0.6195126181744192,0.043696074135510354,0.5750923799827967,0.6193618102856893,0.04426943030289254,0.22286471100863126
diabetes130,Diabetes 130,True,m30,gender,diabetes130|gender,logreg_l2,False,44,logreg_l2|s44,19979,2,1.0805921493834543,0.40810593320290744,0.4409960675358702,-2.1602741661750295,-2.1290580741345444,0.031216092040485144,0.6126355401337555,0.6212373704039921,0.008601830270236532,0.6143878890869102,0.6208423720412295,0.006454482954319274,0.006408410433156986
diabetes130,Diabetes 130,True,m30,age_group,diabetes130|age_group,logreg_l2,False,44,logreg_l2|s44,19979,10,5.358731391448707,0.1835117216578955,0.9833900235469623,-2.836614971362552,-2.0058389862115886,0.8307759851509635,0.5515765504125086,0.7435437490692716,0.19196719865676293,0.5503381802585422,0.768179479442044,0.2178412991835018,0.18179430535427465
diabetes130,Diabetes 130,True,ev10,race,diabetes130|race,logreg_l2,False,44,logreg_l2|s44,19979,4,1.291041543715056,0.3364612377315297,0.43438543576119254,-2.2970157265058258,-2.129278854220386,0.16773687228543954,0.5935689033040605,0.6195126181744192,0.025943714870358625,0.5957296543439998,0.6193618102856893,0.023632155941689437,0.22286471100863126
diabetes130,Diabetes 130,True,ev10,gender,diabetes130|gender,logreg_l2,False,44,logreg_l2|s44,19979,2,1.0805921493834543,0.40810593320290744,0.4409960675358702,-2.1602741661750295,-2.1290580741345444,0.031216092040485144,0.6126355401337555,0.6212373704039921,0.008601830270236532,0.6143878890869102,0.6208423720412295,0.006454482954319274,0.006408410433156986
diabetes130,Diabetes 130,True,ev10,age_group,diabetes130|age_group,logreg_l2,False,44,logreg_l2|s44,19979,8,3.149455830847695,0.3122412493977656,0.9833900235469623,-2.286261126123389,-2.0058389862115886,0.28042213991180054,0.586927630421882,0.7435437490692716,0.15661611864738956,0.588006333768042,0.768179479442044,0.180173145674002,0.18179430535427465
diabetes130,Diabetes 130,True,m30,race,diabetes130|race,logreg_l2,False,45,logreg_l2|s45,19604,5,1.1064828542260348,0.3979292954158449,0.44030194257187905,-2.2236863439171173,-2.1318275364007557,0.09185880751636155,0.6099846083843108,0.621074724724991,0.011090116340680245,0.6134022401086449,0.623003295968101,0.009601055859456142,0.20822515900947258
diabetes130,Diabetes 130,True,m30,gender,diabetes130|gender,logreg_l2,False,45,logreg_l2|s45,19604,2,1.1908028814264,0.38918504117284664,0.46344266843667786,-2.158837226313363,-2.1218362484615416,0.037000977851821215,0.6076273356266209,0.6270557382292143,0.019428402602593486,0.6087366479530553,0.6243752079140791,0.015638559961023812,0.022354916358643173
diabetes130,Diabetes 130,True,m30,age_group,diabetes130|age_group,logreg_l2,False,45,logreg_l2|s45,19604,10,6.24750179411979,0.18146262631852728,1.1336880834906882,-2.7667177680815733,-1.9659885638433787,0.8007292042381946,0.5510020246347378,0.7697030573510516,0.2187010327163138,0.5492101592347195,0.7890588564122312,0.23984869717751167,0.25877369835880015
diabetes130,Diabetes 130,True,ev10,race,diabetes130|race,logreg_l2,False,45,logreg_l2|s45,19604,5,1.1064828542260348,0.3979292954158449,0.44030194257187905,-2.2236863439171173,-2.1318275364007557,0.09185880751636155,0.6099846083843108,0.621074724724991,0.011090116340680245,0.6134022401086449,0.623003295968101,0.009601055859456142,0.20822515900947258
diabetes130,Diabetes 130,True,ev10,gender,diabetes130|gender,logreg_l2,False,45,logreg_l2|s45,19604,2,1.1908028814264,0.38918504117284664,0.46344266843667786,-2.158837226313363,-2.1218362484615416,0.037000977851821215,0.6076273356266209,0.6270557382292143,0.019428402602593486,0.6087366479530553,0.6243752079140791,0.015638559961023812,0.022354916358643173
diabetes130,Diabetes 130,True,ev10,age_group,diabetes130|age_group,logreg_l2,False,45,logreg_l2|s45,19604,9,3.311177780250827,0.3423821246483508,1.1336880834906882,-2.547544383433315,-1.9659885638433787,0.5815558195899364,0.5950920837249356,0.7697030573510516,0.174610973626116,0.595889704967586,0.7890588564122312,0.1931691514446452,0.2544713452898437
diabetes130,Diabetes 130,True,m30,race,diabetes130|race,logreg_l2,False,46,logreg_l2|s46,19729,5,1.452972709690221,0.2960827417064191,0.4302001435096855,-2.2454114266586727,-2.136322791559773,0.10908863509889954,0.5825944693792515,0.6184335469998937,0.0358390776206422,0.5836378990338049,0.6194973157452741,0.035859416711469194,0.3093675142804496
diabetes130,Diabetes 130,True,m30,gender,diabetes130|gender,logreg_l2,False,46,logreg_l2|s46,19729,2,1.0496645167927325,0.3938343603344237,0.41339395353680775,-2.1573668867186497,-2.1289868629410402,0.02838002377760951,0.6088597380883041,0.6140077943468507,0.0051480562585466405,0.6104516350911141,0.6124291885316364,0.001977553440522306,0.02559259773345257
diabetes130,Diabetes 130,True,m30,age_group,diabetes130|age_group,logreg_l2,False,46,logreg_l2|s46,19729,9,3.3414441320372252,0.2713514322102778,0.9067056508789296,-2.552309403175142,-2.0388266912233144,0.5134827119518275,0.5757898411622061,0.7294500067253217,0.15366016556311557,0.5765677577627524,0.7293152119424383,0.15274745417968594,0.38519832479836225
diabetes130,Diabetes 130,True,ev10,race,diabetes130|race,logreg_l2,False,46,logreg_l2|s46,19729,4,1.3046110577041488,0.3297535621587867,0.4302001435096855,-2.2118141438594794,-2.136322791559773,0.07549135229970627,0.5917265732323057,0.6184335469998937,0.026706973767588016,0.5930795630976191,0.6194973157452741,0.026417752647655002,0.11959606648502663
diabetes130,Diabetes 130,True,ev10,gender,diabetes130|gender,logreg_l2,False,46,logreg_l2|s46,19729,2,1.0496645167927325,0.3938343603344237,0.41339395353680775,-2.1573668867186497,-2.1289868629410402,0.02838002377760951,0.6088597380883041,0.6140077943468507,0.0051480562585466405,0.6104516350911141,0.6124291885316364,0.001977553440522306,0.02559259773345257
diabetes130,Diabetes 130,True,ev10,age_group,diabetes130|age_group,logreg_l2,False,46,logreg_l2|s46,19729,8,3.3414441320372252,0.2713514322102778,0.9067056508789296,-2.319458659444675,-2.0388266912233144,0.2806319682213605,0.5757898411622061,0.7294500067253217,0.15366016556311557,0.5765677577627524,0.7293152119424383,0.15274745417968594,0.2899454651086374
diabetes130,Diabetes 130,True,m30,race,diabetes130|race,logreg_l2,False,47,logreg_l2|s47,19920,5,1.445647770839968,0.29706900365719685,0.42945714292267695,-2.2636809723653304,-2.126547258457054,0.13713371390827644,0.5828619665252843,0.6182422740957628,0.0353803075704785,0.5837946155012391,0.6200404573824967,0.03624584188125757,0.16072051573758062
diabetes130,Diabetes 130,True,m30,gender,diabetes130|gender,logreg_l2,False,47,logreg_l2|s47,19920,2,1.1216625477796556,0.3940536782958501,0.44199525275926793,-2.1581749855873475,-2.117832545695148,0.04034243989219943,0.6089183507244028,0.6214882988827679,0.012569948158365096,0.6107003575280794,0.6216147990963387,0.01091444156825927,0.00221728223997375
diabetes130,Diabetes 130,True,m30,age_group,diabetes130|age_group,logreg_l2,False,47,logreg_l2|s47,19920,9,3.338858525406985,0.30309119134297724,1.0119786081912594,-2.5838126600652522,-2.022775399751615,0.5610372603136371,0.5845863237518966,0.7489232843998083,0.1643369606479117,0.5854095158022695,0.7720622030558664,0.18665268725359685,0.21313444738908527
diabetes130,Diabetes 130,True,ev10,race,diabetes130|race,logreg_l2,False,47,logreg_l2|s47,19920,4,1.3681226165565454,0.3139025243246004,0.42945714292267695,-2.2636809723653304,-2.126547258457054,0.13713371390827644,0.587448555657659,0.6182422740957628,0.030793718438103856,0.5876947848775977,0.6200404573824967,0.03234567250489895,0.14114590625711576
diabetes130,Diabetes 130,True,ev10,gender,diabetes130|gender,logreg_l2,False,47,logreg_l2|s47,19920,2,1.1216625477796556,0.3940536782958501,0.44199525275926793,-2.1581749855873475,-2.117832545695148,0.04034243989219943,0.6089183507244028,0.6214882988827679,0.012569948158365096,0.6107003575280794,0.6216147990963387,0.01091444156825927,0.00221728223997375
diabetes130,Diabetes 130,True,ev10,age_group,diabetes130|age_group,logreg_l2,False,47,logreg_l2|s47,19920,8,3.2689930461440113,0.3095689081948197,1.0119786081912594,-2.265463695439319,-2.022775399751615,0.2426882956877039,0.5862023179121443,0.7489232843998083,0.162720966487664,0.5882292306200219,0.7720622030558664,0.1838329724358445,0.21209102723845252
diabetes130,Diabetes 130,True,m30,race,diabetes130|race,random_forest,False,42,random_forest|s42,19890,5,1.1639443260930467,0.5774316120799704,0.6720982485872427,-2.417726976534342,-2.196694329765089,0.22103264676925294,0.6562918927746249,0.6787410859799383,0.022449193205313467,0.656504672683462,0.6791505729010656,0.0226459002176036,0.12285966519604363
diabetes130,Diabetes 130,True,m30,gender,diabetes130|gender,random_forest,False,42,random_forest|s42,19890,2,1.0237874787665664,0.6115978714803187,0.6261462428618341,-2.229057655747437,-2.1883474125947595,0.04071024315267735,0.6643363699881254,0.6677630260717133,0.0034266560835879423,0.6635714900520544,0.6651490348480396,0.001577544795985153,0.01469290935476053
diabetes130,Diabetes 130,True,m30,age_group,diabetes130|age_group,random_forest,False,42,random_forest|s42,19890,9,2.212591092553716,0.48895782403049187,1.0818637260843136,-2.790413727968057,-1.9420802943627122,0.8483334336053447,0.6335732242445099,0.7608239309451454,0.12725070670063554,0.6295277974832227,0.7763098211987101,0.14678202371548732,0.2376383533590557
diabetes130,Diabetes 130,True,ev10,race,diabetes130|race,random_forest,False,42,random_forest|s42,19890,4,1.112159423630204,0.6043182607700649,0.6720982485872427,-2.352230588183763,-2.196694329765089,0.15553625841867413,0.6625078415235209,0.6787410859799383,0.016233244456417384,0.6593960753289095,0.6791505729010656,0.019754497572156082,0.12285966519604363
diabetes130,Diabetes 130,True,ev10,gender,diabetes130|gender,random_forest,False,42,random_forest|s42,19890,2,1.0237874787665664,0.6115978714803187,0.6261462428618341,-2.229057655747437,-2.1883474125947595,0.04071024315267735,0.6643363699881254,0.6677630260717133,0.0034266560835879423,0.6635714900520544,0.6651490348480396,0.001577544795985153,0.01469290935476053
diabetes130,Diabetes 130,True,ev10,age_group,diabetes130|age_group,random_forest,False,42,random_forest|s42,19890,9,2.212591092553716,0.48895782403049187,1.0818637260843136,-2.790413727968057,-1.9420802943627122,0.8483334336053447,0.6335732242445099,0.7608239309451454,0.12725070670063554,0.6295277974832227,0.7763098211987101,0.14678202371548732,0.2376383533590557
diabetes130,Diabetes 130,True,m30,race,diabetes130|race,random_forest,False,43,random_forest|s43,19980,5,1.1619193797588228,0.566131433130617,0.6577990836450999,-2.4472182523234824,-2.1874802796752273,0.25973797264825516,0.6535265066961155,0.6753995344170082,0.021873027720892724,0.6486799900392833,0.6694821381242796,0.020802148084996253,0.09130943633937127
diabetes130,Diabetes 130,True,m30,gender,diabetes130|gender,random_forest,False,43,random_forest|s43,19980,2,1.0185379349640526,0.5986257378281823,0.6097230228238492,-2.2269005805911353,-2.1740463509825525,0.05285422960858277,0.6611789614170486,0.6637745844455102,0.0025956230284616133,0.6591452571719469,0.6614071041974092,0.0022618470254622824,0.007587766424572373
diabetes130,Diabetes 130,True,m30,age_group,diabetes130|age_group,random_forest,False,43,random_forest|s43,19980,10,2.105172284563756,0.4664313576696677,0.9819183668176289,-3.3457187912939346,-2.0371075412336235,1.308611250060311,0.6277434815078657,0.744355000809475,0.11661151930160929,0.6287373185434485,0.7587925474377282,0.13005522889427967,0.2173849708659834
diabetes130,Diabetes 130,True,ev10,race,diabetes130|race,random_forest,False,43,random_forest|s43,19980,4,1.1057525676960016,0.5948881357930926,0.6577990836450999,-2.26437925014617,-2.1874802796752273,0.07689897047094263,0.6601945667043612,0.6753995344170082,0.01520496771264701,0.657859855142832,0.6694821381242796,0.01162228298144763,0.09130943633937127
diabetes130,Diabetes 130,True,ev10,gender,diabetes130|gender,random_forest,False,43,random_forest|s43,19980,2,1.0185379349640526,0.5986257378281823,0.6097230228238492,-2.2269005805911353,-2.1740463509825525,0.05285422960858277,0.6611789614170486,0.6637745844455102,0.0025956230284616133,0.6591452571719469,0.6614071041974092,0.0022618470254622824,0.007587766424572373
diabetes130,Diabetes 130,True,ev10,age_group,diabetes130|age_group,random_forest,False,43,random_forest|s43,19980,8,2.105172284563756,0.4664313576696677,0.9819183668176289,-2.3671172057205325,-2.0371075412336235,0.33000966448690905,0.6277434815078657,0.744355000809475,0.11661151930160929,0.6287373185434485,0.7587925474377282,0.13005522889427967,0.19697680760067726
diabetes130,Diabetes 130,True,m30,race,diabetes130|race,random_forest,False,44,random_forest|s44,19979,5,1.1641523655716541,0.5688490656029044,0.6622269853748463,-2.419371111667359,-2.184742340229228,0.234628771438131,0.65416250424196,0.6765143817464472,0.022351877504487194,0.6494671347255838,0.6742376966834557,0.02477056195787186,0.20297693102468878
diabetes130,Diabetes 130,True,m30,gender,diabetes130|gender,random_forest,False,44,random_forest|s44,19979,2,1.0129886239101022,0.6106640151338265,0.6185957003618328,-2.2256911310242935,-2.178280236621382,0.04741089440291146,0.6641035150149488,0.6659260101522695,0.00182249513732069,0.6615083188410106,0.6618567837299765,0.00034846488896589367,0.004979231060017519
diabetes130,Diabetes 130,True,m30,age_group,diabetes130|age_group,random_forest,False,44,random_forest|s44,19979,10,2.500556123033375,0.4416440985466928,1.1043558548224879,-3.3210536174592615,-1.9394491805213234,1.381604436937938,0.6213685913039757,0.7646377957989057,0.14326920449492997,0.6194059433362122,0.7730076806191907,0.15360173728297843,0.18449900604021707
diabetes130,Diabetes 130,True,ev10,race,diabetes130|race,random_forest,False,44,random_forest|s44,19979,4,1.0938400845447926,0.6054148085553434,0.6622269853748463,-2.3925294966429016,-2.184742340229228,0.20778715641367373,0.6627511789152828,0.6765143817464472,0.01376320283116439,0.6591787617367895,0.6742376966834557,0.015058934946666214,0.20297693102468878
diabetes130,Diabetes 130,True,ev10,gender,diabetes130|gender,random_forest,False,44,random_forest|s44,19979,2,1.0129886239101022,0.6106640151338265,0.6185957003618328,-2.2256911310242935,-2.178280236621382,0.04741089440291146,0.6641035150149488,0.6659260101522695,0.00182249513732069,0.6615083188410106,0.6618567837299765,0.00034846488896589367,0.004979231060017519
diabetes130,Diabetes 130,True,ev10,age_group,diabetes130|age_group,random_forest,False,44,random_forest|s44,19979,8,2.500556123033375,0.4416440985466928,1.1043558548224879,-2.401951566460144,-1.9394491805213234,0.46250238593882065,0.6213685913039757,0.7646377957989057,0.14326920449492997,0.6194059433362122,0.7730076806191907,0.15360173728297843,0.15085043062720083
diabetes130,Diabetes 130,True,m30,race,diabetes130|race,random_forest,False,45,random_forest|s45,19604,5,1.1176067237161798,0.5931143781464354,0.662868616949197,-2.300773729029137,-2.1868701162549935,0.11390361277414351,0.6597604231069493,0.6766067120465394,0.01684628893959017,0.6577675793226951,0.6791249833567687,0.0213574040340736,0.10049428054656162
diabetes130,Diabetes 130,True,m30,gender,diabetes130|gender,random_forest,False,45,random_forest|s45,19604,2,1.0664119391980034,0.5861148030147434,0.6250398236756083,-2.214215242126608,-2.180017468525455,0.034197773601152726,0.65809602057518,0.6674798892748323,0.009383868699652242,0.6562308076112662,0.6656589368501546,0.009428129238888472,0.030827811192731147
diabetes130,Diabetes 130,True,m30,age_group,diabetes130|age_group,random_forest,False,45,random_forest|s45,19604,10,2.1524832233857762,0.4821187576023384,1.0377525374186272,-3.1764572665641357,-2.0121683448136776,1.1642889217504582,0.6317472355815703,0.7535206458109297,0.12177341022935939,0.6300047297009492,0.7691949794914388,0.13919024979048955,0.3108994765138654
diabetes130,Diabetes 130,True,ev10,race,diabetes130|race,random_forest,False,45,random_forest|s45,19604,5,1.1176067237161798,0.5931143781464354,0.662868616949197,-2.300773729029137,-2.1868701162549935,0.11390361277414351,0.6597604231069493,0.6766067120465394,0.01684628893959017,0.6577675793226951,0.6791249833567687,0.0213574040340736,0.10049428054656162
diabetes130,Diabetes 130,True,ev10,gender,diabetes130|gender,random_forest,False,45,random_forest|s45,19604,2,1.0664119391980034,0.5861148030147434,0.6250398236756083,-2.214215242126608,-2.180017468525455,0.034197773601152726,0.65809602057518,0.6674798892748323,0.009383868699652242,0.6562308076112662,0.6656589368501546,0.009428129238888472,0.030827811192731147
diabetes130,Diabetes 130,True,ev10,age_group,diabetes130|age_group,random_forest,False,45,random_forest|s45,19604,9,2.1524832233857762,0.4821187576023384,1.0377525374186272,-2.7246302738590695,-2.0121683448136776,0.712461929045392,0.6317472355815703,0.7535206458109297,0.12177341022935939,0.6300047297009492,0.7691949794914388,0.13919024979048955,0.2736578766994723
diabetes130,Diabetes 130,True,m30,race,diabetes130|race,random_forest,False,46,random_forest|s46,19729,5,1.162218332822825,0.5689812162145083,0.6612804005163292,-2.3598833273817807,-2.2002013310015203,0.15968199638026048,0.6541052433233493,0.6763027083881212,0.022197465064771937,0.6423646130122914,0.6729416912931706,0.03057707828087919,0.09085658095936744
diabetes130,Diabetes 130,True,m30,gender,diabetes130|gender,random_forest,False,46,random_forest|s46,19729,2,1.0154895305417255,0.5930893732435354,0.602276049204364,-2.2251271407125377,-2.1941025765699114,0.031024564142626332,0.6597674937516662,0.6620650473469996,0.002297553595333346,0.6569729582378735,0.660602079715738,0.0036291214778645386,0.007305291654579715
diabetes130,Diabetes 130,True,m30,age_group,diabetes130|age_group,random_forest,False,46,random_forest|s46,19729,9,2.1386698254976793,0.46127699068739497,0.9865191811795057,-2.735218729736395,-2.078884754253595,0.6563339754827999,0.626455325998214,0.7447543867507727,0.1182990607525587,0.6235295827264858,0.7491983683939318,0.125668785667446,0.2849761728961805
diabetes130,Diabetes 130,True,ev10,race,diabetes130|race,random_forest,False,46,random_forest|s46,19729,4,1.155800980625505,0.5721403698398426,0.6612804005163292,-2.2689093682388877,-2.2002013310015203,0.0687080372373674,0.6547452914138628,0.6763027083881212,0.021557416974258392,0.64976201214104,0.6729416912931706,0.023179679152130594,0.037136653850680434
diabetes130,Diabetes 130,True,ev10,gender,diabetes130|gender,random_forest,False,46,random_forest|s46,19729,2,1.0154895305417255,0.5930893732435354,0.602276049204364,-2.2251271407125377,-2.1941025765699114,0.031024564142626332,0.6597674937516662,0.6620650473469996,0.002297553595333346,0.6569729582378735,0.660602079715738,0.0036291214778645386,0.007305291654579715
diabetes130,Diabetes 130,True,ev10,age_group,diabetes130|age_group,random_forest,False,46,random_forest|s46,19729,8,2.1386698254976793,0.46127699068739497,0.9865191811795057,-2.381177666684143,-2.078884754253595,0.302292912430548,0.626455325998214,0.7447543867507727,0.1182990607525587,0.6235295827264858,0.7491983683939318,0.125668785667446,0.2044600814894606
diabetes130,Diabetes 130,True,m30,race,diabetes130|race,random_forest,False,47,random_forest|s47,19920,5,1.1268148687573851,0.5796642389751053,0.6531742833640828,-2.352918591029727,-2.186055622113104,0.166862968916623,0.6567415562568228,0.6742844748590696,0.01754291860224677,0.6494366856411106,0.6710048150778531,0.021568129436742578,0.08231910119447139
diabetes130,Diabetes 130,True,m30,gender,diabetes130|gender,random_forest,False,47,random_forest|s47,19920,2,1.0186288336218532,0.6084943336504105,0.6198298733518244,-2.2183217018735224,-2.1800621695641174,0.03825953230940504,0.6635631351152367,0.6662269717917949,0.002663836676558229,0.6593677110403946,0.6630400637570721,0.0036723527166775405,0.008226915850002015
diabetes130,Diabetes 130,True,m30,age_group,diabetes130|age_group,random_forest,False,47,random_forest|s47,19920,9,2.234629948110625,0.48555820866249993,1.0850429146281704,-2.8365689630051336,-2.018123092128733,0.8184458708764004,0.6327272675966602,0.7618545488551641,0.12912728125850392,0.6320698192903877,0.7770393570444294,0.14496953775404164,0.2262539261876716
diabetes130,Diabetes 130,True,ev10,race,diabetes130|race,random_forest,False,47,random_forest|s47,19920,4,1.093902368707262,0.5971047344343744,0.6531742833640828,-2.341628921981756,-2.186055622113104,0.1555732998686521,0.6610140683722993,0.6742844748590696,0.013270406486770359,0.6540348220511036,0.6710048150778531,0.016969993026749508,0.08231910119447139
diabetes130,Diabetes 130,True,ev10,gender,diabetes130|gender,random_forest,False,47,random_forest|s47,19920,2,1.0186288336218532,0.6084943336504105,0.6198298733518244,-2.2183217018735224,-2.1800621695641174,0.03825953230940504,0.6635631351152367,0.6662269717917949,0.002663836676558229,0.6593677110403946,0.6630400637570721,0.0036723527166775405,0.008226915850002015
diabetes130,Diabetes 130,True,ev10,age_group,diabetes130|age_group,random_forest,False,47,random_forest|s47,19920,8,2.234629948110625,0.48555820866249993,1.0850429146281704,-2.3622584735396055,-2.018123092128733,0.3441353814108723,0.6327272675966602,0.7618545488551641,0.12912728125850392,0.6320698192903877,0.7770393570444294,0.14496953775404164,0.21298785558238953
diabetes130,Diabetes 130,True,m30,race,diabetes130|race,hgb_deep,False,42,hgb_deep|s42,19890,5,1.185089679236588,0.622225412356749,0.7373929143427134,-2.5109533908681514,-2.2600230978201683,0.2509302930479831,0.667451258166844,0.6938753436631617,0.026424085496317695,0.668254292952175,0.6970309507871876,0.028776657835012598,0.16844126618062782
diabetes130,Diabetes 130,True,m30,gender,diabetes130|gender,hgb_deep,False,42,hgb_deep|s42,19890,2,1.0318890144879376,0.6833670884084225,0.7051589913912584,-2.2843732563767296,-2.251740446719621,0.032632809657108464,0.6815349402920015,0.6864997198004383,0.004964779508436878,0.6812680208350813,0.683658045554125,0.002390024719043704,0.009216176175411372
diabetes130,Diabetes 130,True,m30,age_group,diabetes130|age_group,hgb_deep,False,42,hgb_deep|s42,19890,9,2.449685131549831,0.5650501677034754,1.3841949944029424,-3.252375568428152,-2.042620834689969,1.2097547337381829,0.6528028022462098,0.807404770224138,0.15460196797792825,0.6465395418658219,0.8345447107691792,0.1880051689033574,0.20341291801071293
diabetes130,Diabetes 130,True,ev10,race,diabetes130|race,hgb_deep,False,42,hgb_deep|s42,19890,4,1.078561237724679,0.6836820094687526,0.7373929143427134,-2.4378148255144154,-2.2600230978201683,0.17779172769424711,0.6815462681047909,0.6938753436631617,0.012329075558370817,0.6770434445394833,0.6970309507871876,0.01998750624770429,0.05955004417799281
diabetes130,Diabetes 130,True,ev10,gender,diabetes130|gender,hgb_deep,False,42,hgb_deep|s42,19890,2,1.0318890144879376,0.6833670884084225,0.7051589913912584,-2.2843732563767296,-2.251740446719621,0.032632809657108464,0.6815349402920015,0.6864997198004383,0.004964779508436878,0.6812680208350813,0.683658045554125,0.002390024719043704,0.009216176175411372
diabetes130,Diabetes 130,True,ev10,age_group,diabetes130|age_group,hgb_deep,False,42,hgb_deep|s42,19890,9,2.449685131549831,0.5650501677034754,1.3841949944029424,-3.252375568428152,-2.042620834689969,1.2097547337381829,0.6528028022462098,0.807404770224138,0.15460196797792825,0.6465395418658219,0.8345447107691792,0.1880051689033574,0.20341291801071293
diabetes130,Diabetes 130,True,m30,race,diabetes130|race,hgb_deep,False,43,hgb_deep|s43,19980,5,1.1135544472521641,0.65370693912862,0.7279382692662746,-2.5157464965820737,-2.2656393763841325,0.25010712019794124,0.6750582642256129,0.6919528448661281,0.01689458064051519,0.6664992188683472,0.6868560660468619,0.020356847178514714,0.12954977244259647
diabetes130,Diabetes 130,True,m30,gender,diabetes130|gender,hgb_deep,False,43,hgb_deep|s43,19980,2,1.005778168666727,0.6946030810604725,0.6986166148192683,-2.30413382019959,-2.240737211468879,0.06339660873071074,0.6840331043191334,0.6851318567416607,0.001098752422527216,0.6784057330339807,0.678702358291324,0.00029662525734330814,0.003707987403571922
diabetes130,Diabetes 130,True,m30,age_group,diabetes130|age_group,hgb_deep,False,43,hgb_deep|s43,19980,10,1.9993308996103427,0.5775722370947121,1.1547580203805288,-4.7175906752869095,-2.1451022301095812,2.572488445177328,0.6558781616830188,0.7770507604757364,0.12117259879271758,0.6490807681203599,0.7969964271563643,0.14791565903600445,0.16074790419224472
diabetes130,Diabetes 130,True,ev10,race,diabetes130|race,hgb_deep,False,43,hgb_deep|s43,19980,4,1.0545133726867542,0.6903072906620317,0.7279382692662746,-2.340733431678963,-2.2656393763841325,0.07509405529483049,0.683102813160403,0.6919528448661281,0.00885003170572507,0.6765885448549701,0.6868560660468619,0.010267521191891782,0.08634688662300694
diabetes130,Diabetes 130,True,ev10,gender,diabetes130|gender,hgb_deep,False,43,hgb_deep|s43,19980,2,1.005778168666727,0.6946030810604725,0.6986166148192683,-2.30413382019959,-2.240737211468879,0.06339660873071074,0.6840331043191334,0.6851318567416607,0.001098752422527216,0.6784057330339807,0.678702358291324,0.00029662525734330814,0.003707987403571922
diabetes130,Diabetes 130,True,ev10,age_group,diabetes130|age_group,hgb_deep,False,43,hgb_deep|s43,19980,8,1.9993308996103427,0.5775722370947121,1.1547580203805288,-2.5214847184928697,-2.1451022301095812,0.37638248838328847,0.6558781616830188,0.7770507604757364,0.12117259879271758,0.6490807681203599,0.7969964271563643,0.14791565903600445,0.15015866637325337
diabetes130,Diabetes 130,True,m30,race,diabetes130|race,hgb_deep,False,44,hgb_deep|s44,19979,5,1.1751621535694725,0.6737895690087856,0.7918120009690112,-2.500833726327752,-2.268808178827752,0.2320255474999997,0.6796598527637405,0.7063221594179915,0.026662306654250956,0.6716736425968315,0.6973692318446393,0.025695589247807793,0.23187404962214136
diabetes130,Diabetes 130,True,m30,gender,diabetes130|gender,hgb_deep,False,44,hgb_deep|s44,19979,2,1.031656736484299,0.7169863493450028,0.7396837972690572,-2.2937913947182365,-2.2651062916777605,0.028685103040476,0.6893328326794655,0.694404579075836,0.005071746396370425,0.6830907158734263,0.6842223996867516,0.0011316838133252904,0.009256603639634431
diabetes130,Diabetes 130,True,m30,age_group,diabetes130|age_group,hgb_deep,False,44,hgb_deep|s44,19979,10,2.474196712717484,0.5832626256770453,1.4431064711011141,-5.0305096423063915,-2.120893325667658,2.9096163166387337,0.657292146868837,0.815657817592111,0.158365670723274,0.6495083610626067,0.8319368638896535,0.1824285028270468,0.17618450257240936
diabetes130,Diabetes 130,True,ev10,race,diabetes130|race,hgb_deep,False,44,hgb_deep|s44,19979,4,1.098965579945032,0.7205066431731338,0.7918120009690112,-2.500833726327752,-2.268808178827752,0.2320255474999997,0.6901149363252144,0.7063221594179915,0.016207223092777112,0.6827218850905029,0.6973692318446393,0.01464734675413637,0.21303810841777898
diabetes130,Diabetes 130,True,ev10,gender,diabetes130|gender,hgb_deep,False,44,hgb_deep|s44,19979,2,1.031656736484299,0.7169863493450028,0.7396837972690572,-2.2937913947182365,-2.2651062916777605,0.028685103040476,0.6893328326794655,0.694404579075836,0.005071746396370425,0.6830907158734263,0.6842223996867516,0.0011316838133252904,0.009256603639634431
diabetes130,Diabetes 130,True,ev10,age_group,diabetes130|age_group,hgb_deep,False,44,hgb_deep|s44,19979,8,2.474196712717484,0.5832626256770453,1.4431064711011141,-2.525203823327703,-2.120893325667658,0.40431049766004534,0.657292146868837,0.815657817592111,0.158365670723274,0.6495083610626067,0.8319368638896535,0.1824285028270468,0.12511884393481143
diabetes130,Diabetes 130,True,m30,race,diabetes130|race,hgb_deep,False,45,hgb_deep|s45,19604,5,1.0890936089557801,0.6888628688549078,0.7502361479168237,-2.3677090039059743,-2.2577955618521877,0.10991344205378661,0.6827466364113994,0.6969387829330802,0.01419214652168077,0.6767554178057198,0.6954099489685452,0.01865453116282545,0.1902018243194714
diabetes130,Diabetes 130,True,m30,gender,diabetes130|gender,hgb_deep,False,45,hgb_deep|s45,19604,2,1.0308584906432663,0.6873769301166798,0.7085883446830825,-2.288343665969253,-2.2448265555354565,0.04351711043379636,0.6824801212913439,0.6872688194076324,0.004788698116288459,0.6758484127713673,0.683146169944516,0.007297757173148733,0.013203929737165443
diabetes130,Diabetes 130,True,m30,age_group,diabetes130|age_group,hgb_deep,False,45,hgb_deep|s45,19604,10,2.308433996755502,0.5710357738854205,1.3181983938006923,-4.330149809120745,-2.1101935712883497,2.2199562378323954,0.6542698595702899,0.7989241487722369,0.144654289201947,0.6410567304426167,0.825360231941697,0.18430350149908037,0.24098181730461277
diabetes130,Diabetes 130,True,ev10,race,diabetes130|race,hgb_deep,False,45,hgb_deep|s45,19604,5,1.0890936089557801,0.6888628688549078,0.7502361479168237,-2.3677090039059743,-2.2577955618521877,0.10991344205378661,0.6827466364113994,0.6969387829330802,0.01419214652168077,0.6767554178057198,0.6954099489685452,0.01865453116282545,0.1902018243194714
diabetes130,Diabetes 130,True,ev10,gender,diabetes130|gender,hgb_deep,False,45,hgb_deep|s45,19604,2,1.0308584906432663,0.6873769301166798,0.7085883446830825,-2.288343665969253,-2.2448265555354565,0.04351711043379636,0.6824801212913439,0.6872688194076324,0.004788698116288459,0.6758484127713673,0.683146169944516,0.007297757173148733,0.013203929737165443
diabetes130,Diabetes 130,True,ev10,age_group,diabetes130|age_group,hgb_deep,False,45,hgb_deep|s45,19604,9,2.308433996755502,0.5710357738854205,1.3181983938006923,-3.0879940162196418,-2.1101935712883497,0.977800444931292,0.6542698595702899,0.7989241487722369,0.144654289201947,0.6410567304426167,0.825360231941697,0.18430350149908037,0.24098181730461277
diabetes130,Diabetes 130,True,m30,race,diabetes130|race,hgb_deep,False,46,hgb_deep|s46,19729,5,1.0891785696186733,0.6722378277127901,0.7321870356317809,-2.4633250078368287,-2.2780475519904035,0.1852774558464252,0.679352954039797,0.6929905478923201,0.013637593852523056,0.6716624251640732,0.6922767972288466,0.020614372064773456,0.19764219028315222
diabetes130,Diabetes 130,True,m30,gender,diabetes130|gender,hgb_deep,False,46,hgb_deep|s46,19729,2,1.0138864381895587,0.6837682664301395,0.6932633721979035,-2.2962929309267683,-2.273572786225048,0.022720144701720457,0.6816010423881304,0.6838697930773181,0.0022687506891877485,0.6764674349635441,0.6807180306465488,0.0042505956830046765,0.0029991593493912116
diabetes130,Diabetes 130,True,m30,age_group,diabetes130|age_group,hgb_deep,False,46,hgb_deep|s46,19729,9,2.1262094494854553,0.555732902996237,1.1816045497405832,-3.2297621037926625,-2.1642777848756585,1.065484318917004,0.6505111165542483,0.779928038098338,0.12941692154408968,0.6430998388297571,0.7963238077320116,0.15322396890225454,0.18504001587576768
diabetes130,Diabetes 130,True,ev10,race,diabetes130|race,hgb_deep,False,46,hgb_deep|s46,19729,4,1.0854706899572013,0.6745341374999726,0.7321870356317809,-2.3787152514790293,-2.2780475519904035,0.10066769948862575,0.6794522182451092,0.6929905478923201,0.013538329647210912,0.6742000611948955,0.6922767972288466,0.018076736033951102,0.10160698607801344
diabetes130,Diabetes 130,True,ev10,gender,diabetes130|gender,hgb_deep,False,46,hgb_deep|s46,19729,2,1.0138864381895587,0.6837682664301395,0.6932633721979035,-2.2962929309267683,-2.273572786225048,0.022720144701720457,0.6816010423881304,0.6838697930773181,0.0022687506891877485,0.6764674349635441,0.6807180306465488,0.0042505956830046765,0.0029991593493912116
diabetes130,Diabetes 130,True,ev10,age_group,diabetes130|age_group,hgb_deep,False,46,hgb_deep|s46,19729,8,2.1262094494854553,0.555732902996237,1.1816045497405832,-2.483500200932016,-2.1642777848756585,0.3192224160563577,0.6505111165542483,0.779928038098338,0.12941692154408968,0.6430998388297571,0.7963238077320116,0.15322396890225454,0.18504001587576768
diabetes130,Diabetes 130,True,m30,race,diabetes130|race,hgb_deep,False,47,hgb_deep|s47,19920,5,1.114405248637288,0.6889009942486048,0.7677148837820913,-2.458078788425028,-2.259565996741885,0.19851279168314306,0.6832632749973999,0.7009217483153429,0.017658473317943013,0.6707378972234302,0.6971285426103369,0.026390645386906608,0.061428016934099494
diabetes130,Diabetes 130,True,m30,gender,diabetes130|gender,hgb_deep,False,47,hgb_deep|s47,19920,2,1.0151826064592364,0.7021971355858179,0.7128583183522205,-2.2967263450168853,-2.246022617242208,0.050703727774677354,0.6859400147685409,0.68825144262653,0.0023114278579891012,0.6787764734468685,0.6818606184530294,0.003084145006160832,0.0035133404519512856
diabetes130,Diabetes 130,True,m30,age_group,diabetes130|age_group,hgb_deep,False,47,hgb_deep|s47,19920,9,2.50222816181616,0.5662591954169056,1.4169097056595417,-3.417337531667308,-2.0819941781274647,1.3353433535398431,0.6531188678211612,0.8119996283348836,0.15888076051372235,0.6488030169728686,0.8356393524775656,0.18683633550469703,0.23777728700431877
diabetes130,Diabetes 130,True,ev10,race,diabetes130|race,hgb_deep,False,47,hgb_deep|s47,19920,4,1.114405248637288,0.6889009942486048,0.7677148837820913,-2.458078788425028,-2.259565996741885,0.19851279168314306,0.6832632749973999,0.7009217483153429,0.017658473317943013,0.6723733987284559,0.6971285426103369,0.024755143881880937,0.02314945668370816
diabetes130,Diabetes 130,True,ev10,gender,diabetes130|gender,hgb_deep,False,47,hgb_deep|s47,19920,2,1.0151826064592364,0.7021971355858179,0.7128583183522205,-2.2967263450168853,-2.246022617242208,0.050703727774677354,0.6859400147685409,0.68825144262653,0.0023114278579891012,0.6787764734468685,0.6818606184530294,0.003084145006160832,0.0035133404519512856
diabetes130,Diabetes 130,True,ev10,age_group,diabetes130|age_group,hgb_deep,False,47,hgb_deep|s47,19920,8,2.50222816181616,0.5662591954169056,1.4169097056595417,-2.4705018845674873,-2.0819941781274647,0.38850770644002264,0.6531188678211612,0.8119996283348836,0.15888076051372235,0.6488030169728686,0.8356393524775656,0.18683633550469703,0.20482223645214537
brfss2024,BRFSS 2024,True,m30,age_group,brfss2024|age_group,published,False,,published,8978,5,1.2846866285651966,0.8331377612329777,1.0703209416087498,-3.952906699260585,-1.1274909658695773,2.825415733391008,0.7103519445365928,0.767156364154485,0.05680441961789218,0.7147714577715724,0.8045606916933656,0.08978923392179328,0.06838591095467761
brfss2024,BRFSS 2024,True,m30,sex,brfss2024|sex,published,False,,published,8978,2,1.1130054617947456,1.0430292324062809,1.1608972324797717,-1.9896440942432392,-1.3049153260786677,0.6847287681645715,0.7504830745307591,0.7742972133127185,0.02381413878195937,0.7406388801426842,0.7629165157059083,0.022277635563224152,0.013565099277883408
brfss2024,BRFSS 2024,True,m30,race,brfss2024|race,published,False,,published,8978,8,1.334656893362393,1.054069908715807,1.4068216697534202,-2.360702450870386,-1.2343845679509853,1.126317882919401,0.7520433438094118,0.8104400723289366,0.05839672851952471,0.7449110581192678,0.8046671690927905,0.059756110973522625,0.22373194766285132
brfss2024,BRFSS 2024,True,m30,income,brfss2024|income,published,False,,published,8978,7,1.0626965192521916,1.0938004652670696,1.1623779471957425,-2.158728187780984,-1.266006644264337,0.8927215435166471,0.7603340517914083,0.7754683931203699,0.01513434132896152,0.7430404976661795,0.7697891266176409,0.02674862895146135,0.04617875962570894
brfss2024,BRFSS 2024,True,m30,health_plan,brfss2024|health_plan,published,False,,published,8978,2,1.0289989608655234,1.1499481003914724,1.1832954003521077,-2.3095277471831888,-1.6307956855486818,0.678732061634507,0.7701652262167029,0.7801749414959795,0.010009715279276632,0.7585034745785852,0.7756441267026828,0.017140652124097544,0.010874280680572168
brfss2024,BRFSS 2024,True,ev10,age_group,brfss2024|age_group,published,False,,published,8978,4,1.2846866285651966,0.8331377612329777,1.0703209416087498,-3.315377933241682,-1.1274909658695773,2.187886967372105,0.7103519445365928,0.767156364154485,0.05680441961789218,0.7147714577715724,0.7935788413609514,0.078807383589379,0.06838591095467761
brfss2024,BRFSS 2024,True,ev10,sex,brfss2024|sex,published,False,,published,8978,2,1.1130054617947456,1.0430292324062809,1.1608972324797717,-1.9896440942432392,-1.3049153260786677,0.6847287681645715,0.7504830745307591,0.7742972133127185,0.02381413878195937,0.7406388801426842,0.7629165157059083,0.022277635563224152,0.013565099277883408
brfss2024,BRFSS 2024,True,ev10,race,brfss2024|race,published,False,,published,8978,8,1.334656893362393,1.054069908715807,1.4068216697534202,-2.360702450870386,-1.2343845679509853,1.126317882919401,0.7520433438094118,0.8104400723289366,0.05839672851952471,0.7449110581192678,0.8046671690927905,0.059756110973522625,0.22373194766285132
brfss2024,BRFSS 2024,True,ev10,income,brfss2024|income,published,False,,published,8978,7,1.0626965192521916,1.0938004652670696,1.1623779471957425,-2.158728187780984,-1.266006644264337,0.8927215435166471,0.7603340517914083,0.7754683931203699,0.01513434132896152,0.7430404976661795,0.7697891266176409,0.02674862895146135,0.04617875962570894
brfss2024,BRFSS 2024,True,ev10,health_plan,brfss2024|health_plan,published,False,,published,8978,2,1.0289989608655234,1.1499481003914724,1.1832954003521077,-2.3095277471831888,-1.6307956855486818,0.678732061634507,0.7701652262167029,0.7801749414959795,0.010009715279276632,0.7585034745785852,0.7756441267026828,0.017140652124097544,0.010874280680572168
brfss2024,BRFSS 2024,True,m30,age_group,brfss2024|age_group,xgb_published,True,42,xgb_published|s42,8978,6,1.592254434552991,0.8417168806972666,1.3402274359283335,-4.123462045723235,-1.121985856868552,3.0014761888546833,0.7120619545207261,0.8168611274181528,0.10479917289742668,0.7174042274915253,0.8888072798279409,0.17140305233641562,0.09486930440979735
brfss2024,BRFSS 2024,True,m30,sex,brfss2024|sex,xgb_published,True,42,xgb_published|s42,8978,2,1.0657774696050641,1.1129711646377858,1.1861795915910607,-2.017961923206584,-1.3339750950175178,0.6839868281890664,0.7624364188036921,0.7785270391477701,0.016090620344078044,0.7480860888870525,0.7677508308527179,0.019664741965665367,0.03830154267572139
brfss2024,BRFSS 2024,True,m30,race,brfss2024|race,xgb_published,True,42,xgb_published|s42,8978,8,1.4796847634497992,0.9200076204849946,1.361321258289352,-2.2959701751214463,-1.2989352230252482,0.9970349520961981,0.7301831280083401,0.806409915091167,0.07622678708282693,0.7235103479906396,0.8024256922858031,0.07891534429516345,0.2801997245179064
brfss2024,BRFSS 2024,True,m30,income,brfss2024|income,xgb_published,True,42,xgb_published|s42,8978,7,1.1095308290560357,1.1066975795897829,1.22791508299656,-2.311632351117508,-1.3099659854691097,1.0016663656483982,0.7612770920277069,0.7871977148130376,0.025920622785330694,0.7440117321612884,0.7785415587221507,0.03452982656086234,0.07790278746492929
brfss2024,BRFSS 2024,True,m30,health_plan,brfss2024|health_plan,xgb_published,True,42,xgb_published|s42,8978,2,1.0122781883340022,1.1818668771945156,1.1963780612984287,-2.2423851896776763,-1.6572782114802338,0.5851069781974425,0.7776497666031769,0.7794569500912581,0.0018071834880812876,0.7650571858861343,0.7760310704933271,0.010973884607192841,0.0066816090063405165
brfss2024,BRFSS 2024,True,ev10,age_group,brfss2024|age_group,xgb_published,True,42,xgb_published|s42,8978,4,1.181785001786043,0.8417168806972666,0.9947283853581618,-3.4952624600095996,-1.121985856868552,2.373276603141048,0.7120619545207261,0.7533322116736779,0.04127025715295185,0.7174042274915253,0.78320128982261,0.06579706233108462,0.05212546242093141
brfss2024,BRFSS 2024,True,ev10,sex,brfss2024|sex,xgb_published,True,42,xgb_published|s42,8978,2,1.0657774696050641,1.1129711646377858,1.1861795915910607,-2.017961923206584,-1.3339750950175178,0.6839868281890664,0.7624364188036921,0.7785270391477701,0.016090620344078044,0.7480860888870525,0.7677508308527179,0.019664741965665367,0.03830154267572139
brfss2024,BRFSS 2024,True,ev10,race,brfss2024|race,xgb_published,True,42,xgb_published|s42,8978,8,1.4796847634497992,0.9200076204849946,1.361321258289352,-2.2959701751214463,-1.2989352230252482,0.9970349520961981,0.7301831280083401,0.806409915091167,0.07622678708282693,0.7235103479906396,0.8024256922858031,0.07891534429516345,0.2801997245179064
brfss2024,BRFSS 2024,True,ev10,income,brfss2024|income,xgb_published,True,42,xgb_published|s42,8978,7,1.1095308290560357,1.1066975795897829,1.22791508299656,-2.311632351117508,-1.3099659854691097,1.0016663656483982,0.7612770920277069,0.7871977148130376,0.025920622785330694,0.7440117321612884,0.7785415587221507,0.03452982656086234,0.07790278746492929
brfss2024,BRFSS 2024,True,ev10,health_plan,brfss2024|health_plan,xgb_published,True,42,xgb_published|s42,8978,2,1.0122781883340022,1.1818668771945156,1.1963780612984287,-2.2423851896776763,-1.6572782114802338,0.5851069781974425,0.7776497666031769,0.7794569500912581,0.0018071834880812876,0.7650571858861343,0.7760310704933271,0.010973884607192841,0.0066816090063405165
brfss2024,BRFSS 2024,True,m30,age_group,brfss2024|age_group,xgb_published,True,43,xgb_published|s43,8978,6,1.563514571285901,0.848405433732432,1.3264942579987924,-4.053431637427218,-1.1267747813674456,2.9266568560597728,0.7134186231882895,0.8112089256908186,0.09779030250252907,0.7180282568773555,0.87289067130826,0.15486241443090454,0.18517019586617378
brfss2024,BRFSS 2024,True,m30,sex,brfss2024|sex,xgb_published,True,43,xgb_published|s43,8978,2,1.06880996592273,1.1008627944522706,1.1766131258241326,-2.0437789784103915,-1.3087574330289264,0.735021545381465,0.7603065686712143,0.77719323642561,0.016886667754395734,0.7460081889742115,0.7673262320708508,0.021318043096639316,0.013024366311534363
brfss2024,BRFSS 2024,True,m30,race,brfss2024|race,xgb_published,True,43,xgb_published|s43,8978,8,1.1867378473934997,1.1174155955926932,1.3260793785575982,-2.373865080151683,-1.5593928060344184,0.8144722741172645,0.7644410028261261,0.7990702424720135,0.03462923964588738,0.7526305781425922,0.7985159218533874,0.04588534371079522,0.1079642212092542
brfss2024,BRFSS 2024,True,m30,income,brfss2024|income,xgb_published,True,43,xgb_published|s43,8978,7,1.123567753948696,1.1278019091637612,1.2671618579781783,-2.311997775625428,-1.3347596751425161,0.977238100482912,0.7648602955488668,0.7931366110479596,0.02827631549909282,0.7499965799049448,0.782978842359987,0.03298226245504221,0.10461101374334059
brfss2024,BRFSS 2024,True,m30,health_plan,brfss2024|health_plan,xgb_published,True,43,xgb_published|s43,8978,2,1.0102288704996694,1.1923270846690643,1.2045232440113924,-2.28583759877329,-1.6563166771659648,0.6295209216073252,0.7770163182431591,0.7833665407551176,0.006350222511958492,0.7649935592629948,0.7825986381837302,0.017605078920735373,0.038575318275810955
brfss2024,BRFSS 2024,True,ev10,age_group,brfss2024|age_group,xgb_published,True,43,xgb_published|s43,8978,4,1.247486285422403,0.848405433732432,1.0583741430590543,-3.41046722175823,-1.1267747813674456,2.2836924403907846,0.7134186231882895,0.7653874330248613,0.051968809836571817,0.7180282568773555,0.7922532004199814,0.07422494354262588,0.04370326907316002
brfss2024,BRFSS 2024,True,ev10,sex,brfss2024|sex,xgb_published,True,43,xgb_published|s43,8978,2,1.06880996592273,1.1008627944522706,1.1766131258241326,-2.0437789784103915,-1.3087574330289264,0.735021545381465,0.7603065686712143,0.77719323642561,0.016886667754395734,0.7460081889742115,0.7673262320708508,0.021318043096639316,0.013024366311534363
brfss2024,BRFSS 2024,True,ev10,race,brfss2024|race,xgb_published,True,43,xgb_published|s43,8978,7,1.1867378473934997,1.1174155955926932,1.3260793785575982,-2.373865080151683,-1.5593928060344184,0.8144722741172645,0.7644410028261261,0.7990702424720135,0.03462923964588738,0.7526305781425922,0.7985159218533874,0.04588534371079522,0.0330892967429145
brfss2024,BRFSS 2024,True,ev10,income,brfss2024|income,xgb_published,True,43,xgb_published|s43,8978,7,1.123567753948696,1.1278019091637612,1.2671618579781783,-2.311997775625428,-1.3347596751425161,0.977238100482912,0.7648602955488668,0.7931366110479596,0.02827631549909282,0.7499965799049448,0.782978842359987,0.03298226245504221,0.10461101374334059
brfss2024,BRFSS 2024,True,ev10,health_plan,brfss2024|health_plan,xgb_published,True,43,xgb_published|s43,8978,2,1.0102288704996694,1.1923270846690643,1.2045232440113924,-2.28583759877329,-1.6563166771659648,0.6295209216073252,0.7770163182431591,0.7833665407551176,0.006350222511958492,0.7649935592629948,0.7825986381837302,0.017605078920735373,0.038575318275810955
brfss2024,BRFSS 2024,True,m30,age_group,brfss2024|age_group,xgb_published,True,44,xgb_published|s44,8978,5,1.1997845565709868,0.8408309943797138,1.0088160417430068,-4.0125118771786195,-1.104066844536818,2.9084450326418017,0.7118235788956421,0.7557457472226801,0.04392216832703799,0.7168922323471051,0.7862233776751539,0.06933114532804885,0.26241459044866644
brfss2024,BRFSS 2024,True,m30,sex,brfss2024|sex,xgb_published,True,44,xgb_published|s44,8978,2,1.0433457267623822,1.0991365468537029,1.1467794192881717,-2.0017389376651504,-1.300767046491237,0.7009718911739133,0.7599788138853387,0.7720913561572946,0.012112542271955906,0.7442607584222544,0.7640007858059193,0.019740027383664982,0.04357687034867641
brfss2024,BRFSS 2024,True,m30,race,brfss2024|race,xgb_published,True,44,xgb_published|s44,8978,8,1.185069681069957,1.1400574390847442,1.3510475057375897,-2.2037524849255585,-1.3863768664566432,0.8173756184689154,0.768085693860095,0.8042436039788183,0.03615791011872338,0.7512988586949036,0.8067655587317788,0.05546670003687515,0.10387810768481598
brfss2024,BRFSS 2024,True,m30,income,brfss2024|income,xgb_published,True,44,xgb_published|s44,8978,7,1.157400848502252,1.0913849840926864,1.263169906631492,-2.237554756475898,-1.3208494091734337,0.9167053473024644,0.7587936478131736,0.7919604577292723,0.03316680991609866,0.7473813896045229,0.7844225564418725,0.03704116683734959,0.05875484256668417
brfss2024,BRFSS 2024,True,m30,health_plan,brfss2024|health_plan,xgb_published,True,44,xgb_published|s44,8978,2,1.087713251105349,1.0776029417507125,1.1721229991723556,-2.3927617023081944,-1.6245721478497563,0.7681895544584381,0.7629764044996815,0.7736536233773671,0.01067721887768558,0.7618285358219454,0.7619111162154981,8.25803935526892e-05,0.0038633800858293155
brfss2024,BRFSS 2024,True,ev10,age_group,brfss2024|age_group,xgb_published,True,44,xgb_published|s44,8978,4,1.1997845565709868,0.8408309943797138,1.0088160417430068,-3.402480432435838,-1.104066844536818,2.29841358789902,0.7118235788956421,0.7557457472226801,0.04392216832703799,0.7168922323471051,0.7862233776751539,0.06933114532804885,0.08751382072031055
brfss2024,BRFSS 2024,True,ev10,sex,brfss2024|sex,xgb_published,True,44,xgb_published|s44,8978,2,1.0433457267623822,1.0991365468537029,1.1467794192881717,-2.0017389376651504,-1.300767046491237,0.7009718911739133,0.7599788138853387,0.7720913561572946,0.012112542271955906,0.7442607584222544,0.7640007858059193,0.019740027383664982,0.04357687034867641
brfss2024,BRFSS 2024,True,ev10,race,brfss2024|race,xgb_published,True,44,xgb_published|s44,8978,8,1.185069681069957,1.1400574390847442,1.3510475057375897,-2.2037524849255585,-1.3863768664566432,0.8173756184689154,0.768085693860095,0.8042436039788183,0.03615791011872338,0.7512988586949036,0.8067655587317788,0.05546670003687515,0.10387810768481598
brfss2024,BRFSS 2024,True,ev10,income,brfss2024|income,xgb_published,True,44,xgb_published|s44,8978,7,1.157400848502252,1.0913849840926864,1.263169906631492,-2.237554756475898,-1.3208494091734337,0.9167053473024644,0.7587936478131736,0.7919604577292723,0.03316680991609866,0.7473813896045229,0.7844225564418725,0.03704116683734959,0.05875484256668417
brfss2024,BRFSS 2024,True,ev10,health_plan,brfss2024|health_plan,xgb_published,True,44,xgb_published|s44,8978,2,1.087713251105349,1.0776029417507125,1.1721229991723556,-2.3927617023081944,-1.6245721478497563,0.7681895544584381,0.7629764044996815,0.7736536233773671,0.01067721887768558,0.7618285358219454,0.7619111162154981,8.25803935526892e-05,0.0038633800858293155
brfss2024,BRFSS 2024,True,m30,age_group,brfss2024|age_group,xgb_published,True,45,xgb_published|s45,8978,5,1.2189427963910175,0.8394427284875147,1.0232326668726768,-4.147341671775929,-1.1081366361190434,3.0392050356568854,0.7125261679024715,0.7585722824398562,0.04604611453738472,0.7171636127986947,0.781179530283528,0.06401591748483337,0.08880679391387813
brfss2024,BRFSS 2024,True,m30,sex,brfss2024|sex,xgb_published,True,45,xgb_published|s45,8978,2,1.0790648078649276,1.0913884044198563,1.177678818921322,-2.015090447212673,-1.3119172716663314,0.7031731755463415,0.7587476977837975,0.7771603613258689,0.018412663542071384,0.7457269575502028,0.767585766323633,0.02185880877343016,0.03168610958893758
brfss2024,BRFSS 2024,True,m30,race,brfss2024|race,xgb_published,True,45,xgb_published|s45,8978,8,1.1926943285997422,1.1483513995159507,1.369632201442251,-2.2536669984268576,-1.5733771825915752,0.6802898158352824,0.7695537316167218,0.8031821194340985,0.03362838781737665,0.7576373909791951,0.804589271832749,0.04695188085355384,0.12214571165977794
brfss2024,BRFSS 2024,True,m30,income,brfss2024|income,xgb_published,True,45,xgb_published|s45,8978,7,1.0865321316715228,1.1258504258373825,1.223272663128383,-2.3218166659743433,-1.3190368642561492,1.0027798017181941,0.7666264298544272,0.7847351067276416,0.01810867687321438,0.7516625104149761,0.7770866378132595,0.02542412739828337,0.05658103565203154
brfss2024,BRFSS 2024,True,m30,health_plan,brfss2024|health_plan,xgb_published,True,45,xgb_published|s45,8978,2,1.0397448330412553,1.137955074301207,1.1831829087377579,-2.4166470851901076,-1.6412848826309216,0.775362202559186,0.7735118271558237,0.7754957606051411,0.0019839334493174654,0.76373120772615,0.7682856164840839,0.004554408757933892,0.04801365854710726
brfss2024,BRFSS 2024,True,ev10,age_group,brfss2024|age_group,xgb_published,True,45,xgb_published|s45,8978,4,1.2119811594210186,0.8442644994262867,1.0232326668726768,-3.401153413687164,-1.1081366361190434,2.2930167775681207,0.7125261679024715,0.7585722824398562,0.04604611453738472,0.7171636127986947,0.781179530283528,0.06401591748483337,0.08546734957334345
brfss2024,BRFSS 2024,True,ev10,sex,brfss2024|sex,xgb_published,True,45,xgb_published|s45,8978,2,1.0790648078649276,1.0913884044198563,1.177678818921322,-2.015090447212673,-1.3119172716663314,0.7031731755463415,0.7587476977837975,0.7771603613258689,0.018412663542071384,0.7457269575502028,0.767585766323633,0.02185880877343016,0.03168610958893758
brfss2024,BRFSS 2024,True,ev10,race,brfss2024|race,xgb_published,True,45,xgb_published|s45,8978,8,1.1926943285997422,1.1483513995159507,1.369632201442251,-2.2536669984268576,-1.5733771825915752,0.6802898158352824,0.7695537316167218,0.8031821194340985,0.03362838781737665,0.7576373909791951,0.804589271832749,0.04695188085355384,0.12214571165977794
brfss2024,BRFSS 2024,True,ev10,income,brfss2024|income,xgb_published,True,45,xgb_published|s45,8978,7,1.0865321316715228,1.1258504258373825,1.223272663128383,-2.3218166659743433,-1.3190368642561492,1.0027798017181941,0.7666264298544272,0.7847351067276416,0.01810867687321438,0.7516625104149761,0.7770866378132595,0.02542412739828337,0.05658103565203154
brfss2024,BRFSS 2024,True,ev10,health_plan,brfss2024|health_plan,xgb_published,True,45,xgb_published|s45,8978,2,1.0397448330412553,1.137955074301207,1.1831829087377579,-2.4166470851901076,-1.6412848826309216,0.775362202559186,0.7735118271558237,0.7754957606051411,0.0019839334493174654,0.76373120772615,0.7682856164840839,0.004554408757933892,0.04801365854710726
brfss2024,BRFSS 2024,True,m30,age_group,brfss2024|age_group,xgb_published,True,46,xgb_published|s46,8978,6,1.194811289800723,0.8464268877137148,1.0113204014312354,-4.076241819879936,-1.111235243758744,2.965006576121192,0.7129697063234228,0.7564560694459643,0.043486363122541505,0.7168968871979036,0.8057089869312233,0.08881209973331972,0.1598758970205898
brfss2024,BRFSS 2024,True,m30,sex,brfss2024|sex,xgb_published,True,46,xgb_published|s46,8978,2,1.0452724774673867,1.1197943671515298,1.170490232406504,-2.034159894489109,-1.3195403788154958,0.714619515673613,0.7634758747265138,0.776147794091959,0.012671919365445206,0.7486576861499535,0.7663523498685584,0.01769466371860484,0.011240374600525627
brfss2024,BRFSS 2024,True,m30,race,brfss2024|race,xgb_published,True,46,xgb_published|s46,8978,8,1.2765910335447395,1.1093880369652143,1.4162348207115925,-2.4114478189537087,-1.5661084005702204,0.8453394183834884,0.7659449753281476,0.8147024489547886,0.04875747362664096,0.738251425005082,0.8141866539865117,0.07593522898142968,0.14276923076923076
brfss2024,BRFSS 2024,True,m30,income,brfss2024|income,xgb_published,True,46,xgb_published|s46,8978,7,1.08001581730354,1.1210297796650008,1.2107298937065032,-2.239645381789756,-1.3004466328122701,0.939198748977486,0.7638802906277126,0.7825740357119495,0.018693745084236935,0.7527255830901689,0.7752341661449311,0.02250858305476222,0.10541098321229248
brfss2024,BRFSS 2024,True,m30,health_plan,brfss2024|health_plan,xgb_published,True,46,xgb_published|s46,8978,2,1.0544977623630631,1.1330137626756547,1.1947604774680325,-2.409767646098764,-1.6505757248013158,0.7591919212974481,0.7726344504639806,0.7773559245762885,0.004721474112307944,0.7649228916234356,0.7780542295915367,0.013131337968101064,0.02831660350620746
brfss2024,BRFSS 2024,True,ev10,age_group,brfss2024|age_group,xgb_published,True,46,xgb_published|s46,8978,4,1.194811289800723,0.8464268877137148,1.0113204014312354,-3.4518485729179655,-1.111235243758744,2.3406133291592215,0.7129697063234228,0.7564560694459643,0.043486363122541505,0.7168968871979036,0.7832206973811159,0.06632381018321232,0.06201345653985413
brfss2024,BRFSS 2024,True,ev10,sex,brfss2024|sex,xgb_published,True,46,xgb_published|s46,8978,2,1.0452724774673867,1.1197943671515298,1.170490232406504,-2.034159894489109,-1.3195403788154958,0.714619515673613,0.7634758747265138,0.776147794091959,0.012671919365445206,0.7486576861499535,0.7663523498685584,0.01769466371860484,0.011240374600525627
brfss2024,BRFSS 2024,True,ev10,race,brfss2024|race,xgb_published,True,46,xgb_published|s46,8978,8,1.2765910335447395,1.1093880369652143,1.4162348207115925,-2.4114478189537087,-1.5661084005702204,0.8453394183834884,0.7659449753281476,0.8147024489547886,0.04875747362664096,0.738251425005082,0.8141866539865117,0.07593522898142968,0.14276923076923076
brfss2024,BRFSS 2024,True,ev10,income,brfss2024|income,xgb_published,True,46,xgb_published|s46,8978,7,1.08001581730354,1.1210297796650008,1.2107298937065032,-2.239645381789756,-1.3004466328122701,0.939198748977486,0.7638802906277126,0.7825740357119495,0.018693745084236935,0.7527255830901689,0.7752341661449311,0.02250858305476222,0.10541098321229248
brfss2024,BRFSS 2024,True,ev10,health_plan,brfss2024|health_plan,xgb_published,True,46,xgb_published|s46,8978,2,1.0544977623630631,1.1330137626756547,1.1947604774680325,-2.409767646098764,-1.6505757248013158,0.7591919212974481,0.7726344504639806,0.7773559245762885,0.004721474112307944,0.7649228916234356,0.7780542295915367,0.013131337968101064,0.02831660350620746
brfss2024,BRFSS 2024,True,m30,age_group,brfss2024|age_group,xgb_published,True,47,xgb_published|s47,8978,6,1.1676655803135985,0.838207847884692,0.9787464531236914,-4.005714236804503,-1.1382306226830998,2.8674836141214035,0.7114113176099512,0.7518454026917074,0.040434085081756166,0.7146800926891553,0.8151889675375091,0.1005088748483538,0.3405249910104279
brfss2024,BRFSS 2024,True,m30,sex,brfss2024|sex,xgb_published,True,47,xgb_published|s47,8978,2,1.0488668261858645,1.0773599870514738,1.1300071502783233,-1.995607086542812,-1.298588621735315,0.6970184648074969,0.7563247572174696,0.7692939994396508,0.01296924222218121,0.7439455938679919,0.7598072313464319,0.01586163747844005,0.017422009618418
brfss2024,BRFSS 2024,True,m30,race,brfss2024|race,xgb_published,True,47,xgb_published|s47,8978,8,1.1850789269254223,1.1067190016634765,1.3115493668993274,-2.1694901128880986,-1.3671142822443467,0.8023758306437518,0.7646545678605774,0.7984542738734294,0.03379970601285198,0.7314665377437051,0.7845714194894192,0.05310488174571415,0.1176965735789266
brfss2024,BRFSS 2024,True,m30,income,brfss2024|income,xgb_published,True,47,xgb_published|s47,8978,7,1.1377100335138262,1.0853410129188803,1.2348033601818693,-2.24446831286847,-1.3163967281992344,0.9280715846692358,0.7577590284790989,0.7877412878654596,0.029982259386360677,0.7451635230813808,0.7807691075560463,0.03560558447466555,0.07601124988103869
brfss2024,BRFSS 2024,True,m30,health_plan,brfss2024|health_plan,xgb_published,True,47,xgb_published|s47,8978,2,1.062852077201636,1.152024226358145,1.2244313419713622,-2.2973874328481587,-1.634512628414928,0.6628748044332307,0.7705216009845937,0.786552410179232,0.016030809194638396,0.7598294970496589,0.7875733112877991,0.027743814238140208,0.1026578005826857
brfss2024,BRFSS 2024,True,ev10,age_group,brfss2024|age_group,xgb_published,True,47,xgb_published|s47,8978,5,1.1676655803135985,0.838207847884692,0.9787464531236914,-4.005714236804503,-1.1382306226830998,2.8674836141214035,0.7114113176099512,0.7518454026917074,0.040434085081756166,0.7146800926891553,0.8151889675375091,0.1005088748483538,0.18975621563276135
brfss2024,BRFSS 2024,True,ev10,sex,brfss2024|sex,xgb_published,True,47,xgb_published|s47,8978,2,1.0488668261858645,1.0773599870514738,1.1300071502783233,-1.995607086542812,-1.298588621735315,0.6970184648074969,0.7563247572174696,0.7692939994396508,0.01296924222218121,0.7439455938679919,0.7598072313464319,0.01586163747844005,0.017422009618418
brfss2024,BRFSS 2024,True,ev10,race,brfss2024|race,xgb_published,True,47,xgb_published|s47,8978,8,1.1850789269254223,1.1067190016634765,1.3115493668993274,-2.1694901128880986,-1.3671142822443467,0.8023758306437518,0.7646545678605774,0.7984542738734294,0.03379970601285198,0.7314665377437051,0.7845714194894192,0.05310488174571415,0.1176965735789266
brfss2024,BRFSS 2024,True,ev10,income,brfss2024|income,xgb_published,True,47,xgb_published|s47,8978,7,1.1377100335138262,1.0853410129188803,1.2348033601818693,-2.24446831286847,-1.3163967281992344,0.9280715846692358,0.7577590284790989,0.7877412878654596,0.029982259386360677,0.7451635230813808,0.7807691075560463,0.03560558447466555,0.07601124988103869
brfss2024,BRFSS 2024,True,ev10,health_plan,brfss2024|health_plan,xgb_published,True,47,xgb_published|s47,8978,2,1.062852077201636,1.152024226358145,1.2244313419713622,-2.2973874328481587,-1.634512628414928,0.6628748044332307,0.7705216009845937,0.786552410179232,0.016030809194638396,0.7598294970496589,0.7875733112877991,0.027743814238140208,0.1026578005826857
brfss2024,BRFSS 2024,True,m30,age_group,brfss2024|age_group,logreg_l2,False,42,logreg_l2|s42,8978,6,1.3036677805260315,0.671892952288053,0.8759251938604489,-4.006725032988367,-1.1052522774767433,2.901472755511624,0.6813163431190394,0.7212238659075193,0.039907522788479866,0.6884154165836992,0.7320503555345461,0.04363493895084691,0.20318035426731074
brfss2024,BRFSS 2024,True,m30,sex,brfss2024|sex,logreg_l2,False,42,logreg_l2|s42,8978,2,1.102403215550374,0.983436099485373,1.0841431183609926,-1.9795672474354793,-1.2603098201873855,0.7192574272480938,0.7396969613196127,0.761453542673283,0.021756581353670312,0.7400246070589372,0.7614851013003026,0.021460494241365313,0.032691879906432075
brfss2024,BRFSS 2024,True,m30,race,brfss2024|race,logreg_l2,False,42,logreg_l2|s42,8978,8,1.371964881776833,0.8498214406919842,1.165925172410396,-2.116674347376074,-1.3223787427685356,0.7942956046075382,0.7161039479608815,0.7726557933186704,0.0565518453577889,0.7142582015493364,0.7781775143901808,0.0639193128408444,0.30513085399449047
brfss2024,BRFSS 2024,True,m30,income,brfss2024|income,logreg_l2,False,42,logreg_l2|s42,8978,7,1.0742391670205644,1.0276821028578416,1.1039763661359496,-2.1711453134101926,-1.282172596398316,0.8889727170118766,0.7523105766684066,0.7611569708003203,0.008846394131913682,0.7445790797697314,0.7598527543640698,0.015273674594338482,0.07461133417092314
brfss2024,BRFSS 2024,True,m30,health_plan,brfss2024|health_plan,logreg_l2,False,42,logreg_l2|s42,8978,2,1.0255613900979874,1.0910268016436435,1.1189149633278161,-2.1550008992874896,-1.601848328051093,0.5531525712363967,0.7602980035726865,0.7685178833288742,0.008219879756187654,0.7583291811722447,0.7666379248559707,0.008308743683726028,0.005350595864687335
brfss2024,BRFSS 2024,True,ev10,age_group,brfss2024|age_group,logreg_l2,False,42,logreg_l2|s42,8978,4,1.1020465151010728,0.7948168991579403,0.8759251938604489,-3.0057830773706984,-1.1052522774767433,1.9005307998939551,0.7090475959711542,0.7212238659075193,0.012176269936365114,0.7204441698918536,0.7320503555345461,0.011606185642692557,0.05742598496432816
brfss2024,BRFSS 2024,True,ev10,sex,brfss2024|sex,logreg_l2,False,42,logreg_l2|s42,8978,2,1.102403215550374,0.983436099485373,1.0841431183609926,-1.9795672474354793,-1.2603098201873855,0.7192574272480938,0.7396969613196127,0.761453542673283,0.021756581353670312,0.7400246070589372,0.7614851013003026,0.021460494241365313,0.032691879906432075
brfss2024,BRFSS 2024,True,ev10,race,brfss2024|race,logreg_l2,False,42,logreg_l2|s42,8978,8,1.371964881776833,0.8498214406919842,1.165925172410396,-2.116674347376074,-1.3223787427685356,0.7942956046075382,0.7161039479608815,0.7726557933186704,0.0565518453577889,0.7142582015493364,0.7781775143901808,0.0639193128408444,0.30513085399449047
brfss2024,BRFSS 2024,True,ev10,income,brfss2024|income,logreg_l2,False,42,logreg_l2|s42,8978,7,1.0742391670205644,1.0276821028578416,1.1039763661359496,-2.1711453134101926,-1.282172596398316,0.8889727170118766,0.7523105766684066,0.7611569708003203,0.008846394131913682,0.7445790797697314,0.7598527543640698,0.015273674594338482,0.07461133417092314
brfss2024,BRFSS 2024,True,ev10,health_plan,brfss2024|health_plan,logreg_l2,False,42,logreg_l2|s42,8978,2,1.0255613900979874,1.0910268016436435,1.1189149633278161,-2.1550008992874896,-1.601848328051093,0.5531525712363967,0.7602980035726865,0.7685178833288742,0.008219879756187654,0.7583291811722447,0.7666379248559707,0.008308743683726028,0.005350595864687335
brfss2024,BRFSS 2024,True,m30,age_group,brfss2024|age_group,logreg_l2,False,43,logreg_l2|s43,8978,6,1.3563638424783893,0.657425333585903,0.8917079516052123,-3.800610209217433,-1.1057655649045741,2.694844644312859,0.6777039922734627,0.732698245454684,0.05499425318122131,0.6905135406174119,0.7590748190686168,0.06856127845120497,0.14707001233519368
brfss2024,BRFSS 2024,True,m30,sex,brfss2024|sex,logreg_l2,False,43,logreg_l2|s43,8978,2,1.077628692554023,0.987641200022205,1.0643104950924152,-1.9954525537767223,-1.2381038357959835,0.7573487179807388,0.7403584230163635,0.7581152831646335,0.01775686014827005,0.7421149978463876,0.7594580492103944,0.017343051364006823,0.015067074040087003
brfss2024,BRFSS 2024,True,m30,race,brfss2024|race,logreg_l2,False,43,logreg_l2|s43,8978,8,1.1824345943999335,1.0121085850514175,1.1967522042539636,-2.1562080617123716,-1.5042262622181943,0.6519817994941772,0.7460533065644399,0.7782089311296312,0.032155624565191276,0.745119191150982,0.7745977593923756,0.02947856824139361,0.1354906682721252
brfss2024,BRFSS 2024,True,m30,income,brfss2024|income,logreg_l2,False,43,logreg_l2|s43,8978,7,1.0572677004566966,1.0375327226496287,1.0969498358243486,-2.163913372138186,-1.3025631279494847,0.8613502441887013,0.7533467747956019,0.7601051468413019,0.006758372045700067,0.7517875658062249,0.7592480912015571,0.0074605253953322626,0.11076907011265003
brfss2024,BRFSS 2024,True,m30,health_plan,brfss2024|health_plan,logreg_l2,False,43,logreg_l2|s43,8978,2,1.0630593830700552,1.0265413302145256,1.0912743931937674,-2.2071674881265633,-1.5972205674865516,0.6099469206400117,0.7526700518334932,0.760312510556505,0.007642458723011725,0.7562282607417015,0.7596806605912133,0.0034523998495118446,0.02362544891032714
brfss2024,BRFSS 2024,True,ev10,age_group,brfss2024|age_group,logreg_l2,False,43,logreg_l2|s43,8978,4,1.0757232315610326,0.8095065295938926,0.8708049799844987,-2.9438742180127253,-1.1057655649045741,1.8381086531081512,0.7113091363355512,0.7201238833115076,0.008814746975956411,0.7241216714439842,0.7296864114779262,0.005564740033942028,0.04195109743366998
brfss2024,BRFSS 2024,True,ev10,sex,brfss2024|sex,logreg_l2,False,43,logreg_l2|s43,8978,2,1.077628692554023,0.987641200022205,1.0643104950924152,-1.9954525537767223,-1.2381038357959835,0.7573487179807388,0.7403584230163635,0.7581152831646335,0.01775686014827005,0.7421149978463876,0.7594580492103944,0.017343051364006823,0.015067074040087003
brfss2024,BRFSS 2024,True,ev10,race,brfss2024|race,logreg_l2,False,43,logreg_l2|s43,8978,7,1.1824345943999335,1.0121085850514175,1.1967522042539636,-2.1562080617123716,-1.5042262622181943,0.6519817994941772,0.7460533065644399,0.7782089311296312,0.032155624565191276,0.745119191150982,0.7745977593923756,0.02947856824139361,0.05305043721963454
brfss2024,BRFSS 2024,True,ev10,income,brfss2024|income,logreg_l2,False,43,logreg_l2|s43,8978,7,1.0572677004566966,1.0375327226496287,1.0969498358243486,-2.163913372138186,-1.3025631279494847,0.8613502441887013,0.7533467747956019,0.7601051468413019,0.006758372045700067,0.7517875658062249,0.7592480912015571,0.0074605253953322626,0.11076907011265003
brfss2024,BRFSS 2024,True,ev10,health_plan,brfss2024|health_plan,logreg_l2,False,43,logreg_l2|s43,8978,2,1.0630593830700552,1.0265413302145256,1.0912743931937674,-2.2071674881265633,-1.5972205674865516,0.6099469206400117,0.7526700518334932,0.760312510556505,0.007642458723011725,0.7562282607417015,0.7596806605912133,0.0034523998495118446,0.02362544891032714
brfss2024,BRFSS 2024,True,m30,age_group,brfss2024|age_group,logreg_l2,False,44,logreg_l2|s44,8978,5,1.1721396677085534,0.7292221943818599,0.8547502606084554,-3.587612526318672,-1.083267204208805,2.5043453221098666,0.6950938441242241,0.7164071008235691,0.021313256699344918,0.720371904366487,0.7335068515409837,0.013134947174496703,0.26125159647694374
brfss2024,BRFSS 2024,True,m30,sex,brfss2024|sex,logreg_l2,False,44,logreg_l2|s44,8978,2,1.0946724264928838,0.9770278181014628,1.069525412392176,-1.9663118349873463,-1.2370825980368654,0.7292292369504809,0.7384274245051623,0.7588428218369621,0.020415397331799756,0.7388392179073346,0.7592511833534927,0.020411965446158087,0.035190270018457315
brfss2024,BRFSS 2024,True,m30,race,brfss2024|race,logreg_l2,False,44,logreg_l2|s44,8978,8,1.2191322194909284,1.0418431711968281,1.2701445776626563,-2.0176163673607466,-1.3857498455889907,0.6318665217717558,0.7506849824705306,0.7887604168709714,0.03807543440044081,0.7464064153454076,0.7872036879661227,0.040797272620715086,0.11321909424724608
brfss2024,BRFSS 2024,True,m30,income,brfss2024|income,logreg_l2,False,44,logreg_l2|s44,8978,7,1.0445021340116956,1.0394654560302579,1.0857238870550445,-2.1002934303811096,-1.3007117671298178,0.7995816632512918,0.7509717874347903,0.7597667276494177,0.008794940214627345,0.7462809205710594,0.7602655249534058,0.013984604382346388,0.058305523690003636
brfss2024,BRFSS 2024,True,m30,health_plan,brfss2024|health_plan,logreg_l2,False,44,logreg_l2|s44,8978,2,1.113410088642824,0.9712489236996086,1.0813983502306286,-2.385750158315825,-1.573597760541688,0.8121523977741372,0.7433358995750992,0.7585061666596004,0.015170267084501199,0.7367711503703488,0.7566045182941896,0.019833367923840828,0.00489317884588647
brfss2024,BRFSS 2024,True,ev10,age_group,brfss2024|age_group,logreg_l2,False,44,logreg_l2|s44,8978,4,1.0324889894721208,0.8278541169194089,0.8547502606084554,-3.0063496658698003,-1.083267204208805,1.9230824616609954,0.7144873902333178,0.7164071008235691,0.0019197105902513112,0.7203973355023664,0.7335068515409837,0.01310951603861732,0.10265875253927204
brfss2024,BRFSS 2024,True,ev10,sex,brfss2024|sex,logreg_l2,False,44,logreg_l2|s44,8978,2,1.0946724264928838,0.9770278181014628,1.069525412392176,-1.9663118349873463,-1.2370825980368654,0.7292292369504809,0.7384274245051623,0.7588428218369621,0.020415397331799756,0.7388392179073346,0.7592511833534927,0.020411965446158087,0.035190270018457315
brfss2024,BRFSS 2024,True,ev10,race,brfss2024|race,logreg_l2,False,44,logreg_l2|s44,8978,8,1.2191322194909284,1.0418431711968281,1.2701445776626563,-2.0176163673607466,-1.3857498455889907,0.6318665217717558,0.7506849824705306,0.7887604168709714,0.03807543440044081,0.7464064153454076,0.7872036879661227,0.040797272620715086,0.11321909424724608
brfss2024,BRFSS 2024,True,ev10,income,brfss2024|income,logreg_l2,False,44,logreg_l2|s44,8978,7,1.0445021340116956,1.0394654560302579,1.0857238870550445,-2.1002934303811096,-1.3007117671298178,0.7995816632512918,0.7509717874347903,0.7597667276494177,0.008794940214627345,0.7462809205710594,0.7602655249534058,0.013984604382346388,0.058305523690003636
brfss2024,BRFSS 2024,True,ev10,health_plan,brfss2024|health_plan,logreg_l2,False,44,logreg_l2|s44,8978,2,1.113410088642824,0.9712489236996086,1.0813983502306286,-2.385750158315825,-1.573597760541688,0.8121523977741372,0.7433358995750992,0.7585061666596004,0.015170267084501199,0.7367711503703488,0.7566045182941896,0.019833367923840828,0.00489317884588647
brfss2024,BRFSS 2024,True,m30,age_group,brfss2024|age_group,logreg_l2,False,45,logreg_l2|s45,8978,5,1.4061582686978582,0.625310632908709,0.8792857169692723,-3.672492496714191,-1.0998149344994539,2.5726775622147375,0.6697912734355722,0.7218978029111556,0.05210652947558336,0.6713040339109175,0.731813509601931,0.0605094756910135,0.09815183291295326
brfss2024,BRFSS 2024,True,m30,sex,brfss2024|sex,logreg_l2,False,45,logreg_l2|s45,8978,2,1.089419663590235,0.9899794297198038,1.0785030572866012,-1.9739485471122082,-1.2573460442923174,0.7166025028198908,0.7408679267475736,0.7604463231661562,0.01957839641858261,0.7409640696047852,0.7604957882263598,0.019531718621574545,0.0215338222094984
brfss2024,BRFSS 2024,True,m30,race,brfss2024|race,logreg_l2,False,45,logreg_l2|s45,8978,8,1.1970066068731033,1.0649575008883794,1.274761164602459,-2.0722435011980864,-1.533217968482554,0.5390255327155324,0.7554716853365302,0.7894638070260485,0.03399212168951826,0.7529046375259182,0.7955069962720493,0.042602358746131164,0.1148188028539413
brfss2024,BRFSS 2024,True,m30,income,brfss2024|income,logreg_l2,False,45,logreg_l2|s45,8978,7,1.1406065482460395,0.9674827155386891,1.1035171206582892,-2.2082549809602665,-1.2912001146057,0.9170548663545666,0.7416523007126599,0.7613284328751004,0.019676132162440574,0.7472659333052668,0.7616672222443766,0.014401288939109747,0.05722450155358094
brfss2024,BRFSS 2024,True,m30,health_plan,brfss2024|health_plan,logreg_l2,False,45,logreg_l2|s45,8978,2,1.0948967497364896,0.99621699880311,1.0907547540217655,-2.364751453541639,-1.5934689105252275,0.7712825430164114,0.7479714338773944,0.7602030008409253,0.012231566963530893,0.7493766625502588,0.7580051359276239,0.008628473377365053,0.05500530408530091
brfss2024,BRFSS 2024,True,ev10,age_group,brfss2024|age_group,logreg_l2,False,45,logreg_l2|s45,8978,4,1.1295446770857778,0.7784426192311641,0.8792857169692723,-3.0125048666031615,-1.0998149344994539,1.9126899321037076,0.70536233049021,0.7218978029111556,0.01653547242094555,0.7180337922780303,0.731813509601931,0.013779717323900709,0.06864204038694155
brfss2024,BRFSS 2024,True,ev10,sex,brfss2024|sex,logreg_l2,False,45,logreg_l2|s45,8978,2,1.089419663590235,0.9899794297198038,1.0785030572866012,-1.9739485471122082,-1.2573460442923174,0.7166025028198908,0.7408679267475736,0.7604463231661562,0.01957839641858261,0.7409640696047852,0.7604957882263598,0.019531718621574545,0.0215338222094984
brfss2024,BRFSS 2024,True,ev10,race,brfss2024|race,logreg_l2,False,45,logreg_l2|s45,8978,8,1.1970066068731033,1.0649575008883794,1.274761164602459,-2.0722435011980864,-1.533217968482554,0.5390255327155324,0.7554716853365302,0.7894638070260485,0.03399212168951826,0.7529046375259182,0.7955069962720493,0.042602358746131164,0.1148188028539413
brfss2024,BRFSS 2024,True,ev10,income,brfss2024|income,logreg_l2,False,45,logreg_l2|s45,8978,7,1.1406065482460395,0.9674827155386891,1.1035171206582892,-2.2082549809602665,-1.2912001146057,0.9170548663545666,0.7416523007126599,0.7613284328751004,0.019676132162440574,0.7472659333052668,0.7616672222443766,0.014401288939109747,0.05722450155358094
brfss2024,BRFSS 2024,True,ev10,health_plan,brfss2024|health_plan,logreg_l2,False,45,logreg_l2|s45,8978,2,1.0948967497364896,0.99621699880311,1.0907547540217655,-2.364751453541639,-1.5934689105252275,0.7712825430164114,0.7479714338773944,0.7602030008409253,0.012231566963530893,0.7493766625502588,0.7580051359276239,0.008628473377365053,0.05500530408530091
brfss2024,BRFSS 2024,True,m30,age_group,brfss2024|age_group,logreg_l2,False,46,logreg_l2|s46,8978,6,1.322621019293134,0.6576487845383455,0.8698201057429973,-4.088229542240339,-1.0979713696115214,2.9902581726288178,0.6778254524493812,0.7199395825266327,0.04211413007725151,0.6878614950386355,0.7296767520930227,0.04181525705438727,0.12887871935545325
brfss2024,BRFSS 2024,True,m30,sex,brfss2024|sex,logreg_l2,False,46,logreg_l2|s46,8978,2,1.0697032366016312,0.9984466134936701,1.0680415740281168,-1.9897411076348432,-1.2512898147358524,0.7384512928989908,0.7423638258395131,0.7587309660001522,0.016367140160639115,0.7430904929515929,0.7580450439526736,0.014954551001080674,0.006359944520082927
brfss2024,BRFSS 2024,True,m30,race,brfss2024|race,logreg_l2,False,46,logreg_l2|s46,8978,8,1.1751178713467105,1.0245021605175446,1.203910798057483,-2.189749587931041,-1.5173506066060662,0.6723989813249749,0.7503509426292749,0.7782331267944265,0.027882184165151536,0.7337276108430772,0.7905452441467242,0.056817633303646975,0.12538461538461543
brfss2024,BRFSS 2024,True,m30,income,brfss2024|income,logreg_l2,False,46,logreg_l2|s46,8978,7,1.1196906255486088,1.0056046517773065,1.1259661016031233,-2.120786192688003,-1.2709526041470882,0.849833588540915,0.7483216706728026,0.764223197975133,0.01590152730233041,0.7481588941302719,0.7590817408508321,0.010922846720560209,0.11009314959776562
brfss2024,BRFSS 2024,True,m30,health_plan,brfss2024|health_plan,logreg_l2,False,46,logreg_l2|s46,8978,2,1.0009268579191688,1.0886989898158839,1.0897080590961858,-2.387411390633347,-1.5931006535722478,0.7943107370610993,0.7600244869770401,0.7648884113842838,0.004863924407243703,0.7581843730821841,0.7712293583133012,0.013044985231117079,0.03336455672133498
brfss2024,BRFSS 2024,True,ev10,age_group,brfss2024|age_group,logreg_l2,False,46,logreg_l2|s46,8978,4,1.0885231725341404,0.7990827643273861,0.8698201057429973,-2.974695077379525,-1.0979713696115214,1.8767237077680037,0.7099163745047035,0.7199395825266327,0.010023208021929242,0.7211520523643478,0.7296767520930227,0.008524699728674978,0.06845174249513364
brfss2024,BRFSS 2024,True,ev10,sex,brfss2024|sex,logreg_l2,False,46,logreg_l2|s46,8978,2,1.0697032366016312,0.9984466134936701,1.0680415740281168,-1.9897411076348432,-1.2512898147358524,0.7384512928989908,0.7423638258395131,0.7587309660001522,0.016367140160639115,0.7430904929515929,0.7580450439526736,0.014954551001080674,0.006359944520082927
brfss2024,BRFSS 2024,True,ev10,race,brfss2024|race,logreg_l2,False,46,logreg_l2|s46,8978,8,1.1751178713467105,1.0245021605175446,1.203910798057483,-2.189749587931041,-1.5173506066060662,0.6723989813249749,0.7503509426292749,0.7782331267944265,0.027882184165151536,0.7337276108430772,0.7905452441467242,0.056817633303646975,0.12538461538461543
brfss2024,BRFSS 2024,True,ev10,income,brfss2024|income,logreg_l2,False,46,logreg_l2|s46,8978,7,1.1196906255486088,1.0056046517773065,1.1259661016031233,-2.120786192688003,-1.2709526041470882,0.849833588540915,0.7483216706728026,0.764223197975133,0.01590152730233041,0.7481588941302719,0.7590817408508321,0.010922846720560209,0.11009314959776562
brfss2024,BRFSS 2024,True,ev10,health_plan,brfss2024|health_plan,logreg_l2,False,46,logreg_l2|s46,8978,2,1.0009268579191688,1.0886989898158839,1.0897080590961858,-2.387411390633347,-1.5931006535722478,0.7943107370610993,0.7600244869770401,0.7648884113842838,0.004863924407243703,0.7581843730821841,0.7712293583133012,0.013044985231117079,0.03336455672133498
brfss2024,BRFSS 2024,True,m30,age_group,brfss2024|age_group,logreg_l2,False,47,logreg_l2|s47,8978,6,1.1850178162125973,0.7347529341672111,0.8706953175026267,-3.9483554835910497,-1.1188803127579654,2.829475170833084,0.6968029330628849,0.7201053693019244,0.023302436239039492,0.7100308679745689,0.7310478688498216,0.02101700087525271,0.3863358504135205
brfss2024,BRFSS 2024,True,m30,sex,brfss2024|sex,logreg_l2,False,47,logreg_l2|s47,8978,2,1.0818163387443285,0.9641951453110633,1.0430820619354704,-1.9526751131118398,-1.2395032525839462,0.7131718605278936,0.7360876662538862,0.7541118018944528,0.018024135640566596,0.7389561234218267,0.7537886114632493,0.014832488041422565,0.014414017790401301
brfss2024,BRFSS 2024,True,m30,race,brfss2024|race,logreg_l2,False,47,logreg_l2|s47,8978,8,1.215302010363693,0.9693506273326936,1.1780537661447295,-2.015018530211303,-1.3412588304393198,0.673759699771983,0.7398479052242836,0.7728817607843633,0.03303385556007976,0.7197746259738719,0.7743011644563758,0.05452653848250388,0.15501832045949693
brfss2024,BRFSS 2024,True,m30,income,brfss2024|income,logreg_l2,False,47,logreg_l2|s47,8978,7,1.0500922234254526,1.0188052403875039,1.0698394601160166,-2.109314388298663,-1.2958420759325562,0.8134723123661067,0.7481602717307549,0.7577905370360019,0.00963026530524691,0.7463714035445602,0.7601151794440937,0.013743775899533461,0.08206664553025833
brfss2024,BRFSS 2024,True,m30,health_plan,brfss2024|health_plan,logreg_l2,False,47,logreg_l2|s47,8978,2,1.005854217107397,1.061484642264739,1.0676988038167246,-2.2410367111181797,-1.5836821357997206,0.6573545753184591,0.7551584858518707,0.7602590795072626,0.0051005936553918385,0.7543103940339397,0.7621478170343746,0.007837423000434884,0.1024943672127333
brfss2024,BRFSS 2024,True,ev10,age_group,brfss2024|age_group,logreg_l2,False,47,logreg_l2|s47,8978,5,1.1740104721836462,0.7416418661778572,0.8706953175026267,-3.554107794035271,-1.1188803127579654,2.4352274812773054,0.6968029330628849,0.7201053693019244,0.023302436239039492,0.7100308679745689,0.7310478688498216,0.02101700087525271,0.1894694019011558
brfss2024,BRFSS 2024,True,ev10,sex,brfss2024|sex,logreg_l2,False,47,logreg_l2|s47,8978,2,1.0818163387443285,0.9641951453110633,1.0430820619354704,-1.9526751131118398,-1.2395032525839462,0.7131718605278936,0.7360876662538862,0.7541118018944528,0.018024135640566596,0.7389561234218267,0.7537886114632493,0.014832488041422565,0.014414017790401301
brfss2024,BRFSS 2024,True,ev10,race,brfss2024|race,logreg_l2,False,47,logreg_l2|s47,8978,8,1.215302010363693,0.9693506273326936,1.1780537661447295,-2.015018530211303,-1.3412588304393198,0.673759699771983,0.7398479052242836,0.7728817607843633,0.03303385556007976,0.7197746259738719,0.7743011644563758,0.05452653848250388,0.15501832045949693
brfss2024,BRFSS 2024,True,ev10,income,brfss2024|income,logreg_l2,False,47,logreg_l2|s47,8978,7,1.0500922234254526,1.0188052403875039,1.0698394601160166,-2.109314388298663,-1.2958420759325562,0.8134723123661067,0.7481602717307549,0.7577905370360019,0.00963026530524691,0.7463714035445602,0.7601151794440937,0.013743775899533461,0.08206664553025833
brfss2024,BRFSS 2024,True,ev10,health_plan,brfss2024|health_plan,logreg_l2,False,47,logreg_l2|s47,8978,2,1.005854217107397,1.061484642264739,1.0676988038167246,-2.2410367111181797,-1.5836821357997206,0.6573545753184591,0.7551584858518707,0.7602590795072626,0.0051005936553918385,0.7543103940339397,0.7621478170343746,0.007837423000434884,0.1024943672127333
brfss2024,BRFSS 2024,True,m30,age_group,brfss2024|age_group,random_forest,False,42,random_forest|s42,8978,6,1.6355102531330834,0.8071378262962075,1.320082190598997,-3.7525535856143075,-1.1290704240057807,2.623483161608527,0.7050531651084995,0.8090582043483654,0.10400503923986593,0.7075998199315904,0.8275106525628595,0.11991083263126912,0.09792680108420715
brfss2024,BRFSS 2024,True,m30,sex,brfss2024|sex,random_forest,False,42,random_forest|s42,8978,2,1.1941302875903244,1.066380166690288,1.2733968551304915,-2.009652433907804,-1.3472717520042636,0.6623806819035403,0.7547126379026707,0.7917167669757539,0.03700412907308315,0.7368463337558269,0.7635561019807642,0.026709768224937314,0.0326344500763035
brfss2024,BRFSS 2024,True,m30,race,brfss2024|race,random_forest,False,42,random_forest|s42,8978,8,1.6500036684477803,0.8481381987665858,1.3994311393155592,-2.29022580309657,-1.3074577393609808,0.9827680637355893,0.7156546444900835,0.8114642205484277,0.09580957605834417,0.7034887562345812,0.792844922443364,0.08935616620878284,0.28544536271808985
brfss2024,BRFSS 2024,True,m30,income,brfss2024|income,random_forest,False,42,random_forest|s42,8978,7,1.3252488164976162,1.0370979309690433,1.3744128056088512,-2.3642069688643517,-1.2934014465593262,1.0708055223050255,0.7496252668432916,0.8087585406993933,0.05913327385610179,0.7319103996172469,0.7777703969944545,0.045859997377207584,0.06612990802814811
brfss2024,BRFSS 2024,True,m30,health_plan,brfss2024|health_plan,random_forest,False,42,random_forest|s42,8978,2,1.1648758090586795,1.048669212372364,1.2215693971971857,-2.0607768058674076,-1.6646541724147912,0.39612263345261645,0.7557625975390168,0.7815511641927748,0.02578856665375806,0.7511964933821409,0.7559222089936175,0.004725715611476611,0.006884270862190456
brfss2024,BRFSS 2024,True,ev10,age_group,brfss2024|age_group,random_forest,False,42,random_forest|s42,8978,4,1.6355102531330834,0.8071378262962075,1.320082190598997,-3.3177119516387905,-1.1290704240057807,2.18864152763301,0.7050531651084995,0.8090582043483654,0.10400503923986593,0.7075998199315904,0.8000420524301977,0.09244223249860728,0.058287151843232854
brfss2024,BRFSS 2024,True,ev10,sex,brfss2024|sex,random_forest,False,42,random_forest|s42,8978,2,1.1941302875903244,1.066380166690288,1.2733968551304915,-2.009652433907804,-1.3472717520042636,0.6623806819035403,0.7547126379026707,0.7917167669757539,0.03700412907308315,0.7368463337558269,0.7635561019807642,0.026709768224937314,0.0326344500763035
brfss2024,BRFSS 2024,True,ev10,race,brfss2024|race,random_forest,False,42,random_forest|s42,8978,8,1.6500036684477803,0.8481381987665858,1.3994311393155592,-2.29022580309657,-1.3074577393609808,0.9827680637355893,0.7156546444900835,0.8114642205484277,0.09580957605834417,0.7034887562345812,0.792844922443364,0.08935616620878284,0.28544536271808985
brfss2024,BRFSS 2024,True,ev10,income,brfss2024|income,random_forest,False,42,random_forest|s42,8978,7,1.3252488164976162,1.0370979309690433,1.3744128056088512,-2.3642069688643517,-1.2934014465593262,1.0708055223050255,0.7496252668432916,0.8087585406993933,0.05913327385610179,0.7319103996172469,0.7777703969944545,0.045859997377207584,0.06612990802814811
brfss2024,BRFSS 2024,True,ev10,health_plan,brfss2024|health_plan,random_forest,False,42,random_forest|s42,8978,2,1.1648758090586795,1.048669212372364,1.2215693971971857,-2.0607768058674076,-1.6646541724147912,0.39612263345261645,0.7557625975390168,0.7815511641927748,0.02578856665375806,0.7511964933821409,0.7559222089936175,0.004725715611476611,0.006884270862190456
brfss2024,BRFSS 2024,True,m30,age_group,brfss2024|age_group,random_forest,False,43,random_forest|s43,8978,6,1.5241532010249876,0.8341872287149287,1.271429134900022,-3.5750763845386677,-1.1437110927047118,2.4313652918339557,0.710618723362552,0.8007762281760799,0.0901575048135278,0.7098549786144194,0.8216616498855873,0.11180667127116795,0.17463851047742995
brfss2024,BRFSS 2024,True,m30,sex,brfss2024|sex,random_forest,False,43,random_forest|s43,8978,2,1.1414112349006287,1.0645780572602237,1.2151213549855042,-2.0096360134364217,-1.3301867385838853,0.6794492748525365,0.7543173730841382,0.782976847618031,0.028659474533892837,0.7350415382469233,0.7624667563651171,0.02742521811819376,0.009101094199398085
brfss2024,BRFSS 2024,True,m30,race,brfss2024|race,random_forest,False,43,random_forest|s43,8978,8,1.1724975968958664,1.1186553956943708,1.3116207632062442,-2.3634806848833776,-1.523838231834196,0.8396424530491815,0.7644352042027943,0.8000299811415862,0.03559477693879187,0.7353193698844568,0.7876740198970458,0.05235465001258899,0.08747680890538034
brfss2024,BRFSS 2024,True,m30,income,brfss2024|income,random_forest,False,43,random_forest|s43,8978,7,1.316905342702824,1.0241149776402876,1.348662485596478,-2.363261214156859,-1.305416274446523,1.057844939710336,0.7471803467955371,0.8052346313619649,0.058054284566427805,0.7333206192224276,0.7806733201014415,0.04735270087901389,0.09928686209325699
brfss2024,BRFSS 2024,True,m30,health_plan,brfss2024|health_plan,random_forest,False,43,random_forest|s43,8978,2,1.1538148887826516,1.033280059018463,1.1922139163777195,-2.156038940160844,-1.6535202472368484,0.5025186929239955,0.7535855028298912,0.7769805770674996,0.023395074237608338,0.7513003405092431,0.7553158685388084,0.004015528029565285,0.046172824198694395
brfss2024,BRFSS 2024,True,ev10,age_group,brfss2024|age_group,random_forest,False,43,random_forest|s43,8978,4,1.5241532010249876,0.8341872287149287,1.271429134900022,-3.2011258593872554,-1.1437110927047118,2.0574147666825437,0.710618723362552,0.8007762281760799,0.0901575048135278,0.7098549786144194,0.7959335538443446,0.08607857522992524,0.053524377715218674
brfss2024,BRFSS 2024,True,ev10,sex,brfss2024|sex,random_forest,False,43,random_forest|s43,8978,2,1.1414112349006287,1.0645780572602237,1.2151213549855042,-2.0096360134364217,-1.3301867385838853,0.6794492748525365,0.7543173730841382,0.782976847618031,0.028659474533892837,0.7350415382469233,0.7624667563651171,0.02742521811819376,0.009101094199398085
brfss2024,BRFSS 2024,True,ev10,race,brfss2024|race,random_forest,False,43,random_forest|s43,8978,7,1.1724975968958664,1.1186553956943708,1.3116207632062442,-2.3634806848833776,-1.523838231834196,0.8396424530491815,0.7644352042027943,0.8000299811415862,0.03559477693879187,0.7353193698844568,0.7876740198970458,0.05235465001258899,0.05216057881685676
brfss2024,BRFSS 2024,True,ev10,income,brfss2024|income,random_forest,False,43,random_forest|s43,8978,7,1.316905342702824,1.0241149776402876,1.348662485596478,-2.363261214156859,-1.305416274446523,1.057844939710336,0.7471803467955371,0.8052346313619649,0.058054284566427805,0.7333206192224276,0.7806733201014415,0.04735270087901389,0.09928686209325699
brfss2024,BRFSS 2024,True,ev10,health_plan,brfss2024|health_plan,random_forest,False,43,random_forest|s43,8978,2,1.1538148887826516,1.033280059018463,1.1922139163777195,-2.156038940160844,-1.6535202472368484,0.5025186929239955,0.7535855028298912,0.7769805770674996,0.023395074237608338,0.7513003405092431,0.7553158685388084,0.004015528029565285,0.046172824198694395
brfss2024,BRFSS 2024,True,m30,age_group,brfss2024|age_group,random_forest,False,44,random_forest|s44,8978,5,1.761160958057393,0.8210682500235551,1.4460333458419914,-3.6538462107861784,-1.112914677754078,2.5409315330321007,0.7078543871844774,0.8266560741484524,0.11880168696397508,0.7091071032825087,0.8070189663424507,0.09791186305994204,0.26140025011446844
brfss2024,BRFSS 2024,True,m30,sex,brfss2024|sex,random_forest,False,44,random_forest|s44,8978,2,1.16622102882825,1.0729756556104633,1.2513267729937005,-1.9919182010442373,-1.3096324267950803,0.682285774249157,0.7556398725187197,0.7883275147011428,0.03268764218242315,0.7344280883284469,0.7597837565140935,0.025355668185646607,0.04743026012345386
brfss2024,BRFSS 2024,True,m30,race,brfss2024|race,random_forest,False,44,random_forest|s44,8978,8,1.2669000177214582,1.127964525204574,1.429018276970851,-2.1813986120612534,-1.3897550757225192,0.7916435363387342,0.7670490369696077,0.8143785587606832,0.047329521791075524,0.7437243079303251,0.8010591346692129,0.05733482673888779,0.11699602532212017
brfss2024,BRFSS 2024,True,m30,income,brfss2024|income,random_forest,False,44,random_forest|s44,8978,7,1.4690093487664302,1.025890440975194,1.5070426486026758,-2.3265428949255686,-1.3044149465923685,1.0221279483332002,0.7476504325420188,0.8252602749953198,0.07760984245330105,0.7296678203145625,0.7896456623479224,0.059977842033359985,0.03603336460911466
brfss2024,BRFSS 2024,True,m30,health_plan,brfss2024|health_plan,random_forest,False,44,random_forest|s44,8978,2,1.239395726616186,0.9803770459446434,1.215075121216391,-2.1966386406409506,-1.629574416777298,0.5670642238636525,0.7440395007852182,0.7803346903709226,0.036295189585704435,0.7352218750474356,0.7537595350576365,0.01853766001020085,0.02040738652182228
brfss2024,BRFSS 2024,True,ev10,age_group,brfss2024|age_group,random_forest,False,44,random_forest|s44,8978,4,1.761160958057393,0.8210682500235551,1.4460333458419914,-3.317409500736173,-1.112914677754078,2.2044948229820953,0.7078543871844774,0.8266560741484524,0.11880168696397508,0.7091071032825087,0.8070189663424507,0.09791186305994204,0.07895721422315671
brfss2024,BRFSS 2024,True,ev10,sex,brfss2024|sex,random_forest,False,44,random_forest|s44,8978,2,1.16622102882825,1.0729756556104633,1.2513267729937005,-1.9919182010442373,-1.3096324267950803,0.682285774249157,0.7556398725187197,0.7883275147011428,0.03268764218242315,0.7344280883284469,0.7597837565140935,0.025355668185646607,0.04743026012345386
brfss2024,BRFSS 2024,True,ev10,race,brfss2024|race,random_forest,False,44,random_forest|s44,8978,8,1.2669000177214582,1.127964525204574,1.429018276970851,-2.1813986120612534,-1.3897550757225192,0.7916435363387342,0.7670490369696077,0.8143785587606832,0.047329521791075524,0.7437243079303251,0.8010591346692129,0.05733482673888779,0.11699602532212017
brfss2024,BRFSS 2024,True,ev10,income,brfss2024|income,random_forest,False,44,random_forest|s44,8978,7,1.4690093487664302,1.025890440975194,1.5070426486026758,-2.3265428949255686,-1.3044149465923685,1.0221279483332002,0.7476504325420188,0.8252602749953198,0.07760984245330105,0.7296678203145625,0.7896456623479224,0.059977842033359985,0.03603336460911466
brfss2024,BRFSS 2024,True,ev10,health_plan,brfss2024|health_plan,random_forest,False,44,random_forest|s44,8978,2,1.239395726616186,0.9803770459446434,1.215075121216391,-2.1966386406409506,-1.629574416777298,0.5670642238636525,0.7440395007852182,0.7803346903709226,0.036295189585704435,0.7352218750474356,0.7537595350576365,0.01853766001020085,0.02040738652182228
brfss2024,BRFSS 2024,True,m30,age_group,brfss2024|age_group,random_forest,False,45,random_forest|s45,8978,5,1.5916518843124048,0.8128008146535596,1.2936959482139958,-3.720729350504091,-1.1137703210525616,2.6069590294515295,0.7061675568140278,0.8041886820522831,0.09802112523825535,0.7068092062119153,0.790648267200239,0.08383906098832361,0.1735266427339598
brfss2024,BRFSS 2024,True,m30,sex,brfss2024|sex,random_forest,False,45,random_forest|s45,8978,2,1.197125355151821,1.048447365996378,1.2551229253764054,-1.9946811851776598,-1.3278832419956315,0.6667979431820283,0.7515357708342902,0.7889125516105887,0.03737678077629847,0.7355995076102329,0.762588281312852,0.026988773702619095,0.029761780629242618
brfss2024,BRFSS 2024,True,m30,race,brfss2024|race,random_forest,False,45,random_forest|s45,8978,8,1.219533023092037,1.1622508423671145,1.4174032833832337,-2.2073271422006657,-1.525456856122981,0.6818702860776846,0.7718107854279244,0.8108336574587218,0.03902287203079746,0.7488373469050266,0.7947482710194571,0.04591092411443054,0.11583040205301987
brfss2024,BRFSS 2024,True,m30,income,brfss2024|income,random_forest,False,45,random_forest|s45,8978,7,1.2195365372464877,1.0720463440518995,1.3073996861928103,-2.391470449367167,-1.303119953550569,1.088350495816598,0.7558219250848668,0.7996534258119465,0.04383150072707975,0.7353763848838429,0.7764191770956821,0.04104279221183915,0.04892766548924521
brfss2024,BRFSS 2024,True,m30,health_plan,brfss2024|health_plan,random_forest,False,45,random_forest|s45,8978,2,1.2460716656354696,0.9666087411944885,1.2044637641580207,-2.2303758211635887,-1.6438742422492256,0.586501578914363,0.7416050631755314,0.7788074608960185,0.03720239772048706,0.7379485848271182,0.7546246788931612,0.01667609406604298,0.048069587781214174
brfss2024,BRFSS 2024,True,ev10,age_group,brfss2024|age_group,random_forest,False,45,random_forest|s45,8978,4,1.5916518843124048,0.8128008146535596,1.2936959482139958,-3.201237687809481,-1.1137703210525616,2.0874673667569192,0.7061675568140278,0.8041886820522831,0.09802112523825535,0.7068092062119153,0.790648267200239,0.08383906098832361,0.07936246449250195
brfss2024,BRFSS 2024,True,ev10,sex,brfss2024|sex,random_forest,False,45,random_forest|s45,8978,2,1.197125355151821,1.048447365996378,1.2551229253764054,-1.9946811851776598,-1.3278832419956315,0.6667979431820283,0.7515357708342902,0.7889125516105887,0.03737678077629847,0.7355995076102329,0.762588281312852,0.026988773702619095,0.029761780629242618
brfss2024,BRFSS 2024,True,ev10,race,brfss2024|race,random_forest,False,45,random_forest|s45,8978,8,1.219533023092037,1.1622508423671145,1.4174032833832337,-2.2073271422006657,-1.525456856122981,0.6818702860776846,0.7718107854279244,0.8108336574587218,0.03902287203079746,0.7488373469050266,0.7947482710194571,0.04591092411443054,0.11583040205301987
brfss2024,BRFSS 2024,True,ev10,income,brfss2024|income,random_forest,False,45,random_forest|s45,8978,7,1.2195365372464877,1.0720463440518995,1.3073996861928103,-2.391470449367167,-1.303119953550569,1.088350495816598,0.7558219250848668,0.7996534258119465,0.04383150072707975,0.7353763848838429,0.7764191770956821,0.04104279221183915,0.04892766548924521
brfss2024,BRFSS 2024,True,ev10,health_plan,brfss2024|health_plan,random_forest,False,45,random_forest|s45,8978,2,1.2460716656354696,0.9666087411944885,1.2044637641580207,-2.2303758211635887,-1.6438742422492256,0.586501578914363,0.7416050631755314,0.7788074608960185,0.03720239772048706,0.7379485848271182,0.7546246788931612,0.01667609406604298,0.048069587781214174
brfss2024,BRFSS 2024,True,m30,age_group,brfss2024|age_group,random_forest,False,46,random_forest|s46,8978,6,1.5488598330423353,0.8364431519867918,1.295533200735667,-3.574869120414815,-1.1296887770779913,2.4451803433368235,0.7110266642077165,0.8047451060779492,0.0937184418702327,0.7102354099055499,0.7856854393804842,0.07545002947493429,0.1987012987012987
brfss2024,BRFSS 2024,True,m30,sex,brfss2024|sex,random_forest,False,46,random_forest|s46,8978,2,1.1584495416717437,1.065787446190609,1.2346609785590092,-2.0129574664323657,-1.3273196214490315,0.6856378449833342,0.7545089340717972,0.7859816868579792,0.031472752786182,0.7359464886553417,0.7641142055103072,0.02816771685496544,0.006182658362170801
brfss2024,BRFSS 2024,True,m30,race,brfss2024|race,random_forest,False,46,random_forest|s46,8978,8,1.3776986175403572,1.0801542437495122,1.488127008344053,-2.4264919343822386,-1.5700049520674846,0.8564869823147541,0.7605015033904785,0.8198614946155498,0.059359991225071296,0.7249694294423082,0.806423042590125,0.08145361314781674,0.20707692307692316
brfss2024,BRFSS 2024,True,m30,income,brfss2024|income,random_forest,False,46,random_forest|s46,8978,7,1.2600760685695311,1.0333113673447942,1.302050925372035,-2.258941019454905,-1.284258126506672,0.974682892948233,0.7488329176684334,0.7978125559573531,0.048979638288919713,0.7379788698964291,0.772178495763568,0.03419962586713887,0.09361918195992347
brfss2024,BRFSS 2024,True,m30,health_plan,brfss2024|health_plan,random_forest,False,46,random_forest|s46,8978,2,1.2431000719284169,0.9691070537428306,1.2046970482140489,-2.165794276687362,-1.650678808362805,0.5151154683245569,0.741731205282693,0.7788877678178141,0.03715656253512112,0.7503316826347635,0.7557640115394209,0.005432328904657391,0.05377825294848104
brfss2024,BRFSS 2024,True,ev10,age_group,brfss2024|age_group,random_forest,False,46,random_forest|s46,8978,4,1.5488598330423353,0.8364431519867918,1.295533200735667,-3.237160130138218,-1.1296887770779913,2.1074713530602267,0.7110266642077165,0.8047451060779492,0.0937184418702327,0.7102354099055499,0.7856854393804842,0.07545002947493429,0.06801722056483461
brfss2024,BRFSS 2024,True,ev10,sex,brfss2024|sex,random_forest,False,46,random_forest|s46,8978,2,1.1584495416717437,1.065787446190609,1.2346609785590092,-2.0129574664323657,-1.3273196214490315,0.6856378449833342,0.7545089340717972,0.7859816868579792,0.031472752786182,0.7359464886553417,0.7641142055103072,0.02816771685496544,0.006182658362170801
brfss2024,BRFSS 2024,True,ev10,race,brfss2024|race,random_forest,False,46,random_forest|s46,8978,8,1.3776986175403572,1.0801542437495122,1.488127008344053,-2.4264919343822386,-1.5700049520674846,0.8564869823147541,0.7605015033904785,0.8198614946155498,0.059359991225071296,0.7249694294423082,0.806423042590125,0.08145361314781674,0.20707692307692316
brfss2024,BRFSS 2024,True,ev10,income,brfss2024|income,random_forest,False,46,random_forest|s46,8978,7,1.2600760685695311,1.0333113673447942,1.302050925372035,-2.258941019454905,-1.284258126506672,0.974682892948233,0.7488329176684334,0.7978125559573531,0.048979638288919713,0.7379788698964291,0.772178495763568,0.03419962586713887,0.09361918195992347
brfss2024,BRFSS 2024,True,ev10,health_plan,brfss2024|health_plan,random_forest,False,46,random_forest|s46,8978,2,1.2431000719284169,0.9691070537428306,1.2046970482140489,-2.165794276687362,-1.650678808362805,0.5151154683245569,0.741731205282693,0.7788877678178141,0.03715656253512112,0.7503316826347635,0.7557640115394209,0.005432328904657391,0.05377825294848104
brfss2024,BRFSS 2024,True,m30,age_group,brfss2024|age_group,random_forest,False,47,random_forest|s47,8978,6,1.6176840193322,0.821752771650785,1.3293363265414173,-3.640561342095749,-1.1584660167953609,2.482095325300388,0.7081440262104526,0.8128985204545549,0.10475449424410233,0.7061260120499826,0.8083413086730765,0.10221529662309392,0.15460965881901467
brfss2024,BRFSS 2024,True,m30,sex,brfss2024|sex,random_forest,False,47,random_forest|s47,8978,2,1.1495594011879668,1.0495705753528612,1.2065437221071451,-1.9811393081343243,-1.3287358293576972,0.6524034787766271,0.7517340894706624,0.7814474702200321,0.02971338074936969,0.7320445314779189,0.7577728034041369,0.02572827192621796,0.015525977596879348
brfss2024,BRFSS 2024,True,m30,race,brfss2024|race,random_forest,False,47,random_forest|s47,8978,8,1.2442744653504756,1.1465640248980051,1.4266403390700548,-2.2060372756265783,-1.3844560691908359,0.8215812064357424,0.7693636781097106,0.8142822556797027,0.04491857756999207,0.714552360122729,0.7822802174690597,0.06772785734633069,0.15931372549019607
brfss2024,BRFSS 2024,True,m30,income,brfss2024|income,random_forest,False,47,random_forest|s47,8978,7,1.366887086164035,1.0236861282434975,1.399263348981297,-2.319615065300902,-1.3152734142634648,1.004341651037437,0.7472462009724148,0.8116919918709138,0.064445790898499,0.7286152597491691,0.7860196199318434,0.05740436018267436,0.07402721407537582
brfss2024,BRFSS 2024,True,m30,health_plan,brfss2024|health_plan,random_forest,False,47,random_forest|s47,8978,2,1.1192425144678437,1.0525868753327705,1.1780999810433008,-2.1057284817319304,-1.6467917551566926,0.45893672657523776,0.7567356157762811,0.774735362841841,0.017999747065559846,0.7511783825107501,0.7543385628240022,0.003160180313252159,0.09153076389887282
brfss2024,BRFSS 2024,True,ev10,age_group,brfss2024|age_group,random_forest,False,47,random_forest|s47,8978,5,1.6176840193322,0.821752771650785,1.3293363265414173,-3.640561342095749,-1.1584660167953609,2.482095325300388,0.7081440262104526,0.8128985204545549,0.10475449424410233,0.7061260120499826,0.8083413086730765,0.10221529662309392,0.15460965881901467
brfss2024,BRFSS 2024,True,ev10,sex,brfss2024|sex,random_forest,False,47,random_forest|s47,8978,2,1.1495594011879668,1.0495705753528612,1.2065437221071451,-1.9811393081343243,-1.3287358293576972,0.6524034787766271,0.7517340894706624,0.7814474702200321,0.02971338074936969,0.7320445314779189,0.7577728034041369,0.02572827192621796,0.015525977596879348
brfss2024,BRFSS 2024,True,ev10,race,brfss2024|race,random_forest,False,47,random_forest|s47,8978,8,1.2442744653504756,1.1465640248980051,1.4266403390700548,-2.2060372756265783,-1.3844560691908359,0.8215812064357424,0.7693636781097106,0.8142822556797027,0.04491857756999207,0.714552360122729,0.7822802174690597,0.06772785734633069,0.15931372549019607
brfss2024,BRFSS 2024,True,ev10,income,brfss2024|income,random_forest,False,47,random_forest|s47,8978,7,1.366887086164035,1.0236861282434975,1.399263348981297,-2.319615065300902,-1.3152734142634648,1.004341651037437,0.7472462009724148,0.8116919918709138,0.064445790898499,0.7286152597491691,0.7860196199318434,0.05740436018267436,0.07402721407537582
brfss2024,BRFSS 2024,True,ev10,health_plan,brfss2024|health_plan,random_forest,False,47,random_forest|s47,8978,2,1.1192425144678437,1.0525868753327705,1.1780999810433008,-2.1057284817319304,-1.6467917551566926,0.45893672657523776,0.7567356157762811,0.774735362841841,0.017999747065559846,0.7511783825107501,0.7543385628240022,0.003160180313252159,0.09153076389887282
brfss2024,BRFSS 2024,True,m30,age_group,brfss2024|age_group,hgb_deep,False,42,hgb_deep|s42,8978,6,1.9223056350479828,1.008131902496519,1.937937637040702,-5.754246299711885,-1.1917616366973325,4.562484663014552,0.7438228025184859,0.8976345444447342,0.15381174192624836,0.7431043679539184,0.9478970660715896,0.2047926981176712,0.09240255008109555
brfss2024,BRFSS 2024,True,m30,sex,brfss2024|sex,hgb_deep,False,42,hgb_deep|s42,8978,2,1.0901979584996078,1.4982516325812447,1.6333908711587775,-2.3013184415258476,-1.493184591598681,0.8081338499271666,0.8176294611054584,0.8392456401323366,0.02161617902687818,0.7775961162566457,0.8006083200012448,0.023012203744599113,0.034053577104265265
brfss2024,BRFSS 2024,True,m30,race,brfss2024|race,hgb_deep,False,42,hgb_deep|s42,8978,8,1.4020608528271354,1.3788919609926933,1.9332904387858967,-2.74887790385511,-1.4905431170965664,1.2583347867585437,0.8058719038626363,0.8711513572746796,0.06527945341204333,0.7766919065886031,0.8248838060223106,0.0481918994337075,0.22935032139577594
brfss2024,BRFSS 2024,True,m30,income,brfss2024|income,hgb_deep,False,42,hgb_deep|s42,8978,7,1.2277700960762523,1.48227342434345,1.8198909846174334,-2.7144421251408977,-1.4905140593621042,1.2239280657787934,0.8161421082756077,0.8612478927259251,0.04510578445031732,0.7785090744796997,0.8118898453014352,0.033380770821735406,0.06146494245350553
brfss2024,BRFSS 2024,True,m30,health_plan,brfss2024|health_plan,hgb_deep,False,42,hgb_deep|s42,8978,2,1.052453364628977,1.5339432005825993,1.6144036826028985,-2.709691349052322,-1.871470625070152,0.83822072398217,0.8319337019375868,0.8335837214289936,0.0016500194914068622,0.794913804432885,0.8192257363310751,0.024311931898190142,0.028790144479122093
brfss2024,BRFSS 2024,True,ev10,age_group,brfss2024|age_group,hgb_deep,False,42,hgb_deep|s42,8978,4,1.6668299081837437,1.008131902496519,1.6803844064753755,-4.314886585138756,-1.1917616366973325,3.123124948441423,0.7438228025184859,0.8634544767960741,0.11963167427758825,0.7431043679539184,0.8756701861059293,0.13256581815201085,0.040548791724248745
brfss2024,BRFSS 2024,True,ev10,sex,brfss2024|sex,hgb_deep,False,42,hgb_deep|s42,8978,2,1.0901979584996078,1.4982516325812447,1.6333908711587775,-2.3013184415258476,-1.493184591598681,0.8081338499271666,0.8176294611054584,0.8392456401323366,0.02161617902687818,0.7775961162566457,0.8006083200012448,0.023012203744599113,0.034053577104265265
brfss2024,BRFSS 2024,True,ev10,race,brfss2024|race,hgb_deep,False,42,hgb_deep|s42,8978,8,1.4020608528271354,1.3788919609926933,1.9332904387858967,-2.74887790385511,-1.4905431170965664,1.2583347867585437,0.8058719038626363,0.8711513572746796,0.06527945341204333,0.7766919065886031,0.8248838060223106,0.0481918994337075,0.22935032139577594
brfss2024,BRFSS 2024,True,ev10,income,brfss2024|income,hgb_deep,False,42,hgb_deep|s42,8978,7,1.2277700960762523,1.48227342434345,1.8198909846174334,-2.7144421251408977,-1.4905140593621042,1.2239280657787934,0.8161421082756077,0.8612478927259251,0.04510578445031732,0.7785090744796997,0.8118898453014352,0.033380770821735406,0.06146494245350553
brfss2024,BRFSS 2024,True,ev10,health_plan,brfss2024|health_plan,hgb_deep,False,42,hgb_deep|s42,8978,2,1.052453364628977,1.5339432005825993,1.6144036826028985,-2.709691349052322,-1.871470625070152,0.83822072398217,0.8319337019375868,0.8335837214289936,0.0016500194914068622,0.794913804432885,0.8192257363310751,0.024311931898190142,0.028790144479122093
brfss2024,BRFSS 2024,True,m30,age_group,brfss2024|age_group,hgb_deep,False,43,hgb_deep|s43,8978,6,1.8393306953972868,1.0141805675521156,1.8654134485740477,-5.405036767868586,-1.1886593209918577,4.216377446876728,0.7448810759391375,0.8842764944035798,0.13939541846444226,0.744969268744806,0.9341700766619923,0.1892008079171863,0.16862535612535612
brfss2024,BRFSS 2024,True,m30,sex,brfss2024|sex,hgb_deep,False,43,hgb_deep|s43,8978,2,1.1288067432021196,1.4132581320554423,1.5952953093494149,-2.310719376225665,-1.4533729994616498,0.8573463767640153,0.8068582464491447,0.8352184814353729,0.028360234986228194,0.7721882577774714,0.8030329377142333,0.030844679936761987,0.008073144803730004
brfss2024,BRFSS 2024,True,m30,race,brfss2024|race,hgb_deep,False,43,hgb_deep|s43,8978,8,1.2605794956941117,1.4368309155330385,1.8112395909003465,-2.805729157529825,-1.696720135462796,1.109009022067029,0.8133991637556084,0.8613579094260315,0.04795874567042313,0.7885116803547143,0.8349173010586008,0.04640562070388654,0.14925788497217074
brfss2024,BRFSS 2024,True,m30,income,brfss2024|income,hgb_deep,False,43,hgb_deep|s43,8978,7,1.1871705733859088,1.4735455641343493,1.7493499322836379,-2.6227983649748485,-1.504615282931628,1.1181830820432206,0.8147290364064497,0.8538771811694056,0.039148144762955916,0.7836852087335119,0.8084777885722199,0.024792579838707973,0.11677708366894934
brfss2024,BRFSS 2024,True,m30,health_plan,brfss2024|health_plan,hgb_deep,False,43,hgb_deep|s43,8978,2,1.0628261447544731,1.5575209031149782,1.6553739368321976,-2.706156040096842,-1.8557742838101428,0.8503817562866991,0.8271683423271786,0.8453174218514604,0.018149079524281797,0.7938431003690143,0.8105348967988959,0.01669179642988161,0.09689279170338627
brfss2024,BRFSS 2024,True,ev10,age_group,brfss2024|age_group,hgb_deep,False,43,hgb_deep|s43,8978,4,1.6269149041565478,1.0141805675521156,1.6499854808564833,-4.178425227745323,-1.1886593209918577,2.9897659067534654,0.7448810759391375,0.858933604572512,0.11405252863337445,0.744969268744806,0.8603989663268399,0.11542969758203392,0.03388743850994225
brfss2024,BRFSS 2024,True,ev10,sex,brfss2024|sex,hgb_deep,False,43,hgb_deep|s43,8978,2,1.1288067432021196,1.4132581320554423,1.5952953093494149,-2.310719376225665,-1.4533729994616498,0.8573463767640153,0.8068582464491447,0.8352184814353729,0.028360234986228194,0.7721882577774714,0.8030329377142333,0.030844679936761987,0.008073144803730004
brfss2024,BRFSS 2024,True,ev10,race,brfss2024|race,hgb_deep,False,43,hgb_deep|s43,8978,7,1.2605794956941117,1.4368309155330385,1.8112395909003465,-2.805729157529825,-1.696720135462796,1.109009022067029,0.8133991637556084,0.8613579094260315,0.04795874567042313,0.7885116803547143,0.8349173010586008,0.04640562070388654,0.03867439037333997
brfss2024,BRFSS 2024,True,ev10,income,brfss2024|income,hgb_deep,False,43,hgb_deep|s43,8978,7,1.1871705733859088,1.4735455641343493,1.7493499322836379,-2.6227983649748485,-1.504615282931628,1.1181830820432206,0.8147290364064497,0.8538771811694056,0.039148144762955916,0.7836852087335119,0.8084777885722199,0.024792579838707973,0.11677708366894934
brfss2024,BRFSS 2024,True,ev10,health_plan,brfss2024|health_plan,hgb_deep,False,43,hgb_deep|s43,8978,2,1.0628261447544731,1.5575209031149782,1.6553739368321976,-2.706156040096842,-1.8557742838101428,0.8503817562866991,0.8271683423271786,0.8453174218514604,0.018149079524281797,0.7938431003690143,0.8105348967988959,0.01669179642988161,0.09689279170338627
brfss2024,BRFSS 2024,True,m30,age_group,brfss2024|age_group,hgb_deep,False,44,hgb_deep|s44,8978,5,1.5761949542883005,0.9968445113309441,1.5712212889698207,-5.090333660641209,-1.1585091373030805,3.931824523338128,0.7416626957417938,0.8487482621291991,0.1070855663874053,0.7448919193151986,0.8843246367412373,0.1394327174260387,0.23727240212645362
brfss2024,BRFSS 2024,True,m30,sex,brfss2024|sex,hgb_deep,False,44,hgb_deep|s44,8978,2,1.1014178972268138,1.3701354362348457,1.5090916910937269,-2.234199589248386,-1.4156870238097798,0.8185125654386061,0.8009904554479345,0.8246944891321717,0.023704033684237236,0.7721688039524649,0.7960989051975681,0.023930101245103197,0.04884161640580709
brfss2024,BRFSS 2024,True,m30,race,brfss2024|race,hgb_deep,False,44,hgb_deep|s44,8978,8,1.2825009965854173,1.356444529729941,1.739641461191487,-2.560407473404228,-1.4139734514463451,1.1464340219578828,0.8028573838324085,0.8495601535241519,0.04670276969174347,0.7855150664103843,0.8244641110946691,0.03894904468428484,0.10971805451362837
brfss2024,BRFSS 2024,True,m30,income,brfss2024|income,hgb_deep,False,44,hgb_deep|s44,8978,7,1.2570149550386367,1.3865050335987958,1.7428575624700338,-2.540039644759705,-1.4463214716543602,1.0937181731053447,0.803345947530175,0.8524758793913276,0.049129931861152665,0.7820441669566385,0.8195967078288761,0.03755254087223758,0.04969734916818325
brfss2024,BRFSS 2024,True,m30,health_plan,brfss2024|health_plan,hgb_deep,False,44,hgb_deep|s44,8978,2,1.0247809970464872,1.4872753540640986,1.5241315202204742,-2.8008428269985606,-1.7908046248316536,1.010038202166907,0.8184511412760803,0.8316315311872791,0.013180389911198742,0.7902314032241122,0.8074140531451777,0.01718264992106544,0.008412372081909258
brfss2024,BRFSS 2024,True,ev10,age_group,brfss2024|age_group,hgb_deep,False,44,hgb_deep|s44,8978,4,1.5761949542883005,0.9968445113309441,1.5712212889698207,-4.047954304179874,-1.1585091373030805,2.8894451668767935,0.7416626957417938,0.8487482621291991,0.1070855663874053,0.7448919193151986,0.8627673718767113,0.11787545256151266,0.07922020528115348
brfss2024,BRFSS 2024,True,ev10,sex,brfss2024|sex,hgb_deep,False,44,hgb_deep|s44,8978,2,1.1014178972268138,1.3701354362348457,1.5090916910937269,-2.234199589248386,-1.4156870238097798,0.8185125654386061,0.8009904554479345,0.8246944891321717,0.023704033684237236,0.7721688039524649,0.7960989051975681,0.023930101245103197,0.04884161640580709
brfss2024,BRFSS 2024,True,ev10,race,brfss2024|race,hgb_deep,False,44,hgb_deep|s44,8978,8,1.2825009965854173,1.356444529729941,1.739641461191487,-2.560407473404228,-1.4139734514463451,1.1464340219578828,0.8028573838324085,0.8495601535241519,0.04670276969174347,0.7855150664103843,0.8244641110946691,0.03894904468428484,0.10971805451362837
brfss2024,BRFSS 2024,True,ev10,income,brfss2024|income,hgb_deep,False,44,hgb_deep|s44,8978,7,1.2570149550386367,1.3865050335987958,1.7428575624700338,-2.540039644759705,-1.4463214716543602,1.0937181731053447,0.803345947530175,0.8524758793913276,0.049129931861152665,0.7820441669566385,0.8195967078288761,0.03755254087223758,0.04969734916818325
brfss2024,BRFSS 2024,True,ev10,health_plan,brfss2024|health_plan,hgb_deep,False,44,hgb_deep|s44,8978,2,1.0247809970464872,1.4872753540640986,1.5241315202204742,-2.8008428269985606,-1.7908046248316536,1.010038202166907,0.8184511412760803,0.8316315311872791,0.013180389911198742,0.7902314032241122,0.8074140531451777,0.01718264992106544,0.008412372081909258
brfss2024,BRFSS 2024,True,m30,age_group,brfss2024|age_group,hgb_deep,False,45,hgb_deep|s45,8978,5,1.7909735886996971,0.992489898006389,1.7775231943806988,-6.367264161331876,-1.1663633549858416,5.200900806346034,0.7409155022123909,0.8881915803219178,0.14727607810952692,0.7427529270082507,0.9403636282284853,0.1976107012202346,0.12938992181166808
brfss2024,BRFSS 2024,True,m30,sex,brfss2024|sex,hgb_deep,False,45,hgb_deep|s45,8978,2,1.1125464843374173,1.4883497955525615,1.655858332506316,-2.2917339303469837,-1.4730847401983738,0.8186491901486099,0.816309845711175,0.8415180891561604,0.0252082434449854,0.7715483410435743,0.8011431034154879,0.029594762371913608,0.029070350526220312
brfss2024,BRFSS 2024,True,m30,race,brfss2024|race,hgb_deep,False,45,hgb_deep|s45,8978,8,1.2640774097875844,1.5485684004428666,1.9575103325107217,-2.693149130573673,-1.761210148944555,0.9319389816291177,0.8254197344254782,0.8673098342159995,0.041890099790521274,0.7852482850250857,0.8335466589509681,0.04829837392588243,0.12215320115909478
brfss2024,BRFSS 2024,True,m30,income,brfss2024|income,hgb_deep,False,45,hgb_deep|s45,8978,7,1.1842812698162808,1.4841077297918626,1.7576009867820648,-2.724618508239599,-1.4904650790766574,1.2341534291629415,0.816345342718114,0.8529578218276421,0.03661247910952814,0.7811953924893442,0.809106872231552,0.027911479742207757,0.054408086646158815
brfss2024,BRFSS 2024,True,m30,health_plan,brfss2024|health_plan,hgb_deep,False,45,hgb_deep|s45,8978,2,1.0292486129570115,1.616408207126872,1.6636859051576627,-2.9162987289938265,-1.852577712157649,1.0637210168361775,0.8336511622626963,0.8482188876058143,0.01456772534311801,0.7915328984439811,0.8224198471885653,0.030886948744584197,0.05542076823749886
brfss2024,BRFSS 2024,True,ev10,age_group,brfss2024|age_group,hgb_deep,False,45,hgb_deep|s45,8978,4,1.5981586249465296,0.992489898006389,1.586156290671212,-4.115308992859562,-1.1663633549858416,2.9489456378737207,0.7409155022123909,0.851103184397793,0.11018768218540209,0.7427529270082507,0.857258760753079,0.11450583374482837,0.11264642012029935
brfss2024,BRFSS 2024,True,ev10,sex,brfss2024|sex,hgb_deep,False,45,hgb_deep|s45,8978,2,1.1125464843374173,1.4883497955525615,1.655858332506316,-2.2917339303469837,-1.4730847401983738,0.8186491901486099,0.816309845711175,0.8415180891561604,0.0252082434449854,0.7715483410435743,0.8011431034154879,0.029594762371913608,0.029070350526220312
brfss2024,BRFSS 2024,True,ev10,race,brfss2024|race,hgb_deep,False,45,hgb_deep|s45,8978,8,1.2640774097875844,1.5485684004428666,1.9575103325107217,-2.693149130573673,-1.761210148944555,0.9319389816291177,0.8254197344254782,0.8673098342159995,0.041890099790521274,0.7852482850250857,0.8335466589509681,0.04829837392588243,0.12215320115909478
brfss2024,BRFSS 2024,True,ev10,income,brfss2024|income,hgb_deep,False,45,hgb_deep|s45,8978,7,1.1842812698162808,1.4841077297918626,1.7576009867820648,-2.724618508239599,-1.4904650790766574,1.2341534291629415,0.816345342718114,0.8529578218276421,0.03661247910952814,0.7811953924893442,0.809106872231552,0.027911479742207757,0.054408086646158815
brfss2024,BRFSS 2024,True,ev10,health_plan,brfss2024|health_plan,hgb_deep,False,45,hgb_deep|s45,8978,2,1.0292486129570115,1.616408207126872,1.6636859051576627,-2.9162987289938265,-1.852577712157649,1.0637210168361775,0.8336511622626963,0.8482188876058143,0.01456772534311801,0.7915328984439811,0.8224198471885653,0.030886948744584197,0.05542076823749886
brfss2024,BRFSS 2024,True,m30,age_group,brfss2024|age_group,hgb_deep,False,46,hgb_deep|s46,8978,6,1.572613725428555,1.0049032339159065,1.5803246183836965,-5.289143214089902,-1.1734920519693794,4.115651162120523,0.7431672661771174,0.8509068446178991,0.10773957844078175,0.7442742804990959,0.8865607826873828,0.14228650218828687,0.20333951762523206
brfss2024,BRFSS 2024,True,m30,sex,brfss2024|sex,hgb_deep,False,46,hgb_deep|s46,8978,2,1.1035347384498828,1.4160557917956114,1.5626667578296116,-2.299576897819086,-1.4553143682645144,0.8442625295545714,0.8072289109512973,0.8314815278931995,0.024252616941902172,0.7753709617246562,0.7998385410088957,0.024467579284239482,0.009872591418175758
brfss2024,BRFSS 2024,True,m30,race,brfss2024|race,hgb_deep,False,46,hgb_deep|s46,8978,8,1.499116708986483,1.3328100920392991,1.9980378788819255,-2.8688512344025137,-1.7415940662569869,1.1272571681455268,0.8018133742129445,0.8773156380749222,0.07550226386197767,0.7690951016015534,0.8406657757139111,0.07157067411235774,0.18492307692307708
brfss2024,BRFSS 2024,True,m30,income,brfss2024|income,hgb_deep,False,46,hgb_deep|s46,8978,7,1.1695940212914842,1.4142196802580635,1.6540628828225854,-2.5814895697499365,-1.4639293465837353,1.1175602231662012,0.8076105755341616,0.8439949853573488,0.03638440982318725,0.7845688890957423,0.805211670519608,0.020642781423865664,0.10195903439687926
brfss2024,BRFSS 2024,True,m30,health_plan,brfss2024|health_plan,hgb_deep,False,46,hgb_deep|s46,8978,2,1.1007340041033373,1.4030762047181886,1.5444136888815656,-2.804716387252432,-1.8447040250774622,0.9600123621749697,0.816429870333871,0.8255868636733441,0.009156993339473063,0.7933559561266924,0.811728851119085,0.018372894992392586,0.030704785230037834
brfss2024,BRFSS 2024,True,ev10,age_group,brfss2024|age_group,hgb_deep,False,46,hgb_deep|s46,8978,4,1.572613725428555,1.0049032339159065,1.5803246183836965,-4.173060948208694,-1.1734920519693794,2.9995688962393148,0.7431672661771174,0.8509068446178991,0.10773957844078175,0.7442742804990959,0.8454570216151565,0.10118274111606052,0.06077836124993852
brfss2024,BRFSS 2024,True,ev10,sex,brfss2024|sex,hgb_deep,False,46,hgb_deep|s46,8978,2,1.1035347384498828,1.4160557917956114,1.5626667578296116,-2.299576897819086,-1.4553143682645144,0.8442625295545714,0.8072289109512973,0.8314815278931995,0.024252616941902172,0.7753709617246562,0.7998385410088957,0.024467579284239482,0.009872591418175758
brfss2024,BRFSS 2024,True,ev10,race,brfss2024|race,hgb_deep,False,46,hgb_deep|s46,8978,8,1.499116708986483,1.3328100920392991,1.9980378788819255,-2.8688512344025137,-1.7415940662569869,1.1272571681455268,0.8018133742129445,0.8773156380749222,0.07550226386197767,0.7690951016015534,0.8406657757139111,0.07157067411235774,0.18492307692307708
brfss2024,BRFSS 2024,True,ev10,income,brfss2024|income,hgb_deep,False,46,hgb_deep|s46,8978,7,1.1695940212914842,1.4142196802580635,1.6540628828225854,-2.5814895697499365,-1.4639293465837353,1.1175602231662012,0.8076105755341616,0.8439949853573488,0.03638440982318725,0.7845688890957423,0.805211670519608,0.020642781423865664,0.10195903439687926
brfss2024,BRFSS 2024,True,ev10,health_plan,brfss2024|health_plan,hgb_deep,False,46,hgb_deep|s46,8978,2,1.1007340041033373,1.4030762047181886,1.5444136888815656,-2.804716387252432,-1.8447040250774622,0.9600123621749697,0.816429870333871,0.8255868636733441,0.009156993339473063,0.7933559561266924,0.811728851119085,0.018372894992392586,0.030704785230037834
brfss2024,BRFSS 2024,True,m30,age_group,brfss2024|age_group,hgb_deep,False,47,hgb_deep|s47,8978,6,1.6144059862936133,1.011237481751794,1.6325478441045747,-5.262159672160513,-1.2082172560586262,4.053942416101886,0.7444483036900553,0.8649480492040347,0.12049974551397935,0.7445943369803334,0.8912551065739471,0.14666076959361374,0.1657650455306081
brfss2024,BRFSS 2024,True,m30,sex,brfss2024|sex,hgb_deep,False,47,hgb_deep|s47,8978,2,1.1010566048835178,1.3783542584822326,1.5176460601711856,-2.2597508267701136,-1.427429388061127,0.8323214387089866,0.802153021674832,0.8259295899743975,0.023776568299565426,0.7723621585684268,0.7955115893088871,0.023149430740460275,0.018301656019263035
brfss2024,BRFSS 2024,True,m30,race,brfss2024|race,hgb_deep,False,47,hgb_deep|s47,8978,8,1.263005065975212,1.4374493117514944,1.815505762824719,-2.6253002685103444,-1.6237816828058922,1.0015185857044522,0.8134005297765146,0.8600067726360172,0.046606242859502656,0.7667612655669862,0.8247321390373756,0.05797087347038943,0.19558328381857792
brfss2024,BRFSS 2024,True,m30,income,brfss2024|income,hgb_deep,False,47,hgb_deep|s47,8978,7,1.2810967562565228,1.3650617478498686,1.748776177260326,-2.582064908520969,-1.4885962315148866,1.0934686770060824,0.8014689297798427,0.8534366358614685,0.05196770608162571,0.7785463190394395,0.8220523974040534,0.043506078364613954,0.08110987309917028
brfss2024,BRFSS 2024,True,m30,health_plan,brfss2024|health_plan,hgb_deep,False,47,hgb_deep|s47,8978,2,1.121817340690946,1.4973528016341098,1.6797563380053147,-2.803285253801648,-1.824345716302504,0.9789395374991439,0.8199183284642779,0.8487658089720925,0.028847480507814605,0.7906395389913893,0.8339796555508834,0.0433401165594941,0.1104366452732326
brfss2024,BRFSS 2024,True,ev10,age_group,brfss2024|age_group,hgb_deep,False,47,hgb_deep|s47,8978,5,1.6144059862936133,1.011237481751794,1.6325478441045747,-5.206455971005193,-1.2082172560586262,3.9982387149465666,0.7444483036900553,0.8649480492040347,0.12049974551397935,0.7445943369803334,0.8912551065739471,0.14666076959361374,0.1657650455306081
brfss2024,BRFSS 2024,True,ev10,sex,brfss2024|sex,hgb_deep,False,47,hgb_deep|s47,8978,2,1.1010566048835178,1.3783542584822326,1.5176460601711856,-2.2597508267701136,-1.427429388061127,0.8323214387089866,0.802153021674832,0.8259295899743975,0.023776568299565426,0.7723621585684268,0.7955115893088871,0.023149430740460275,0.018301656019263035
brfss2024,BRFSS 2024,True,ev10,race,brfss2024|race,hgb_deep,False,47,hgb_deep|s47,8978,8,1.263005065975212,1.4374493117514944,1.815505762824719,-2.6253002685103444,-1.6237816828058922,1.0015185857044522,0.8134005297765146,0.8600067726360172,0.046606242859502656,0.7667612655669862,0.8247321390373756,0.05797087347038943,0.19558328381857792
brfss2024,BRFSS 2024,True,ev10,income,brfss2024|income,hgb_deep,False,47,hgb_deep|s47,8978,7,1.2810967562565228,1.3650617478498686,1.748776177260326,-2.582064908520969,-1.4885962315148866,1.0934686770060824,0.8014689297798427,0.8534366358614685,0.05196770608162571,0.7785463190394395,0.8220523974040534,0.043506078364613954,0.08110987309917028
brfss2024,BRFSS 2024,True,ev10,health_plan,brfss2024|health_plan,hgb_deep,False,47,hgb_deep|s47,8978,2,1.121817340690946,1.4973528016341098,1.6797563380053147,-2.803285253801648,-1.824345716302504,0.9789395374991439,0.8199183284642779,0.8487658089720925,0.028847480507814605,0.7906395389913893,0.8339796555508834,0.0433401165594941,0.1104366452732326
nhis2023,NHIS 2023,True,m30,age_group,nhis2023|age_group,published,False,,published,5423,4,1.3480698335769468,1.1431053556709363,1.5409858465802355,-5.147932738571648,-1.760683106386107,3.387249632185541,0.7698877061837534,0.8392248068314234,0.06933710064767007,0.7637508978723423,0.860214414455059,0.09646351658271668,0.1280132462576684
nhis2023,NHIS 2023,True,m30,sex,nhis2023|sex,published,False,,published,5423,2,1.02175560948272,1.8589461255469764,1.899388631503792,-3.126044283424763,-3.056285687200333,0.06975859622443004,0.8687086335194042,0.87139844354438,0.002689810024975814,0.8493348617736527,0.8511505150735612,0.001815653299908515,0.018805113976991583
nhis2023,NHIS 2023,True,m30,race,nhis2023|race,published,False,,published,5423,7,1.1856833348739897,1.802743193019001,2.1374825610201538,-4.0993963934399575,-2.66390067974571,1.4354957136942477,0.8623054711438801,0.8872234594261362,0.02491798828225611,0.83858689316469,0.8881240952506517,0.049537202085961685,0.12900378310214355
nhis2023,NHIS 2023,True,m30,insured,nhis2023|insured,published,False,,published,5423,2,1.0366600353299058,1.790707475896161,1.8563548752280408,-4.25251241703361,-3.012177633721966,1.2403347833116438,0.867347581142818,0.873951239126878,0.006603657984060041,0.8461540706088158,0.8895754069044148,0.04342133629559908,0.018324985500436597
nhis2023,NHIS 2023,True,ev10,age_group,nhis2023|age_group,published,False,,published,5423,4,1.3480698335769468,1.1431053556709363,1.5409858465802355,-5.147932738571648,-1.760683106386107,3.387249632185541,0.7698877061837534,0.8392248068314234,0.06933710064767007,0.7637508978723423,0.860214414455059,0.09646351658271668,0.1280132462576684
nhis2023,NHIS 2023,True,ev10,sex,nhis2023|sex,published,False,,published,5423,2,1.02175560948272,1.8589461255469764,1.899388631503792,-3.126044283424763,-3.056285687200333,0.06975859622443004,0.8687086335194042,0.87139844354438,0.002689810024975814,0.8493348617736527,0.8511505150735612,0.001815653299908515,0.018805113976991583
nhis2023,NHIS 2023,True,ev10,race,nhis2023|race,published,False,,published,5423,4,1.084510786288977,1.802743193019001,1.9550944377381376,-3.9116553961694485,-2.66390067974571,1.2477547164237386,0.8623054711438801,0.8809993762621469,0.01869390511826674,0.8406624554849389,0.8881240952506517,0.047461639765712826,0.022210530271712825
nhis2023,NHIS 2023,True,ev10,insured,nhis2023|insured,published,False,,published,5423,2,1.0366600353299058,1.790707475896161,1.8563548752280408,-4.25251241703361,-3.012177633721966,1.2403347833116438,0.867347581142818,0.873951239126878,0.006603657984060041,0.8461540706088158,0.8895754069044148,0.04342133629559908,0.018324985500436597
nhis2023,NHIS 2023,True,m30,age_group,nhis2023|age_group,xgb_published,True,42,xgb_published|s42,5423,4,1.379087716835881,1.0768427462722399,1.4850606043478631,-4.970673456917667,-1.7628328583661539,3.2078405985515133,0.7588509673579362,0.8242963148867999,0.06544534752886366,0.7516403423313891,0.8440339527752047,0.09239361044381555,0.16382563184579602
nhis2023,NHIS 2023,True,m30,sex,nhis2023|sex,xgb_published,True,42,xgb_published|s42,5423,2,1.0014724508168973,1.7607264618205307,1.763319044937571,-3.094568807736829,-2.9199548543974045,0.17461395333942464,0.858082727063032,0.8595777997920839,0.0014950727290519161,0.8384389653098048,0.8462909941201981,0.007852028810393374,0.020618873730779308
nhis2023,NHIS 2023,True,m30,race,nhis2023|race,xgb_published,True,42,xgb_published|s42,5423,7,1.2410720656604555,1.5548976676923247,1.929740060333538,-4.226120463765009,-2.3246428891799558,1.9014775745850536,0.8326508993402113,0.8670953325574979,0.03444443321728663,0.8151319153610832,0.8688171070126329,0.053685191651549724,0.10824372759856626
nhis2023,NHIS 2023,True,m30,insured,nhis2023|insured,xgb_published,True,42,xgb_published|s42,5423,2,1.0295265810007963,1.701042159631363,1.751268118743488,-3.9048083363056283,-2.949771196769649,0.9550371395359791,0.8572395552432899,0.8618056326118362,0.004566077368546306,0.8393012633187626,0.877538070947754,0.0382368076289914,6.477858089815047e-05
nhis2023,NHIS 2023,True,ev10,age_group,nhis2023|age_group,xgb_published,True,42,xgb_published|s42,5423,4,1.379087716835881,1.0768427462722399,1.4850606043478631,-4.970673456917667,-1.7628328583661539,3.2078405985515133,0.7588509673579362,0.8242963148867999,0.06544534752886366,0.7516403423313891,0.8440339527752047,0.09239361044381555,0.16382563184579602
nhis2023,NHIS 2023,True,ev10,sex,nhis2023|sex,xgb_published,True,42,xgb_published|s42,5423,2,1.0014724508168973,1.7607264618205307,1.763319044937571,-3.094568807736829,-2.9199548543974045,0.17461395333942464,0.858082727063032,0.8595777997920839,0.0014950727290519161,0.8384389653098048,0.8462909941201981,0.007852028810393374,0.020618873730779308
nhis2023,NHIS 2023,True,ev10,race,nhis2023|race,xgb_published,True,42,xgb_published|s42,5423,4,1.0501210988081187,1.7180551654001743,1.804165978102995,-3.7031253957573216,-2.6070367704738993,1.0960886252834223,0.8536657018302678,0.8670953325574979,0.013429630727230135,0.8262922840583273,0.8688171070126329,0.0425248229543056,0.04224856611639238
nhis2023,NHIS 2023,True,ev10,insured,nhis2023|insured,xgb_published,True,42,xgb_published|s42,5423,2,1.0295265810007963,1.701042159631363,1.751268118743488,-3.9048083363056283,-2.949771196769649,0.9550371395359791,0.8572395552432899,0.8618056326118362,0.004566077368546306,0.8393012633187626,0.877538070947754,0.0382368076289914,6.477858089815047e-05
nhis2023,NHIS 2023,True,m30,age_group,nhis2023|age_group,xgb_published,True,43,xgb_published|s43,5423,4,1.243177324211677,1.1613878947565344,1.4438110953752612,-5.05997475933387,-1.7566783230326455,3.3032964363012245,0.7728038915932042,0.8208223697764963,0.04801847818329208,0.7619342122178274,0.8481750174050398,0.08624080518721233,0.12952250559894407
nhis2023,NHIS 2023,True,m30,sex,nhis2023|sex,xgb_published,True,43,xgb_published|s43,5423,2,1.0212373862092352,1.774654934444004,1.8123439666749162,-3.1151992366102514,-3.0277894745775757,0.0874097620326757,0.8610879918501746,0.8636486894450852,0.0025606975949106214,0.84350930412523,0.8521985347977077,0.008689230672477732,0.01607713254200649
nhis2023,NHIS 2023,True,m30,race,nhis2023|race,xgb_published,True,43,xgb_published|s43,5423,7,1.12910280836715,1.6679023977911211,1.8832332814282582,-4.265762789395799,-2.379792875719078,1.8859699136767212,0.8435560312853968,0.8674851613396872,0.023929130054290426,0.7872226180852657,0.8734266190772688,0.0862040009920031,0.18936420722135006
nhis2023,NHIS 2023,True,m30,insured,nhis2023|insured,xgb_published,True,43,xgb_published|s43,5423,2,1.0355543426876446,1.7246873751860035,1.7860075011524208,-3.7929933782813348,-3.020160812213021,0.7728325660683137,0.8611849773838516,0.8631020468767412,0.0019170694928896115,0.8456616758487487,0.8692107501437907,0.02354907429504194,0.005590333758329513
nhis2023,NHIS 2023,True,ev10,age_group,nhis2023|age_group,xgb_published,True,43,xgb_published|s43,5423,4,1.243177324211677,1.1613878947565344,1.4438110953752612,-5.05997475933387,-1.7566783230326455,3.3032964363012245,0.7728038915932042,0.8208223697764963,0.04801847818329208,0.7619342122178274,0.8481750174050398,0.08624080518721233,0.12952250559894407
nhis2023,NHIS 2023,True,ev10,sex,nhis2023|sex,xgb_published,True,43,xgb_published|s43,5423,2,1.0212373862092352,1.774654934444004,1.8123439666749162,-3.1151992366102514,-3.0277894745775757,0.0874097620326757,0.8610879918501746,0.8636486894450852,0.0025606975949106214,0.84350930412523,0.8521985347977077,0.008689230672477732,0.01607713254200649
nhis2023,NHIS 2023,True,ev10,race,nhis2023|race,xgb_published,True,43,xgb_published|s43,5423,5,1.12910280836715,1.6679023977911211,1.8832332814282582,-3.7194154826677246,-2.379792875719078,1.3396226069486468,0.8435560312853968,0.8674851613396872,0.023929130054290426,0.7872226180852657,0.868962399884448,0.08173978179918229,0.11232684939581505
nhis2023,NHIS 2023,True,ev10,insured,nhis2023|insured,xgb_published,True,43,xgb_published|s43,5423,2,1.0355543426876446,1.7246873751860035,1.7860075011524208,-3.7929933782813348,-3.020160812213021,0.7728325660683137,0.8611849773838516,0.8631020468767412,0.0019170694928896115,0.8456616758487487,0.8692107501437907,0.02354907429504194,0.005590333758329513
nhis2023,NHIS 2023,True,m30,age_group,nhis2023|age_group,xgb_published,True,44,xgb_published|s44,5423,4,1.2736382746224684,1.1403570611530918,1.4524023998205724,-5.098331580344126,-1.790387040946952,3.3079445393971736,0.7696338756141201,0.8282768539151593,0.05864297830103915,0.7664632008412027,0.8535054244960238,0.08704222365482117,0.17449944123048222
nhis2023,NHIS 2023,True,m30,sex,nhis2023|sex,xgb_published,True,44,xgb_published|s44,5423,2,1.0604943090538663,1.7638975224018258,1.870603284261351,-3.1232696155305324,-2.9963171400887245,0.12695247544180788,0.8601640349395067,0.8684029280620492,0.008238893122542557,0.8439825334832052,0.8492921156382327,0.005309582155027526,0.03489115189411873
nhis2023,NHIS 2023,True,m30,race,nhis2023|race,xgb_published,True,44,xgb_published|s44,5423,7,1.1674912129408765,1.5986484384569097,1.866408004480096,-3.800461199160672,-2.6588393345322965,1.1416218646283753,0.8483048124887935,0.8726658169069272,0.024361004418133714,0.8282531116392513,0.8753956466371153,0.04714253499786403,0.11648278935371603
nhis2023,NHIS 2023,True,m30,insured,nhis2023|insured,xgb_published,True,44,xgb_published|s44,5423,2,1.0095465843878026,1.7909890535404134,1.8080868816776678,-4.1369676816626955,-2.987774063838561,1.1491936178241344,0.8613186015246692,0.8744442279947349,0.013125626470065654,0.843508659363504,0.8772629165120116,0.03375425714850755,0.034862895905663605
nhis2023,NHIS 2023,True,ev10,age_group,nhis2023|age_group,xgb_published,True,44,xgb_published|s44,5423,4,1.2736382746224684,1.1403570611530918,1.4524023998205724,-5.098331580344126,-1.790387040946952,3.3079445393971736,0.7696338756141201,0.8282768539151593,0.05864297830103915,0.7664632008412027,0.8535054244960238,0.08704222365482117,0.17449944123048222
nhis2023,NHIS 2023,True,ev10,sex,nhis2023|sex,xgb_published,True,44,xgb_published|s44,5423,2,1.0604943090538663,1.7638975224018258,1.870603284261351,-3.1232696155305324,-2.9963171400887245,0.12695247544180788,0.8601640349395067,0.8684029280620492,0.008238893122542557,0.8439825334832052,0.8492921156382327,0.005309582155027526,0.03489115189411873
nhis2023,NHIS 2023,True,ev10,race,nhis2023|race,xgb_published,True,44,xgb_published|s44,5423,4,1.0518238276334522,1.7744492522853519,1.866408004480096,-3.7774253501791497,-2.84229977539518,0.9351255747839695,0.8595268694955018,0.8726658169069272,0.013138947411425406,0.8395678624938102,0.8753956466371153,0.03582778414330512,0.05531101151527151
nhis2023,NHIS 2023,True,ev10,insured,nhis2023|insured,xgb_published,True,44,xgb_published|s44,5423,2,1.0095465843878026,1.7909890535404134,1.8080868816776678,-4.1369676816626955,-2.987774063838561,1.1491936178241344,0.8613186015246692,0.8744442279947349,0.013125626470065654,0.843508659363504,0.8772629165120116,0.03375425714850755,0.034862895905663605
nhis2023,NHIS 2023,True,m30,age_group,nhis2023|age_group,xgb_published,True,45,xgb_published|s45,5423,4,1.2955907800134876,1.1187654581054562,1.4494622125189949,-4.900404858977869,-1.7674024152582464,3.133002443719623,0.7659420898825982,0.8188184682737272,0.05287637839112902,0.7590182640598244,0.8411073910049629,0.08208912694513848,0.14173279978181508
nhis2023,NHIS 2023,True,m30,sex,nhis2023|sex,xgb_published,True,45,xgb_published|s45,5423,2,1.0012363576204713,1.754803907922192,1.7569734731061841,-3.0789269062207545,-2.9323124999878964,0.14661440623285804,0.8576072686214706,0.8588615428125743,0.001254274191103688,0.842673816762235,0.8459451146163113,0.003271297854076316,0.0292814369379657
nhis2023,NHIS 2023,True,m30,race,nhis2023|race,xgb_published,True,45,xgb_published|s45,5423,7,1.1816726266016981,1.57088678278106,1.8562739107027864,-3.929653789891488,-2.6530408290802403,1.2766129608112475,0.8432805000248411,0.8670759509940497,0.023795450969208543,0.8317867159711128,0.8685003672136311,0.03671365124251835,0.27073732718894017
nhis2023,NHIS 2023,True,m30,insured,nhis2023|insured,xgb_published,True,45,xgb_published|s45,5423,2,1.1314761192511142,1.547472179425648,1.7509278162255963,-3.9756981918635605,-2.9415344560351895,1.034163735828371,0.8452567838520045,0.8571256368445688,0.011868852992564238,0.8412552876090433,0.8605227576274664,0.019267470018423105,0.04182199186446034
nhis2023,NHIS 2023,True,ev10,age_group,nhis2023|age_group,xgb_published,True,45,xgb_published|s45,5423,4,1.2955907800134876,1.1187654581054562,1.4494622125189949,-4.900404858977869,-1.7674024152582464,3.133002443719623,0.7659420898825982,0.8188184682737272,0.05287637839112902,0.7590182640598244,0.8411073910049629,0.08208912694513848,0.14173279978181508
nhis2023,NHIS 2023,True,ev10,sex,nhis2023|sex,xgb_published,True,45,xgb_published|s45,5423,2,1.0012363576204713,1.754803907922192,1.7569734731061841,-3.0789269062207545,-2.9323124999878964,0.14661440623285804,0.8576072686214706,0.8588615428125743,0.001254274191103688,0.842673816762235,0.8459451146163113,0.003271297854076316,0.0292814369379657
nhis2023,NHIS 2023,True,ev10,race,nhis2023|race,xgb_published,True,45,xgb_published|s45,5423,4,1.0688681574880912,1.7010543031442196,1.8182027787889508,-3.789765700658242,-2.8161311286870454,0.9736345719711967,0.8514873249909197,0.8670759509940497,0.015588626003129935,0.8349914268410368,0.8685003672136311,0.03350894037259433,0.025576505369151348
nhis2023,NHIS 2023,True,ev10,insured,nhis2023|insured,xgb_published,True,45,xgb_published|s45,5423,2,1.1314761192511142,1.547472179425648,1.7509278162255963,-3.9756981918635605,-2.9415344560351895,1.034163735828371,0.8452567838520045,0.8571256368445688,0.011868852992564238,0.8412552876090433,0.8605227576274664,0.019267470018423105,0.04182199186446034
nhis2023,NHIS 2023,True,m30,age_group,nhis2023|age_group,xgb_published,True,46,xgb_published|s46,5423,4,1.4043352236150635,1.091700129060453,1.5331129448647052,-5.095137828986392,-1.8011347353208453,3.2940030936655464,0.7616190379003446,0.8302000951652014,0.06858105726485686,0.7575894315532683,0.8465019242802152,0.0889124927269469,0.13219155601128074
nhis2023,NHIS 2023,True,m30,sex,nhis2023|sex,xgb_published,True,46,xgb_published|s46,5423,2,1.0431418378281103,1.776764339419857,1.8534172184098778,-3.1625035693214962,-3.0289819833339116,0.13352158598758468,0.8617596225867485,0.8672628299944336,0.005503207407685062,0.8466685216040155,0.8490203189618377,0.002351797357822205,0.020745655313557765
nhis2023,NHIS 2023,True,m30,race,nhis2023|race,xgb_published,True,46,xgb_published|s46,5423,7,1.1360191500271224,1.6832524185930458,1.9122069818511698,-3.739452263195895,-2.7431839240836915,0.9962683391122034,0.8539836172338429,0.8770221313686541,0.023038514134811283,0.8233109051491094,0.8769214005671192,0.053610495418009774,0.12032667876588021
nhis2023,NHIS 2023,True,m30,insured,nhis2023|insured,xgb_published,True,46,xgb_published|s46,5423,2,1.0235679330940135,1.756166916019757,1.7975561403984308,-4.111300773539531,-3.0301404891992187,1.0811602843403123,0.8623392088429913,0.8692958801577149,0.00695667131472355,0.8448904611784169,0.876225922554241,0.0313354613758241,0.0021886204934177256
nhis2023,NHIS 2023,True,ev10,age_group,nhis2023|age_group,xgb_published,True,46,xgb_published|s46,5423,4,1.4043352236150635,1.091700129060453,1.5331129448647052,-5.095137828986392,-1.8011347353208453,3.2940030936655464,0.7616190379003446,0.8302000951652014,0.06858105726485686,0.7575894315532683,0.8465019242802152,0.0889124927269469,0.13219155601128074
nhis2023,NHIS 2023,True,ev10,sex,nhis2023|sex,xgb_published,True,46,xgb_published|s46,5423,2,1.0431418378281103,1.776764339419857,1.8534172184098778,-3.1625035693214962,-3.0289819833339116,0.13352158598758468,0.8617596225867485,0.8672628299944336,0.005503207407685062,0.8466685216040155,0.8490203189618377,0.002351797357822205,0.020745655313557765
nhis2023,NHIS 2023,True,ev10,race,nhis2023|race,xgb_published,True,46,xgb_published|s46,5423,5,1.0830832012583578,1.7655217804407932,1.9122069818511698,-3.680675799337039,-2.7450196090156744,0.9356561903213647,0.8592683117115361,0.8770221313686541,0.017753819657118086,0.8233109051491094,0.8769214005671192,0.053610495418009774,0.10336057835635504
nhis2023,NHIS 2023,True,ev10,insured,nhis2023|insured,xgb_published,True,46,xgb_published|s46,5423,2,1.0235679330940135,1.756166916019757,1.7975561403984308,-4.111300773539531,-3.0301404891992187,1.0811602843403123,0.8623392088429913,0.8692958801577149,0.00695667131472355,0.8448904611784169,0.876225922554241,0.0313354613758241,0.0021886204934177256
nhis2023,NHIS 2023,True,m30,age_group,nhis2023|age_group,xgb_published,True,47,xgb_published|s47,5423,4,1.3270111732716652,1.1352879263063353,1.506539763088926,-5.2748990032482626,-1.76069731485857,3.5142016883896927,0.7686157448510348,0.8311813968104736,0.06256565195943886,0.7552174232260935,0.8541611782722021,0.09894375504610853,0.0919235413085907
nhis2023,NHIS 2023,True,m30,sex,nhis2023|sex,xgb_published,True,47,xgb_published|s47,5423,2,1.0150034572020414,1.879593256414513,1.907793653394374,-3.168677774047716,-3.06182422706282,0.10685354698489569,0.8708836203334984,0.8721413339110711,0.00125771357757265,0.8482367425884882,0.8493763301742336,0.001139587585745394,0.03247863269419171
nhis2023,NHIS 2023,True,m30,race,nhis2023|race,xgb_published,True,47,xgb_published|s47,5423,7,1.1753146932559053,1.6616466064438062,1.9529576715522183,-4.042632662179237,-2.6035171408432354,1.4391155213360016,0.8525557871098046,0.8857199668405324,0.03316417973072783,0.8138598201050538,0.877020745374388,0.06316092526933426,0.2989249910490511
nhis2023,NHIS 2023,True,m30,insured,nhis2023|insured,xgb_published,True,47,xgb_published|s47,5423,2,1.0977985600960216,1.7141624411718837,1.8818050596891753,-4.208232045079709,-3.0419956270535677,1.1662364180261409,0.8660225840874101,0.8697988513836457,0.0037762672962355914,0.8455405904350631,0.8639619323304433,0.01842134189538014,0.03964743300268314
nhis2023,NHIS 2023,True,ev10,age_group,nhis2023|age_group,xgb_published,True,47,xgb_published|s47,5423,4,1.3270111732716652,1.1352879263063353,1.506539763088926,-5.2748990032482626,-1.76069731485857,3.5142016883896927,0.7686157448510348,0.8311813968104736,0.06256565195943886,0.7552174232260935,0.8541611782722021,0.09894375504610853,0.0919235413085907
nhis2023,NHIS 2023,True,ev10,sex,nhis2023|sex,xgb_published,True,47,xgb_published|s47,5423,2,1.0150034572020414,1.879593256414513,1.907793653394374,-3.168677774047716,-3.06182422706282,0.10685354698489569,0.8708836203334984,0.8721413339110711,0.00125771357757265,0.8482367425884882,0.8493763301742336,0.001139587585745394,0.03247863269419171
nhis2023,NHIS 2023,True,ev10,race,nhis2023|race,xgb_published,True,47,xgb_published|s47,5423,4,1.0580196246933236,1.8389156589253768,1.945608855298903,-3.8727187110042625,-2.852535755364773,1.0201829556394895,0.8654950197831108,0.883412844250794,0.017917824467683197,0.8340196506522876,0.877020745374388,0.04300109472210045,0.11903488115894123
nhis2023,NHIS 2023,True,ev10,insured,nhis2023|insured,xgb_published,True,47,xgb_published|s47,5423,2,1.0977985600960216,1.7141624411718837,1.8818050596891753,-4.208232045079709,-3.0419956270535677,1.1662364180261409,0.8660225840874101,0.8697988513836457,0.0037762672962355914,0.8455405904350631,0.8639619323304433,0.01842134189538014,0.03964743300268314
nhis2023,NHIS 2023,True,m30,age_group,nhis2023|age_group,logreg_l2,False,42,logreg_l2|s42,5423,4,1.2393535195163208,1.0409771069397566,1.2901386412217049,-4.281081156053272,-1.8225104790494713,2.4585706770038005,0.7654146604572152,0.7978765377029238,0.03246187724570859,0.7689142008999059,0.8059038097907768,0.036989608890870884,0.12825004014999086
nhis2023,NHIS 2023,True,m30,sex,nhis2023|sex,logreg_l2,False,42,logreg_l2|s42,5423,2,1.0450145981584986,1.4769303196974521,1.543413744546736,-2.9004626579200785,-2.7594770048683586,0.14098565305171995,0.8268216948217275,0.8335058159464381,0.006684121124710618,0.830561828923053,0.8319577923812289,0.0013959634581759417,0.024306392993748815
nhis2023,NHIS 2023,True,m30,race,nhis2023|race,logreg_l2,False,42,logreg_l2|s42,5423,7,1.3628076136506888,1.2564759342055019,1.71233496950412,-3.819697243365212,-2.236385714193708,1.583311529171504,0.8006023148142396,0.8467468185686666,0.046144503754427024,0.806747327500611,0.8496912069721023,0.042943879471491364,0.16021505376344103
nhis2023,NHIS 2023,True,m30,insured,nhis2023|insured,logreg_l2,False,42,logreg_l2|s42,5423,2,1.0434856914872783,1.434844447533761,1.4972396505114485,-3.675369057368357,-2.7749682801369207,0.9004007772314364,0.8281612426921348,0.8282333881451234,7.214545298861452e-05,0.829026771847414,0.843193101066836,0.014166329219421958,0.010977439262098598
nhis2023,NHIS 2023,True,ev10,age_group,nhis2023|age_group,logreg_l2,False,42,logreg_l2|s42,5423,4,1.2393535195163208,1.0409771069397566,1.2901386412217049,-4.281081156053272,-1.8225104790494713,2.4585706770038005,0.7654146604572152,0.7978765377029238,0.03246187724570859,0.7689142008999059,0.8059038097907768,0.036989608890870884,0.12825004014999086
nhis2023,NHIS 2023,True,ev10,sex,nhis2023|sex,logreg_l2,False,42,logreg_l2|s42,5423,2,1.0450145981584986,1.4769303196974521,1.543413744546736,-2.9004626579200785,-2.7594770048683586,0.14098565305171995,0.8268216948217275,0.8335058159464381,0.006684121124710618,0.830561828923053,0.8319577923812289,0.0013959634581759417,0.024306392993748815
nhis2023,NHIS 2023,True,ev10,race,nhis2023|race,logreg_l2,False,42,logreg_l2|s42,5423,4,1.0124465357764663,1.4836519342624732,1.5021182611420945,-3.4493394022376496,-2.48056539539005,0.9687740068475996,0.8260494476086975,0.8326791669333389,0.006629719324641403,0.8160997519469034,0.8496912069721023,0.03359145502519889,0.03971516192190716
nhis2023,NHIS 2023,True,ev10,insured,nhis2023|insured,logreg_l2,False,42,logreg_l2|s42,5423,2,1.0434856914872783,1.434844447533761,1.4972396505114485,-3.675369057368357,-2.7749682801369207,0.9004007772314364,0.8281612426921348,0.8282333881451234,7.214545298861452e-05,0.829026771847414,0.843193101066836,0.014166329219421958,0.010977439262098598
nhis2023,NHIS 2023,True,m30,age_group,nhis2023|age_group,logreg_l2,False,43,logreg_l2|s43,5423,4,1.2212447191375313,1.0202218959951137,1.2459406028325124,-4.31462997325257,-1.8100487145412678,2.504581258711302,0.7612915405760294,0.794099265422225,0.03280772484619554,0.7828291811096525,0.8180350020358048,0.03520582092615232,0.14041002515384482
nhis2023,NHIS 2023,True,m30,sex,nhis2023|sex,logreg_l2,False,43,logreg_l2|s43,5423,2,1.0102740841297888,1.5237542787833414,1.539409458436687,-2.925321343277898,-2.8368007617517055,0.08852058152619247,0.8327569345155641,0.833768516898548,0.0010115823829839332,0.8371884322867982,0.840423991741061,0.003235559454262793,0.011567836254818498
nhis2023,NHIS 2023,True,m30,race,nhis2023|race,logreg_l2,False,43,logreg_l2|s43,5423,7,1.223857447949935,1.318008908319964,1.613055018911751,-3.824249305793438,-2.239620783442086,1.5846285223513523,0.8124830123666031,0.8432083370358712,0.030725324669268028,0.7810934827042395,0.8711382034140491,0.09004472070980962,0.184981684981685
nhis2023,NHIS 2023,True,m30,insured,nhis2023|insured,logreg_l2,False,43,logreg_l2|s43,5423,2,1.1158453868005347,1.3742849085120654,1.533489475312783,-3.4803322997255313,-2.8390602607480986,0.6412720389774327,0.8182375136838569,0.8330957575888659,0.014858243905009005,0.8375577926647801,0.8380466574282737,0.0004888647634935239,0.01524849676142781
nhis2023,NHIS 2023,True,ev10,age_group,nhis2023|age_group,logreg_l2,False,43,logreg_l2|s43,5423,4,1.2212447191375313,1.0202218959951137,1.2459406028325124,-4.31462997325257,-1.8100487145412678,2.504581258711302,0.7612915405760294,0.794099265422225,0.03280772484619554,0.7828291811096525,0.8180350020358048,0.03520582092615232,0.14041002515384482
nhis2023,NHIS 2023,True,ev10,sex,nhis2023|sex,logreg_l2,False,43,logreg_l2|s43,5423,2,1.0102740841297888,1.5237542787833414,1.539409458436687,-2.925321343277898,-2.8368007617517055,0.08852058152619247,0.8327569345155641,0.833768516898548,0.0010115823829839332,0.8371884322867982,0.840423991741061,0.003235559454262793,0.011567836254818498
nhis2023,NHIS 2023,True,ev10,race,nhis2023|race,logreg_l2,False,43,logreg_l2|s43,5423,5,1.0836297441528662,1.4697470744668801,1.592661646273969,-3.4326530125159613,-2.239620783442086,1.1930322290738755,0.8199823735172118,0.8372131449218078,0.017230771404595946,0.7810934827042395,0.8526553779498329,0.07156189524559342,0.11958572696277614
nhis2023,NHIS 2023,True,ev10,insured,nhis2023|insured,logreg_l2,False,43,logreg_l2|s43,5423,2,1.1158453868005347,1.3742849085120654,1.533489475312783,-3.4803322997255313,-2.8390602607480986,0.6412720389774327,0.8182375136838569,0.8330957575888659,0.014858243905009005,0.8375577926647801,0.8380466574282737,0.0004888647634935239,0.01524849676142781
nhis2023,NHIS 2023,True,m30,age_group,nhis2023|age_group,logreg_l2,False,44,logreg_l2|s44,5423,4,1.2425762438694157,1.0255196274224205,1.274286326656914,-4.351596427593261,-1.8383287272778046,2.513267700315456,0.7624770318052442,0.7958036526824399,0.033326620877195734,0.7837184388606893,0.8070370172139862,0.02331857835329698,0.18469825303602982
nhis2023,NHIS 2023,True,m30,sex,nhis2023|sex,logreg_l2,False,44,logreg_l2|s44,5423,2,1.056082437413256,1.4941751612821792,1.5779721462492289,-2.932081811101287,-2.7993528799868335,0.13272893111445372,0.8292460827054409,0.837834224369393,0.008588141663952165,0.8356534786986901,0.8413376711481064,0.005684192449416314,0.037494597257847984
nhis2023,NHIS 2023,True,m30,race,nhis2023|race,logreg_l2,False,44,logreg_l2|s44,5423,7,1.3124137744239124,1.206466436115727,1.583383169138407,-3.506576762015682,-2.5841089775947923,0.9224677844208897,0.7919477230138096,0.8372248126984614,0.04527708968465183,0.8116901145786386,0.8591882078534604,0.047498093274821795,0.13006571709596193
nhis2023,NHIS 2023,True,m30,insured,nhis2023|insured,logreg_l2,False,44,logreg_l2|s44,5423,2,1.1276251794713459,1.35493704004214,1.5278611229498924,-3.7433900574452452,-2.808249265830295,0.9351407916149501,0.8174719806967872,0.8321424160146621,0.01467043531787493,0.8360467448112369,0.8428256481487636,0.006778903337526732,0.048709591127162555
nhis2023,NHIS 2023,True,ev10,age_group,nhis2023|age_group,logreg_l2,False,44,logreg_l2|s44,5423,4,1.2425762438694157,1.0255196274224205,1.274286326656914,-4.351596427593261,-1.8383287272778046,2.513267700315456,0.7624770318052442,0.7958036526824399,0.033326620877195734,0.7837184388606893,0.8070370172139862,0.02331857835329698,0.18469825303602982
nhis2023,NHIS 2023,True,ev10,sex,nhis2023|sex,logreg_l2,False,44,logreg_l2|s44,5423,2,1.056082437413256,1.4941751612821792,1.5779721462492289,-2.932081811101287,-2.7993528799868335,0.13272893111445372,0.8292460827054409,0.837834224369393,0.008588141663952165,0.8356534786986901,0.8413376711481064,0.005684192449416314,0.037494597257847984
nhis2023,NHIS 2023,True,ev10,race,nhis2023|race,logreg_l2,False,44,logreg_l2|s44,5423,4,1.0602158554896777,1.4934535839469183,1.583383169138407,-3.506576762015682,-2.67133432636679,0.8352424356488921,0.8307825216308006,0.8372248126984614,0.00644229106766081,0.8310434064473586,0.8591882078534604,0.02814480140610176,0.05204920546363101
nhis2023,NHIS 2023,True,ev10,insured,nhis2023|insured,logreg_l2,False,44,logreg_l2|s44,5423,2,1.1276251794713459,1.35493704004214,1.5278611229498924,-3.7433900574452452,-2.808249265830295,0.9351407916149501,0.8174719806967872,0.8321424160146621,0.01467043531787493,0.8360467448112369,0.8428256481487636,0.006778903337526732,0.048709591127162555
nhis2023,NHIS 2023,True,m30,age_group,nhis2023|age_group,logreg_l2,False,45,logreg_l2|s45,5423,4,1.2195069195636243,1.0429270475407928,1.271856751076058,-4.241984751765926,-1.814800598691797,2.4271841530741294,0.7656886072403521,0.7943679544205413,0.028679347180189163,0.7767469776686518,0.8022629455183503,0.025515967849698562,0.14935215182534967
nhis2023,NHIS 2023,True,m30,sex,nhis2023|sex,logreg_l2,False,45,logreg_l2|s45,5423,2,1.0399048714823298,1.4846221404106483,1.5438657961235567,-2.888022397420077,-2.7650268578637243,0.1229955395563529,0.8276614440578113,0.8336106089905317,0.005949164932720463,0.8330310475668056,0.83587406061717,0.0028430130503643847,0.030957454713281485
nhis2023,NHIS 2023,True,m30,race,nhis2023|race,logreg_l2,False,45,logreg_l2|s45,5423,7,1.1814946137110287,1.3378283164272715,1.580636949928915,-3.5665118859045246,-2.4933418823278566,1.073170003576668,0.813510919392589,0.8352561850751892,0.021745265682600157,0.8147167196585385,0.8473425994393831,0.032625879780844524,0.26344086021505386
nhis2023,NHIS 2023,True,m30,insured,nhis2023|insured,logreg_l2,False,45,logreg_l2|s45,5423,2,1.130375285950587,1.3330588764687208,1.5068568086772982,-3.677289382568923,-2.770048910385906,0.907240472183017,0.8137278130039303,0.8292795761720968,0.015551763168166532,0.8321275816270921,0.8357498671752386,0.0036222855481464755,0.01552013695529697
nhis2023,NHIS 2023,True,ev10,age_group,nhis2023|age_group,logreg_l2,False,45,logreg_l2|s45,5423,4,1.2195069195636243,1.0429270475407928,1.271856751076058,-4.241984751765926,-1.814800598691797,2.4271841530741294,0.7656886072403521,0.7943679544205413,0.028679347180189163,0.7767469776686518,0.8022629455183503,0.025515967849698562,0.14935215182534967
nhis2023,NHIS 2023,True,ev10,sex,nhis2023|sex,logreg_l2,False,45,logreg_l2|s45,5423,2,1.0399048714823298,1.4846221404106483,1.5438657961235567,-2.888022397420077,-2.7650268578637243,0.1229955395563529,0.8276614440578113,0.8336106089905317,0.005949164932720463,0.8330310475668056,0.83587406061717,0.0028430130503643847,0.030957454713281485
nhis2023,NHIS 2023,True,ev10,race,nhis2023|race,logreg_l2,False,45,logreg_l2|s45,5423,4,1.0902653256725379,1.4211385872730213,1.549418124679031,-3.5478709779805744,-2.650723680740159,0.8971472972404153,0.8253144260381107,0.8340184884174486,0.008704062379337962,0.8286211812409365,0.8473425994393831,0.018721418198446527,0.02830648375684619
nhis2023,NHIS 2023,True,ev10,insured,nhis2023|insured,logreg_l2,False,45,logreg_l2|s45,5423,2,1.130375285950587,1.3330588764687208,1.5068568086772982,-3.677289382568923,-2.770048910385906,0.907240472183017,0.8137278130039303,0.8292795761720968,0.015551763168166532,0.8321275816270921,0.8357498671752386,0.0036222855481464755,0.01552013695529697
nhis2023,NHIS 2023,True,m30,age_group,nhis2023|age_group,logreg_l2,False,46,logreg_l2|s46,5423,4,1.2713488362247294,1.0410537460482021,1.3235424684857768,-4.2864492855292475,-1.8574372802288865,2.429012005300361,0.765446117581052,0.802878839634149,0.037432722053097,0.7779922204055455,0.8147047727158943,0.036712552310348756,0.14365559051940135
nhis2023,NHIS 2023,True,m30,sex,nhis2023|sex,logreg_l2,False,46,logreg_l2|s46,5423,2,1.0498119715993068,1.4838679214004122,1.5577823081583322,-2.9548454860706257,-2.8177619161903817,0.13708356988024395,0.8281860554251269,0.8357160895758832,0.00753003415075626,0.8323885792209489,0.8412980016152405,0.0089094223942916,0.020264160188598335
nhis2023,NHIS 2023,True,m30,race,nhis2023|race,logreg_l2,False,46,logreg_l2|s46,5423,7,1.1452407207964495,1.3530386281746665,1.5495549337961942,-3.4214276884416277,-2.572091628307304,0.8493360601343238,0.8145960771859759,0.838234971406765,0.02363889422078902,0.781985867264419,0.8539351406597339,0.07194927339531487,0.17949183303085292
nhis2023,NHIS 2023,True,m30,insured,nhis2023|insured,logreg_l2,False,46,logreg_l2|s46,5423,2,1.085263988715199,1.3911215343737122,1.5097341051820226,-3.784855057025171,-2.828862741991446,0.9559923150337251,0.823033266630779,0.8301741627928438,0.007140896162064814,0.8346221119778885,0.8445252372865872,0.009903125308698746,0.0071120420479130475
nhis2023,NHIS 2023,True,ev10,age_group,nhis2023|age_group,logreg_l2,False,46,logreg_l2|s46,5423,4,1.2713488362247294,1.0410537460482021,1.3235424684857768,-4.2864492855292475,-1.8574372802288865,2.429012005300361,0.765446117581052,0.802878839634149,0.037432722053097,0.7779922204055455,0.8147047727158943,0.036712552310348756,0.14365559051940135
nhis2023,NHIS 2023,True,ev10,sex,nhis2023|sex,logreg_l2,False,46,logreg_l2|s46,5423,2,1.0498119715993068,1.4838679214004122,1.5577823081583322,-2.9548454860706257,-2.8177619161903817,0.13708356988024395,0.8281860554251269,0.8357160895758832,0.00753003415075626,0.8323885792209489,0.8412980016152405,0.0089094223942916,0.020264160188598335
nhis2023,NHIS 2023,True,ev10,race,nhis2023|race,logreg_l2,False,46,logreg_l2|s46,5423,5,1.1014224299716981,1.4068670581150333,1.5495549337961942,-3.4214276884416277,-2.572091628307304,0.8493360601343238,0.8148809900682032,0.838234971406765,0.023353981338561702,0.781985867264419,0.8539351406597339,0.07194927339531487,0.12607743059877996
nhis2023,NHIS 2023,True,ev10,insured,nhis2023|insured,logreg_l2,False,46,logreg_l2|s46,5423,2,1.085263988715199,1.3911215343737122,1.5097341051820226,-3.784855057025171,-2.828862741991446,0.9559923150337251,0.823033266630779,0.8301741627928438,0.007140896162064814,0.8346221119778885,0.8445252372865872,0.009903125308698746,0.0071120420479130475
nhis2023,NHIS 2023,True,m30,age_group,nhis2023|age_group,logreg_l2,False,47,logreg_l2|s47,5423,4,1.2704880285866054,1.0314545386142895,1.3104506433407752,-4.34425902070928,-1.782314636833055,2.5619443838762246,0.7636677301146055,0.8010427563882812,0.037375026273675616,0.7766569639227126,0.8100110015657518,0.033354037643039236,0.11812993400676342
nhis2023,NHIS 2023,True,m30,sex,nhis2023|sex,logreg_l2,False,47,logreg_l2|s47,5423,2,1.0198871230716888,1.5334876421540606,1.5639842996224924,-2.89876528172251,-2.8023246439414518,0.09644063778105805,0.8336590744980263,0.8362787986510353,0.002619724153008929,0.8376215733114953,0.8402413836104512,0.0026198102989558603,0.027648554147214788
nhis2023,NHIS 2023,True,m30,race,nhis2023|race,logreg_l2,False,47,logreg_l2|s47,5423,7,1.1144689254871951,1.3929790247559233,1.552431836945935,-3.5066984299738704,-2.3851964796452756,1.1215019503285948,0.8164577621175606,0.8405566372954316,0.024098875177871015,0.8038665322678227,0.8528334704771787,0.04896693820935605,0.22796186895810944
nhis2023,NHIS 2023,True,m30,insured,nhis2023|insured,logreg_l2,False,47,logreg_l2|s47,5423,2,1.181903988290907,1.3016749725513712,1.5384548415169226,-3.885685908150976,-2.7809882091173326,1.1046976990336432,0.8103554477777948,0.8331305854420346,0.022775137664239775,0.8270919111080491,0.8361253149780898,0.009033403870040702,0.0535430570164408
nhis2023,NHIS 2023,True,ev10,age_group,nhis2023|age_group,logreg_l2,False,47,logreg_l2|s47,5423,4,1.2704880285866054,1.0314545386142895,1.3104506433407752,-4.34425902070928,-1.782314636833055,2.5619443838762246,0.7636677301146055,0.8010427563882812,0.037375026273675616,0.7766569639227126,0.8100110015657518,0.033354037643039236,0.11812993400676342
nhis2023,NHIS 2023,True,ev10,sex,nhis2023|sex,logreg_l2,False,47,logreg_l2|s47,5423,2,1.0198871230716888,1.5334876421540606,1.5639842996224924,-2.89876528172251,-2.8023246439414518,0.09644063778105805,0.8336590744980263,0.8362787986510353,0.002619724153008929,0.8376215733114953,0.8402413836104512,0.0026198102989558603,0.027648554147214788
nhis2023,NHIS 2023,True,ev10,race,nhis2023|race,logreg_l2,False,47,logreg_l2|s47,5423,4,1.027120521282836,1.5114407752334693,1.552431836945935,-3.5066984299738704,-2.6113977404939264,0.895300689479944,0.8321309476273842,0.8372244505015964,0.005093502874212286,0.8237254932335208,0.8528334704771787,0.02910797724365788,0.11745951417004041
nhis2023,NHIS 2023,True,ev10,insured,nhis2023|insured,logreg_l2,False,47,logreg_l2|s47,5423,2,1.181903988290907,1.3016749725513712,1.5384548415169226,-3.885685908150976,-2.7809882091173326,1.1046976990336432,0.8103554477777948,0.8331305854420346,0.022775137664239775,0.8270919111080491,0.8361253149780898,0.009033403870040702,0.0535430570164408
nhis2023,NHIS 2023,True,m30,age_group,nhis2023|age_group,random_forest,False,42,random_forest|s42,5423,4,1.5905567484024046,1.0344753525419041,1.645391753041482,-5.102305191296156,-1.7498520061325784,3.3524531851635775,0.7513871848167925,0.8578682730466121,0.10648108822981961,0.7419069687090756,0.8712376810527946,0.12933071234371907,0.16781764397964316
nhis2023,NHIS 2023,True,m30,sex,nhis2023|sex,random_forest,False,42,random_forest|s42,5423,2,1.081157803409387,1.8231699003402706,1.971134364693998,-3.1941900259469205,-2.911625585963821,0.28256443998309955,0.8634592986260643,0.8784634088119448,0.015004110185880548,0.8266599541996389,0.840169648770781,0.01350969457114215,0.01617131135700356
nhis2023,NHIS 2023,True,m30,race,nhis2023|race,random_forest,False,42,random_forest|s42,5423,7,1.3012859923964046,1.5496413070637929,2.0165265261209693,-4.394988890981419,-2.290269233274276,2.104719657707143,0.8310413872795887,0.8907585126077711,0.05971712532818241,0.8029110085961142,0.8676616294497143,0.06475062085360006,0.1293906810035842
nhis2023,NHIS 2023,True,m30,insured,nhis2023|insured,random_forest,False,42,random_forest|s42,5423,2,1.0290748326224484,1.8465261644146778,1.9002136035780062,-3.8670793819068345,-3.0052579555493604,0.8618214263574742,0.870959447182371,0.8751834874445503,0.004224040262179374,0.8314495556956409,0.8508311895863412,0.019381633890700245,0.0447873074658689
nhis2023,NHIS 2023,True,ev10,age_group,nhis2023|age_group,random_forest,False,42,random_forest|s42,5423,4,1.5905567484024046,1.0344753525419041,1.645391753041482,-5.102305191296156,-1.7498520061325784,3.3524531851635775,0.7513871848167925,0.8578682730466121,0.10648108822981961,0.7419069687090756,0.8712376810527946,0.12933071234371907,0.16781764397964316
nhis2023,NHIS 2023,True,ev10,sex,nhis2023|sex,random_forest,False,42,random_forest|s42,5423,2,1.081157803409387,1.8231699003402706,1.971134364693998,-3.1941900259469205,-2.911625585963821,0.28256443998309955,0.8634592986260643,0.8784634088119448,0.015004110185880548,0.8266599541996389,0.840169648770781,0.01350969457114215,0.01617131135700356
nhis2023,NHIS 2023,True,ev10,race,nhis2023|race,random_forest,False,42,random_forest|s42,5423,4,1.0918503383747307,1.8468891342037421,2.0165265261209693,-3.8145444271538573,-2.6714573945475046,1.1430870326063527,0.8640986834871045,0.8881482318104315,0.024049548323326952,0.8177067950290671,0.8676616294497143,0.04995483442064719,0.027908348488242196
nhis2023,NHIS 2023,True,ev10,insured,nhis2023|insured,random_forest,False,42,random_forest|s42,5423,2,1.0290748326224484,1.8465261644146778,1.9002136035780062,-3.8670793819068345,-3.0052579555493604,0.8618214263574742,0.870959447182371,0.8751834874445503,0.004224040262179374,0.8314495556956409,0.8508311895863412,0.019381633890700245,0.0447873074658689
nhis2023,NHIS 2023,True,m30,age_group,nhis2023|age_group,random_forest,False,43,random_forest|s43,5423,4,1.591397362653423,1.0698394535210944,1.702539684796049,-5.214434049774239,-1.7426787262360468,3.4717553235381917,0.7575261454479502,0.8669637057922497,0.10943756034429952,0.7461734418962366,0.8761502796584115,0.12997683776217495,0.12005746608440426
nhis2023,NHIS 2023,True,m30,sex,nhis2023|sex,random_forest,False,43,random_forest|s43,5423,2,1.0670819307696129,1.8939046030330051,2.0209513804979164,-3.2325100727180054,-3.0614423292313,0.1710677434867054,0.8709980600436379,0.8825621686944423,0.011564108650804372,0.8325560086327921,0.8417714690555671,0.00921546042277499,0.02064263132801869
nhis2023,NHIS 2023,True,m30,race,nhis2023|race,random_forest,False,43,random_forest|s43,5423,7,1.2317656443925744,1.7132154510898603,2.1102799340950167,-4.524385264136718,-2.316293458590255,2.2080918055464633,0.8475425914079026,0.8974729290037037,0.04993033759580112,0.7669460295906869,0.865453167484125,0.09850713789343812,0.14580062794348514
nhis2023,NHIS 2023,True,m30,insured,nhis2023|insured,random_forest,False,43,random_forest|s43,5423,2,1.0390642057147632,1.8862779533306149,1.9599639033347447,-3.877242474737408,-3.09832107547097,0.7789213992664381,0.8766486495503961,0.8786723979799924,0.002023748429596295,0.8354444162718719,0.8441873728564466,0.00874295658457469,0.015022710820315699
nhis2023,NHIS 2023,True,ev10,age_group,nhis2023|age_group,random_forest,False,43,random_forest|s43,5423,4,1.591397362653423,1.0698394535210944,1.702539684796049,-5.214434049774239,-1.7426787262360468,3.4717553235381917,0.7575261454479502,0.8669637057922497,0.10943756034429952,0.7461734418962366,0.8761502796584115,0.12997683776217495,0.12005746608440426
nhis2023,NHIS 2023,True,ev10,sex,nhis2023|sex,random_forest,False,43,random_forest|s43,5423,2,1.0670819307696129,1.8939046030330051,2.0209513804979164,-3.2325100727180054,-3.0614423292313,0.1710677434867054,0.8709980600436379,0.8825621686944423,0.011564108650804372,0.8325560086327921,0.8417714690555671,0.00921546042277499,0.02064263132801869
nhis2023,NHIS 2023,True,ev10,race,nhis2023|race,random_forest,False,43,random_forest|s43,5423,5,1.2317656443925744,1.7132154510898603,2.1102799340950167,-3.9551717463062213,-2.316293458590255,1.6388782877159662,0.8475425914079026,0.8960394487849392,0.048496857377036684,0.7669460295906869,0.865453167484125,0.09850713789343812,0.07828617742410848
nhis2023,NHIS 2023,True,ev10,insured,nhis2023|insured,random_forest,False,43,random_forest|s43,5423,2,1.0390642057147632,1.8862779533306149,1.9599639033347447,-3.877242474737408,-3.09832107547097,0.7789213992664381,0.8766486495503961,0.8786723979799924,0.002023748429596295,0.8354444162718719,0.8441873728564466,0.00874295658457469,0.015022710820315699
nhis2023,NHIS 2023,True,m30,age_group,nhis2023|age_group,random_forest,False,44,random_forest|s44,5423,4,1.550199635230717,1.0758822797722343,1.6678323176541099,-5.254801407513341,-1.7724127934680873,3.4823886140452536,0.7587444039918229,0.8604409699898277,0.1016965659980048,0.7530425570351551,0.8740016683234645,0.12095911128830938,0.20187614972503864
nhis2023,NHIS 2023,True,m30,sex,nhis2023|sex,random_forest,False,44,random_forest|s44,5423,2,1.013141535147084,1.9300053775677268,1.9553686110710942,-3.2103749645629645,-3.005993504130799,0.20438146043216543,0.8733794898158559,0.877411187574906,0.004031697759050101,0.8374337839827228,0.8388581065205247,0.001424322537801892,0.032348912320384726
nhis2023,NHIS 2023,True,m30,race,nhis2023|race,random_forest,False,44,random_forest|s44,5423,7,1.184065751195203,1.7620604057309017,2.0863953779630844,-3.945374235623701,-2.7075678668669587,1.2378063687567424,0.860458249955246,0.8943568426863497,0.03389859273110374,0.8112079132315424,0.8711138265810727,0.059905913349530326,0.1517729015198862
nhis2023,NHIS 2023,True,m30,insured,nhis2023|insured,random_forest,False,44,random_forest|s44,5423,2,1.051298036706356,1.8436065521055869,1.9381799486875777,-3.9972900650054086,-3.0528625939183227,0.9444274710870859,0.8744925823627111,0.8762411104570611,0.0017485280943499992,0.8359364832302788,0.8487053296576734,0.01276884642739462,0.03165899579287479
nhis2023,NHIS 2023,True,ev10,age_group,nhis2023|age_group,random_forest,False,44,random_forest|s44,5423,4,1.550199635230717,1.0758822797722343,1.6678323176541099,-5.254801407513341,-1.7724127934680873,3.4823886140452536,0.7587444039918229,0.8604409699898277,0.1016965659980048,0.7530425570351551,0.8740016683234645,0.12095911128830938,0.20187614972503864
nhis2023,NHIS 2023,True,ev10,sex,nhis2023|sex,random_forest,False,44,random_forest|s44,5423,2,1.013141535147084,1.9300053775677268,1.9553686110710942,-3.2103749645629645,-3.005993504130799,0.20438146043216543,0.8733794898158559,0.877411187574906,0.004031697759050101,0.8374337839827228,0.8388581065205247,0.001424322537801892,0.032348912320384726
nhis2023,NHIS 2023,True,ev10,race,nhis2023|race,random_forest,False,44,random_forest|s44,5423,4,1.0961445220180555,1.903394430254442,2.0863953779630844,-3.945374235623701,-2.8925603201888688,1.0528139154348324,0.8711805084869414,0.8943568426863497,0.023176334199408344,0.8313716603278212,0.8711138265810727,0.039742166253251554,0.052205666076944435
nhis2023,NHIS 2023,True,ev10,insured,nhis2023|insured,random_forest,False,44,random_forest|s44,5423,2,1.051298036706356,1.8436065521055869,1.9381799486875777,-3.9972900650054086,-3.0528625939183227,0.9444274710870859,0.8744925823627111,0.8762411104570611,0.0017485280943499992,0.8359364832302788,0.8487053296576734,0.01276884642739462,0.03165899579287479
nhis2023,NHIS 2023,True,m30,age_group,nhis2023|age_group,random_forest,False,45,random_forest|s45,5423,4,1.5831532656648308,1.0522059919429125,1.6658033522965245,-5.072083145891024,-1.761189925052653,3.310893220838371,0.7545757034336152,0.8679400239125019,0.11336432047888667,0.7484069749750268,0.8747129522481184,0.12630597727309156,0.16254078412079453
nhis2023,NHIS 2023,True,m30,sex,nhis2023|sex,random_forest,False,45,random_forest|s45,5423,2,1.0526581847249084,1.8814948495863286,1.980570952934809,-3.1906901882215806,-2.987017940643066,0.20367224757851465,0.8692268275797128,0.8791465813025487,0.009919753722835933,0.8332786578932545,0.840152931228977,0.006874273335722547,0.04113491967889049
nhis2023,NHIS 2023,True,m30,race,nhis2023|race,random_forest,False,45,random_forest|s45,5423,7,1.3258038567985573,1.5667908253391392,2.0772573190312253,-4.057970146939183,-2.569737789025249,1.4882323579139336,0.842409687910129,0.8948734581219885,0.05246377021185944,0.8105178583573294,0.869123816679559,0.05860595832222959,0.23832187555085504
nhis2023,NHIS 2023,True,m30,insured,nhis2023|insured,random_forest,False,45,random_forest|s45,5423,2,1.1289791168178904,1.7175432566402768,1.939070468978263,-3.9580307972622344,-3.034962663234423,0.9230681340278113,0.863996072062093,0.8743859163972292,0.010389844335136234,0.8342376808195651,0.8431830083358585,0.0089453275162934,0.06769645128325574
nhis2023,NHIS 2023,True,ev10,age_group,nhis2023|age_group,random_forest,False,45,random_forest|s45,5423,4,1.5831532656648308,1.0522059919429125,1.6658033522965245,-5.072083145891024,-1.761189925052653,3.310893220838371,0.7545757034336152,0.8679400239125019,0.11336432047888667,0.7484069749750268,0.8747129522481184,0.12630597727309156,0.16254078412079453
nhis2023,NHIS 2023,True,ev10,sex,nhis2023|sex,random_forest,False,45,random_forest|s45,5423,2,1.0526581847249084,1.8814948495863286,1.980570952934809,-3.1906901882215806,-2.987017940643066,0.20367224757851465,0.8692268275797128,0.8791465813025487,0.009919753722835933,0.8332786578932545,0.840152931228977,0.006874273335722547,0.04113491967889049
nhis2023,NHIS 2023,True,ev10,race,nhis2023|race,random_forest,False,45,random_forest|s45,5423,4,1.1222696401835806,1.8509431643285195,2.0772573190312253,-4.056497397396612,-2.903155713421503,1.1533416839751087,0.8659456819101987,0.8948734581219885,0.02892777621178977,0.8264738541793313,0.869123816679559,0.04264996250022768,0.013526412662557386
nhis2023,NHIS 2023,True,ev10,insured,nhis2023|insured,random_forest,False,45,random_forest|s45,5423,2,1.1289791168178904,1.7175432566402768,1.939070468978263,-3.9580307972622344,-3.034962663234423,0.9230681340278113,0.863996072062093,0.8743859163972292,0.010389844335136234,0.8342376808195651,0.8431830083358585,0.0089453275162934,0.06769645128325574
nhis2023,NHIS 2023,True,m30,age_group,nhis2023|age_group,random_forest,False,46,random_forest|s46,5423,4,1.5418899318110844,1.047807238707397,1.6156034318417087,-5.154654723587861,-1.7855042919310455,3.369150431656815,0.7539481135231934,0.862555114774096,0.10860700125090261,0.746158739613329,0.8673964768017517,0.12123773718842268,0.15049712991351416
nhis2023,NHIS 2023,True,m30,sex,nhis2023|sex,random_forest,False,46,random_forest|s46,5423,2,1.0578246680677093,1.8674776189777258,1.975463892418989,-3.248283445874067,-3.015246905139059,0.23303654073500768,0.8683263495698701,0.8793358393975477,0.011009489827677577,0.8370449459493985,0.8405611848660537,0.003516238916655201,0.019662243698826076
nhis2023,NHIS 2023,True,m30,race,nhis2023|race,random_forest,False,46,random_forest|s46,5423,7,1.1526348091918455,1.7589690135759384,2.0274489133374702,-3.8230284427183334,-2.6985421087536676,1.1244863339646658,0.8555128272610182,0.8865815451243153,0.031068717863297124,0.7924939302012513,0.8706531864543068,0.07815925625305553,0.12540834845735016
nhis2023,NHIS 2023,True,m30,insured,nhis2023|insured,random_forest,False,46,random_forest|s46,5423,2,1.0194396141969153,1.8809055070882827,1.9174695844869325,-4.017077549682913,-3.078288900918695,0.9387886487642181,0.8730899949558008,0.8796410569652147,0.0065510620094139105,0.8364082189309283,0.8547617347757066,0.01835351584477829,0.009421942595938426
nhis2023,NHIS 2023,True,ev10,age_group,nhis2023|age_group,random_forest,False,46,random_forest|s46,5423,4,1.5418899318110844,1.047807238707397,1.6156034318417087,-5.154654723587861,-1.7855042919310455,3.369150431656815,0.7539481135231934,0.862555114774096,0.10860700125090261,0.746158739613329,0.8673964768017517,0.12123773718842268,0.15049712991351416
nhis2023,NHIS 2023,True,ev10,sex,nhis2023|sex,random_forest,False,46,random_forest|s46,5423,2,1.0578246680677093,1.8674776189777258,1.975463892418989,-3.248283445874067,-3.015246905139059,0.23303654073500768,0.8683263495698701,0.8793358393975477,0.011009489827677577,0.8370449459493985,0.8405611848660537,0.003516238916655201,0.019662243698826076
nhis2023,NHIS 2023,True,ev10,race,nhis2023|race,random_forest,False,46,random_forest|s46,5423,5,1.1526348091918455,1.7589690135759384,2.0274489133374702,-3.805820202394637,-2.6985421087536676,1.1072780936409692,0.8555128272610182,0.8865815451243153,0.031068717863297124,0.7924939302012513,0.8706531864543068,0.07815925625305553,0.11287937258807412
nhis2023,NHIS 2023,True,ev10,insured,nhis2023|insured,random_forest,False,46,random_forest|s46,5423,2,1.0194396141969153,1.8809055070882827,1.9174695844869325,-4.017077549682913,-3.078288900918695,0.9387886487642181,0.8730899949558008,0.8796410569652147,0.0065510620094139105,0.8364082189309283,0.8547617347757066,0.01835351584477829,0.009421942595938426
nhis2023,NHIS 2023,True,m30,age_group,nhis2023|age_group,random_forest,False,47,random_forest|s47,5423,4,1.550836753958631,1.0735881511640555,1.6649599634397119,-5.359458795181559,-1.76809529166099,3.5913635035205687,0.7583242303478941,0.8697833568515483,0.1114591265036542,0.7439628162470295,0.8763981493653008,0.13243533311827127,0.09313855148085493
nhis2023,NHIS 2023,True,m30,sex,nhis2023|sex,random_forest,False,47,random_forest|s47,5423,2,1.0826516852159105,1.8954578641449575,2.0521206508722885,-3.248874011365844,-3.0142602477913196,0.23461376357452446,0.8706570863080088,0.8849588920321191,0.014301805724110328,0.8346866097473223,0.8418041841210739,0.007117574373751601,0.042500875460409704
nhis2023,NHIS 2023,True,m30,race,nhis2023|race,random_forest,False,47,random_forest|s47,5423,7,1.4753259021787835,1.4658213756732696,2.162564243498112,-3.9640466231507236,-2.423141305593057,1.5409053175576668,0.8290386605605938,0.8994581120761458,0.07041945151555196,0.7984515766958944,0.8700261848612085,0.07157460816531414,0.2927488363766557
nhis2023,NHIS 2023,True,m30,insured,nhis2023|insured,random_forest,False,47,random_forest|s47,5423,2,1.0898580922172754,1.8156058097805543,1.978752684066036,-4.0807036194887205,-3.073258826480762,1.0074447930079584,0.8745762625372417,0.877842854631445,0.0032665920942032134,0.8358016070882825,0.840614813707751,0.004813206619468491,0.03273438350333635
nhis2023,NHIS 2023,True,ev10,age_group,nhis2023|age_group,random_forest,False,47,random_forest|s47,5423,4,1.550836753958631,1.0735881511640555,1.6649599634397119,-5.359458795181559,-1.76809529166099,3.5913635035205687,0.7583242303478941,0.8697833568515483,0.1114591265036542,0.7439628162470295,0.8763981493653008,0.13243533311827127,0.09313855148085493
nhis2023,NHIS 2023,True,ev10,sex,nhis2023|sex,random_forest,False,47,random_forest|s47,5423,2,1.0826516852159105,1.8954578641449575,2.0521206508722885,-3.248874011365844,-3.0142602477913196,0.23461376357452446,0.8706570863080088,0.8849588920321191,0.014301805724110328,0.8346866097473223,0.8418041841210739,0.007117574373751601,0.042500875460409704
nhis2023,NHIS 2023,True,ev10,race,nhis2023|race,random_forest,False,47,random_forest|s47,5423,4,1.131750955492159,1.9108128276840626,2.162564243498112,-3.9640466231507236,-2.891052345530851,1.0729942776198724,0.8716009514784173,0.8994581120761458,0.02785716059772847,0.8260721189619713,0.8700261848612085,0.04395406589923723,0.11733282381778609
nhis2023,NHIS 2023,True,ev10,insured,nhis2023|insured,random_forest,False,47,random_forest|s47,5423,2,1.0898580922172754,1.8156058097805543,1.978752684066036,-4.0807036194887205,-3.073258826480762,1.0074447930079584,0.8745762625372417,0.877842854631445,0.0032665920942032134,0.8358016070882825,0.840614813707751,0.004813206619468491,0.03273438350333635
nhis2023,NHIS 2023,True,m30,age_group,nhis2023|age_group,hgb_deep,False,42,hgb_deep|s42,5423,4,1.5080656294015187,1.7058264338254472,2.5724982145767212,-7.233491060662333,-2.0547007360108647,5.178790324651468,0.844545518052455,0.9478919113765429,0.1033463933240879,0.7907322489807449,0.957033951028863,0.16630170204811812,0.1504523840525055
nhis2023,NHIS 2023,True,m30,sex,nhis2023|sex,hgb_deep,False,42,hgb_deep|s42,5423,2,1.0191329459615743,2.9197434572489267,2.9756067510381308,-4.048667461333462,-3.785651054663796,0.2630164066696663,0.931542167778338,0.935212253127852,0.003670085349513963,0.8658512309355885,0.8826306769137308,0.016779445978142293,0.008513279391795137
nhis2023,NHIS 2023,True,m30,race,nhis2023|race,hgb_deep,False,42,hgb_deep|s42,5423,7,1.3702344328637739,2.2573515675116798,3.0931008448835176,-5.948235516562872,-2.8107095117276995,3.1375260048351725,0.8941786606724911,0.9523019636112142,0.05812330293872314,0.8216868580657186,0.9242124188554697,0.10252556078975106,0.13599706744868045
nhis2023,NHIS 2023,True,m30,insured,nhis2023|insured,hgb_deep,False,42,hgb_deep|s42,5423,2,1.0490944595447798,2.911942464378056,3.0549027058921903,-5.5258180363797615,-3.8123096333505293,1.7135084030292322,0.9314900469007896,0.9485091944382029,0.017019147537413293,0.8709531391580464,0.9199857252170188,0.04903258605897243,0.00295331811384858
nhis2023,NHIS 2023,True,ev10,age_group,nhis2023|age_group,hgb_deep,False,42,hgb_deep|s42,5423,4,1.5080656294015187,1.7058264338254472,2.5724982145767212,-7.233491060662333,-2.0547007360108647,5.178790324651468,0.844545518052455,0.9478919113765429,0.1033463933240879,0.7907322489807449,0.957033951028863,0.16630170204811812,0.1504523840525055
nhis2023,NHIS 2023,True,ev10,sex,nhis2023|sex,hgb_deep,False,42,hgb_deep|s42,5423,2,1.0191329459615743,2.9197434572489267,2.9756067510381308,-4.048667461333462,-3.785651054663796,0.2630164066696663,0.931542167778338,0.935212253127852,0.003670085349513963,0.8658512309355885,0.8826306769137308,0.016779445978142293,0.008513279391795137
nhis2023,NHIS 2023,True,ev10,race,nhis2023|race,hgb_deep,False,42,hgb_deep|s42,5423,4,1.096580459383026,2.820678426664472,3.0931008448835176,-4.8986230448361985,-3.293742326304726,1.6048807185314726,0.9245480797410641,0.9445766436777655,0.020028563936701382,0.8548054399783465,0.9101360349903156,0.05533059501196913,0.06235877457075034
nhis2023,NHIS 2023,True,ev10,insured,nhis2023|insured,hgb_deep,False,42,hgb_deep|s42,5423,2,1.0490944595447798,2.911942464378056,3.0549027058921903,-5.5258180363797615,-3.8123096333505293,1.7135084030292322,0.9314900469007896,0.9485091944382029,0.017019147537413293,0.8709531391580464,0.9199857252170188,0.04903258605897243,0.00295331811384858
nhis2023,NHIS 2023,True,m30,age_group,nhis2023|age_group,hgb_deep,False,43,hgb_deep|s43,5423,4,1.4789048512399232,1.5367021913204046,2.272636325654767,-6.658647943637543,-1.947723983884477,4.7109239597530665,0.8255188586876048,0.9266275559324674,0.1011086972448626,0.7933309305440543,0.9301139825308595,0.13678305198680518,0.1032108828286773
nhis2023,NHIS 2023,True,m30,sex,nhis2023|sex,hgb_deep,False,43,hgb_deep|s43,5423,2,1.0735147937728218,2.5798178600966333,2.7694726380530796,-3.8069746192803358,-3.7588619819131686,0.0481126373671672,0.9192448596877676,0.9262289016378213,0.006984041950053754,0.8735073728735341,0.8846370777378575,0.011129704864323409,0.012409879091636267
nhis2023,NHIS 2023,True,m30,race,nhis2023|race,hgb_deep,False,43,hgb_deep|s43,5423,7,1.1365688683694457,2.5677666505889403,2.918443636296674,-5.691676335510025,-3.06996614854231,2.6217101869677153,0.9143912887325081,0.9381265005122823,0.023735211779774223,0.8199973938380647,0.9085991797458728,0.0886017859078081,0.09536891679748838
nhis2023,NHIS 2023,True,m30,insured,nhis2023|insured,hgb_deep,False,43,hgb_deep|s43,5423,2,1.2876148534679572,2.554704838021483,3.289475895662913,-5.759536170894104,-3.634634580776434,2.1249015901176698,0.9166656420189405,0.9549408171908027,0.038275175171862186,0.8752571850772746,0.9313070145547212,0.05604982947744663,0.03277054814395741
nhis2023,NHIS 2023,True,ev10,age_group,nhis2023|age_group,hgb_deep,False,43,hgb_deep|s43,5423,4,1.4789048512399232,1.5367021913204046,2.272636325654767,-6.658647943637543,-1.947723983884477,4.7109239597530665,0.8255188586876048,0.9266275559324674,0.1011086972448626,0.7933309305440543,0.9301139825308595,0.13678305198680518,0.1032108828286773
nhis2023,NHIS 2023,True,ev10,sex,nhis2023|sex,hgb_deep,False,43,hgb_deep|s43,5423,2,1.0735147937728218,2.5798178600966333,2.7694726380530796,-3.8069746192803358,-3.7588619819131686,0.0481126373671672,0.9192448596877676,0.9262289016378213,0.006984041950053754,0.8735073728735341,0.8846370777378575,0.011129704864323409,0.012409879091636267
nhis2023,NHIS 2023,True,ev10,race,nhis2023|race,hgb_deep,False,43,hgb_deep|s43,5423,5,1.111849710593338,2.5677666505889403,2.854970607328538,-4.547584290156619,-3.06996614854231,1.4776181416143093,0.9143912887325081,0.933925951986621,0.019534663254112905,0.8199973938380647,0.9085991797458728,0.0886017859078081,0.0670498084291189
nhis2023,NHIS 2023,True,ev10,insured,nhis2023|insured,hgb_deep,False,43,hgb_deep|s43,5423,2,1.2876148534679572,2.554704838021483,3.289475895662913,-5.759536170894104,-3.634634580776434,2.1249015901176698,0.9166656420189405,0.9549408171908027,0.038275175171862186,0.8752571850772746,0.9313070145547212,0.05604982947744663,0.03277054814395741
nhis2023,NHIS 2023,True,m30,age_group,nhis2023|age_group,hgb_deep,False,44,hgb_deep|s44,5423,4,1.6475784303385461,1.5117476178355045,2.490722767261457,-7.470571687650305,-1.9773512138620162,5.4932204737882895,0.822843953717634,0.9461674427783376,0.12332348906070367,0.7981644911905182,0.9569825407931781,0.15881804960265988,0.16285871465142032
nhis2023,NHIS 2023,True,m30,sex,nhis2023|sex,hgb_deep,False,44,hgb_deep|s44,5423,2,1.1260838563950883,2.7507601307803724,3.097586576087019,-3.939154514570199,-3.9360918913060425,0.0030626232641566276,0.926987544828664,0.9379169909114393,0.010929446082775351,0.8797834114145239,0.8827825382939352,0.0029991268794112846,0.029005495821653904
nhis2023,NHIS 2023,True,m30,race,nhis2023|race,hgb_deep,False,44,hgb_deep|s44,5423,7,1.3107859132648096,2.3960851394404226,3.140754647761653,-5.197520800084824,-3.2631942146003086,1.9343265854845155,0.9058679540414399,0.9435635909194987,0.03769563687805877,0.8651484764277975,0.9353692734194781,0.0702207969916806,0.14327277064246657
nhis2023,NHIS 2023,True,m30,insured,nhis2023|insured,hgb_deep,False,44,hgb_deep|s44,5423,2,1.228309485349892,2.7973458403127736,3.436006429460244,-6.332047607411408,-3.765722475982064,2.5663251314293434,0.9272775663734008,0.9610724040766387,0.03379483770323799,0.8769531577087122,0.9425654101800259,0.06561225247131375,0.019836511034447057
nhis2023,NHIS 2023,True,ev10,age_group,nhis2023|age_group,hgb_deep,False,44,hgb_deep|s44,5423,4,1.6475784303385461,1.5117476178355045,2.490722767261457,-7.470571687650305,-1.9773512138620162,5.4932204737882895,0.822843953717634,0.9461674427783376,0.12332348906070367,0.7981644911905182,0.9569825407931781,0.15881804960265988,0.16285871465142032
nhis2023,NHIS 2023,True,ev10,sex,nhis2023|sex,hgb_deep,False,44,hgb_deep|s44,5423,2,1.1260838563950883,2.7507601307803724,3.097586576087019,-3.939154514570199,-3.9360918913060425,0.0030626232641566276,0.926987544828664,0.9379169909114393,0.010929446082775351,0.8797834114145239,0.8827825382939352,0.0029991268794112846,0.029005495821653904
nhis2023,NHIS 2023,True,ev10,race,nhis2023|race,hgb_deep,False,44,hgb_deep|s44,5423,4,1.1139685746280061,2.8194284105460183,3.140754647761653,-4.89204980656264,-3.5809376282848366,1.3111121782778032,0.9279972190894978,0.9435635909194987,0.015566371830000869,0.8677929763758361,0.9042553674652837,0.0364623910894476,0.06203953432448461
nhis2023,NHIS 2023,True,ev10,insured,nhis2023|insured,hgb_deep,False,44,hgb_deep|s44,5423,2,1.228309485349892,2.7973458403127736,3.436006429460244,-6.332047607411408,-3.765722475982064,2.5663251314293434,0.9272775663734008,0.9610724040766387,0.03379483770323799,0.8769531577087122,0.9425654101800259,0.06561225247131375,0.019836511034447057
nhis2023,NHIS 2023,True,m30,age_group,nhis2023|age_group,hgb_deep,False,45,hgb_deep|s45,5423,4,1.568474006839465,1.5811497614535048,2.4799923017602428,-6.553868226212577,-1.9872311463593617,4.566637079853216,0.8308764310674528,0.9393669791262667,0.10849054805881386,0.7881537001751158,0.9327928589967098,0.14463915882159406,0.1090941073784023
nhis2023,NHIS 2023,True,m30,sex,nhis2023|sex,hgb_deep,False,45,hgb_deep|s45,5423,2,1.114521050316201,2.5930609646214213,2.890021029823808,-3.7592663433018956,-3.7526653576171225,0.006600985684773075,0.9193843354458942,0.930332742983467,0.010948407537572868,0.8729193276355153,0.8781912699719541,0.005271942336438795,0.024087193951624064
nhis2023,NHIS 2023,True,m30,race,nhis2023|race,hgb_deep,False,45,hgb_deep|s45,5423,7,1.199015888442388,2.56822643075849,3.0793442955971138,-5.04370020496296,-3.4613975357204603,1.5823026692424995,0.9159885050692262,0.942411159273668,0.026422654204441787,0.8652022035632849,0.906025947699397,0.04082374413611212,0.23041474654377903
nhis2023,NHIS 2023,True,m30,insured,nhis2023|insured,hgb_deep,False,45,hgb_deep|s45,5423,2,1.2723939686972205,2.5161966919550767,3.2015934948995377,-7.188347935928924,-3.5042266163467106,3.6841213195822133,0.9138134638442912,0.9630654156969013,0.04925195185261011,0.8690147886977784,0.9583830263260358,0.08936823762825741,0.001558455602483133
nhis2023,NHIS 2023,True,ev10,age_group,nhis2023|age_group,hgb_deep,False,45,hgb_deep|s45,5423,4,1.568474006839465,1.5811497614535048,2.4799923017602428,-6.553868226212577,-1.9872311463593617,4.566637079853216,0.8308764310674528,0.9393669791262667,0.10849054805881386,0.7881537001751158,0.9327928589967098,0.14463915882159406,0.1090941073784023
nhis2023,NHIS 2023,True,ev10,sex,nhis2023|sex,hgb_deep,False,45,hgb_deep|s45,5423,2,1.114521050316201,2.5930609646214213,2.890021029823808,-3.7592663433018956,-3.7526653576171225,0.006600985684773075,0.9193843354458942,0.930332742983467,0.010948407537572868,0.8729193276355153,0.8781912699719541,0.005271942336438795,0.024087193951624064
nhis2023,NHIS 2023,True,ev10,race,nhis2023|race,hgb_deep,False,45,hgb_deep|s45,5423,4,1.199015888442388,2.56822643075849,3.0793442955971138,-4.7185588235568785,-3.4613975357204603,1.2571612878364182,0.9159885050692262,0.942411159273668,0.026422654204441787,0.8652022035632849,0.906025947699397,0.04082374413611212,0.028419655352394102
nhis2023,NHIS 2023,True,ev10,insured,nhis2023|insured,hgb_deep,False,45,hgb_deep|s45,5423,2,1.2723939686972205,2.5161966919550767,3.2015934948995377,-7.188347935928924,-3.5042266163467106,3.6841213195822133,0.9138134638442912,0.9630654156969013,0.04925195185261011,0.8690147886977784,0.9583830263260358,0.08936823762825741,0.001558455602483133
nhis2023,NHIS 2023,True,m30,age_group,nhis2023|age_group,hgb_deep,False,46,hgb_deep|s46,5423,4,1.8080960703904456,1.4144653922248365,2.557489317385007,-7.481239614789116,-1.954192325936232,5.527047288852884,0.8106535442334208,0.9489368818172641,0.13828333758384326,0.785372196763453,0.9529452239156635,0.16757302715221045,0.109038279535427
nhis2023,NHIS 2023,True,m30,sex,nhis2023|sex,hgb_deep,False,46,hgb_deep|s46,5423,2,1.1468697581670895,2.740366512513196,3.1428434794951996,-3.996328999830028,-3.934400157854961,0.061928841975066984,0.9265985560803796,0.9395262817610563,0.012927725680676794,0.8758889988703213,0.8814453698458954,0.005556370975574043,0.0158412713225482
nhis2023,NHIS 2023,True,m30,race,nhis2023|race,hgb_deep,False,46,hgb_deep|s46,5423,7,1.323707547111672,2.452988900944404,3.247039921161273,-5.531706002493457,-3.218973879070685,2.3127321234227716,0.9083488200787009,0.9525771319065626,0.04422831182786169,0.8585748962356248,0.9126916390990902,0.05411674286346546,0.1092558983666061
nhis2023,NHIS 2023,True,m30,insured,nhis2023|insured,hgb_deep,False,46,hgb_deep|s46,5423,2,1.2228361685108562,2.826860377347974,3.45678711275135,-6.30957064905003,-3.802154207048761,2.5074164420012686,0.9285892091539655,0.9612284030189078,0.032639193864942295,0.8751703431795907,0.9252476838597846,0.05007734068019387,0.03535623759840467
nhis2023,NHIS 2023,True,ev10,age_group,nhis2023|age_group,hgb_deep,False,46,hgb_deep|s46,5423,4,1.8080960703904456,1.4144653922248365,2.557489317385007,-7.481239614789116,-1.954192325936232,5.527047288852884,0.8106535442334208,0.9489368818172641,0.13828333758384326,0.785372196763453,0.9529452239156635,0.16757302715221045,0.109038279535427
nhis2023,NHIS 2023,True,ev10,sex,nhis2023|sex,hgb_deep,False,46,hgb_deep|s46,5423,2,1.1468697581670895,2.740366512513196,3.1428434794951996,-3.996328999830028,-3.934400157854961,0.061928841975066984,0.9265985560803796,0.9395262817610563,0.012927725680676794,0.8758889988703213,0.8814453698458954,0.005556370975574043,0.0158412713225482
nhis2023,NHIS 2023,True,ev10,race,nhis2023|race,hgb_deep,False,46,hgb_deep|s46,5423,5,1.1532935696441486,2.807528574888579,3.2379046520111987,-4.964175090834452,-3.5004565156212886,1.4637185752131634,0.9277022267843222,0.9469064628127101,0.019204236028387833,0.867426319015244,0.9126916390990902,0.045265320083846206,0.10876825996223805
nhis2023,NHIS 2023,True,ev10,insured,nhis2023|insured,hgb_deep,False,46,hgb_deep|s46,5423,2,1.2228361685108562,2.826860377347974,3.45678711275135,-6.30957064905003,-3.802154207048761,2.5074164420012686,0.9285892091539655,0.9612284030189078,0.032639193864942295,0.8751703431795907,0.9252476838597846,0.05007734068019387,0.03535623759840467
nhis2023,NHIS 2023,True,m30,age_group,nhis2023|age_group,hgb_deep,False,47,hgb_deep|s47,5423,4,1.7045362807814883,1.5307783019563144,2.609267153517618,-7.962155826416889,-1.97710628109478,5.985049545322109,0.8250713716091993,0.9537405005719088,0.12866912896270954,0.7857615685780888,0.9704471216486116,0.1846855530705228,0.056219363299284675
nhis2023,NHIS 2023,True,m30,sex,nhis2023|sex,hgb_deep,False,47,hgb_deep|s47,5423,2,1.063771910222678,3.010569954674928,3.202559751543549,-4.10757070973698,-4.054841010657531,0.0527296990794488,0.9366660581095059,0.941455031430986,0.0047889733214800945,0.8793922123191633,0.8847231037475881,0.0053308914284248,0.04076337300738109
nhis2023,NHIS 2023,True,m30,race,nhis2023|race,hgb_deep,False,47,hgb_deep|s47,5423,7,1.1827779079351928,2.841183752589783,3.360489374947604,-5.496211643837069,-3.11998138200337,2.376230261833699,0.9240698422486289,0.9522701177813111,0.02820027553268223,0.8336186509482646,0.9175417651237359,0.08392311417547127,0.3858959899749372
nhis2023,NHIS 2023,True,m30,insured,nhis2023|insured,hgb_deep,False,47,hgb_deep|s47,5423,2,1.1875820943611655,2.999900894540459,3.5626285872142915,-6.390140287884862,-3.919980539933365,2.4701597479514974,0.9349922801377311,0.963155235642492,0.02816295550476089,0.8778801810629042,0.9348878682991328,0.05700768723622862,0.007371108236428503
nhis2023,NHIS 2023,True,ev10,age_group,nhis2023|age_group,hgb_deep,False,47,hgb_deep|s47,5423,4,1.7045362807814883,1.5307783019563144,2.609267153517618,-7.962155826416889,-1.97710628109478,5.985049545322109,0.8250713716091993,0.9537405005719088,0.12866912896270954,0.7857615685780888,0.9704471216486116,0.1846855530705228,0.056219363299284675
nhis2023,NHIS 2023,True,ev10,sex,nhis2023|sex,hgb_deep,False,47,hgb_deep|s47,5423,2,1.063771910222678,3.010569954674928,3.202559751543549,-4.10757070973698,-4.054841010657531,0.0527296990794488,0.9366660581095059,0.941455031430986,0.0047889733214800945,0.8793922123191633,0.8847231037475881,0.0053308914284248,0.04076337300738109
nhis2023,NHIS 2023,True,ev10,race,nhis2023|race,hgb_deep,False,47,hgb_deep|s47,5423,4,1.1327483193235823,2.9666690452070688,3.360489374947604,-5.255721939770832,-3.733859997297095,1.5218619424737372,0.9333521235790272,0.9522701177813111,0.018917994202283905,0.869264012193844,0.915823302248775,0.04655929005493098,0.11451189787655958
nhis2023,NHIS 2023,True,ev10,insured,nhis2023|insured,hgb_deep,False,47,hgb_deep|s47,5423,2,1.1875820943611655,2.999900894540459,3.5626285872142915,-6.390140287884862,-3.919980539933365,2.4701597479514974,0.9349922801377311,0.963155235642492,0.02816295550476089,0.8778801810629042,0.9348878682991328,0.05700768723622862,0.007371108236428503
nhis2024,NHIS 2024,True,m30,age_group,nhis2024|age_group,published,False,,published,1950,6,1.362415052575245,0.9295616951744491,1.266448845803031,-6.425884879948493,-1.9448382966471756,4.4810465833013176,0.7441704621297806,0.8012858135915693,0.0571153514617887,0.7715483577674213,0.8458759242277691,0.07432756646034788,0.3279162152401589
nhis2024,NHIS 2024,True,m30,sex,nhis2024|sex,published,False,,published,1950,2,1.1449810617386968,1.9287568638453902,2.208390081801494,-4.308675060097734,-3.620556580329205,0.6881184797685291,0.8864909312944189,0.8988148337655328,0.012323902471113923,0.8741367464158871,0.8752095767889467,0.0010728303730596078,0.003673389602495414
nhis2024,NHIS 2024,True,m30,race,nhis2024|race,published,False,,published,1950,4,1.0514257767093511,1.9824245481375942,2.0843722702932546,-4.786423831989818,-3.765980004943599,1.0204438270462184,0.8900779583640376,0.897667598314501,0.007589639950463467,0.8724734382772366,0.8994261537808512,0.026952715503614666,0.10897400353584064
nhis2024,NHIS 2024,True,m30,income,nhis2024|income,published,False,,published,1950,5,1.1397181007631756,1.9827850509235398,2.259816012460193,-4.185490327714213,-3.7288574200057445,0.4566329077084683,0.8889194659698536,0.9031548821614734,0.014235416191619832,0.8682132575106527,0.8899105549340576,0.02169729742340487,0.09677440383788105
nhis2024,NHIS 2024,True,m30,insurance,nhis2024|insurance,published,False,,published,1950,2,1.3218570610626625,1.576381953372176,2.0837516159967637,-5.390572885977395,-3.888397476054047,1.502175409923348,0.8590188361593649,0.8935982899067034,0.03457945374733851,0.8762442767784606,0.8898838240736167,0.01363954729515604,0.043906203020093404
nhis2024,NHIS 2024,True,ev10,age_group,nhis2024|age_group,published,False,,published,1950,3,1.0730309471144632,1.1802537934331687,1.266448845803031,-4.190453892070527,-1.9448382966471756,2.245615595423352,0.7770763509091814,0.7999580467509142,0.02288169584173283,0.7715483577674213,0.8337300027626333,0.06218164499521206,0.18094033051444725
nhis2024,NHIS 2024,True,ev10,sex,nhis2024|sex,published,False,,published,1950,2,1.1449810617386968,1.9287568638453902,2.208390081801494,-4.308675060097734,-3.620556580329205,0.6881184797685291,0.8864909312944189,0.8988148337655328,0.012323902471113923,0.8741367464158871,0.8752095767889467,0.0010728303730596078,0.003673389602495414
nhis2024,NHIS 2024,True,ev10,race,nhis2024|race,published,False,,published,1950,3,1.0514257767093511,1.9824245481375942,2.0843722702932546,-4.6237616921041775,-3.765980004943599,0.8577816871605783,0.8900779583640376,0.8937712505132056,0.003693292149168026,0.8724734382772366,0.8981880389207186,0.025714600643482077,0.06403651634584273
nhis2024,NHIS 2024,True,ev10,income,nhis2024|income,published,False,,published,1950,5,1.1397181007631756,1.9827850509235398,2.259816012460193,-4.185490327714213,-3.7288574200057445,0.4566329077084683,0.8889194659698536,0.9031548821614734,0.014235416191619832,0.8682132575106527,0.8899105549340576,0.02169729742340487,0.09677440383788105
nhis2024,NHIS 2024,True,m30,age_group,nhis2024|age_group,xgb_published,True,42,xgb_published|s42,1950,5,1.0896768894700493,1.1795458424070313,1.2853238445414228,-6.057340194641828,-1.9066308865549269,4.150709308086901,0.7766992400006589,0.815482232290407,0.03878299228974802,0.7751990445385137,0.8790137507783364,0.1038147062398227,0.3027609427609428
nhis2024,NHIS 2024,True,m30,sex,nhis2024|sex,xgb_published,True,42,xgb_published|s42,1950,2,1.1273236980464398,1.9357639566978377,2.1822325822096147,-4.267059293557958,-3.5065983520610042,0.7604609414969539,0.8866353897798608,0.8961026320256962,0.009467242245835394,0.8764674921132907,0.8773472956380659,0.0008798035247752356,0.010233608261167926
nhis2024,NHIS 2024,True,m30,race,nhis2024|race,xgb_published,True,42,xgb_published|s42,1950,4,1.155117972053706,1.8797803145307945,2.171368024827289,-4.832505335906689,-3.6795916816110736,1.1529136542956158,0.8858539542622075,0.9055181946512744,0.01966424038906689,0.8747167124779307,0.909962063587687,0.03524535110975635,0.028199612933480056
nhis2024,NHIS 2024,True,m30,income,nhis2024|income,xgb_published,True,42,xgb_published|s42,1950,5,1.1563857727442206,1.9680696606344423,2.2758477553272156,-4.184301307153518,-3.458439164484726,0.7258621426687921,0.887309673580887,0.9047816731350886,0.017471999554201645,0.865228751887248,0.8961497496837224,0.030920997796474392,0.07790657152339886
nhis2024,NHIS 2024,True,ev10,age_group,nhis2024|age_group,xgb_published,True,42,xgb_published|s42,1950,3,1.0868745096536534,1.1795458424070313,1.2820183090801476,-4.32786454169475,-1.9066308865549269,2.4212336551398232,0.7766992400006589,0.803722243636734,0.027023003636075016,0.7751990445385137,0.8355462923324407,0.06034724779392697,0.06506077022796597
nhis2024,NHIS 2024,True,ev10,sex,nhis2024|sex,xgb_published,True,42,xgb_published|s42,1950,2,1.1273236980464398,1.9357639566978377,2.1822325822096147,-4.267059293557958,-3.5065983520610042,0.7604609414969539,0.8866353897798608,0.8961026320256962,0.009467242245835394,0.8764674921132907,0.8773472956380659,0.0008798035247752356,0.010233608261167926
nhis2024,NHIS 2024,True,ev10,race,nhis2024|race,xgb_published,True,42,xgb_published|s42,1950,3,1.155117972053706,1.8797803145307945,2.171368024827289,-4.663866749046381,-3.6795916816110736,0.9842750674353073,0.8858539542622075,0.9024532053516761,0.01659925108946858,0.8747167124779307,0.8991514376326444,0.024434725154713677,0.028199612933480056
nhis2024,NHIS 2024,True,ev10,income,nhis2024|income,xgb_published,True,42,xgb_published|s42,1950,5,1.1563857727442206,1.9680696606344423,2.2758477553272156,-4.184301307153518,-3.458439164484726,0.7258621426687921,0.887309673580887,0.9047816731350886,0.017471999554201645,0.865228751887248,0.8961497496837224,0.030920997796474392,0.07790657152339886
nhis2024,NHIS 2024,True,m30,age_group,nhis2024|age_group,xgb_published,True,43,xgb_published|s43,1950,5,1.3148186001278928,0.9860693875425615,1.2965023717576791,-5.695661020631394,-1.9321356436281145,3.7635253770032793,0.7563118476646207,0.806517311584123,0.05020546391950231,0.7687854430376859,0.8757677602262265,0.10698231718854057,0.2224513987671881
nhis2024,NHIS 2024,True,m30,sex,nhis2024|sex,xgb_published,True,43,xgb_published|s43,1950,2,1.1429019634531616,1.8441793202351444,2.1077161660564636,-4.225203055411491,-3.5147534594943157,0.7104495959171753,0.8785532149003664,0.8914154430548102,0.012862228154443822,0.8682434228382232,0.8778893175905009,0.009645894752277728,0.004908729105960297
nhis2024,NHIS 2024,True,m30,race,nhis2024|race,xgb_published,True,43,xgb_published|s43,1950,4,1.1561076228723512,1.7873283056102236,2.066343878691503,-4.7559807441367505,-3.6471133340565993,1.1088674100801512,0.8771907018837155,0.8937012422084099,0.016510540324694345,0.8702160205851248,0.8972228165960483,0.027006796010923484,0.07758199187603432
nhis2024,NHIS 2024,True,m30,income,nhis2024|income,xgb_published,True,43,xgb_published|s43,1950,5,1.155917828620972,1.8940940045196855,2.1894170289083963,-4.148501618012876,-3.6228069268226757,0.5256946911902003,0.8820645172332404,0.8983139579976005,0.01624944076436008,0.863496331122879,0.8916497070673861,0.028153375944507064,0.09126579247638966
nhis2024,NHIS 2024,True,m30,insurance,nhis2024|insurance,xgb_published,True,43,xgb_published|s43,1950,2,1.1935592530350616,1.677095733407728,2.0017131308344167,-4.927750406099446,-3.810075226282575,1.1176751798168714,0.8681591942625249,0.8870218006406776,0.018862606378152735,0.8775393856623254,0.8852958774992887,0.007756491836963364,0.13675745550745544
nhis2024,NHIS 2024,True,ev10,age_group,nhis2024|age_group,xgb_published,True,43,xgb_published|s43,1950,2,1.1355174073694148,1.1417723439055052,1.2965023717576791,-3.061745368169705,-1.9321356436281145,1.1296097245415906,0.7708022647401274,0.8035167656504356,0.03271450091030825,0.7687854430376859,0.8219712240243185,0.053185780986632625,0.027692277546141453
nhis2024,NHIS 2024,True,ev10,sex,nhis2024|sex,xgb_published,True,43,xgb_published|s43,1950,2,1.1429019634531616,1.8441793202351444,2.1077161660564636,-4.225203055411491,-3.5147534594943157,0.7104495959171753,0.8785532149003664,0.8914154430548102,0.012862228154443822,0.8682434228382232,0.8778893175905009,0.009645894752277728,0.004908729105960297
nhis2024,NHIS 2024,True,ev10,income,nhis2024|income,xgb_published,True,43,xgb_published|s43,1950,5,1.155917828620972,1.8940940045196855,2.1894170289083963,-4.148501618012876,-3.6228069268226757,0.5256946911902003,0.8820645172332404,0.8983139579976005,0.01624944076436008,0.863496331122879,0.8916497070673861,0.028153375944507064,0.09126579247638966
nhis2024,NHIS 2024,True,m30,age_group,nhis2024|age_group,xgb_published,True,44,xgb_published|s44,1950,4,1.0225991058876507,1.202353964112744,1.2295260886621646,-5.751031132080953,-1.8797056798510832,3.8713254522298692,0.7800802461324032,0.8039035626846134,0.02382331655221015,0.7794505916690826,0.8878372805774165,0.10838668890833392,0.17290757460916883
nhis2024,NHIS 2024,True,m30,sex,nhis2024|sex,xgb_published,True,44,xgb_published|s44,1950,2,1.1902298375521292,1.8264805123708678,2.1739316035313077,-4.228989825624965,-3.489396447489426,0.739593378135539,0.8770134178034096,0.8954188376299845,0.018405419826574954,0.8743782432755896,0.878978567627859,0.004600324352269425,0.002139095865591689
nhis2024,NHIS 2024,True,m30,race,nhis2024|race,xgb_published,True,44,xgb_published|s44,1950,3,1.1286229097231368,1.8424329580791234,2.0794120461170666,-4.49823579480689,-3.692947977862749,0.8052878169441406,0.8810263022028404,0.8940461851576627,0.01301988295482226,0.8753807716760782,0.90223045217845,0.026849680502371798,0.07457113280094663
nhis2024,NHIS 2024,True,m30,income,nhis2024|income,xgb_published,True,44,xgb_published|s44,1950,5,1.152864072745468,1.9024863855447325,2.193308202781905,-4.098592570746036,-3.506156345573036,0.5924362251730004,0.8822566436032169,0.8974464167263304,0.015189773123113537,0.8695921368054059,0.8995568690650921,0.02996473225968621,0.13098957289776836
nhis2024,NHIS 2024,True,ev10,age_group,nhis2024|age_group,xgb_published,True,44,xgb_published|s44,1950,2,1.0141245941892487,1.202353964112744,1.219336725927671,-3.1931999256775394,-1.8797056798510832,1.3134942458264562,0.7800802461324032,0.7924494558982227,0.012369209765819456,0.7794505916690826,0.8085991278905924,0.029148536221509813,0.08862441447954572
nhis2024,NHIS 2024,True,ev10,sex,nhis2024|sex,xgb_published,True,44,xgb_published|s44,1950,2,1.1902298375521292,1.8264805123708678,2.1739316035313077,-4.228989825624965,-3.489396447489426,0.739593378135539,0.8770134178034096,0.8954188376299845,0.018405419826574954,0.8743782432755896,0.878978567627859,0.004600324352269425,0.002139095865591689
nhis2024,NHIS 2024,True,ev10,race,nhis2024|race,xgb_published,True,44,xgb_published|s44,1950,2,1.0271729124533366,2.0244031174366977,2.0794120461170666,-3.9610421408627983,-3.692947977862749,0.26809416300004907,0.887471297512237,0.8940461851576627,0.006574887645425687,0.8753807716760782,0.8835791584820323,0.008198386805954083,0.06037487868671565
nhis2024,NHIS 2024,True,ev10,income,nhis2024|income,xgb_published,True,44,xgb_published|s44,1950,5,1.152864072745468,1.9024863855447325,2.193308202781905,-4.098592570746036,-3.506156345573036,0.5924362251730004,0.8822566436032169,0.8974464167263304,0.015189773123113537,0.8695921368054059,0.8995568690650921,0.02996473225968621,0.13098957289776836
nhis2024,NHIS 2024,True,m30,age_group,nhis2024|age_group,xgb_published,True,45,xgb_published|s45,1950,4,1.135131625324898,1.1616682672275163,1.3186463882663284,-6.028798181522215,-1.9502815959367499,4.078516585585465,0.7773750555485464,0.8069825267603592,0.02960747121181284,0.7749596374749346,0.8761744979151436,0.101214860440209,0.15372441420697358
nhis2024,NHIS 2024,True,m30,sex,nhis2024|sex,xgb_published,True,45,xgb_published|s45,1950,2,1.1892346675074221,1.8220892801621595,2.166891739262484,-4.264083373954652,-3.460654934187738,0.8034284397669142,0.8769577229143621,0.8946960126235618,0.01773828970919966,0.8700676046992823,0.8746338863734953,0.004566281674212913,0.013563795466992268
nhis2024,NHIS 2024,True,m30,race,nhis2024|race,xgb_published,True,45,xgb_published|s45,1950,4,1.2230343252683342,1.6652907259802434,2.0367077194248613,-5.074414785326519,-3.6334073538890284,1.441007431437491,0.8678978356560516,0.8921660313394031,0.02426819568335148,0.8721178287444304,0.9121913082592614,0.04007347951483098,0.12595307917888587
nhis2024,NHIS 2024,True,m30,income,nhis2024|income,xgb_published,True,45,xgb_published|s45,1950,5,1.1026534372352403,1.966642027455169,2.168524591384724,-4.172055742120282,-3.4286895817733476,0.7433661603469344,0.8844781782565694,0.8958420661525377,0.011363887895968316,0.8515864322583397,0.889295602049756,0.03770916979141625,0.04734997329170121
nhis2024,NHIS 2024,True,m30,insurance,nhis2024|insurance,xgb_published,True,45,xgb_published|s45,1950,2,1.3564267911293295,1.489145844842126,2.0199173198427793,-5.236788705248231,-3.8120311856986406,1.4247575195495905,0.8463361290966688,0.8883674613522878,0.04203133225561906,0.8702348357800971,0.8789294564258858,0.008694620645788742,0.12074911123027576
nhis2024,NHIS 2024,True,ev10,age_group,nhis2024|age_group,xgb_published,True,45,xgb_published|s45,1950,3,1.115697606138797,1.1819030362804988,1.3186463882663284,-4.440125171974336,-1.9502815959367499,2.489843576037586,0.7773750555485464,0.8069825267603592,0.02960747121181284,0.7749596374749346,0.8438890616895005,0.06892942421456594,0.15372441420697358
nhis2024,NHIS 2024,True,ev10,sex,nhis2024|sex,xgb_published,True,45,xgb_published|s45,1950,2,1.1892346675074221,1.8220892801621595,2.166891739262484,-4.264083373954652,-3.460654934187738,0.8034284397669142,0.8769577229143621,0.8946960126235618,0.01773828970919966,0.8700676046992823,0.8746338863734953,0.004566281674212913,0.013563795466992268
nhis2024,NHIS 2024,True,ev10,race,nhis2024|race,xgb_published,True,45,xgb_published|s45,1950,3,1.0885372653535237,1.871050063466041,2.0367077194248613,-4.619891584438293,-3.6334073538890284,0.9864842305492649,0.8846889572226955,0.8921660313394031,0.007477074116707616,0.8721178287444304,0.8999449002188791,0.027827071474448628,0.09903934449389007
nhis2024,NHIS 2024,True,ev10,income,nhis2024|income,xgb_published,True,45,xgb_published|s45,1950,5,1.1026534372352403,1.966642027455169,2.168524591384724,-4.172055742120282,-3.4286895817733476,0.7433661603469344,0.8844781782565694,0.8958420661525377,0.011363887895968316,0.8515864322583397,0.889295602049756,0.03770916979141625,0.04734997329170121
nhis2024,NHIS 2024,True,m30,age_group,nhis2024|age_group,xgb_published,True,46,xgb_published|s46,1950,5,1.2730080952161045,1.06140788612747,1.3511808313664826,-6.491955220694143,-2.0039897519461944,4.487965468747948,0.7729715478399366,0.8195708076040207,0.04659925976408408,0.783231912375981,0.8873550482565774,0.1041231358805964,0.16004552458563648
nhis2024,NHIS 2024,True,m30,sex,nhis2024|sex,xgb_published,True,46,xgb_published|s46,1950,2,1.1544984032103927,1.959538169281066,2.262283687464807,-4.449256280602507,-3.570288093746344,0.8789681868561625,0.8903094711806565,0.9014733205519696,0.011163849371313095,0.8774276747708164,0.8788953720911581,0.0014676973203416877,0.029858218550279925
nhis2024,NHIS 2024,True,m30,race,nhis2024|race,xgb_published,True,46,xgb_published|s46,1950,4,1.134260417946008,1.9391037542588911,2.1994486347463633,-5.143108652279015,-3.8336546917931846,1.30945396048583,0.892832620899036,0.9062472303211477,0.0134146094221117,0.8763585484678557,0.9330809175927838,0.05672236912492812,0.11621466768525612
nhis2024,NHIS 2024,True,m30,income,nhis2024|income,xgb_published,True,46,xgb_published|s46,1950,5,1.0728719396197255,2.079647084648388,2.231195001431223,-4.31564801139641,-3.6343467499853648,0.6813012614110456,0.8951933710715679,0.902340629762397,0.007147258690829106,0.8605254062448765,0.8934901604789318,0.032964754234055316,0.0908640323936376
nhis2024,NHIS 2024,True,m30,insurance,nhis2024|insurance,xgb_published,True,46,xgb_published|s46,1950,2,1.2537085534033656,1.70139604563074,2.1330547751339215,-5.459408550759187,-3.9600904598713154,1.499318090887872,0.8746152208984411,0.8975618555685105,0.02294663467006941,0.8831757270841161,0.9008441133696132,0.017668386285497162,0.18490102020375443
nhis2024,NHIS 2024,True,ev10,age_group,nhis2024|age_group,xgb_published,True,46,xgb_published|s46,1950,2,1.0923085452557662,1.2367994043345842,1.3509665581219077,-3.293359097765941,-2.0039897519461944,1.2893693458197464,0.786238701909739,0.8133848155144501,0.027146113604711086,0.783231912375981,0.8334727209282504,0.05024080855226942,0.05724542518965814
nhis2024,NHIS 2024,True,ev10,sex,nhis2024|sex,xgb_published,True,46,xgb_published|s46,1950,2,1.1544984032103927,1.959538169281066,2.262283687464807,-4.449256280602507,-3.570288093746344,0.8789681868561625,0.8903094711806565,0.9014733205519696,0.011163849371313095,0.8774276747708164,0.8788953720911581,0.0014676973203416877,0.029858218550279925
nhis2024,NHIS 2024,True,ev10,race,nhis2024|race,xgb_published,True,46,xgb_published|s46,1950,2,1.0426929433283176,2.109392461912742,2.1994486347463633,-4.025590773418149,-3.8336546917931846,0.19193608162496467,0.8947464161826046,0.9023170068625493,0.0075705906799447,0.8763585484678557,0.8934505580621916,0.01709200959433599,0.004962735611114488
nhis2024,NHIS 2024,True,ev10,income,nhis2024|income,xgb_published,True,46,xgb_published|s46,1950,5,1.0728719396197255,2.079647084648388,2.231195001431223,-4.31564801139641,-3.6343467499853648,0.6813012614110456,0.8951933710715679,0.902340629762397,0.007147258690829106,0.8605254062448765,0.8934901604789318,0.032964754234055316,0.0908640323936376
nhis2024,NHIS 2024,True,m30,age_group,nhis2024|age_group,xgb_published,True,47,xgb_published|s47,1950,4,1.0759093084857945,1.1786071861382557,1.2680744426143986,-5.793392663123638,-1.9298012945223566,3.863591368601281,0.7814621752450417,0.8005376773249799,0.019075502079938245,0.7771786848618327,0.8848834000005276,0.10770471513869484,0.25330802805493446
nhis2024,NHIS 2024,True,m30,sex,nhis2024|sex,xgb_published,True,47,xgb_published|s47,1950,2,1.1263048102351123,1.9324286668992292,2.1765037029648275,-4.205333578236526,-3.5838875219212865,0.6214460563152393,0.8857520999004405,0.8965116551471514,0.010759555246710906,0.8783592582678885,0.8798947748687604,0.0015355166008719223,0.027581372349642197
nhis2024,NHIS 2024,True,m30,race,nhis2024|race,xgb_published,True,47,xgb_published|s47,1950,4,1.067621545624159,1.9280921988980249,2.0584727734933925,-4.78237204386603,-3.673363363119128,1.1090086807469026,0.8879009797074278,0.8955580907819487,0.007657111074520939,0.8714351892161118,0.9197904535982895,0.04835526438217763,0.056301245065289995
nhis2024,NHIS 2024,True,m30,income,nhis2024|income,xgb_published,True,47,xgb_published|s47,1950,5,1.1638965838761166,1.946429615398899,2.265442780118082,-4.19951744649966,-3.670596881940888,0.5289205645587716,0.886799386451117,0.9026253350802882,0.015825948629171194,0.8685268881386939,0.8882742339141547,0.01974734577546078,0.13874973747053831
nhis2024,NHIS 2024,True,ev10,age_group,nhis2024|age_group,xgb_published,True,47,xgb_published|s47,1950,2,1.0488527103210243,1.209010979459906,1.2680744426143986,-3.2387538354634384,-1.9298012945223566,1.3089525409410818,0.7814621752450417,0.8005376773249799,0.019075502079938245,0.7771786848618327,0.8147651796456629,0.03758649478383014,0.06408072919834107
nhis2024,NHIS 2024,True,ev10,sex,nhis2024|sex,xgb_published,True,47,xgb_published|s47,1950,2,1.1263048102351123,1.9324286668992292,2.1765037029648275,-4.205333578236526,-3.5838875219212865,0.6214460563152393,0.8857520999004405,0.8965116551471514,0.010759555246710906,0.8783592582678885,0.8798947748687604,0.0015355166008719223,0.027581372349642197
nhis2024,NHIS 2024,True,ev10,race,nhis2024|race,xgb_published,True,47,xgb_published|s47,1950,3,1.067621545624159,1.9280921988980249,2.0584727734933925,-4.705805776661433,-3.673363363119128,1.032442413542305,0.8879009797074278,0.8929061876389783,0.00500520793155057,0.8714351892161118,0.9041160166576169,0.03268082744150502,0.04007718125365167
nhis2024,NHIS 2024,True,ev10,income,nhis2024|income,xgb_published,True,47,xgb_published|s47,1950,5,1.1638965838761166,1.946429615398899,2.265442780118082,-4.19951744649966,-3.670596881940888,0.5289205645587716,0.886799386451117,0.9026253350802882,0.015825948629171194,0.8685268881386939,0.8882742339141547,0.01974734577546078,0.13874973747053831
nhis2024,NHIS 2024,True,m30,age_group,nhis2024|age_group,logreg_l2,False,42,logreg_l2|s42,1950,5,1.566044095474586,0.7176767041498024,1.1239133649934594,-5.54708085434472,-1.8983192771750483,3.6487615771696715,0.693802429066094,0.7676393517728991,0.07383692270680509,0.7102932735171444,0.7781036657651306,0.06781039224798613,0.4501683501683501
nhis2024,NHIS 2024,True,m30,sex,nhis2024|sex,logreg_l2,False,42,logreg_l2|s42,1950,2,1.0347955548514645,1.6682401175785981,1.7262874580952177,-4.0553827329269145,-3.092066561113688,0.9633161718132266,0.8562514936694157,0.8597938054237454,0.00354231175432973,0.8591071953396094,0.8619118216086261,0.0028046262690166746,0.018449166824950125
nhis2024,NHIS 2024,True,m30,race,nhis2024|race,logreg_l2,False,42,logreg_l2|s42,1950,4,1.1498369474893548,1.6040731981854073,1.8444226297509956,-4.345382286863748,-3.3955822408183773,0.9498000460453704,0.855161656948807,0.8752904011026683,0.020128744153861344,0.8588207293209831,0.8963282665858914,0.0375075372649083,0.025098699181828832
nhis2024,NHIS 2024,True,m30,income,nhis2024|income,logreg_l2,False,42,logreg_l2|s42,1950,5,1.255879029798491,1.5896506295750248,1.9964088903892425,-3.83693495485902,-3.2806450534752027,0.5562899013838174,0.8475759208557287,0.8850975620716302,0.0375216412159014,0.8529769413766577,0.8901602825203503,0.037183341143692594,0.094561898440093
nhis2024,NHIS 2024,True,ev10,age_group,nhis2024|age_group,logreg_l2,False,42,logreg_l2|s42,1950,3,1.1332911340853562,0.9917251897505884,1.1239133649934594,-3.8869943136144953,-1.8983192771750483,1.988675036439447,0.7541600470448306,0.7676393517728991,0.013479304728068464,0.7755253356570246,0.7781036657651306,0.0025783301081059307,0.06427987138336466
nhis2024,NHIS 2024,True,ev10,sex,nhis2024|sex,logreg_l2,False,42,logreg_l2|s42,1950,2,1.0347955548514645,1.6682401175785981,1.7262874580952177,-4.0553827329269145,-3.092066561113688,0.9633161718132266,0.8562514936694157,0.8597938054237454,0.00354231175432973,0.8591071953396094,0.8619118216086261,0.0028046262690166746,0.018449166824950125
nhis2024,NHIS 2024,True,ev10,race,nhis2024|race,logreg_l2,False,42,logreg_l2|s42,1950,3,1.1498369474893548,1.6040731981854073,1.8444226297509956,-4.345382286863748,-3.3955822408183773,0.9498000460453704,0.855161656948807,0.8752904011026683,0.020128744153861344,0.8588207293209831,0.8882339162208975,0.029413186899914456,0.02200395677410938
nhis2024,NHIS 2024,True,ev10,income,nhis2024|income,logreg_l2,False,42,logreg_l2|s42,1950,5,1.255879029798491,1.5896506295750248,1.9964088903892425,-3.83693495485902,-3.2806450534752027,0.5562899013838174,0.8475759208557287,0.8850975620716302,0.0375216412159014,0.8529769413766577,0.8901602825203503,0.037183341143692594,0.094561898440093
nhis2024,NHIS 2024,True,m30,age_group,nhis2024|age_group,logreg_l2,False,43,logreg_l2|s43,1950,5,1.5973152786526525,0.7101333765929846,1.1343068923131723,-6.054216411708653,-1.9100318051624132,4.14418460654624,0.6920478245359705,0.7732690596598273,0.08122123512385682,0.7038358175771504,0.7868001285038559,0.08296431092670553,0.21506112153885437
nhis2024,NHIS 2024,True,m30,sex,nhis2024|sex,logreg_l2,False,43,logreg_l2|s43,1950,2,1.0443034689972368,1.6782537510015638,1.752606214028558,-4.0750007786151885,-3.149688207220309,0.9253125713948793,0.8593625658708257,0.861042861808772,0.0016802959379462745,0.8578536642764438,0.8628921247217859,0.005038460445342063,0.010081641666320862
nhis2024,NHIS 2024,True,m30,race,nhis2024|race,logreg_l2,False,43,logreg_l2|s43,1950,4,1.2242945205358806,1.5602721187732858,1.9102326055590426,-4.373977460687646,-3.4159181327992867,0.9580593278883596,0.8499892059201538,0.8794898689068379,0.02950066298668408,0.8572787955884362,0.8855688787758208,0.028290083187384574,0.09160147434933053
nhis2024,NHIS 2024,True,m30,income,nhis2024|income,logreg_l2,False,43,logreg_l2|s43,1950,5,1.2247858879172688,1.6284117578638764,1.9944557407502286,-3.8178328101153327,-3.404214605295732,0.4136182048196009,0.8532414961927661,0.8839147601889745,0.0306732639962084,0.8552487014872521,0.8793163712539723,0.024067669766720257,0.09683013083737013
nhis2024,NHIS 2024,True,m30,insurance,nhis2024|insurance,logreg_l2,False,43,logreg_l2|s43,1950,2,1.2226050916064564,1.4498060349116735,1.7725402401247798,-4.6511858402486705,-3.5637887895171687,1.0873970507315018,0.8374344235171661,0.8654270635088582,0.027992639991692103,0.8519107024291872,0.8658747436808046,0.013964041251617432,0.12451268638768631
nhis2024,NHIS 2024,True,ev10,age_group,nhis2024|age_group,logreg_l2,False,43,logreg_l2|s43,1950,2,1.014321323586193,1.1182914781903266,1.1343068923131723,-2.878737867298353,-1.9100318051624132,0.9687060621359396,0.7694314238764015,0.7732690596598273,0.0038376357834257746,0.7755556457654504,0.7868001285038559,0.011244482738405503,0.02024145948517775
nhis2024,NHIS 2024,True,ev10,sex,nhis2024|sex,logreg_l2,False,43,logreg_l2|s43,1950,2,1.0443034689972368,1.6782537510015638,1.752606214028558,-4.0750007786151885,-3.149688207220309,0.9253125713948793,0.8593625658708257,0.861042861808772,0.0016802959379462745,0.8578536642764438,0.8628921247217859,0.005038460445342063,0.010081641666320862
nhis2024,NHIS 2024,True,ev10,income,nhis2024|income,logreg_l2,False,43,logreg_l2|s43,1950,5,1.2247858879172688,1.6284117578638764,1.9944557407502286,-3.8178328101153327,-3.404214605295732,0.4136182048196009,0.8532414961927661,0.8839147601889745,0.0306732639962084,0.8552487014872521,0.8793163712539723,0.024067669766720257,0.09683013083737013
nhis2024,NHIS 2024,True,m30,age_group,nhis2024|age_group,logreg_l2,False,44,logreg_l2|s44,1950,4,1.3161352474110142,0.8959283187192394,1.1791628394200802,-4.7287500575998935,-1.9200396457970732,2.8087104118028203,0.7353639838472003,0.7767314578934155,0.041367474046215214,0.765404174009697,0.7835826561473009,0.01817848213760398,0.17499133022146096
nhis2024,NHIS 2024,True,m30,sex,nhis2024|sex,logreg_l2,False,44,logreg_l2|s44,1950,2,1.0780623190399785,1.5991090367761234,1.723939196584654,-4.021435126917988,-3.1222745807186736,0.8991605461993148,0.8517915314823516,0.8563240557747489,0.004532524292397255,0.8606581168223479,0.862964014768048,0.0023058979457000195,0.0006236440231754958
nhis2024,NHIS 2024,True,m30,race,nhis2024|race,logreg_l2,False,44,logreg_l2|s44,1950,3,1.1669619264531768,1.5849915476243797,1.8496247898277483,-4.239893985126672,-3.4128171346680944,0.8270768504585777,0.8520265857663551,0.8736376186491566,0.021611032882801418,0.8608366783506777,0.8819588908149614,0.021122212464283696,0.08460514640638872
nhis2024,NHIS 2024,True,m30,income,nhis2024|income,logreg_l2,False,44,logreg_l2|s44,1950,5,1.2616017613141426,1.5712697170686198,1.9823166425533452,-3.763685859764677,-3.289302510200952,0.4743833495637251,0.8462241422815433,0.8821303593477193,0.03590621706617603,0.8576258256784586,0.8911965243204709,0.03357069864201234,0.1333739378514438
nhis2024,NHIS 2024,True,ev10,age_group,nhis2024|age_group,logreg_l2,False,44,logreg_l2|s44,1950,2,1.068469795111599,1.1035996008637003,1.1791628394200802,-2.936859921971138,-1.9200396457970732,1.016820276174065,0.7710475136983297,0.7767314578934155,0.005683944195085777,0.7829644728137084,0.7835826561473009,0.0006181833335925369,0.11018333185196294
nhis2024,NHIS 2024,True,ev10,sex,nhis2024|sex,logreg_l2,False,44,logreg_l2|s44,1950,2,1.0780623190399785,1.5991090367761234,1.723939196584654,-4.021435126917988,-3.1222745807186736,0.8991605461993148,0.8517915314823516,0.8563240557747489,0.004532524292397255,0.8606581168223479,0.862964014768048,0.0023058979457000195,0.0006236440231754958
nhis2024,NHIS 2024,True,ev10,race,nhis2024|race,logreg_l2,False,44,logreg_l2|s44,1950,2,1.0949764706317735,1.6891913565599832,1.8496247898277483,-3.688670148376743,-3.4128171346680944,0.27585301370864856,0.8557598124145791,0.8736376186491566,0.017877806234577465,0.8608366783506777,0.8745526233400193,0.013715944989341589,0.04447795662950638
nhis2024,NHIS 2024,True,ev10,income,nhis2024|income,logreg_l2,False,44,logreg_l2|s44,1950,5,1.2616017613141426,1.5712697170686198,1.9823166425533452,-3.763685859764677,-3.289302510200952,0.4743833495637251,0.8462241422815433,0.8821303593477193,0.03590621706617603,0.8576258256784586,0.8911965243204709,0.03357069864201234,0.1333739378514438
nhis2024,NHIS 2024,True,m30,age_group,nhis2024|age_group,logreg_l2,False,45,logreg_l2|s45,1950,4,1.472987780040764,0.7735182540954906,1.1393829359211243,-5.4855370683296005,-1.9086111691076708,3.57692589922193,0.7073945836395045,0.7773510829651915,0.06995649932568704,0.7251127483928413,0.7949581802662503,0.06984543187340897,0.14806104470741355
nhis2024,NHIS 2024,True,m30,sex,nhis2024|sex,logreg_l2,False,45,logreg_l2|s45,1950,2,1.0783950837508465,1.610136741354819,1.736363546043645,-4.041181057705171,-3.0486528831686233,0.992528174536548,0.8532349602755416,0.8567956509496846,0.0035606906741429967,0.8547672858742715,0.859520913676588,0.0047536278023164735,0.0010261309084420578
nhis2024,NHIS 2024,True,m30,race,nhis2024|race,logreg_l2,False,45,logreg_l2|s45,1950,4,1.205735677566652,1.4558286936314428,1.7553445963366814,-4.653759633623516,-3.3593781422224716,1.2943814914010447,0.8383040307327887,0.8654657741961316,0.02716174346334288,0.8589450741205579,0.8760052703919955,0.017060196271437622,0.148987862495927
nhis2024,NHIS 2024,True,m30,income,nhis2024|income,logreg_l2,False,45,logreg_l2|s45,1950,5,1.2279686448571685,1.6215895167737884,1.9912610814272997,-3.756178120700581,-3.2765723778562963,0.4796057428442846,0.8519053342276992,0.8826116426476469,0.030706308419947703,0.8525037848578274,0.8763818352137194,0.023878050355891967,0.06799860755323939
nhis2024,NHIS 2024,True,m30,insurance,nhis2024|insurance,logreg_l2,False,45,logreg_l2|s45,1950,2,1.4287520833189966,1.215670372043407,1.7368915766861974,-4.819784935718372,-3.5144477364190183,1.305337199299354,0.8005204719005317,0.861526827260804,0.061006355360272324,0.8255996208890455,0.8645487458903607,0.0389491250013152,0.1236342302956277
nhis2024,NHIS 2024,True,ev10,age_group,nhis2024|age_group,logreg_l2,False,45,logreg_l2|s45,1950,3,1.1788314256849854,0.9665359364330326,1.1393829359211243,-3.942148797951886,-1.9086111691076708,2.033537628844215,0.7491087676091348,0.7773510829651915,0.028242315356056702,0.7752924178555958,0.7949581802662503,0.01966576241065454,0.14806104470741355
nhis2024,NHIS 2024,True,ev10,sex,nhis2024|sex,logreg_l2,False,45,logreg_l2|s45,1950,2,1.0783950837508465,1.610136741354819,1.736363546043645,-4.041181057705171,-3.0486528831686233,0.992528174536548,0.8532349602755416,0.8567956509496846,0.0035606906741429967,0.8547672858742715,0.859520913676588,0.0047536278023164735,0.0010261309084420578
nhis2024,NHIS 2024,True,ev10,race,nhis2024|race,logreg_l2,False,45,logreg_l2|s45,1950,3,1.1194630172266418,1.568023748283684,1.7553445963366814,-4.231778023506643,-3.3593781422224716,0.8723998812841716,0.8499210326621154,0.8654657741961316,0.015544741534016193,0.8589450741205579,0.8759060054706946,0.016960931350136765,0.10369623655913973
nhis2024,NHIS 2024,True,ev10,income,nhis2024|income,logreg_l2,False,45,logreg_l2|s45,1950,5,1.2279686448571685,1.6215895167737884,1.9912610814272997,-3.756178120700581,-3.2765723778562963,0.4796057428442846,0.8519053342276992,0.8826116426476469,0.030706308419947703,0.8525037848578274,0.8763818352137194,0.023878050355891967,0.06799860755323939
nhis2024,NHIS 2024,True,m30,age_group,nhis2024|age_group,logreg_l2,False,46,logreg_l2|s46,1950,5,1.5168305922085592,0.7865436869797899,1.1930535265194584,-5.618659663915449,-1.9795408801255316,3.6391187837899173,0.7105758961691551,0.7793351644806273,0.06875926831147228,0.7268327753792629,0.7987932107367642,0.0719604353575013,0.2247589002256255
nhis2024,NHIS 2024,True,m30,sex,nhis2024|sex,logreg_l2,False,46,logreg_l2|s46,1950,2,1.0573694372474467,1.6473833207750246,1.7418927748187176,-4.1555538349779555,-3.0759637192825213,1.0795901156954342,0.8576005038305825,0.858441697130979,0.0008411933003964478,0.8589940806611496,0.8649054355088599,0.005911354847710326,0.011760988071067957
nhis2024,NHIS 2024,True,m30,race,nhis2024|race,logreg_l2,False,46,logreg_l2|s46,1950,4,1.1551795040728445,1.6163341298068996,1.8671560584863471,-4.428910318023462,-3.489344503357691,0.9395658146657708,0.857284082683405,0.8751777409008155,0.017893658217410513,0.863737356965338,0.9029935023025892,0.03925614533725119,0.12261268143621074
nhis2024,NHIS 2024,True,m30,income,nhis2024|income,logreg_l2,False,46,logreg_l2|s46,1950,5,1.1870867318566494,1.6276665918043027,1.9321814150172205,-3.8358443002863996,-3.3898230364136173,0.4460212638727823,0.853327699996461,0.8792509347031344,0.02592323470667346,0.8537116583483837,0.8829537907684237,0.029242132420040035,0.09269521292547611
nhis2024,NHIS 2024,True,m30,insurance,nhis2024|insurance,logreg_l2,False,46,logreg_l2|s46,1950,2,1.262411880967572,1.4002632734572482,1.7677089928949743,-4.805982420731798,-3.6010984551614196,1.2048839655703785,0.8310584759071522,0.8653499058648497,0.03429142995769752,0.8631365743446755,0.8692062963541943,0.00606972200951883,0.3056220309638278
nhis2024,NHIS 2024,True,ev10,age_group,nhis2024|age_group,logreg_l2,False,46,logreg_l2|s46,1950,2,1.0425449845471246,1.1443664726253646,1.1930535265194584,-3.085994093544816,-1.9795408801255316,1.1064532134192842,0.7791436008124488,0.7793351644806273,0.00019156366817851822,0.7876551102528162,0.7987932107367642,0.011138100483948032,0.04858189226509446
nhis2024,NHIS 2024,True,ev10,sex,nhis2024|sex,logreg_l2,False,46,logreg_l2|s46,1950,2,1.0573694372474467,1.6473833207750246,1.7418927748187176,-4.1555538349779555,-3.0759637192825213,1.0795901156954342,0.8576005038305825,0.858441697130979,0.0008411933003964478,0.8589940806611496,0.8649054355088599,0.005911354847710326,0.011760988071067957
nhis2024,NHIS 2024,True,ev10,race,nhis2024|race,logreg_l2,False,46,logreg_l2|s46,1950,2,1.0751544569528682,1.736639834780686,1.8671560584863471,-3.6924316194161415,-3.489344503357691,0.20308711605845042,0.8612500396906402,0.8751777409008155,0.01392770121017528,0.863737356965338,0.8746850242000344,0.010947667234696312,0.019573111381091413
nhis2024,NHIS 2024,True,ev10,income,nhis2024|income,logreg_l2,False,46,logreg_l2|s46,1950,5,1.1870867318566494,1.6276665918043027,1.9321814150172205,-3.8358443002863996,-3.3898230364136173,0.4460212638727823,0.853327699996461,0.8792509347031344,0.02592323470667346,0.8537116583483837,0.8829537907684237,0.029242132420040035,0.09269521292547611
nhis2024,NHIS 2024,True,m30,age_group,nhis2024|age_group,logreg_l2,False,47,logreg_l2|s47,1950,4,1.2880078131623833,0.8935321985921166,1.1508764530988085,-4.808364427755231,-1.8842246227620767,2.9241398049931546,0.7349243421878707,0.7719610756646788,0.037036733476808026,0.7591078756139729,0.783023013887498,0.023915138273525094,0.20606129590943967
nhis2024,NHIS 2024,True,m30,sex,nhis2024|sex,logreg_l2,False,47,logreg_l2|s47,1950,2,1.0180621748834804,1.6988247207300609,1.729509189932267,-3.9866964585740656,-3.1124292147102492,0.8742672438638164,0.8567687512476887,0.8623622515845197,0.0055935003368310365,0.8624432790544014,0.8625207383086502,7.745925424873512e-05,0.03992774893137274
nhis2024,NHIS 2024,True,m30,race,nhis2024|race,logreg_l2,False,47,logreg_l2|s47,1950,4,1.079010328605838,1.641576622109568,1.7712781304541065,-4.398889570420873,-3.3771713025062797,1.021718267914593,0.8589593708434957,0.8657937654873624,0.006834394643866704,0.8571583114713667,0.9061448426955832,0.04898653122421648,0.05177269966595821
nhis2024,NHIS 2024,True,m30,income,nhis2024|income,logreg_l2,False,47,logreg_l2|s47,1950,5,1.2442052240614465,1.6219658594270425,2.01805839554844,-3.7938319264838367,-3.435927525670542,0.35790440081329455,0.8523010748916278,0.8843954390762914,0.032094364184663604,0.8579044857897277,0.8787456663055428,0.020841180515815183,0.12262200165425974
nhis2024,NHIS 2024,True,ev10,age_group,nhis2024|age_group,logreg_l2,False,47,logreg_l2|s47,1950,2,1.0689122251996177,1.0766800359906858,1.1508764530988085,-2.9674832757519347,-1.8842246227620767,1.083258652989858,0.7663878186845692,0.7719610756646788,0.0055732569801095755,0.7772741245839423,0.783023013887498,0.00574888930355566,0.057849599325229706
nhis2024,NHIS 2024,True,ev10,sex,nhis2024|sex,logreg_l2,False,47,logreg_l2|s47,1950,2,1.0180621748834804,1.6988247207300609,1.729509189932267,-3.9866964585740656,-3.1124292147102492,0.8742672438638164,0.8567687512476887,0.8623622515845197,0.0055935003368310365,0.8624432790544014,0.8625207383086502,7.745925424873512e-05,0.03992774893137274
nhis2024,NHIS 2024,True,ev10,race,nhis2024|race,logreg_l2,False,47,logreg_l2|s47,1950,3,1.079010328605838,1.641576622109568,1.7712781304541065,-4.2869684103368355,-3.3771713025062797,0.9097971078305558,0.8589593708434957,0.8657937654873624,0.006834394643866704,0.8571583114713667,0.8795675014588347,0.022409189987467992,0.04169197478021014
nhis2024,NHIS 2024,True,ev10,income,nhis2024|income,logreg_l2,False,47,logreg_l2|s47,1950,5,1.2442052240614465,1.6219658594270425,2.01805839554844,-3.7938319264838367,-3.435927525670542,0.35790440081329455,0.8523010748916278,0.8843954390762914,0.032094364184663604,0.8579044857897277,0.8787456663055428,0.020841180515815183,0.12262200165425974
nhis2024,NHIS 2024,True,m30,age_group,nhis2024|age_group,random_forest,False,42,random_forest|s42,1950,5,2.057088013825454,0.9583406001243455,1.9713909616780834,-6.140477242329983,-1.8300763288438249,4.310400913486158,0.7378851789333125,0.903200683174435,0.1653155042411225,0.725647362770128,0.8866816936823076,0.16103433091217967,0.26643326596810646
nhis2024,NHIS 2024,True,m30,sex,nhis2024|sex,random_forest,False,42,random_forest|s42,1950,2,1.0535627929236755,2.254914173837776,2.3756936747917097,-4.271361547714419,-3.583739097364076,0.6876224503503434,0.9077350885065486,0.9079670864791349,0.0002319979725863286,0.8433554125168529,0.8601893588394054,0.01683394632255253,0.005351017889571152
nhis2024,NHIS 2024,True,m30,race,nhis2024|race,random_forest,False,42,random_forest|s42,1950,4,1.2141337779495827,2.1598109228278304,2.622299395389728,-5.146938131438745,-3.687195342036154,1.4597427894025907,0.9024972475302908,0.9329109403567928,0.03041369282650197,0.8445929563059,0.9051792558691387,0.06058629956323869,0.06270015374937232
nhis2024,NHIS 2024,True,m30,income,nhis2024|income,random_forest,False,42,random_forest|s42,1950,5,1.0606850353989348,2.232300166615753,2.3677673812478783,-4.2109484992973085,-3.4099578948299683,0.8009906044673403,0.8999038939006572,0.9133137342617648,0.013409840361107594,0.8337691031590772,0.8629600765334582,0.029190973374381035,0.07124405354574626
nhis2024,NHIS 2024,True,ev10,age_group,nhis2024|age_group,random_forest,False,42,random_forest|s42,1950,3,1.7459490517234733,0.9583406001243455,1.6732138620152053,-4.45954415662992,-1.8300763288438249,2.629467827786095,0.7378851789333125,0.8639447588665496,0.12605957993323713,0.725647362770128,0.8439739642243957,0.11832660145426777,0.0868878114226519
nhis2024,NHIS 2024,True,ev10,sex,nhis2024|sex,random_forest,False,42,random_forest|s42,1950,2,1.0535627929236755,2.254914173837776,2.3756936747917097,-4.271361547714419,-3.583739097364076,0.6876224503503434,0.9077350885065486,0.9079670864791349,0.0002319979725863286,0.8433554125168529,0.8601893588394054,0.01683394632255253,0.005351017889571152
nhis2024,NHIS 2024,True,ev10,race,nhis2024|race,random_forest,False,42,random_forest|s42,1950,3,1.138498589696165,2.1598109228278304,2.4589416896498575,-4.70359572737151,-3.687195342036154,1.0164003853353556,0.9024972475302908,0.9181656703267855,0.01566842279649472,0.8445929563059,0.8804330930313241,0.03584013672542408,0.03642375838900758
nhis2024,NHIS 2024,True,ev10,income,nhis2024|income,random_forest,False,42,random_forest|s42,1950,5,1.0606850353989348,2.232300166615753,2.3677673812478783,-4.2109484992973085,-3.4099578948299683,0.8009906044673403,0.8999038939006572,0.9133137342617648,0.013409840361107594,0.8337691031590772,0.8629600765334582,0.029190973374381035,0.07124405354574626
nhis2024,NHIS 2024,True,m30,age_group,nhis2024|age_group,random_forest,False,43,random_forest|s43,1950,5,2.2960092025058585,0.9805710466567314,2.2514001468346567,-6.011949046166098,-1.8634155163051347,4.148533529860964,0.7422328884867515,0.9203177712446754,0.1780848827579239,0.7273915191363162,0.8808371523881932,0.153445633251877,0.26180269961646485
nhis2024,NHIS 2024,True,m30,sex,nhis2024|sex,random_forest,False,43,random_forest|s43,1950,2,1.0452421961497549,2.2029004720705534,2.302564527326357,-4.211073706169654,-3.5421179345305203,0.6689557716391339,0.8977135386928754,0.909963248774175,0.012249710081299603,0.8497736781080074,0.8513345365187446,0.0015608584107371648,0.004274720446585389
nhis2024,NHIS 2024,True,m30,race,nhis2024|race,random_forest,False,43,random_forest|s43,1950,4,1.1342821218059596,2.0794558021759486,2.3586895394938487,-5.028254002876719,-3.629077763559549,1.3991762393171698,0.8956404879624378,0.9200992025697632,0.024458714607325405,0.8423047895392558,0.8939567731012998,0.051651983562044035,0.1227755808205635
nhis2024,NHIS 2024,True,m30,income,nhis2024|income,random_forest,False,43,random_forest|s43,1950,5,1.116665183515198,2.1340268042305937,2.382993432972507,-4.241598649773626,-3.5615425334355444,0.6800561163380814,0.8943718939355507,0.9143606587426363,0.019988764807085557,0.8342883407023813,0.8640284395483775,0.029740098845996155,0.07478686639988052
nhis2024,NHIS 2024,True,m30,insurance,nhis2024|insurance,random_forest,False,43,random_forest|s43,1950,2,1.1051491801382827,2.064254255723885,2.2813088983102126,-4.850127509860638,-3.8221445795134787,1.027982930347159,0.9018838331128058,0.904990844534577,0.0031070114217711664,0.852049380915368,0.854196643649473,0.0021472627341050377,0.1313936988936989
nhis2024,NHIS 2024,True,ev10,age_group,nhis2024|age_group,random_forest,False,43,random_forest|s43,1950,2,1.3884370197507345,0.9805710466567314,1.3614611416739306,-3.015954600409154,-1.8634155163051347,1.1525390841040195,0.7422328884867515,0.8125672242289352,0.07033433574218373,0.7273915191363162,0.7900795130009228,0.06268799386460666,0.06428002735952987
nhis2024,NHIS 2024,True,ev10,sex,nhis2024|sex,random_forest,False,43,random_forest|s43,1950,2,1.0452421961497549,2.2029004720705534,2.302564527326357,-4.211073706169654,-3.5421179345305203,0.6689557716391339,0.8977135386928754,0.909963248774175,0.012249710081299603,0.8497736781080074,0.8513345365187446,0.0015608584107371648,0.004274720446585389
nhis2024,NHIS 2024,True,ev10,income,nhis2024|income,random_forest,False,43,random_forest|s43,1950,5,1.116665183515198,2.1340268042305937,2.382993432972507,-4.241598649773626,-3.5615425334355444,0.6800561163380814,0.8943718939355507,0.9143606587426363,0.019988764807085557,0.8342883407023813,0.8640284395483775,0.029740098845996155,0.07478686639988052
nhis2024,NHIS 2024,True,m30,age_group,nhis2024|age_group,random_forest,False,44,random_forest|s44,1950,4,1.7501768945494915,1.039804596529559,1.8198419796923906,-5.6960286089142596,-1.8573455370625462,3.8386830718517135,0.7529602388277238,0.8887213597307392,0.1357611209030154,0.741902232837579,0.8874991298742668,0.14559689703668788,0.21787909613534928
nhis2024,NHIS 2024,True,m30,sex,nhis2024|sex,random_forest,False,44,random_forest|s44,1950,2,1.091265967897667,2.086974839310334,2.2774446179980696,-4.184997653758566,-3.5354162198762245,0.6495814338823411,0.8968339416026017,0.9019968517732873,0.005162910170685597,0.8470170208193408,0.862739560747481,0.01572253992814021,0.019257661571789098
nhis2024,NHIS 2024,True,m30,race,nhis2024|race,random_forest,False,44,random_forest|s44,1950,3,1.0801704833800296,2.0614524499662195,2.2267200893449575,-4.491474554494087,-3.694122225552485,0.7973523289416025,0.8981232713023644,0.9021505233382634,0.004027252035899043,0.8500789206951457,0.8862025659596109,0.03612364526446521,0.1030131617864537
nhis2024,NHIS 2024,True,m30,income,nhis2024|income,random_forest,False,44,random_forest|s44,1950,5,1.074519039513642,2.1275399248591627,2.2860821565865934,-4.1707831804494,-3.4262683300292798,0.7445148504201207,0.891838116341404,0.9022053653436342,0.010367249002230183,0.8444149463273246,0.863362940294266,0.018947993966941357,0.1331375881096606
nhis2024,NHIS 2024,True,ev10,age_group,nhis2024|age_group,random_forest,False,44,random_forest|s44,1950,2,1.2602582450190563,1.039804596529559,1.3104223159850898,-3.0751486210683696,-1.8573455370625462,1.2178030840058234,0.7529602388277238,0.8056978212763655,0.052737582448641684,0.741902232837579,0.7854145130722517,0.043512280234672795,0.10295005378424871
nhis2024,NHIS 2024,True,ev10,sex,nhis2024|sex,random_forest,False,44,random_forest|s44,1950,2,1.091265967897667,2.086974839310334,2.2774446179980696,-4.184997653758566,-3.5354162198762245,0.6495814338823411,0.8968339416026017,0.9019968517732873,0.005162910170685597,0.8470170208193408,0.862739560747481,0.01572253992814021,0.019257661571789098
nhis2024,NHIS 2024,True,ev10,race,nhis2024|race,random_forest,False,44,random_forest|s44,1950,2,1.019136986277784,2.18490754366364,2.2267200893449575,-3.848215249998782,-3.694122225552485,0.15409302444629702,0.8981232713023644,0.9021505233382634,0.004027252035899043,0.8500789206951457,0.8562164225152472,0.006137501820101532,0.05340166502013799
nhis2024,NHIS 2024,True,ev10,income,nhis2024|income,random_forest,False,44,random_forest|s44,1950,5,1.074519039513642,2.1275399248591627,2.2860821565865934,-4.1707831804494,-3.4262683300292798,0.7445148504201207,0.891838116341404,0.9022053653436342,0.010367249002230183,0.8444149463273246,0.863362940294266,0.018947993966941357,0.1331375881096606
nhis2024,NHIS 2024,True,m30,age_group,nhis2024|age_group,random_forest,False,45,random_forest|s45,1950,4,1.7280435923460702,1.0328510278299237,1.7848116004895522,-5.977003835258659,-1.9103214729273275,4.066682362331332,0.7520357083712397,0.8869043153547932,0.13486860698355352,0.7339479047707779,0.8913923887439316,0.1574444839731537,0.14470463286445856
nhis2024,NHIS 2024,True,m30,sex,nhis2024|sex,random_forest,False,45,random_forest|s45,1950,2,1.1128300320679874,2.1293865014430753,2.369645248686037,-4.232006511817871,-3.567460222593367,0.664546289224504,0.9000822423938206,0.9072723139108436,0.007190071517023,0.8465358005131273,0.8547870877373944,0.008251287224267156,0.007908568913861935
nhis2024,NHIS 2024,True,m30,race,nhis2024|race,random_forest,False,45,random_forest|s45,1950,4,1.0479375512882394,2.136001497139749,2.238396178460642,-5.347333719077475,-3.6471822102038005,1.7001515088736743,0.8987505939659521,0.9112837553352127,0.012533161369260526,0.843327193400568,0.9044267647224191,0.061099571321851065,0.19562561094819153
nhis2024,NHIS 2024,True,m30,income,nhis2024|income,random_forest,False,45,random_forest|s45,1950,5,1.0861745105144893,2.1570337491604628,2.3429150766575995,-4.320178047125748,-3.400145217142666,0.9200328299830822,0.8942714759603575,0.911646556544418,0.017375080584060454,0.8288123233902482,0.8691366377492357,0.04032431435898742,0.07674462949102023
nhis2024,NHIS 2024,True,m30,insurance,nhis2024|insurance,random_forest,False,45,random_forest|s45,1950,2,1.0646765546632642,2.105170879654606,2.2413260791280987,-5.281799828750656,-3.839711299756661,1.4420885289939949,0.9029110532684732,0.9086782369550978,0.005767183686624544,0.8531235879936813,0.8715402600432216,0.01841667204954034,0.1230598504483571
nhis2024,NHIS 2024,True,ev10,age_group,nhis2024|age_group,random_forest,False,45,random_forest|s45,1950,3,1.4601479821827732,1.0328510278299237,1.5081153441812662,-4.326281327115034,-1.9103214729273275,2.415959854187707,0.7520357083712397,0.8431350782278394,0.09109936985659972,0.7339479047707779,0.8361214155688159,0.10217351079803805,0.14470463286445856
nhis2024,NHIS 2024,True,ev10,sex,nhis2024|sex,random_forest,False,45,random_forest|s45,1950,2,1.1128300320679874,2.1293865014430753,2.369645248686037,-4.232006511817871,-3.567460222593367,0.664546289224504,0.9000822423938206,0.9072723139108436,0.007190071517023,0.8465358005131273,0.8547870877373944,0.008251287224267156,0.007908568913861935
nhis2024,NHIS 2024,True,ev10,race,nhis2024|race,random_forest,False,45,random_forest|s45,1950,3,1.0314122580837017,2.1702245255640453,2.238396178460642,-4.640141017261021,-3.6471822102038005,0.9929588070572204,0.8987505939659521,0.9067071022610533,0.007956508295101195,0.843327193400568,0.885038627586733,0.041711434186164964,0.10703715476442754
nhis2024,NHIS 2024,True,ev10,income,nhis2024|income,random_forest,False,45,random_forest|s45,1950,5,1.0861745105144893,2.1570337491604628,2.3429150766575995,-4.320178047125748,-3.400145217142666,0.9200328299830822,0.8942714759603575,0.911646556544418,0.017375080584060454,0.8288123233902482,0.8691366377492357,0.04032431435898742,0.07674462949102023
nhis2024,NHIS 2024,True,m30,age_group,nhis2024|age_group,random_forest,False,46,random_forest|s46,1950,5,1.9729944289077517,1.0443699706898097,2.0605361338895465,-6.417543261782799,-1.9253831781904034,4.492160083592395,0.7541758484187862,0.911747497504222,0.15757164908543586,0.7397415763242703,0.8890203755429884,0.14927879921871812,0.11952057716585118
nhis2024,NHIS 2024,True,m30,sex,nhis2024|sex,random_forest,False,46,random_forest|s46,1950,2,1.1150298192821633,2.254976233006506,2.5143657415748177,-4.355435170425578,-3.659037182563818,0.6963979878617597,0.9088054831318828,0.9150907102696783,0.006285227137795446,0.8470238194005923,0.8581623779953005,0.011138558594708137,0.020763372632497057
nhis2024,NHIS 2024,True,m30,race,nhis2024|race,random_forest,False,46,random_forest|s46,1950,4,1.0795245305205292,2.286954325576414,2.4688232946397717,-5.239399211031013,-3.8158110015310327,1.42358820949998,0.9087617529926459,0.9277298868997192,0.018968133907073303,0.8466391238248385,0.9100363954259046,0.06339727160106612,0.0724312452253627
nhis2024,NHIS 2024,True,m30,income,nhis2024|income,random_forest,False,46,random_forest|s46,1950,5,1.1046481679721594,2.2524594481590765,2.488175202840505,-4.431908756830377,-3.563662667650719,0.868246089179658,0.9018094570555868,0.921025720129366,0.019216263073779216,0.8351833956400292,0.8645337300114727,0.02935033437144352,0.07715977789990958
nhis2024,NHIS 2024,True,m30,insurance,nhis2024|insurance,random_forest,False,46,random_forest|s46,1950,2,1.1453332307807096,2.0896775047409184,2.3933770877946876,-5.232287985436396,-3.9618640401717062,1.2704239452646897,0.9071891903973077,0.9121871545102457,0.004997964112937958,0.8552622318555004,0.8815201050577192,0.02625787320221873,0.02753506801358363
nhis2024,NHIS 2024,True,ev10,age_group,nhis2024|age_group,random_forest,False,46,random_forest|s46,1950,2,1.4774987982078782,1.0443699706898097,1.5430553765785908,-3.3257257129836852,-1.9253831781904034,1.4003425347932819,0.7541758484187862,0.838828209594918,0.08465236117613184,0.7397415763242703,0.8081990874585916,0.0684575111343213,0.03525267286260425
nhis2024,NHIS 2024,True,ev10,sex,nhis2024|sex,random_forest,False,46,random_forest|s46,1950,2,1.1150298192821633,2.254976233006506,2.5143657415748177,-4.355435170425578,-3.659037182563818,0.6963979878617597,0.9088054831318828,0.9150907102696783,0.006285227137795446,0.8470238194005923,0.8581623779953005,0.011138558594708137,0.020763372632497057
nhis2024,NHIS 2024,True,ev10,race,nhis2024|race,random_forest,False,46,random_forest|s46,1950,2,1.0224185810127717,2.353065705997352,2.4058181001556287,-3.9872095502297626,-3.8158110015310327,0.17139854869872995,0.9087617529926459,0.9130362277727921,0.004274474780146198,0.8466391238248385,0.8642219211299293,0.017582797305090825,0.004105761237930827
nhis2024,NHIS 2024,True,ev10,income,nhis2024|income,random_forest,False,46,random_forest|s46,1950,5,1.1046481679721594,2.2524594481590765,2.488175202840505,-4.431908756830377,-3.563662667650719,0.868246089179658,0.9018094570555868,0.921025720129366,0.019216263073779216,0.8351833956400292,0.8645337300114727,0.02935033437144352,0.07715977789990958
nhis2024,NHIS 2024,True,m30,age_group,nhis2024|age_group,random_forest,False,47,random_forest|s47,1950,4,1.9629746165802646,0.9746044094284756,1.913123716915297,-5.851517823061576,-1.8524344662257857,3.99908335683579,0.7410608460472121,0.898542292385609,0.1574814463383969,0.7249280394947466,0.8890062930039757,0.1640782535092291,0.2617785601475141
nhis2024,NHIS 2024,True,m30,sex,nhis2024|sex,random_forest,False,47,random_forest|s47,1950,2,1.0776954332866817,2.2267287586650193,2.399735414381413,-4.17314092574204,-3.6750600049975124,0.49808092074452803,0.9053917634135954,0.9098007292015389,0.004408965787943475,0.847786376940756,0.8555721868853893,0.007785809944633293,0.024109443732954206
nhis2024,NHIS 2024,True,m30,race,nhis2024|race,random_forest,False,47,random_forest|s47,1950,4,1.0682502501461932,2.2158424748442638,2.3670742780369447,-5.134956762358095,-3.6737769233711854,1.4611798389869093,0.9023073105232455,0.9221535749621081,0.019846264438862615,0.8395707475173748,0.9121132318397427,0.07254248432236787,0.06201241660593948
nhis2024,NHIS 2024,True,m30,income,nhis2024|income,random_forest,False,47,random_forest|s47,1950,5,1.1000309539032718,2.215993956531739,2.437661945847494,-4.322439287040501,-3.5619770889163522,0.7604621981241486,0.8986938402953448,0.9120899204755045,0.013396080180159697,0.835738087964611,0.8685135452873005,0.032775457322689494,0.11485566713597872
nhis2024,NHIS 2024,True,ev10,age_group,nhis2024|age_group,random_forest,False,47,random_forest|s47,1950,2,1.3863916298811767,0.9746044094284756,1.351183395676926,-3.14885137607831,-1.8524344662257857,1.2964169098525242,0.7410608460472121,0.812228194089613,0.07116734804240088,0.7249280394947466,0.7862336661871486,0.06130562669240203,0.08649241763714022
nhis2024,NHIS 2024,True,ev10,sex,nhis2024|sex,random_forest,False,47,random_forest|s47,1950,2,1.0776954332866817,2.2267287586650193,2.399735414381413,-4.17314092574204,-3.6750600049975124,0.49808092074452803,0.9053917634135954,0.9098007292015389,0.004408965787943475,0.847786376940756,0.8555721868853893,0.007785809944633293,0.024109443732954206
nhis2024,NHIS 2024,True,ev10,race,nhis2024|race,random_forest,False,47,random_forest|s47,1950,3,1.0447866736270568,2.2158424748442638,2.315082688574084,-4.774517392122349,-3.6737769233711854,1.1007404687511637,0.9023073105232455,0.9107266046797189,0.008419294156473356,0.8395707475173748,0.8826714012300884,0.043100653712713544,0.04046291766880006
nhis2024,NHIS 2024,True,ev10,income,nhis2024|income,random_forest,False,47,random_forest|s47,1950,5,1.1000309539032718,2.215993956531739,2.437661945847494,-4.322439287040501,-3.5619770889163522,0.7604621981241486,0.8986938402953448,0.9120899204755045,0.013396080180159697,0.835738087964611,0.8685135452873005,0.032775457322689494,0.11485566713597872
nhis2024,NHIS 2024,True,m30,age_group,nhis2024|age_group,hgb_deep,False,42,hgb_deep|s42,1950,5,1.1900369553041017,2.1791557557048793,2.593275880652443,-10.237589279798968,-2.784608374581505,7.452980905217463,0.8891073851665823,0.9597282694955604,0.07062088432897817,0.8790778250108999,0.9894155816262452,0.11033775661534528,0.31225441412065735
nhis2024,NHIS 2024,True,m30,sex,nhis2024|sex,hgb_deep,False,42,hgb_deep|s42,1950,2,1.053356234638408,3.7203093743670803,3.9188110742732793,-6.949384835081568,-5.666659444622408,1.2827253904591593,0.9635459728103497,0.968163771901706,0.004617799091356289,0.9386619023356653,0.9525105177925945,0.01384861545692928,0.0003540445411904791
nhis2024,NHIS 2024,True,m30,race,nhis2024|race,hgb_deep,False,42,hgb_deep|s42,1950,4,1.1474950900245133,3.467082107055783,3.978459694558355,-7.9017840893852975,-5.936753202578337,1.9650308868069608,0.9637752081894091,0.9751091034951282,0.011333895305719155,0.9424188677582904,0.9604083528476695,0.01798948508937903,0.05643363728470119
nhis2024,NHIS 2024,True,m30,income,nhis2024|income,hgb_deep,False,42,hgb_deep|s42,1950,5,1.0777180065875822,3.7344146150511524,4.024645874704461,-6.901255900788834,-5.595680351182783,1.3055755496060506,0.9636074461780162,0.9680446697566063,0.00443722357859011,0.917925509928243,0.9543669843392193,0.03644147441097634,0.08102627548014607
nhis2024,NHIS 2024,True,ev10,age_group,nhis2024|age_group,hgb_deep,False,42,hgb_deep|s42,1950,3,1.1777975575193125,2.1791557557048793,2.5666043265233585,-7.274651186010774,-2.784608374581505,4.490042811429269,0.8891073851665823,0.9435281506083713,0.054420765441788976,0.8790778250108999,0.965458247843406,0.08638042283250602,0.12376956563580888
nhis2024,NHIS 2024,True,ev10,sex,nhis2024|sex,hgb_deep,False,42,hgb_deep|s42,1950,2,1.053356234638408,3.7203093743670803,3.9188110742732793,-6.949384835081568,-5.666659444622408,1.2827253904591593,0.9635459728103497,0.968163771901706,0.004617799091356289,0.9386619023356653,0.9525105177925945,0.01384861545692928,0.0003540445411904791
nhis2024,NHIS 2024,True,ev10,race,nhis2024|race,hgb_deep,False,42,hgb_deep|s42,1950,3,1.1426187809149326,3.467082107055783,3.9615531304960543,-7.7110443978957735,-5.936753202578337,1.7742911953174367,0.9637752081894091,0.9697534293424774,0.0059782211530683416,0.9424188677582904,0.9604083528476695,0.01798948508937903,0.033283197136280696
nhis2024,NHIS 2024,True,ev10,income,nhis2024|income,hgb_deep,False,42,hgb_deep|s42,1950,5,1.0777180065875822,3.7344146150511524,4.024645874704461,-6.901255900788834,-5.595680351182783,1.3055755496060506,0.9636074461780162,0.9680446697566063,0.00443722357859011,0.917925509928243,0.9543669843392193,0.03644147441097634,0.08102627548014607
nhis2024,NHIS 2024,True,m30,age_group,nhis2024|age_group,hgb_deep,False,43,hgb_deep|s43,1950,5,1.5886073938395087,1.6764223513632062,2.663176942573404,-9.420357242616829,-2.3792158179652634,7.041141424651565,0.8444226796188032,0.9544627880482764,0.1100401084294732,0.8393602732910247,0.9813755558538758,0.14201528256285112,0.283558993437536
nhis2024,NHIS 2024,True,m30,sex,nhis2024|sex,hgb_deep,False,43,hgb_deep|s43,1950,2,1.0148592771477192,3.697272138228308,3.752210929620783,-6.987720473126765,-5.7091094184415425,1.2786110546852223,0.96169141203668,0.9681388169581693,0.006447404921489319,0.9355194205984915,0.9394234584618987,0.003904037863407206,0.02347594148484833
nhis2024,NHIS 2024,True,m30,race,nhis2024|race,hgb_deep,False,43,hgb_deep|s43,1950,4,1.1695464663986361,3.3629400253350723,3.933114623341174,-7.7782501958933095,-5.942787072255918,1.8354631236373917,0.9629643437626683,0.9696943424856284,0.0067299987229600955,0.932388515789045,0.9599116982202989,0.027523182431253845,0.10194448623439145
nhis2024,NHIS 2024,True,m30,income,nhis2024|income,hgb_deep,False,43,hgb_deep|s43,1950,5,1.0666003057646678,3.6597774924954596,3.903519792526306,-6.788594105577659,-5.965980400424233,0.8226137051534259,0.9632804637489006,0.966630331355876,0.0033498676069753097,0.9296574956003825,0.9462907824354014,0.016633286835018968,0.08957987079786944
nhis2024,NHIS 2024,True,m30,insurance,nhis2024|insurance,hgb_deep,False,43,hgb_deep|s43,1950,2,1.239945584093273,3.0621949731328817,3.796955134568735,-8.089067907615211,-6.2547837492311205,1.834284158384091,0.9652041207469313,0.9662432217127224,0.0010391009657910732,0.9385959437724138,0.9568807059869142,0.018284762214500372,0.1441943241943242
nhis2024,NHIS 2024,True,ev10,age_group,nhis2024|age_group,hgb_deep,False,43,hgb_deep|s43,1950,2,1.5886073938395087,1.6764223513632062,2.663176942573404,-5.3671398429591335,-2.3792158179652634,2.98792402499387,0.8444226796188032,0.9362875667578577,0.0918648871390545,0.8393602732910247,0.9390367872535744,0.09967651396254973,0.011086479913994363
nhis2024,NHIS 2024,True,ev10,sex,nhis2024|sex,hgb_deep,False,43,hgb_deep|s43,1950,2,1.0148592771477192,3.697272138228308,3.752210929620783,-6.987720473126765,-5.7091094184415425,1.2786110546852223,0.96169141203668,0.9681388169581693,0.006447404921489319,0.9355194205984915,0.9394234584618987,0.003904037863407206,0.02347594148484833
nhis2024,NHIS 2024,True,ev10,income,nhis2024|income,hgb_deep,False,43,hgb_deep|s43,1950,5,1.0666003057646678,3.6597774924954596,3.903519792526306,-6.788594105577659,-5.965980400424233,0.8226137051534259,0.9632804637489006,0.966630331355876,0.0033498676069753097,0.9296574956003825,0.9462907824354014,0.016633286835018968,0.08957987079786944
nhis2024,NHIS 2024,True,m30,age_group,nhis2024|age_group,hgb_deep,False,44,hgb_deep|s44,1950,4,1.5109201340149416,1.8834548586844797,2.845749867494647,-9.804790955214427,-2.3797401263439197,7.425050828870507,0.8636574801926827,0.9522797312887585,0.0886222510960758,0.8586365740440172,0.9874293389951567,0.12879276495113956,0.20029482423130285
nhis2024,NHIS 2024,True,m30,sex,nhis2024|sex,hgb_deep,False,44,hgb_deep|s44,1950,2,1.0720738468471165,3.6724047539702176,3.9370890917684895,-7.053094906438147,-5.607255011468288,1.4458398949698594,0.9634671114573263,0.9682439775078964,0.004776866050570039,0.937120306283267,0.9551176216638504,0.017997315380583356,0.004432688751018765
nhis2024,NHIS 2024,True,m30,race,nhis2024|race,hgb_deep,False,44,hgb_deep|s44,1950,3,1.1422776838514872,3.4159918812595538,3.9020112941806477,-7.666646034172485,-6.010843543289908,1.6558024908825777,0.9650995125155117,0.9689184657711749,0.003818953255663171,0.9421555075264414,0.968980562585849,0.026825055059407577,0.0935448092280391
nhis2024,NHIS 2024,True,m30,income,nhis2024|income,hgb_deep,False,44,hgb_deep|s44,1950,5,1.0823977136350544,3.7241361821750765,4.030996488851883,-6.656957735689941,-5.851767412585214,0.8051903231047275,0.9651290061623087,0.9679398216852051,0.002810815522896415,0.9320588964000038,0.9576190702666366,0.025560173866632785,0.09514894880082236
nhis2024,NHIS 2024,True,ev10,age_group,nhis2024|age_group,hgb_deep,False,44,hgb_deep|s44,1950,2,1.5109201340149416,1.8834548586844797,2.845749867494647,-5.44036957443375,-2.3797401263439197,3.06062944808983,0.8636574801926827,0.942551634419817,0.0788941542271343,0.8586365740440172,0.9433532579630495,0.08471668391903231,0.02644858442797271
nhis2024,NHIS 2024,True,ev10,sex,nhis2024|sex,hgb_deep,False,44,hgb_deep|s44,1950,2,1.0720738468471165,3.6724047539702176,3.9370890917684895,-7.053094906438147,-5.607255011468288,1.4458398949698594,0.9634671114573263,0.9682439775078964,0.004776866050570039,0.937120306283267,0.9551176216638504,0.017997315380583356,0.004432688751018765
nhis2024,NHIS 2024,True,ev10,race,nhis2024|race,hgb_deep,False,44,hgb_deep|s44,1950,2,1.0271930474557127,3.7987127189437895,3.9020112941806477,-6.523362877199301,-6.010843543289908,0.5125193339093936,0.9650995125155117,0.9666674905015942,0.001567977986082436,0.9421555075264414,0.9451945200149052,0.0030390124884638325,0.04355036966593018
nhis2024,NHIS 2024,True,ev10,income,nhis2024|income,hgb_deep,False,44,hgb_deep|s44,1950,5,1.0823977136350544,3.7241361821750765,4.030996488851883,-6.656957735689941,-5.851767412585214,0.8051903231047275,0.9651290061623087,0.9679398216852051,0.002810815522896415,0.9320588964000038,0.9576190702666366,0.025560173866632785,0.09514894880082236
nhis2024,NHIS 2024,True,m30,age_group,nhis2024|age_group,hgb_deep,False,45,hgb_deep|s45,1950,4,1.1205191704115958,2.2941437593285174,2.57063206200773,-9.665120161730398,-2.938181848736443,6.726938312993955,0.8992410463430347,0.9448362722018688,0.04559522585883413,0.8781236444161236,0.9861382263371427,0.10801458192101909,0.16936242766300103
nhis2024,NHIS 2024,True,m30,sex,nhis2024|sex,hgb_deep,False,45,hgb_deep|s45,1950,2,1.0492311490953616,3.3401812790433696,3.5046222415974895,-6.971544794482926,-5.135434146328452,1.8361106481544747,0.9546553699006962,0.9637583355496544,0.009102965648958183,0.9292399646604326,0.9552542658904797,0.02601430123004711,0.004742246286490004
nhis2024,NHIS 2024,True,m30,race,nhis2024|race,hgb_deep,False,45,hgb_deep|s45,1950,4,1.2408243697600307,2.9096128018242498,3.610318471069292,-7.808129469967635,-5.739051753054623,2.0690777169130117,0.9586566321212789,0.9650973517282384,0.006440719606959466,0.9393907964496209,0.9748630899706252,0.03547229352100434,0.178050667970023
nhis2024,NHIS 2024,True,m30,income,nhis2024|income,hgb_deep,False,45,hgb_deep|s45,1950,5,1.0831337821692368,3.445178931402362,3.73158968621961,-6.455975170480955,-5.535041717062483,0.9209334534184723,0.9573304772954573,0.9632262345243412,0.005895757228883913,0.9238123829865859,0.9556072351664018,0.031794852179815924,0.06555676755514339
nhis2024,NHIS 2024,True,m30,insurance,nhis2024|insurance,hgb_deep,False,45,hgb_deep|s45,1950,2,1.2548317876698134,2.8121864100614746,3.528820900198195,-8.307422313718277,-6.004957111221494,2.3024652024967827,0.9603656966313812,0.9619873327446722,0.001621636113291025,0.9444795897006548,0.9635849734837397,0.019105383783084906,0.1564857225846814
nhis2024,NHIS 2024,True,ev10,age_group,nhis2024|age_group,hgb_deep,False,45,hgb_deep|s45,1950,3,1.1205191704115958,2.2941437593285174,2.57063206200773,-6.729770185805417,-2.938181848736443,3.7915883370689736,0.8992410463430347,0.9317436493751092,0.03250260303207453,0.8781236444161236,0.938877004540497,0.06075336012437349,0.16936242766300103
nhis2024,NHIS 2024,True,ev10,sex,nhis2024|sex,hgb_deep,False,45,hgb_deep|s45,1950,2,1.0492311490953616,3.3401812790433696,3.5046222415974895,-6.971544794482926,-5.135434146328452,1.8361106481544747,0.9546553699006962,0.9637583355496544,0.009102965648958183,0.9292399646604326,0.9552542658904797,0.02601430123004711,0.004742246286490004
nhis2024,NHIS 2024,True,ev10,race,nhis2024|race,hgb_deep,False,45,hgb_deep|s45,1950,3,1.0879383913031977,3.3184953301855966,3.610318471069292,-7.2346718337254385,-5.739051753054623,1.4956200806708155,0.9586566321212789,0.9650973517282384,0.006440719606959466,0.9393907964496209,0.9658526843597622,0.02646188791014137,0.13891979232888318
nhis2024,NHIS 2024,True,ev10,income,nhis2024|income,hgb_deep,False,45,hgb_deep|s45,1950,5,1.0831337821692368,3.445178931402362,3.73158968621961,-6.455975170480955,-5.535041717062483,0.9209334534184723,0.9573304772954573,0.9632262345243412,0.005895757228883913,0.9238123829865859,0.9556072351664018,0.031794852179815924,0.06555676755514339
nhis2024,NHIS 2024,True,m30,age_group,nhis2024|age_group,hgb_deep,False,46,hgb_deep|s46,1950,5,1.32033648514721,2.0493208382954498,2.705793072573948,-10.563830671865887,-2.770330213673599,7.7935004581922875,0.8801593390574358,0.9490120878914704,0.06885274883403458,0.8732618932815233,0.9894543860478225,0.11619249276629928,0.2057140490483852
nhis2024,NHIS 2024,True,m30,sex,nhis2024|sex,hgb_deep,False,46,hgb_deep|s46,1950,2,1.118924762124993,3.634636362533521,4.06688462735867,-7.133574001310995,-5.916521841178697,1.2170521601322983,0.9664109914814991,0.9682996025851793,0.0018886111036802156,0.938690881130104,0.9517929338032032,0.013102052673099163,0.02445641642627716
nhis2024,NHIS 2024,True,m30,race,nhis2024|race,hgb_deep,False,46,hgb_deep|s46,1950,4,1.1513958369589707,3.5395390837270972,4.0754105657569495,-8.590629278814975,-6.168939762473199,2.4216895163417753,0.964909876058451,0.9765924276490883,0.011682551590637247,0.941762259468043,0.9794690586014394,0.03770679913339636,0.14137700534759357
nhis2024,NHIS 2024,True,m30,income,nhis2024|income,hgb_deep,False,46,hgb_deep|s46,1950,5,1.0368925852473543,3.8198350641082475,3.960758654841694,-7.003104539188011,-5.975876247566548,1.027228291621463,0.9649251782189445,0.9694195872053798,0.004494408986435272,0.9406461357489093,0.9566073518886911,0.015961216139781742,0.07911058979451557
nhis2024,NHIS 2024,True,m30,insurance,nhis2024|insurance,hgb_deep,False,46,hgb_deep|s46,1950,2,1.2545170760959352,3.08442753140815,3.869467008131956,-8.961654829825914,-6.422532823965505,2.539122005860409,0.9668752926955515,0.9712276527128484,0.004352360017296886,0.9464110273078485,0.976682842652476,0.030271815344627417,0.008287605406746001
nhis2024,NHIS 2024,True,ev10,age_group,nhis2024|age_group,hgb_deep,False,46,hgb_deep|s46,1950,2,1.32033648514721,2.0493208382954498,2.705793072573948,-5.440014471867399,-2.770330213673599,2.6696842581938,0.8801593390574358,0.9383337869284638,0.05817444787102799,0.8732618932815233,0.9425554434952839,0.0692935502137606,0.08289169391400575
nhis2024,NHIS 2024,True,ev10,sex,nhis2024|sex,hgb_deep,False,46,hgb_deep|s46,1950,2,1.118924762124993,3.634636362533521,4.06688462735867,-7.133574001310995,-5.916521841178697,1.2170521601322983,0.9664109914814991,0.9682996025851793,0.0018886111036802156,0.938690881130104,0.9517929338032032,0.013102052673099163,0.02445641642627716
nhis2024,NHIS 2024,True,ev10,race,nhis2024|race,hgb_deep,False,46,hgb_deep|s46,1950,2,1.0691879830552986,3.8116875894088387,4.0754105657569495,-6.653961585404246,-6.168939762473199,0.48502182293104656,0.964909876058451,0.9699715400888214,0.005061664030370339,0.941762259468043,0.9562524632276495,0.014490203759606413,0.01306861052496966
nhis2024,NHIS 2024,True,ev10,income,nhis2024|income,hgb_deep,False,46,hgb_deep|s46,1950,5,1.0368925852473543,3.8198350641082475,3.960758654841694,-7.003104539188011,-5.975876247566548,1.027228291621463,0.9649251782189445,0.9694195872053798,0.004494408986435272,0.9406461357489093,0.9566073518886911,0.015961216139781742,0.07911058979451557
nhis2024,NHIS 2024,True,m30,age_group,nhis2024|age_group,hgb_deep,False,47,hgb_deep|s47,1950,4,1.359557135760955,1.9719945152889808,2.6810392149426,-9.797305128525831,-2.6168518944875503,7.180453234038281,0.8729675777526162,0.9441239438538576,0.07115636610124132,0.8659516872620672,0.9925563552423113,0.12660466798024417,0.3031471715386227
nhis2024,NHIS 2024,True,m30,sex,nhis2024|sex,hgb_deep,False,47,hgb_deep|s47,1950,2,1.0770673956500378,3.5874668344759946,3.863943560389945,-6.798349887190836,-5.872358638721114,0.9259912484697219,0.9639486049583168,0.9658674739057505,0.0019188689474336496,0.9409710674654133,0.9494285719591957,0.008457504493782464,0.014947331070079839
nhis2024,NHIS 2024,True,m30,race,nhis2024|race,hgb_deep,False,47,hgb_deep|s47,1950,4,1.1414085367329878,3.2848093483073337,3.7493094316983133,-8.14260486886633,-5.901543619023735,2.2410612498425957,0.9622641421507734,0.9714303652396691,0.009166223088895697,0.9371450290251655,0.9786050054644921,0.04145997643932664,0.04836774977224412
nhis2024,NHIS 2024,True,m30,income,nhis2024|income,hgb_deep,False,47,hgb_deep|s47,1950,5,1.1338459910761616,3.5654067337651574,4.042622131635575,-6.846320308591555,-5.883772452416217,0.9625478561753384,0.9622243455168564,0.9662310154965291,0.0040066699796726946,0.93720161910736,0.952721140316811,0.015519521209450993,0.12342255445703709
nhis2024,NHIS 2024,True,ev10,age_group,nhis2024|age_group,hgb_deep,False,47,hgb_deep|s47,1950,2,1.359557135760955,1.9719945152889808,2.6810392149426,-5.636909649826799,-2.6168518944875503,3.0200577553392485,0.8729675777526162,0.9392133913382971,0.06624581358568082,0.8659516872620672,0.9443279723087816,0.07837628504671446,0.06928676114114174
nhis2024,NHIS 2024,True,ev10,sex,nhis2024|sex,hgb_deep,False,47,hgb_deep|s47,1950,2,1.0770673956500378,3.5874668344759946,3.863943560389945,-6.798349887190836,-5.872358638721114,0.9259912484697219,0.9639486049583168,0.9658674739057505,0.0019188689474336496,0.9409710674654133,0.9494285719591957,0.008457504493782464,0.014947331070079839
nhis2024,NHIS 2024,True,ev10,race,nhis2024|race,hgb_deep,False,47,hgb_deep|s47,1950,3,1.1414085367329878,3.2848093483073337,3.7493094316983133,-7.888700515889192,-5.901543619023735,1.9871568968654572,0.9622641421507734,0.9685466692026512,0.006282527051877818,0.9371450290251655,0.9743187223426648,0.03717369331749931,0.04134598399304268
nhis2024,NHIS 2024,True,ev10,income,nhis2024|income,hgb_deep,False,47,hgb_deep|s47,1950,5,1.1338459910761616,3.5654067337651574,4.042622131635575,-6.846320308591555,-5.883772452416217,0.9625478561753384,0.9622243455168564,0.9662310154965291,0.0040066699796726946,0.93720161910736,0.952721140316811,0.015519521209450993,0.12342255445703709
nhanes2123,NHANES 21-23,True,m30,age_group,nhanes2123|age_group,published,False,,published,820,4,1.60152271596277,1.8562453058666586,2.972819023744714,-5.638398544222474,-2.585068789586933,3.053329754635541,0.8918340649028399,0.925752768880705,0.03391870397786512,0.9495134167999861,0.9699275201139828,0.020414103313996623,0.07484407484407474
nhanes2123,NHANES 21-23,True,m30,sex,nhanes2123|sex,published,False,,published,820,2,1.089801412991661,2.736013497547178,2.9817113755911704,-3.9226737336057145,-3.5344497271003763,0.38822400650533817,0.9263437784398927,0.9317150184507268,0.005371240010834111,0.9655042574717152,0.9663446524183839,0.0008403949466686544,0.020325548619559597
nhanes2123,NHANES 21-23,True,m30,race,nhanes2123|race,published,False,,published,820,5,1.316005146392062,2.5781873681826526,3.3929078448913765,-4.038644461001453,-2.6786377158183066,1.3600067451831461,0.9203340020593287,0.9422161511621778,0.021882149102849136,0.9574134525575144,0.9777144078692297,0.020300955311715274,0.0464975845410629
nhanes2123,NHANES 21-23,True,m30,insured,nhanes2123|insured,published,False,,published,820,2,1.139703464064713,2.5338250823694355,2.8878092237105024,-4.135857016238927,-3.70050817805298,0.43534883818594716,0.920245776615364,0.9298707316665076,0.00962495505114358,0.9612323057963269,0.9665704435724897,0.005338137776162766,0.032843606941339476
nhanes2123,NHANES 21-23,True,ev10,age_group,nhanes2123|age_group,published,False,,published,820,3,1.3222429858578326,2.2483152155396278,2.972819023744714,-4.774473906551918,-2.585068789586933,2.1894051169649855,0.9125631369842326,0.925752768880705,0.013189631896472376,0.9495134167999861,0.9643984178809468,0.014885001080960691,0.04017254199735931
nhanes2123,NHANES 21-23,True,ev10,sex,nhanes2123|sex,published,False,,published,820,2,1.089801412991661,2.736013497547178,2.9817113755911704,-3.9226737336057145,-3.5344497271003763,0.38822400650533817,0.9263437784398927,0.9317150184507268,0.005371240010834111,0.9655042574717152,0.9663446524183839,0.0008403949466686544,0.020325548619559597
nhanes2123,NHANES 21-23,True,ev10,race,nhanes2123|race,published,False,,published,820,4,1.2923497776068837,2.5781873681826526,3.331919871899728,-4.038644461001453,-2.6786377158183066,1.3600067451831461,0.9203340020593287,0.9417979018625606,0.021463899803231934,0.9574134525575144,0.9777144078692297,0.020300955311715274,0.0464975845410629
nhanes2123,NHANES 21-23,True,m30,age_group,nhanes2123|age_group,xgb_published,True,42,xgb_published|s42,820,4,1.7322298423467657,1.8130923576157416,3.140692688792842,-5.895771554135524,-2.5254929928942205,3.3702785612413035,0.8893433017069892,0.9307402587988782,0.041396957091889064,0.9487643274785698,0.9728112677897878,0.024046940311218012,0.09819863680623175
nhanes2123,NHANES 21-23,True,m30,sex,nhanes2123|sex,xgb_published,True,42,xgb_published|s42,820,2,1.1382449821241774,2.7501438505456646,3.130337438003266,-3.8857370055509475,-3.4043922884679643,0.4813447170829832,0.9265536295530205,0.9353461291569053,0.00879249960388484,0.9583868079974658,0.9700610902664334,0.011674282268967606,0.034938259365740465
nhanes2123,NHANES 21-23,True,m30,race,nhanes2123|race,xgb_published,True,42,xgb_published|s42,820,5,1.2461653700061244,2.7657626300117655,3.4465976111777232,-3.8657323889886386,-2.816113386270701,1.0496190027179377,0.9269528740229925,0.9434591715068138,0.016506297483821264,0.9608051162073215,0.9764579806867028,0.0156528644793813,0.11228330397700925
nhanes2123,NHANES 21-23,True,m30,insured,nhanes2123|insured,xgb_published,True,42,xgb_published|s42,820,2,1.1868925829253782,2.49252041781616,2.9583539966960655,-4.74847198581111,-3.5781337831127953,1.1703382026983151,0.9241787808980929,0.9312784502604259,0.007099669362332972,0.9643984246584679,0.9714121920947901,0.007013767436322205,0.05060520402986157
nhanes2123,NHANES 21-23,True,ev10,age_group,nhanes2123|age_group,xgb_published,True,42,xgb_published|s42,820,3,1.4119683725784975,2.224336429758264,3.140692688792842,-4.770315668212591,-2.5254929928942205,2.2448226753183707,0.9111728324897758,0.9307402587988782,0.019567426309102465,0.9487643274785698,0.9638446077096112,0.015080280231041465,0.08199031493868458
nhanes2123,NHANES 21-23,True,ev10,sex,nhanes2123|sex,xgb_published,True,42,xgb_published|s42,820,2,1.1382449821241774,2.7501438505456646,3.130337438003266,-3.8857370055509475,-3.4043922884679643,0.4813447170829832,0.9265536295530205,0.9353461291569053,0.00879249960388484,0.9583868079974658,0.9700610902664334,0.011674282268967606,0.034938259365740465
nhanes2123,NHANES 21-23,True,ev10,race,nhanes2123|race,xgb_published,True,42,xgb_published|s42,820,4,1.2461653700061244,2.7657626300117655,3.4465976111777232,-3.8657323889886386,-2.816113386270701,1.0496190027179377,0.9269528740229925,0.9434591715068138,0.016506297483821264,0.9614708194866379,0.9764579806867028,0.014987161200064825,0.1096813231141589
nhanes2123,NHANES 21-23,True,m30,age_group,nhanes2123|age_group,xgb_published,True,43,xgb_published|s43,820,4,1.398895613758276,1.959586983291794,2.7412576357047027,-5.6628573521339876,-2.649205369238729,3.0136519828952584,0.9011163542217666,0.9179475868054662,0.016831232583699562,0.9338674804592966,0.9768978087622746,0.04303032830297804,0.04832419404778365
nhanes2123,NHANES 21-23,True,m30,sex,nhanes2123|sex,xgb_published,True,43,xgb_published|s43,820,2,1.0949542546079236,2.6229780612191074,2.872040987875104,-3.7604439607079554,-3.6753770639325483,0.08506689677540713,0.9206277090394193,0.9291570446816235,0.008529335642204261,0.9546101388618322,0.9668018364092963,0.012191697547464075,0.02572252770425698
nhanes2123,NHANES 21-23,True,m30,race,nhanes2123|race,xgb_published,True,43,xgb_published|s43,820,5,1.2617233203664595,2.5961587249282103,3.2756340066147756,-4.01132275731018,-3.1504865991515816,0.8608361581585982,0.9195540171903354,0.9418536025685702,0.022299585378234843,0.9546069122056479,0.978492985896158,0.0238860736905101,0.07817460317460301
nhanes2123,NHANES 21-23,True,m30,insured,nhanes2123|insured,xgb_published,True,43,xgb_published|s43,820,2,1.0200731527072169,2.7234392873804056,2.778107300084826,-4.289147787990948,-3.674451917915355,0.6146958700755927,0.923852386176418,0.9308599277887749,0.007007541612356949,0.959884991026831,0.9662148820377185,0.006329891010887545,0.04691609095823046
nhanes2123,NHANES 21-23,True,ev10,age_group,nhanes2123|age_group,xgb_published,True,43,xgb_published|s43,820,3,1.2490406986720242,2.1946904040990804,2.7412576357047027,-4.8882989035934115,-2.649205369238729,2.2390935343546823,0.904226257550673,0.9179475868054662,0.013721329254793191,0.9338674804592966,0.9661502678455371,0.032282787386240575,0.03395866978685347
nhanes2123,NHANES 21-23,True,ev10,sex,nhanes2123|sex,xgb_published,True,43,xgb_published|s43,820,2,1.0949542546079236,2.6229780612191074,2.872040987875104,-3.7604439607079554,-3.6753770639325483,0.08506689677540713,0.9206277090394193,0.9291570446816235,0.008529335642204261,0.9546101388618322,0.9668018364092963,0.012191697547464075,0.02572252770425698
nhanes2123,NHANES 21-23,True,ev10,race,nhanes2123|race,xgb_published,True,43,xgb_published|s43,820,4,1.2617233203664595,2.5961587249282103,3.2756340066147756,-4.01132275731018,-3.1504865991515816,0.8608361581585982,0.9195540171903354,0.9418536025685702,0.022299585378234843,0.9546069122056479,0.978492985896158,0.0238860736905101,0.036255411255411096
nhanes2123,NHANES 21-23,True,m30,age_group,nhanes2123|age_group,xgb_published,True,44,xgb_published|s44,820,4,1.9848069470529943,1.4550982475025558,2.88808911028771,-5.773590314959663,-2.5738011887287313,3.199789126230932,0.843635197611953,0.9234285158222928,0.07979331821033975,0.9451151420116959,0.9613214996563095,0.016206357644613645,0.044636316064887493
nhanes2123,NHANES 21-23,True,m30,sex,nhanes2123|sex,xgb_published,True,44,xgb_published|s44,820,2,1.0280267426966292,2.7529177406512972,2.830073057833517,-3.680606453368353,-3.5113008956653795,0.16930555770297362,0.9250021264965667,0.9264837991408472,0.0014816726442805628,0.9622823334658661,0.9632502818841971,0.0009679484183310327,0.0016838606390843225
nhanes2123,NHANES 21-23,True,m30,race,nhanes2123|race,xgb_published,True,44,xgb_published|s44,820,5,1.2888120457504124,2.585279982700899,3.3319399833423367,-3.974143007712007,-2.489603149669551,1.4845398580424556,0.9173299781442927,0.9413246950508587,0.02399471690656596,0.9508602776827728,0.9799874500838379,0.029127172401065105,0.0630577061217974
nhanes2123,NHANES 21-23,True,m30,insured,nhanes2123|insured,xgb_published,True,44,xgb_published|s44,820,2,1.0935307708442452,2.56402133800601,2.8038362302108055,-3.9053888942680106,-3.5804957182357993,0.32489317603221135,0.9194473353808138,0.9260721575757476,0.006624822194933766,0.9608928998298729,0.9628782547175654,0.00198535488769247,0.006753810203510624
nhanes2123,NHANES 21-23,True,ev10,age_group,nhanes2123|age_group,xgb_published,True,44,xgb_published|s44,820,2,1.0781607276414564,2.678718521500578,2.88808911028771,-2.7589453125524175,-2.5738011887287313,0.18514412382368617,0.9138661012337228,0.9234285158222928,0.00956241458856999,0.9451151420116959,0.9613214996563095,0.016206357644613645,0.02064058956916104
nhanes2123,NHANES 21-23,True,ev10,sex,nhanes2123|sex,xgb_published,True,44,xgb_published|s44,820,2,1.0280267426966292,2.7529177406512972,2.830073057833517,-3.680606453368353,-3.5113008956653795,0.16930555770297362,0.9250021264965667,0.9264837991408472,0.0014816726442805628,0.9622823334658661,0.9632502818841971,0.0009679484183310327,0.0016838606390843225
nhanes2123,NHANES 21-23,True,ev10,race,nhanes2123|race,xgb_published,True,44,xgb_published|s44,820,4,1.2888120457504124,2.585279982700899,3.3319399833423367,-3.974143007712007,-2.739855770156602,1.2342872375554048,0.9173299781442927,0.9413246950508587,0.02399471690656596,0.9508602776827728,0.9799874500838379,0.029127172401065105,0.0630577061217974
nhanes2123,NHANES 21-23,True,m30,age_group,nhanes2123|age_group,xgb_published,True,45,xgb_published|s45,820,4,2.12199436207313,1.4883353815757336,3.1582392885776676,-6.039545174424657,-2.653383119750393,3.3861620546742643,0.8495336138811134,0.9327309207100065,0.08319730682889315,0.9506441312013655,0.9716514951482336,0.021007363946868085,0.0912082031701954
nhanes2123,NHANES 21-23,True,m30,sex,nhanes2123|sex,xgb_published,True,45,xgb_published|s45,820,2,1.1252470163751356,2.7797281424617033,3.1278807986390293,-4.003190706900856,-3.6239200986353564,0.37927060826549974,0.928560244895799,0.9366630290065248,0.008102784110725736,0.9657573884902984,0.9740640683262833,0.008306679835984987,0.008807019890237688
nhanes2123,NHANES 21-23,True,m30,race,nhanes2123|race,xgb_published,True,45,xgb_published|s45,820,5,1.343633237269812,2.666694002616205,3.583058695543204,-4.145538490307082,-2.826706574705734,1.3188319156013484,0.9256596884164194,0.9454711815719676,0.0198114931555482,0.963397339463762,0.9807963468004295,0.017399007336667438,0.08229308005427416
nhanes2123,NHANES 21-23,True,m30,insured,nhanes2123|insured,xgb_published,True,45,xgb_published|s45,820,2,1.0960606736594247,2.7058057013349543,2.965727219796702,-4.319726218531958,-3.7920373941157575,0.5276888244162006,0.9286035349529591,0.9330349281891064,0.004431393236147274,0.9701395643125723,0.9718240127264028,0.0016844484138305305,0.046413558530501775
nhanes2123,NHANES 21-23,True,ev10,age_group,nhanes2123|age_group,xgb_published,True,45,xgb_published|s45,820,3,1.3182181818825687,2.3958395749536203,3.1582392885776676,-4.70259996400327,-2.653383119750393,2.0492168442528773,0.91867332804178,0.9327309207100065,0.014057592668226482,0.9506441312013655,0.9716514951482336,0.021007363946868085,0.06363393635174264
nhanes2123,NHANES 21-23,True,ev10,sex,nhanes2123|sex,xgb_published,True,45,xgb_published|s45,820,2,1.1252470163751356,2.7797281424617033,3.1278807986390293,-4.003190706900856,-3.6239200986353564,0.37927060826549974,0.928560244895799,0.9366630290065248,0.008102784110725736,0.9657573884902984,0.9740640683262833,0.008306679835984987,0.008807019890237688
nhanes2123,NHANES 21-23,True,ev10,race,nhanes2123|race,xgb_published,True,45,xgb_published|s45,820,5,1.343633237269812,2.666694002616205,3.583058695543204,-4.145538490307082,-2.826706574705734,1.3188319156013484,0.9256596884164194,0.9454711815719676,0.0198114931555482,0.963397339463762,0.9807963468004295,0.017399007336667438,0.08229308005427416
nhanes2123,NHANES 21-23,True,m30,age_group,nhanes2123|age_group,xgb_published,True,46,xgb_published|s46,820,4,1.8153873574935215,1.6223957251407455,2.9452766882720436,-6.031718786576952,-2.463707712141265,3.5680110744356868,0.8681433054479005,0.9269387099101077,0.05879540446220721,0.9471225893545786,0.967293659537046,0.020171070182467443,0.09782526125550017
nhanes2123,NHANES 21-23,True,m30,sex,nhanes2123|sex,xgb_published,True,46,xgb_published|s46,820,2,1.0240532736490298,2.8886854359217278,2.9581677771979202,-3.917000640540065,-3.8444918339753418,0.07250880656472303,0.9315316739827697,0.9331823816003908,0.0016507076176210944,0.9664187750356008,0.9675568322990192,0.0011380572634184238,0.013821432694429259
nhanes2123,NHANES 21-23,True,m30,race,nhanes2123|race,xgb_published,True,46,xgb_published|s46,820,5,1.2597128467547873,2.7677275190948043,3.486541912120481,-4.11480197929499,-2.739121152456126,1.375680826838864,0.9284785453644144,0.942950756010229,0.01447221064581461,0.9584031326943614,0.977546786444209,0.01914365374984761,0.10683760683760679
nhanes2123,NHANES 21-23,True,ev10,age_group,nhanes2123|age_group,xgb_published,True,46,xgb_published|s46,820,3,1.207690736141167,2.4387673103155856,2.9452766882720436,-4.8558973037066036,-2.463707712141265,2.3921895915653386,0.9175340608937208,0.9269387099101077,0.009404649016386935,0.9471225893545786,0.967293659537046,0.020171070182467443,0.07655450133240471
nhanes2123,NHANES 21-23,True,ev10,sex,nhanes2123|sex,xgb_published,True,46,xgb_published|s46,820,2,1.0240532736490298,2.8886854359217278,2.9581677771979202,-3.917000640540065,-3.8444918339753418,0.07250880656472303,0.9315316739827697,0.9331823816003908,0.0016507076176210944,0.9664187750356008,0.9675568322990192,0.0011380572634184238,0.013821432694429259
nhanes2123,NHANES 21-23,True,ev10,race,nhanes2123|race,xgb_published,True,46,xgb_published|s46,820,3,1.1137225672920872,2.7677275190948043,3.0824805981312244,-4.11480197929499,-2.739121152456126,1.375680826838864,0.9284785453644144,0.9380582135100286,0.009579668145614173,0.9584031326943614,0.977546786444209,0.01914365374984761,0.020467836257309968
nhanes2123,NHANES 21-23,True,m30,age_group,nhanes2123|age_group,xgb_published,True,47,xgb_published|s47,820,4,1.8892620302045817,1.4518388353740455,2.7429039856486246,-5.941389413202286,-2.836233467397121,3.1051559458051647,0.8436950103796592,0.9183294137022309,0.07463440332257165,0.9371814890370707,0.9590504317384827,0.021868942701412042,0.07361111111111107
nhanes2123,NHANES 21-23,True,m30,sex,nhanes2123|sex,xgb_published,True,47,xgb_published|s47,820,2,1.0699868875325973,2.5576680575376867,2.7366712842262935,-3.987008053862673,-3.712646349308088,0.27436170455458475,0.9199080505779068,0.9246564432704004,0.004748392692493608,0.957849058833842,0.9611884230767216,0.0033393642428796166,0.007419459346889812
nhanes2123,NHANES 21-23,True,m30,race,nhanes2123|race,xgb_published,True,47,xgb_published|s47,820,5,1.2982807574148758,2.443625762377044,3.172512305617372,-4.189884547866397,-2.978673111342023,1.211211436524374,0.9149496468832936,0.9359758406480927,0.021026193764799084,0.9519782735808126,0.9701309886731937,0.018152715092381144,0.053560323383084474
nhanes2123,NHANES 21-23,True,m30,insured,nhanes2123|insured,xgb_published,True,47,xgb_published|s47,820,2,1.1128620664171642,2.3871890561802642,2.6566121459892087,-4.483644191104799,-3.811413053783859,0.6722311373209395,0.9168995217791307,0.9224073513603361,0.005507829581205437,0.9543499470217885,0.9598580945693123,0.005508147547523712,0.05070089662296062
nhanes2123,NHANES 21-23,True,ev10,age_group,nhanes2123|age_group,xgb_published,True,47,xgb_published|s47,820,2,1.1189883345049483,2.4512355500668495,2.7429039856486246,-2.85582104770333,-2.836233467397121,0.019587580306208885,0.9052425257524057,0.9183294137022309,0.013086887949825154,0.9371814890370707,0.9568199241951114,0.019638435158040757,0.003621665194228907
nhanes2123,NHANES 21-23,True,ev10,sex,nhanes2123|sex,xgb_published,True,47,xgb_published|s47,820,2,1.0699868875325973,2.5576680575376867,2.7366712842262935,-3.987008053862673,-3.712646349308088,0.27436170455458475,0.9199080505779068,0.9246564432704004,0.004748392692493608,0.957849058833842,0.9611884230767216,0.0033393642428796166,0.007419459346889812
nhanes2123,NHANES 21-23,True,ev10,race,nhanes2123|race,xgb_published,True,47,xgb_published|s47,820,4,1.2982807574148758,2.443625762377044,3.172512305617372,-4.189884547866397,-2.978673111342023,1.211211436524374,0.9149496468832936,0.9359758406480927,0.021026193764799084,0.9519782735808126,0.9695470815822864,0.017568808001473868,0.049965325331262855
nhanes2123,NHANES 21-23,True,m30,age_group,nhanes2123|age_group,logreg_l2,False,42,logreg_l2|s42,820,4,1.5210243036636197,2.1450394320233315,3.262657108424294,-4.586330740995514,-2.133840766347974,2.45248997464754,0.8997222104170233,0.9333621680491753,0.033639957632151996,0.8957141314371455,0.9459984948283584,0.050284363391212894,0.0984945682265117
nhanes2123,NHANES 21-23,True,m30,sex,nhanes2123|sex,logreg_l2,False,42,logreg_l2|s42,820,2,1.055808466934723,2.7234452247343697,2.875436527507487,-3.151844051400555,-2.8215568625089746,0.3302871888915804,0.919798385040119,0.9233539625385365,0.003555577498417506,0.9247166601404522,0.9431396830682035,0.01842302292775133,0.018121784915678507
nhanes2123,NHANES 21-23,True,m30,race,nhanes2123|race,logreg_l2,False,42,logreg_l2|s42,820,5,1.5422363405641766,2.417050221098771,3.7276626879472023,-3.2682209522955343,-1.9860478191794917,1.2821731331160426,0.9069827991609531,0.9462858541712593,0.039303055010306176,0.9270919998090097,0.9515199939683006,0.024427994159290867,0.08971191340594309
nhanes2123,NHANES 21-23,True,m30,insured,nhanes2123|insured,logreg_l2,False,42,logreg_l2|s42,820,2,1.194067291632358,2.7469395519108684,3.280030671028014,-3.9704353554618215,-2.9235260868585224,1.046909268603299,0.919094837829882,0.9428244839649316,0.023729646135049576,0.9317770532779203,0.9661177109666866,0.034340657688766374,0.02122472276581866
nhanes2123,NHANES 21-23,True,ev10,age_group,nhanes2123|age_group,logreg_l2,False,42,logreg_l2|s42,820,3,1.4946192895956525,2.1829352338326626,3.262657108424294,-3.8660609663127268,-2.133840766347974,1.7322201999647526,0.8997222104170233,0.9333621680491753,0.033639957632151996,0.8957141314371455,0.9459984948283584,0.050284363391212894,0.07844807446389934
nhanes2123,NHANES 21-23,True,ev10,sex,nhanes2123|sex,logreg_l2,False,42,logreg_l2|s42,820,2,1.055808466934723,2.7234452247343697,2.875436527507487,-3.151844051400555,-2.8215568625089746,0.3302871888915804,0.919798385040119,0.9233539625385365,0.003555577498417506,0.9247166601404522,0.9431396830682035,0.01842302292775133,0.018121784915678507
nhanes2123,NHANES 21-23,True,ev10,race,nhanes2123|race,logreg_l2,False,42,logreg_l2|s42,820,4,1.5339931990363742,2.417050221098771,3.707738600894879,-3.2682209522955343,-1.9860478191794917,1.2821731331160426,0.9069827991609531,0.9440754859067844,0.037092686745831216,0.9270919998090097,0.9452548067867175,0.01816280697770778,0.08971191340594309
nhanes2123,NHANES 21-23,True,m30,age_group,nhanes2123|age_group,logreg_l2,False,43,logreg_l2|s43,820,4,1.5505307329747493,2.0243840822546355,3.138869734880695,-4.304306377399505,-2.1183746130320658,2.185931764367439,0.881443124637046,0.9299354065093051,0.04849228187225907,0.8888452811815842,0.933863294852683,0.04501801367109881,0.022650833684259686
nhanes2123,NHANES 21-23,True,m30,sex,nhanes2123|sex,logreg_l2,False,43,logreg_l2|s43,820,2,1.2438576117974007,2.369989613015985,2.9479296200307092,-3.072384042722201,-2.848924878287741,0.2234591644344599,0.9028233111425801,0.9261229679169439,0.023299656774363853,0.921489739024753,0.9412197084940601,0.019729969469307163,0.033401653592491254
nhanes2123,NHANES 21-23,True,m30,race,nhanes2123|race,logreg_l2,False,43,logreg_l2|s43,820,5,1.4503749764631857,2.4249740155400255,3.5171216307127016,-3.2092106528791478,-2.42936437398458,0.7798462788945679,0.9057218073123783,0.942348706340012,0.03662689902763372,0.9227892295997957,0.9522808463641532,0.02949161676435752,0.03809523809523796
nhanes2123,NHANES 21-23,True,m30,insured,nhanes2123|insured,logreg_l2,False,43,logreg_l2|s43,820,2,1.13041585515821,2.5926334283525985,2.930753934022964,-3.917852515492089,-2.8940570598525164,1.0237954556395725,0.9123131708697323,0.9328732391211485,0.020560068251416208,0.9276836825677135,0.9634969067157686,0.0358132241480551,0.03931577700276179
nhanes2123,NHANES 21-23,True,ev10,age_group,nhanes2123|age_group,logreg_l2,False,43,logreg_l2|s43,820,3,1.5295862251042096,2.0521038195586825,3.138869734880695,-3.9085339379662867,-2.1183746130320658,1.790159324934221,0.881443124637046,0.9299354065093051,0.04849228187225907,0.8888452811815842,0.9326790925345048,0.043833811352920526,0.017525579225535437
nhanes2123,NHANES 21-23,True,ev10,sex,nhanes2123|sex,logreg_l2,False,43,logreg_l2|s43,820,2,1.2438576117974007,2.369989613015985,2.9479296200307092,-3.072384042722201,-2.848924878287741,0.2234591644344599,0.9028233111425801,0.9261229679169439,0.023299656774363853,0.921489739024753,0.9412197084940601,0.019729969469307163,0.033401653592491254
nhanes2123,NHANES 21-23,True,ev10,race,nhanes2123|race,logreg_l2,False,43,logreg_l2|s43,820,4,1.4503749764631857,2.4249740155400255,3.5171216307127016,-3.2092106528791478,-2.42936437398458,0.7798462788945679,0.9057218073123783,0.942348706340012,0.03662689902763372,0.9227892295997957,0.9522808463641532,0.02949161676435752,0.024891774891774854
nhanes2123,NHANES 21-23,True,m30,age_group,nhanes2123|age_group,logreg_l2,False,44,logreg_l2|s44,820,4,2.2301549272912307,1.378864390809929,3.0750812152311844,-4.5049799786617575,-1.921019749857654,2.5839602288041035,0.8261315579108152,0.9280443490482464,0.10191279113743124,0.8760871475606652,0.9350487727095123,0.05896162514884706,0.0435453251067871
nhanes2123,NHANES 21-23,True,m30,sex,nhanes2123|sex,logreg_l2,False,44,logreg_l2|s44,820,2,1.0848284250025686,2.5355875906325585,2.750677492401976,-3.01968358295449,-2.813409930321839,0.20627365263265096,0.910663043038181,0.9184885161531229,0.007825473114941861,0.9301283832580036,0.9342643714934901,0.004135988235486443,0.014930150004776488
nhanes2123,NHANES 21-23,True,m30,race,nhanes2123|race,logreg_l2,False,44,logreg_l2|s44,820,5,1.778644250893176,2.38699105175624,4.245607911139691,-3.117399778446774,-1.59345078037601,1.523948998070764,0.8964720222177581,0.9541037989100072,0.05763177669224906,0.9094325435023168,0.9570292306839971,0.04759668718168031,0.04261497940163439
nhanes2123,NHANES 21-23,True,m30,insured,nhanes2123|insured,logreg_l2,False,44,logreg_l2|s44,820,2,1.0175861783788143,2.6307922183819876,2.6770577996120495,-3.7008783524084397,-2.8706993998452734,0.8301789525631662,0.9138408713593242,0.9222847762583548,0.008443904899030574,0.9313790150740833,0.9423571628932533,0.010978147819170059,0.0020323463310447654
nhanes2123,NHANES 21-23,True,ev10,age_group,nhanes2123|age_group,logreg_l2,False,44,logreg_l2|s44,820,2,1.2594085649114362,2.4416867575038523,3.0750812152311844,-2.411340900391413,-1.921019749857654,0.490321150533759,0.8981379790828954,0.9280443490482464,0.02990636996535101,0.9054132370487122,0.9350487727095123,0.029635535660800016,0.015860139921601957
nhanes2123,NHANES 21-23,True,ev10,sex,nhanes2123|sex,logreg_l2,False,44,logreg_l2|s44,820,2,1.0848284250025686,2.5355875906325585,2.750677492401976,-3.01968358295449,-2.813409930321839,0.20627365263265096,0.910663043038181,0.9184885161531229,0.007825473114941861,0.9301283832580036,0.9342643714934901,0.004135988235486443,0.014930150004776488
nhanes2123,NHANES 21-23,True,ev10,race,nhanes2123|race,logreg_l2,False,44,logreg_l2|s44,820,4,1.1571326394172103,2.38699105175624,2.7620652559839605,-3.117399778446774,-2.135642710690778,0.9817570677559959,0.8964720222177581,0.9205043822111593,0.024032359993401142,0.9094325435023168,0.9570292306839971,0.04759668718168031,0.04261497940163439
nhanes2123,NHANES 21-23,True,m30,age_group,nhanes2123|age_group,logreg_l2,False,45,logreg_l2|s45,820,4,2.4091919373932917,1.6319041099061615,3.9315702241849007,-4.780082978846377,-1.9801165054150036,2.7999664734313727,0.8618733358915046,0.9495667747317181,0.08769343884021352,0.9057459329183428,0.9533736606353065,0.047627727716963664,0.08520623626055768
nhanes2123,NHANES 21-23,True,m30,sex,nhanes2123|sex,logreg_l2,False,45,logreg_l2|s45,820,2,1.2012838379317974,2.918261354902846,3.5056602005057376,-3.1276749577072835,-2.7387565414091,0.38891841629818336,0.9268654974435957,0.941877661338774,0.015012163895178343,0.9386379549721297,0.950902865114223,0.0122649101420933,0.008861619747291383
nhanes2123,NHANES 21-23,True,m30,race,nhanes2123|race,logreg_l2,False,45,logreg_l2|s45,820,5,1.6274151949179372,2.7170791126162013,4.421815833665751,-3.28040419454683,-1.8888849514596413,1.3915192430871888,0.9205120534273622,0.9580666905560267,0.03755463712866447,0.9310110986337364,0.9652192252232928,0.03420812658955641,0.11183853459972848
nhanes2123,NHANES 21-23,True,m30,insured,nhanes2123|insured,logreg_l2,False,45,logreg_l2|s45,820,2,1.0618144457027425,3.185332822789873,3.382232405609381,-3.936864507242934,-2.8763096983376486,1.0605548089052852,0.9339087796621712,0.9450133451480969,0.011104565485925644,0.9430831343615482,0.9695926529522525,0.026509518590704273,0.03726959648435679
nhanes2123,NHANES 21-23,True,ev10,age_group,nhanes2123|age_group,logreg_l2,False,45,logreg_l2|s45,820,3,1.5605068273323166,2.5194187909487793,3.9315702241849007,-3.4784272975791244,-1.9801165054150036,1.4983107921641208,0.9026000269370823,0.9495667747317181,0.04696674779463583,0.9087733136478217,0.9533736606353065,0.04460034698748483,0.0516946896676157
nhanes2123,NHANES 21-23,True,ev10,sex,nhanes2123|sex,logreg_l2,False,45,logreg_l2|s45,820,2,1.2012838379317974,2.918261354902846,3.5056602005057376,-3.1276749577072835,-2.7387565414091,0.38891841629818336,0.9268654974435957,0.941877661338774,0.015012163895178343,0.9386379549721297,0.950902865114223,0.0122649101420933,0.008861619747291383
nhanes2123,NHANES 21-23,True,ev10,race,nhanes2123|race,logreg_l2,False,45,logreg_l2|s45,820,5,1.6274151949179372,2.7170791126162013,4.421815833665751,-3.28040419454683,-1.8888849514596413,1.3915192430871888,0.9205120534273622,0.9580666905560267,0.03755463712866447,0.9310110986337364,0.9652192252232928,0.03420812658955641,0.11183853459972848
nhanes2123,NHANES 21-23,True,m30,age_group,nhanes2123|age_group,logreg_l2,False,46,logreg_l2|s46,820,4,2.384703207104294,1.3344147319302126,3.182183090841195,-4.60517244866974,-1.6744335228972618,2.930738925772478,0.8197700535038839,0.9319115396092642,0.11214148610538033,0.8675712839952914,0.9392784149669045,0.07170713097161308,0.10339788047723841
nhanes2123,NHANES 21-23,True,m30,sex,nhanes2123|sex,logreg_l2,False,46,logreg_l2|s46,820,2,1.049653973649114,2.6875241196881743,2.8209703715085293,-3.0819258662295024,-2.935687505535689,0.14623836069381335,0.9178211696338126,0.9220623579865019,0.0042411883526893845,0.9360539250985835,0.9363451635307305,0.00029123843214695633,0.010197668850539299
nhanes2123,NHANES 21-23,True,m30,race,nhanes2123|race,logreg_l2,False,46,logreg_l2|s46,820,5,1.357399951292976,2.5020219715567844,3.396244502325135,-3.2811204782705437,-2.031809232244311,1.2493112460262328,0.9112394045321763,0.9370027940772698,0.025763389545093496,0.9278717600911213,0.9587292375646939,0.030857477473572592,0.1318376068376068
nhanes2123,NHANES 21-23,True,ev10,age_group,nhanes2123|age_group,logreg_l2,False,46,logreg_l2|s46,820,3,1.6591172636268137,1.91799769709163,3.182183090841195,-3.9074478707034226,-1.6744335228972618,2.2330143478061606,0.8815786324710868,0.9319115396092642,0.050332907138177396,0.9089624541601761,0.9392784149669045,0.03031596080672838,0.07069513698491248
nhanes2123,NHANES 21-23,True,ev10,sex,nhanes2123|sex,logreg_l2,False,46,logreg_l2|s46,820,2,1.049653973649114,2.6875241196881743,2.8209703715085293,-3.0819258662295024,-2.935687505535689,0.14623836069381335,0.9178211696338126,0.9220623579865019,0.0042411883526893845,0.9360539250985835,0.9363451635307305,0.00029123843214695633,0.010197668850539299
nhanes2123,NHANES 21-23,True,ev10,race,nhanes2123|race,logreg_l2,False,46,logreg_l2|s46,820,3,1.2420424426383134,2.5487225108950824,3.1656215330393835,-3.193718176694882,-2.031809232244311,1.161908944450571,0.9126740787716138,0.9301944379206766,0.017520359149062803,0.9278717600911213,0.9587292375646939,0.030857477473572592,0.04002601423601149
nhanes2123,NHANES 21-23,True,m30,age_group,nhanes2123|age_group,logreg_l2,False,47,logreg_l2|s47,820,4,1.6483274486528112,1.8738831266812472,3.088772993276053,-4.4213486668049,-2.2479028570546853,2.173445809750215,0.871927478250695,0.9288543478376907,0.056926869586995665,0.8868043889729069,0.9299890781228656,0.043184689149958655,0.0854166666666667
nhanes2123,NHANES 21-23,True,m30,sex,nhanes2123|sex,logreg_l2,False,47,logreg_l2|s47,820,2,1.1934681324032725,2.345108004875416,2.798811670862627,-3.1774949420777796,-3.037208494415309,0.14028644766247078,0.9024111341948198,0.9219133173087829,0.019502183113963123,0.9222096849028834,0.9279571433709566,0.00574745846807323,0.009724826635278294
nhanes2123,NHANES 21-23,True,m30,race,nhanes2123|race,logreg_l2,False,47,logreg_l2|s47,820,5,1.5299006280967946,2.2449231053628047,3.4345092689235615,-3.4205721374608453,-2.2776101958071338,1.1429619416537116,0.8973409379255384,0.9417975830614582,0.04445664513591985,0.9106900775870705,0.9459990122016874,0.035308934614616816,0.06024564676616917
nhanes2123,NHANES 21-23,True,m30,insured,nhanes2123|insured,logreg_l2,False,47,logreg_l2|s47,820,2,1.3366069807742365,2.4660814305732957,3.2961816552619823,-4.208391695960604,-3.021935676220253,1.1864560197403504,0.9073369199039866,0.9447000228943601,0.03736310299037349,0.9227646554405561,0.9428340232091159,0.02006936776855983,0.02456825966882037
nhanes2123,NHANES 21-23,True,ev10,age_group,nhanes2123|age_group,logreg_l2,False,47,logreg_l2|s47,820,2,1.5441209454759173,2.0003439512466783,3.088772993276053,-2.4827383037141084,-2.2479028570546853,0.23483544665942313,0.871927478250695,0.9288543478376907,0.056926869586995665,0.8907711905154256,0.9299890781228656,0.03921788760743994,0.007292327027237477
nhanes2123,NHANES 21-23,True,ev10,sex,nhanes2123|sex,logreg_l2,False,47,logreg_l2|s47,820,2,1.1934681324032725,2.345108004875416,2.798811670862627,-3.1774949420777796,-3.037208494415309,0.14028644766247078,0.9024111341948198,0.9219133173087829,0.019502183113963123,0.9222096849028834,0.9279571433709566,0.00574745846807323,0.009724826635278294
nhanes2123,NHANES 21-23,True,ev10,race,nhanes2123|race,logreg_l2,False,47,logreg_l2|s47,820,4,1.5299006280967946,2.2449231053628047,3.4345092689235615,-3.242242743615121,-2.2776101958071338,0.9646325478079874,0.8973409379255384,0.9417975830614582,0.04445664513591985,0.9106900775870705,0.9437055794855936,0.03301550189852309,0.055402596892800804
nhanes2123,NHANES 21-23,True,m30,age_group,nhanes2123|age_group,random_forest,False,42,random_forest|s42,820,4,1.1492973282926102,1.9281122134042628,2.2159742155138704,-4.770681541444863,-2.122494581927798,2.648186959517065,0.8651797036645092,0.8936696578997311,0.028489954235221826,0.8905732979278149,0.9162902380130516,0.025716940085236728,0.08673559004906739
nhanes2123,NHANES 21-23,True,m30,sex,nhanes2123|sex,random_forest,False,42,random_forest|s42,820,2,1.0096424060790712,2.2783441647151506,2.3003128843392164,-3.3802624062721773,-2.7805517180752144,0.5997106881969629,0.8951651277748688,0.9018073282984509,0.006642200523582109,0.9110634008192402,0.9234100010303102,0.012346600211070036,0.03822780008371596
nhanes2123,NHANES 21-23,True,m30,race,nhanes2123|race,random_forest,False,42,random_forest|s42,820,5,1.1877391464059888,2.1850741024578224,2.595298049287086,-3.204411585986553,-2.5690503714841335,0.6353612145024194,0.8932610919446405,0.9134977600173957,0.02023666807275515,0.9098596601902462,0.9354264065868058,0.025566746396559537,0.09500633478569886
nhanes2123,NHANES 21-23,True,m30,insured,nhanes2123|insured,random_forest,False,42,random_forest|s42,820,2,1.3020733126970643,1.7945686600027122,2.336659959992063,-3.7301284100507264,-3.0522027976126065,0.6779256124381199,0.8691518205273425,0.9008395992126053,0.031687778685262735,0.9117193748930315,0.9184798882350267,0.0067605133419952335,0.049648474306008494
nhanes2123,NHANES 21-23,True,ev10,age_group,nhanes2123|age_group,random_forest,False,42,random_forest|s42,820,3,1.1492973282926102,1.9281122134042628,2.2159742155138704,-4.057581846991155,-2.122494581927798,1.9350872650633573,0.8651797036645092,0.8936696578997311,0.028489954235221826,0.8905732979278149,0.9162902380130516,0.025716940085236728,0.07867944209456368
nhanes2123,NHANES 21-23,True,ev10,sex,nhanes2123|sex,random_forest,False,42,random_forest|s42,820,2,1.0096424060790712,2.2783441647151506,2.3003128843392164,-3.3802624062721773,-2.7805517180752144,0.5997106881969629,0.8951651277748688,0.9018073282984509,0.006642200523582109,0.9110634008192402,0.9234100010303102,0.012346600211070036,0.03822780008371596
nhanes2123,NHANES 21-23,True,ev10,race,nhanes2123|race,random_forest,False,42,random_forest|s42,820,4,1.1877391464059888,2.1850741024578224,2.595298049287086,-3.1948347757463886,-2.5690503714841335,0.6257844042622551,0.8932610919446405,0.9134977600173957,0.02023666807275515,0.9098596601902462,0.9354264065868058,0.025566746396559537,0.07100859339665289
nhanes2123,NHANES 21-23,True,m30,age_group,nhanes2123|age_group,random_forest,False,43,random_forest|s43,820,4,1.1324688095163222,1.8523757907693679,2.097757806549442,-4.901760322938545,-2.2250909272774613,2.6766693956610834,0.862368410081817,0.8973573330227413,0.03498892294092437,0.875075664250873,0.9300308347212367,0.05495517047036369,0.031262843014590924
nhanes2123,NHANES 21-23,True,m30,sex,nhanes2123|sex,random_forest,False,43,random_forest|s43,820,2,1.0029499577473593,2.235746735329227,2.242342093732245,-3.317397074314367,-3.039909239381797,0.27748783493257,0.8953179935656945,0.8975075104856666,0.0021895169199720455,0.9108498688809539,0.9222281381903642,0.011378269309410327,0.027777606799026966
nhanes2123,NHANES 21-23,True,m30,race,nhanes2123|race,random_forest,False,43,random_forest|s43,820,5,1.207044905085254,2.161412250803445,2.60892164512115,-3.541345935751689,-2.6499038448989776,0.8914420908527116,0.8919061674071931,0.9166334585313842,0.024727291124191142,0.9090379453915705,0.9361188992816905,0.027080953890119996,0.05476190476190468
nhanes2123,NHANES 21-23,True,m30,insured,nhanes2123|insured,random_forest,False,43,random_forest|s43,820,2,1.110106376964042,2.0347300827610373,2.2587668402736005,-3.426105207462717,-3.178338115847449,0.2477670916152679,0.8854973898359553,0.8975590017877731,0.012061611951817874,0.9159550399201708,0.9219053451222181,0.005950305202047312,0.07333100088114863
nhanes2123,NHANES 21-23,True,ev10,age_group,nhanes2123|age_group,random_forest,False,43,random_forest|s43,820,3,1.1324688095163222,1.8523757907693679,2.097757806549442,-4.032461294237373,-2.2250909272774613,1.8073703669599115,0.862368410081817,0.8812870529991552,0.018918642917338246,0.875075664250873,0.9133921274479507,0.03831646319707771,0.023264483703680505
nhanes2123,NHANES 21-23,True,ev10,sex,nhanes2123|sex,random_forest,False,43,random_forest|s43,820,2,1.0029499577473593,2.235746735329227,2.242342093732245,-3.317397074314367,-3.039909239381797,0.27748783493257,0.8953179935656945,0.8975075104856666,0.0021895169199720455,0.9108498688809539,0.9222281381903642,0.011378269309410327,0.027777606799026966
nhanes2123,NHANES 21-23,True,ev10,race,nhanes2123|race,random_forest,False,43,random_forest|s43,820,4,1.207044905085254,2.161412250803445,2.60892164512115,-3.541345935751689,-2.6499038448989776,0.8914420908527116,0.8919061674071931,0.9166334585313842,0.024727291124191142,0.9090379453915705,0.9361188992816905,0.027080953890119996,0.03506493506493491
nhanes2123,NHANES 21-23,True,m30,age_group,nhanes2123|age_group,random_forest,False,44,random_forest|s44,820,4,1.288460258834785,1.661663726856677,2.1409876756021275,-4.902759078415405,-2.165534222977775,2.7372248554376304,0.8662293182829572,0.8848165285806445,0.018587210297687284,0.8885391308902877,0.9164503057860658,0.0279111748957781,0.04674893213099185
nhanes2123,NHANES 21-23,True,m30,sex,nhanes2123|sex,random_forest,False,44,random_forest|s44,820,2,1.0105729705307085,2.2069876036920295,2.230322018587504,-3.257198341264899,-2.9851042731491884,0.27209406811571046,0.892667562082248,0.8966150412123918,0.003947479130143816,0.9167784647190935,0.9199135613339846,0.0031350966148910864,0.004074698104548968
nhanes2123,NHANES 21-23,True,m30,race,nhanes2123|race,random_forest,False,44,random_forest|s44,820,5,1.1752964993017927,2.1137421314655347,2.484273727538153,-3.5630150454123677,-2.303999228043702,1.2590158173686659,0.8842060951772126,0.9093030227795764,0.025096927602363817,0.8999142659163808,0.9424507437743792,0.04253647785799841,0.03855987442466824
nhanes2123,NHANES 21-23,True,m30,insured,nhanes2123|insured,random_forest,False,44,random_forest|s44,820,2,1.2389028361788896,1.8141339198894788,2.2475356585594017,-3.131992345641709,-3.0803945427051604,0.051597802936548476,0.8643352066758085,0.896470429064821,0.03213522238901245,0.9024111051534973,0.9193998822998609,0.0169887771463636,0.0030389819689552455
nhanes2123,NHANES 21-23,True,ev10,age_group,nhanes2123|age_group,random_forest,False,44,random_forest|s44,820,2,1.082712139770523,1.9774301930852112,2.1409876756021275,-2.5800038394462934,-2.165534222977775,0.41446961646851843,0.8694776838676361,0.8848165285806445,0.015338844713008393,0.8885391308902877,0.9164503057860658,0.0279111748957781,0.021193376575436296
nhanes2123,NHANES 21-23,True,ev10,sex,nhanes2123|sex,random_forest,False,44,random_forest|s44,820,2,1.0105729705307085,2.2069876036920295,2.230322018587504,-3.257198341264899,-2.9851042731491884,0.27209406811571046,0.892667562082248,0.8966150412123918,0.003947479130143816,0.9167784647190935,0.9199135613339846,0.0031350966148910864,0.004074698104548968
nhanes2123,NHANES 21-23,True,ev10,race,nhanes2123|race,random_forest,False,44,random_forest|s44,820,4,1.1752964993017927,2.1137421314655347,2.484273727538153,-3.5630150454123677,-2.3137834004407916,1.2492316449715761,0.8842060951772126,0.9093030227795764,0.025096927602363817,0.8999142659163808,0.9424507437743792,0.04253647785799841,0.03855987442466824
nhanes2123,NHANES 21-23,True,m30,age_group,nhanes2123|age_group,random_forest,False,45,random_forest|s45,820,4,1.366990170706886,1.7289422997362407,2.3634471294588,-4.939319946909856,-2.1146866029796607,2.824633343930195,0.8641592019783515,0.8984122543471197,0.03425305236876819,0.8913398168367992,0.928201973078369,0.036862156241569854,0.10226543704891733
nhanes2123,NHANES 21-23,True,m30,sex,nhanes2123|sex,random_forest,False,45,random_forest|s45,820,2,1.0858930245129952,2.193241351065227,2.381625484195187,-3.425401378929366,-2.9273447466603013,0.4980566322690647,0.8959852018215195,0.9022048776594849,0.006219675837965344,0.9240996701524209,0.9272205578130439,0.0031208876606230174,0.01959606336164821
nhanes2123,NHANES 21-23,True,m30,race,nhanes2123|race,random_forest,False,45,random_forest|s45,820,5,1.1695934710313294,2.173115387381573,2.5416615688792064,-3.409774377384124,-2.362735254158552,1.0470391232255722,0.8945869157339259,0.9100900403326583,0.015503124598732376,0.9171517659480837,0.9411843075936036,0.024032541645519934,0.09002713704206233
nhanes2123,NHANES 21-23,True,m30,insured,nhanes2123|insured,random_forest,False,45,random_forest|s45,820,2,1.209621973549831,1.9177384420746348,2.319738559054698,-3.3887534111370954,-3.1806355200618235,0.2081178910752719,0.876245469523852,0.9010495956375466,0.024804126113694647,0.9086339961568407,0.9273896708133154,0.018755674656474652,0.046706873873827326
nhanes2123,NHANES 21-23,True,ev10,age_group,nhanes2123|age_group,random_forest,False,45,random_forest|s45,820,3,1.233226304885393,1.9164747946877774,2.3634471294588,-3.8323849785276,-2.1146866029796607,1.7176983755479394,0.8641592019783515,0.8984122543471197,0.03425305236876819,0.8913398168367992,0.928201973078369,0.036862156241569854,0.0751024837231733
nhanes2123,NHANES 21-23,True,ev10,sex,nhanes2123|sex,random_forest,False,45,random_forest|s45,820,2,1.0858930245129952,2.193241351065227,2.381625484195187,-3.425401378929366,-2.9273447466603013,0.4980566322690647,0.8959852018215195,0.9022048776594849,0.006219675837965344,0.9240996701524209,0.9272205578130439,0.0031208876606230174,0.01959606336164821
nhanes2123,NHANES 21-23,True,ev10,race,nhanes2123|race,random_forest,False,45,random_forest|s45,820,5,1.1695934710313294,2.173115387381573,2.5416615688792064,-3.409774377384124,-2.362735254158552,1.0470391232255722,0.8945869157339259,0.9100900403326583,0.015503124598732376,0.9171517659480837,0.9411843075936036,0.024032541645519934,0.09002713704206233
nhanes2123,NHANES 21-23,True,m30,age_group,nhanes2123|age_group,random_forest,False,46,random_forest|s46,820,4,1.2776998251142615,1.692602080549734,2.16263738230643,-4.955103066610861,-2.0773735096003736,2.8777295570104875,0.8639155342080845,0.8872772526406298,0.02336171843254531,0.8875315708482079,0.9164823403029623,0.028950769454754388,0.08481152302007622
nhanes2123,NHANES 21-23,True,m30,sex,nhanes2123|sex,random_forest,False,46,random_forest|s46,820,2,1.0525276464454434,2.181319531181285,2.2958991122997157,-3.4219480283792336,-3.1119411183830654,0.3100069099961682,0.8922421210222495,0.9019526613265171,0.009710540304267545,0.9169320752489896,0.9229386401172146,0.006006564868225039,0.014740544690839075
nhanes2123,NHANES 21-23,True,m30,race,nhanes2123|race,random_forest,False,46,random_forest|s46,820,5,1.3915745978465723,1.9578562512348583,2.724503025453546,-3.448464500444604,-2.4067172836517416,1.0417472167928623,0.8780823089893794,0.9175862484282931,0.039503939438913616,0.9002447247197445,0.931661415455793,0.03141669073604847,0.09839234839234856
nhanes2123,NHANES 21-23,True,ev10,age_group,nhanes2123|age_group,random_forest,False,46,random_forest|s46,820,3,1.1280318773612334,1.917177542327451,2.16263738230643,-3.969605351014753,-2.0773735096003736,1.8922318414143793,0.8639155342080845,0.8872772526406298,0.02336171843254531,0.8875315708482079,0.9164823403029623,0.028950769454754388,0.05324528483953461
nhanes2123,NHANES 21-23,True,ev10,sex,nhanes2123|sex,random_forest,False,46,random_forest|s46,820,2,1.0525276464454434,2.181319531181285,2.2958991122997157,-3.4219480283792336,-3.1119411183830654,0.3100069099961682,0.8922421210222495,0.9019526613265171,0.009710540304267545,0.9169320752489896,0.9229386401172146,0.006006564868225039,0.014740544690839075
nhanes2123,NHANES 21-23,True,ev10,race,nhanes2123|race,random_forest,False,46,random_forest|s46,820,3,1.0289618742550342,2.1813515143138447,2.2445275425774307,-3.448464500444604,-2.4067172836517416,1.0417472167928623,0.8860356749606195,0.8986575192501842,0.012621844289564699,0.9002447247197445,0.931661415455793,0.03141669073604847,0.006798812601742976
nhanes2123,NHANES 21-23,True,m30,age_group,nhanes2123|age_group,random_forest,False,47,random_forest|s47,820,4,1.188692792292247,1.7942659186188856,2.132830964917897,-5.147138101765937,-2.323597744815872,2.823540356950065,0.8612483238019648,0.8839811317553938,0.022732807953429024,0.8826470547812261,0.9179616808590179,0.03531462607779179,0.09430894308943083
nhanes2123,NHANES 21-23,True,m30,sex,nhanes2123|sex,random_forest,False,47,random_forest|s47,820,2,1.0142479670631002,2.2182009077266294,2.2498057611992572,-3.5244669336163352,-3.1113529302562095,0.4131140033601257,0.8964149340494081,0.8984588934147222,0.0020439593653140964,0.9171294837272344,0.9178982426011936,0.0007687588739592188,0.004663904551909459
nhanes2123,NHANES 21-23,True,m30,race,nhanes2123|race,random_forest,False,47,random_forest|s47,820,5,1.2080115713495598,2.133976549726552,2.577868365058284,-3.6761278368397967,-2.667317617648094,1.0088102191917026,0.8922419800197677,0.912114478300154,0.019872498280386286,0.9074645683932353,0.9429870162701508,0.0355224478769155,0.06545398009950243
nhanes2123,NHANES 21-23,True,m30,insured,nhanes2123|insured,random_forest,False,47,random_forest|s47,820,2,1.080821987934584,2.0846667949889732,2.2531537095411998,-3.5977583465543996,-3.3171698388219406,0.280588507732459,0.8907062931210126,0.8985282639970251,0.007821970876012552,0.9158493543803523,0.9180931236406498,0.002243769260297457,0.06912132513593561
nhanes2123,NHANES 21-23,True,ev10,age_group,nhanes2123|age_group,random_forest,False,47,random_forest|s47,820,2,1.1460405301528587,1.861043225612117,2.132830964917897,-2.5465677031874674,-2.323597744815872,0.2229699583715954,0.8612483238019648,0.8839811317553938,0.022732807953429024,0.8826470547812261,0.9114600825361792,0.02881302775495309,0.0017189200768472634
nhanes2123,NHANES 21-23,True,ev10,sex,nhanes2123|sex,random_forest,False,47,random_forest|s47,820,2,1.0142479670631002,2.2182009077266294,2.2498057611992572,-3.5244669336163352,-3.1113529302562095,0.4131140033601257,0.8964149340494081,0.8984588934147222,0.0020439593653140964,0.9171294837272344,0.9178982426011936,0.0007687588739592188,0.004663904551909459
nhanes2123,NHANES 21-23,True,ev10,race,nhanes2123|race,random_forest,False,47,random_forest|s47,820,4,1.2080115713495598,2.133976549726552,2.577868365058284,-3.6761278368397967,-2.667317617648094,1.0088102191917026,0.8922419800197677,0.912114478300154,0.019872498280386286,0.9074645683932353,0.9289985939383079,0.021534025545072555,0.047841229271526675
nhanes2123,NHANES 21-23,True,m30,age_group,nhanes2123|age_group,hgb_deep,False,42,hgb_deep|s42,820,4,1.8380060727733816,3.2802775623863525,6.029170080048381,-9.76425438642166,-5.100301145451099,4.663953240970561,0.9740563410338803,0.9787011504035612,0.0046448093696809245,0.993302179179723,0.9984972609294498,0.0051950817497268265,0.09133445978196553
nhanes2123,NHANES 21-23,True,m30,sex,nhanes2123|sex,hgb_deep,False,42,hgb_deep|s42,820,2,1.1663861052464237,4.923379493505261,5.742561432079712,-7.141326680418883,-6.247962483826022,0.8933641965928611,0.977521690690095,0.9793311845978315,0.001809493907736548,0.9952281119305639,0.9971519067314623,0.0019237948008983263,0.040886784970754486
nhanes2123,NHANES 21-23,True,m30,race,nhanes2123|race,hgb_deep,False,42,hgb_deep|s42,820,5,1.2278305774921456,4.990876679123837,6.127950995120703,-7.061263178817064,-5.3191920473769,1.7420711314401638,0.9776204599056937,0.9812050287095453,0.0035845688038516066,0.9908661704415787,0.9981404533494422,0.007274282907863583,0.13079632891443382
nhanes2123,NHANES 21-23,True,m30,insured,nhanes2123|insured,hgb_deep,False,42,hgb_deep|s42,820,2,1.2151651045239666,4.431470653925176,5.384968500371878,-8.231663907355275,-6.609308246747786,1.6223556606074885,0.9783783180981935,0.9789751433048056,0.0005968252066120838,0.996270467250734,0.9982609746009528,0.001990507350218773,0.0521997535696167
nhanes2123,NHANES 21-23,True,ev10,age_group,nhanes2123|age_group,hgb_deep,False,42,hgb_deep|s42,820,3,1.5259731866839235,3.9510327787281168,6.029170080048381,-8.634988008920075,-5.100301145451099,3.534686863468976,0.9740563410338803,0.9787011504035612,0.0046448093696809245,0.993302179179723,0.9967143528098625,0.00341217363013957,0.06539168552036223
nhanes2123,NHANES 21-23,True,ev10,sex,nhanes2123|sex,hgb_deep,False,42,hgb_deep|s42,820,2,1.1663861052464237,4.923379493505261,5.742561432079712,-7.141326680418883,-6.247962483826022,0.8933641965928611,0.977521690690095,0.9793311845978315,0.001809493907736548,0.9952281119305639,0.9971519067314623,0.0019237948008983263,0.040886784970754486
nhanes2123,NHANES 21-23,True,ev10,race,nhanes2123|race,hgb_deep,False,42,hgb_deep|s42,820,4,1.2278305774921456,4.990876679123837,6.127950995120703,-7.061263178817064,-5.3191920473769,1.7420711314401638,0.9776204599056937,0.9812050287095453,0.0035845688038516066,0.993930362879603,0.9981404533494422,0.004210090469839223,0.09746369503832175
nhanes2123,NHANES 21-23,True,m30,age_group,nhanes2123|age_group,hgb_deep,False,43,hgb_deep|s43,820,4,1.624063595221086,3.3350541827451474,5.416340086286205,-9.834135655955404,-5.412732913650844,4.42140274230456,0.9715136284596024,0.9785868223482252,0.00707319388862282,0.9910343592995455,0.9988579174699788,0.007823558170433231,0.04776803292271159
nhanes2123,NHANES 21-23,True,m30,sex,nhanes2123|sex,hgb_deep,False,43,hgb_deep|s43,820,2,1.1249795245336092,4.679962971563522,5.264862518584428,-7.033618601115014,-6.908423473898978,0.12519512721603654,0.9758238428736765,0.9785573062785319,0.002733463404855363,0.9939465657721073,0.9966074352896738,0.0026608695175665,0.02907027739592516
nhanes2123,NHANES 21-23,True,m30,race,nhanes2123|race,hgb_deep,False,43,hgb_deep|s43,820,5,1.2337159171139347,4.655038229248948,5.742994758198292,-7.290212009917592,-5.94238688568075,1.3478251242368424,0.9759477931631957,0.9807100666069506,0.004762273443754905,0.9930137562833763,0.9980371966959796,0.005023440412603275,0.06904761904761891
nhanes2123,NHANES 21-23,True,m30,insured,nhanes2123|insured,hgb_deep,False,43,hgb_deep|s43,820,2,1.0162418022606732,4.863542560488589,4.942535257042413,-7.608993458229534,-6.924807692163285,0.6841857660662489,0.9769414775537215,0.9787313340352841,0.0017898564815626017,0.9945641762400284,0.9952489885333851,0.0006848122933567069,0.078358027708051
nhanes2123,NHANES 21-23,True,ev10,age_group,nhanes2123|age_group,hgb_deep,False,43,hgb_deep|s43,820,3,1.428597759579165,3.7913681790189457,5.416340086286205,-8.488838839265656,-5.412732913650844,3.0761059256148116,0.9715136284596024,0.9765864287407403,0.005072800281137879,0.9910343592995455,0.9965563421787986,0.005521982879253096,0.03384306406542126
nhanes2123,NHANES 21-23,True,ev10,sex,nhanes2123|sex,hgb_deep,False,43,hgb_deep|s43,820,2,1.1249795245336092,4.679962971563522,5.264862518584428,-7.033618601115014,-6.908423473898978,0.12519512721603654,0.9758238428736765,0.9785573062785319,0.002733463404855363,0.9939465657721073,0.9966074352896738,0.0026608695175665,0.02907027739592516
nhanes2123,NHANES 21-23,True,ev10,race,nhanes2123|race,hgb_deep,False,43,hgb_deep|s43,820,4,1.2337159171139347,4.655038229248948,5.742994758198292,-7.290212009917592,-5.94238688568075,1.3478251242368424,0.9759477931631957,0.9807100666069506,0.004762273443754905,0.9930137562833763,0.9980371966959796,0.005023440412603275,0.04588744588744598
nhanes2123,NHANES 21-23,True,m30,age_group,nhanes2123|age_group,hgb_deep,False,44,hgb_deep|s44,820,4,2.1037488700127773,2.660827475166249,5.597712794179947,-9.757711727152406,-5.277310106519091,4.480401620633315,0.9634947449633289,0.9771080908331005,0.013613345869771587,0.9911633366502499,0.9984885658707683,0.00732522922051837,0.060868533459895624
nhanes2123,NHANES 21-23,True,m30,sex,nhanes2123|sex,hgb_deep,False,44,hgb_deep|s44,820,2,1.0232897151750147,5.037383408854681,5.154702633674251,-6.733602359498088,-6.695629454468813,0.03797290502927453,0.9767653273101463,0.9775145598329367,0.0007492325227903551,0.9950216940837711,0.9954921488920001,0.0004704548082290483,0.004925726567517663
nhanes2123,NHANES 21-23,True,m30,race,nhanes2123|race,hgb_deep,False,44,hgb_deep|s44,820,5,1.2916618393291344,4.609351960866788,5.953724031888548,-7.166237650787807,-4.593354553341644,2.572883097446163,0.9757265431604605,0.9807459971853983,0.005019454024937864,0.9913397154298371,0.9973848611858687,0.006045145756031545,0.08955223880597019
nhanes2123,NHANES 21-23,True,m30,insured,nhanes2123|insured,hgb_deep,False,44,hgb_deep|s44,820,2,1.0831277116152167,4.7235259800983895,5.1161818855789924,-6.720260156278189,-6.612384445741725,0.10787571053646428,0.9746161174253135,0.9772702985522839,0.0026541811269703564,0.99109773247123,0.9954545543479145,0.0043568218766845135,0.007457726265823972
nhanes2123,NHANES 21-23,True,ev10,age_group,nhanes2123|age_group,hgb_deep,False,44,hgb_deep|s44,820,2,1.0724566877028126,5.219523416064635,5.597712794179947,-5.55335037247212,-5.277310106519091,0.27604026595302855,0.9740413439944478,0.9771080908331005,0.003066746838652712,0.9911633366502499,0.9951073503288945,0.003944013678644609,0.026887051978414234
nhanes2123,NHANES 21-23,True,ev10,sex,nhanes2123|sex,hgb_deep,False,44,hgb_deep|s44,820,2,1.0232897151750147,5.037383408854681,5.154702633674251,-6.733602359498088,-6.695629454468813,0.03797290502927453,0.9767653273101463,0.9775145598329367,0.0007492325227903551,0.9950216940837711,0.9954921488920001,0.0004704548082290483,0.004925726567517663
nhanes2123,NHANES 21-23,True,ev10,race,nhanes2123|race,hgb_deep,False,44,hgb_deep|s44,820,4,1.2857845707320206,4.609351960866788,5.926633632355901,-7.166237650787807,-4.915989103586732,2.2502485472010756,0.9757265431604605,0.9807459971853983,0.005019454024937864,0.9913397154298371,0.9973848611858687,0.006045145756031545,0.08955223880597019
nhanes2123,NHANES 21-23,True,m30,age_group,nhanes2123|age_group,hgb_deep,False,45,hgb_deep|s45,820,4,2.1888890471973625,2.8877193277056565,6.320897207795043,-10.700595998213588,-5.322931188936604,5.377664809276984,0.9735098550907455,0.9807583877876159,0.0072485326968704245,0.9920135388487294,0.9974674464088995,0.005453907560170057,0.08737562189054748
nhanes2123,NHANES 21-23,True,m30,sex,nhanes2123|sex,hgb_deep,False,45,hgb_deep|s45,820,2,1.1295755819692563,5.174361447834668,5.84483234375713,-7.486041773266273,-6.76945495805969,0.7165868152065835,0.9797366190918602,0.980867018040064,0.0011303989482038812,0.9956328923127746,0.9965483172467491,0.0009154249339744513,0.009207116391572456
nhanes2123,NHANES 21-23,True,m30,race,nhanes2123|race,hgb_deep,False,45,hgb_deep|s45,820,5,1.3966935964280256,4.905733299481217,6.851806285169146,-7.745967895906779,-5.443819985333196,2.3021479105735834,0.9793597491240821,0.9833135911817212,0.003953842057639156,0.9894736781715135,0.9985602458732976,0.009086567701784065,0.10593622795115343
nhanes2123,NHANES 21-23,True,m30,insured,nhanes2123|insured,hgb_deep,False,45,hgb_deep|s45,820,2,1.0899869515859464,5.078742151954049,5.535762676099443,-7.249392300554378,-7.14710416701876,0.10228813353561783,0.9786210666208471,0.9803942693269466,0.001773202706099486,0.9961455453562669,0.9965827352219147,0.0004371898656477802,0.058545742527791766
nhanes2123,NHANES 21-23,True,ev10,age_group,nhanes2123|age_group,hgb_deep,False,45,hgb_deep|s45,820,3,1.4552509742205135,4.3435100335052175,6.320897207795043,-8.51369978376139,-5.322931188936604,3.190768594824787,0.9747286751447377,0.9807583877876159,0.0060297126428782155,0.9920135388487294,0.9972297731125149,0.00521623426378548,0.051985721093669945
nhanes2123,NHANES 21-23,True,ev10,sex,nhanes2123|sex,hgb_deep,False,45,hgb_deep|s45,820,2,1.1295755819692563,5.174361447834668,5.84483234375713,-7.486041773266273,-6.76945495805969,0.7165868152065835,0.9797366190918602,0.980867018040064,0.0011303989482038812,0.9956328923127746,0.9965483172467491,0.0009154249339744513,0.009207116391572456
nhanes2123,NHANES 21-23,True,ev10,race,nhanes2123|race,hgb_deep,False,45,hgb_deep|s45,820,5,1.3966935964280256,4.905733299481217,6.851806285169146,-7.745967895906779,-5.443819985333196,2.3021479105735834,0.9793597491240821,0.9833135911817212,0.003953842057639156,0.9894736781715135,0.9985602458732976,0.009086567701784065,0.10593622795115343
nhanes2123,NHANES 21-23,True,m30,age_group,nhanes2123|age_group,hgb_deep,False,46,hgb_deep|s46,820,4,1.9684624950289944,2.840881436879024,5.592168561320438,-10.295271514778328,-5.074898275040204,5.220373239738124,0.971063744051273,0.9803491052730526,0.009285361221779587,0.990774140386826,0.99793944806382,0.0071653076769939705,0.09361093253786013
nhanes2123,NHANES 21-23,True,m30,sex,nhanes2123|sex,hgb_deep,False,46,hgb_deep|s46,820,2,1.0415833019889036,5.13079895326546,5.3441545155834485,-7.255702663342749,-7.114758953897592,0.14094370944515688,0.9788840885766481,0.9794762712574938,0.0005921826808457098,0.9956832903815938,0.9959445943710463,0.00026130398945256594,0.009946373179280377
nhanes2123,NHANES 21-23,True,m30,race,nhanes2123|race,hgb_deep,False,46,hgb_deep|s46,820,5,1.304342188036538,4.8714528904561325,6.3540415220544695,-7.623153851677819,-5.423516026317407,2.199637825360412,0.9777835946770562,0.9813202773204224,0.0035366826433661513,0.9936457329395736,0.9975043521690529,0.0038586192294792765,0.11665649165649161
nhanes2123,NHANES 21-23,True,ev10,age_group,nhanes2123|age_group,hgb_deep,False,46,hgb_deep|s46,820,3,1.3085988684268917,4.273401648316387,5.592168561320438,-8.768287332796751,-5.074898275040204,3.693389057756547,0.9748795921464332,0.9803491052730526,0.005469513126619474,0.990774140386826,0.9976360596311163,0.00686191924429036,0.06432623533253456
nhanes2123,NHANES 21-23,True,ev10,sex,nhanes2123|sex,hgb_deep,False,46,hgb_deep|s46,820,2,1.0415833019889036,5.13079895326546,5.3441545155834485,-7.255702663342749,-7.114758953897592,0.14094370944515688,0.9788840885766481,0.9794762712574938,0.0005921826808457098,0.9956832903815938,0.9959445943710463,0.00026130398945256594,0.009946373179280377
nhanes2123,NHANES 21-23,True,ev10,race,nhanes2123|race,hgb_deep,False,46,hgb_deep|s46,820,3,1.1824754817202012,4.8714528904561325,5.7603736033193815,-7.623153851677819,-5.423516026317407,2.199637825360412,0.9777835946770562,0.980538467364523,0.0027548726874667695,0.9936457329395736,0.9975043521690529,0.0038586192294792765,0.01123076651698185
nhanes2123,NHANES 21-23,True,m30,age_group,nhanes2123|age_group,hgb_deep,False,47,hgb_deep|s47,820,4,2.2792778442590964,2.4025828282199706,5.476153809359138,-10.042000669987361,-5.651351545661711,4.39064912432565,0.9520302382137239,0.9767549033340034,0.024724665120279488,0.9903748228485938,0.9958083423382891,0.005433519489695282,0.08055555555555549
nhanes2123,NHANES 21-23,True,m30,sex,nhanes2123|sex,hgb_deep,False,47,hgb_deep|s47,820,2,1.0918355150040864,4.633989321782929,5.059554117672302,-7.374746507751126,-6.911716956983013,0.4630295507681126,0.9767867355998765,0.9775268449379126,0.0007401093380361434,0.9945501956930587,0.9949146436618185,0.0003644479687597846,0.018487470983246324
nhanes2123,NHANES 21-23,True,m30,race,nhanes2123|race,hgb_deep,False,47,hgb_deep|s47,820,5,1.297081372354878,4.440178963837646,5.759273423915793,-7.712510907053565,-5.642048445971343,2.0704624610822213,0.9760648264758683,0.9799628830973933,0.0038980566215249812,0.9935455916209599,0.996538956032839,0.0029933644118791403,0.0670678863745785
nhanes2123,NHANES 21-23,True,m30,insured,nhanes2123|insured,hgb_deep,False,47,hgb_deep|s47,820,2,1.1379880775007956,4.282369592721012,4.87328553996845,-7.899961014839755,-7.104893858099885,0.7950671567398704,0.9769235664859592,0.9771425549242403,0.00021898843828105363,0.988441089299848,0.9951101254189847,0.006669036119136718,0.049512812560540076
nhanes2123,NHANES 21-23,True,ev10,age_group,nhanes2123|age_group,hgb_deep,False,47,hgb_deep|s47,820,2,1.1107454355289368,4.930160983962446,5.476153809359138,-5.720191646811191,-5.651351545661711,0.0688401011494797,0.9729555010877926,0.9767549033340034,0.0037994022462107813,0.9903748228485938,0.9954247834496791,0.005049960601085313,0.006919805086946229
nhanes2123,NHANES 21-23,True,ev10,sex,nhanes2123|sex,hgb_deep,False,47,hgb_deep|s47,820,2,1.0918355150040864,4.633989321782929,5.059554117672302,-7.374746507751126,-6.911716956983013,0.4630295507681126,0.9767867355998765,0.9775268449379126,0.0007401093380361434,0.9945501956930587,0.9949146436618185,0.0003644479687597846,0.018487470983246324
nhanes2123,NHANES 21-23,True,ev10,race,nhanes2123|race,hgb_deep,False,47,hgb_deep|s47,820,4,1.297081372354878,4.440178963837646,5.759273423915793,-7.712510907053565,-5.642048445971343,2.0704624610822213,0.9760648264758683,0.979273585683089,0.003208759207220635,0.9935455916209599,0.996538956032839,0.0029933644118791403,0.0670678863745785
