cohort,cohort_label,is_clinical,n_test,prevalence,n_partitions,rule,rule_label,n_perm,seed,alpha,method,conclusion,statistic_name,statistic,p_value,p_is_floor,runtime_s,detail
diabetes130,Diabetes 130,True,19890,0.1159376571141277,3,m20,n >= 20,10000.0,42,0.05,diciccio2020,flag,max |T| (studentized),5.882265422596609,0.0038996100389961006,False,52.24835989996791,n_pairs=47; p_holm_perm=0.0047; p_holm_asymptotic=1.902e-07
diabetes130,Diabetes 130,True,19890,0.1159376571141277,3,m20,n >= 20,,42,0.05,fixed_threshold_005,flag,max-min AUROC gap,0.21604857190810656,,False,0.019246299983933568,worst_partition=age_group; threshold=0.05; no p-value: deterministic threshold rule
diabetes130,Diabetes 130,True,19890,0.1159376571141277,3,m20,n >= 20,,42,0.05,four_fifths,flag,min/max AUROC ratio,0.725563533271954,,False,1.1640637000091374,worst_partition=age_group; min_auc=0.5712; max_auc=0.7872; gap_needed_to_fire=0.1574; observed_gap=0.2160; impl=fairlearn.metrics.MetricFrame.ratio; no p-value: deterministic screening rule
diabetes130,Diabetes 130,True,19890,0.1159376571141277,3,m20,n >= 20,,42,0.05,lum2022,flag,V_dc (double-corrected variance),0.004126805818000885,0.004208452299781837,False,0.1096354000037536,worst_partition=age_group; naive_var=0.0055423; mean_sampling_var=0.0014155; noise_share=0.255; obs_range=0.2160; range_moment=0.1908; range_shrunk=0.1728; p_holm_cochranQ=1.612e-10; bootstrap_ci_flag=True
diabetes130,Diabetes 130,True,19890,0.1159376571141277,3,m20,n >= 20,,42,0.05,lum2022_bootstrapCI,flag,V_dc (double-corrected variance),0.004126805818000885,,False,0.10966219997499138,parametric bootstrap 2000 draws; flags when the lower bound on V_dc clears zero; lo=4.9205e-05
diabetes130,Diabetes 130,True,19890,0.1159376571141277,3,m20,n >= 20,,42,0.05,lum2022_cochranQ,flag,tau2 (DerSimonian-Laird),0.0026267414376883558,1.6123767255555327e-10,False,0.1096583999460563,"precision-weighted homogeneity test on the same inputs; our addition, not in Lum et al."
diabetes130,Diabetes 130,True,19890,0.1159376571141277,3,m20,n >= 20,10000.0,42,0.05,permutation_null,no_flag,max-min AUROC gap,0.21604857190810645,0.15398460153984603,False,78.77737110003363,B=10000; scheme=joint; null_p95=0.2649; null_mean=0.1563
diabetes130,Diabetes 130,True,19890,0.1159376571141277,3,m30,n >= 30 (published default),10000.0,42,0.05,diciccio2020,flag,max |T| (studentized),5.882265422596609,0.0038996100389961006,False,52.24835989996791,n_pairs=47; p_holm_perm=0.0047; p_holm_asymptotic=1.902e-07
diabetes130,Diabetes 130,True,19890,0.1159376571141277,3,m30,n >= 30 (published default),,42,0.05,fixed_threshold_005,flag,max-min AUROC gap,0.21604857190810656,,False,0.0192801000084728,worst_partition=age_group; threshold=0.05; no p-value: deterministic threshold rule
diabetes130,Diabetes 130,True,19890,0.1159376571141277,3,m30,n >= 30 (published default),,42,0.05,four_fifths,flag,min/max AUROC ratio,0.725563533271954,,False,2.021242499933578,worst_partition=age_group; min_auc=0.5712; max_auc=0.7872; gap_needed_to_fire=0.1574; observed_gap=0.2160; impl=fairlearn.metrics.MetricFrame.ratio; no p-value: deterministic screening rule
diabetes130,Diabetes 130,True,19890,0.1159376571141277,3,m30,n >= 30 (published default),,42,0.05,lum2022,flag,V_dc (double-corrected variance),0.004126805818000885,0.004208452299781837,False,0.1154984999448061,worst_partition=age_group; naive_var=0.0055423; mean_sampling_var=0.0014155; noise_share=0.255; obs_range=0.2160; range_moment=0.1908; range_shrunk=0.1728; p_holm_cochranQ=1.612e-10; bootstrap_ci_flag=True
diabetes130,Diabetes 130,True,19890,0.1159376571141277,3,m30,n >= 30 (published default),,42,0.05,lum2022_bootstrapCI,flag,V_dc (double-corrected variance),0.004126805818000885,,False,0.1155243000248447,parametric bootstrap 2000 draws; flags when the lower bound on V_dc clears zero; lo=4.9205e-05
diabetes130,Diabetes 130,True,19890,0.1159376571141277,3,m30,n >= 30 (published default),,42,0.05,lum2022_cochranQ,flag,tau2 (DerSimonian-Laird),0.0026267414376883558,1.6123767255555327e-10,False,0.11552049999590963,"precision-weighted homogeneity test on the same inputs; our addition, not in Lum et al."
diabetes130,Diabetes 130,True,19890,0.1159376571141277,3,m30,n >= 30 (published default),10000.0,42,0.05,permutation_null,no_flag,max-min AUROC gap,0.21604857190810645,0.15398460153984603,False,78.77737110003363,B=10000; scheme=joint; null_p95=0.2649; null_mean=0.1563
diabetes130,Diabetes 130,True,19890,0.1159376571141277,3,m50,n >= 50,10000.0,42,0.05,diciccio2020,flag,max |T| (studentized),5.882265422596609,0.0038996100389961006,False,52.24835989996791,n_pairs=47; p_holm_perm=0.0047; p_holm_asymptotic=1.902e-07
diabetes130,Diabetes 130,True,19890,0.1159376571141277,3,m50,n >= 50,,42,0.05,fixed_threshold_005,flag,max-min AUROC gap,0.21604857190810656,,False,0.019307499984279275,worst_partition=age_group; threshold=0.05; no p-value: deterministic threshold rule
diabetes130,Diabetes 130,True,19890,0.1159376571141277,3,m50,n >= 50,,42,0.05,four_fifths,flag,min/max AUROC ratio,0.725563533271954,,False,2.9935978000285104,worst_partition=age_group; min_auc=0.5712; max_auc=0.7872; gap_needed_to_fire=0.1574; observed_gap=0.2160; impl=fairlearn.metrics.MetricFrame.ratio; no p-value: deterministic screening rule
diabetes130,Diabetes 130,True,19890,0.1159376571141277,3,m50,n >= 50,,42,0.05,lum2022,flag,V_dc (double-corrected variance),0.004126805818000885,0.004208452299781837,False,0.12122380000073463,worst_partition=age_group; naive_var=0.0055423; mean_sampling_var=0.0014155; noise_share=0.255; obs_range=0.2160; range_moment=0.1908; range_shrunk=0.1728; p_holm_cochranQ=1.612e-10; bootstrap_ci_flag=True
diabetes130,Diabetes 130,True,19890,0.1159376571141277,3,m50,n >= 50,,42,0.05,lum2022_bootstrapCI,flag,V_dc (double-corrected variance),0.004126805818000885,,False,0.12124599993694574,parametric bootstrap 2000 draws; flags when the lower bound on V_dc clears zero; lo=4.9205e-05
diabetes130,Diabetes 130,True,19890,0.1159376571141277,3,m50,n >= 50,,42,0.05,lum2022_cochranQ,flag,tau2 (DerSimonian-Laird),0.0026267414376883558,1.6123767255555327e-10,False,0.12124300003051758,"precision-weighted homogeneity test on the same inputs; our addition, not in Lum et al."
diabetes130,Diabetes 130,True,19890,0.1159376571141277,3,m50,n >= 50,10000.0,42,0.05,permutation_null,no_flag,max-min AUROC gap,0.21604857190810645,0.15398460153984603,False,78.77737110003363,B=10000; scheme=joint; null_p95=0.2649; null_mean=0.1563
diabetes130,Diabetes 130,True,19890,0.1159376571141277,3,m100,n >= 100,10000.0,42,0.05,diciccio2020,flag,max |T| (studentized),5.882265422596609,0.0011998800119988001,False,52.24835989996791,n_pairs=43; p_holm_perm=0.0043; p_holm_asymptotic=1.74e-07
diabetes130,Diabetes 130,True,19890,0.1159376571141277,3,m100,n >= 100,,42,0.05,fixed_threshold_005,flag,max-min AUROC gap,0.21604857190810656,,False,0.019328700029291213,worst_partition=age_group; threshold=0.05; no p-value: deterministic threshold rule
diabetes130,Diabetes 130,True,19890,0.1159376571141277,3,m100,n >= 100,,42,0.05,four_fifths,flag,min/max AUROC ratio,0.725563533271954,,False,3.899821399943903,worst_partition=age_group; min_auc=0.5712; max_auc=0.7872; gap_needed_to_fire=0.1574; observed_gap=0.2160; impl=fairlearn.metrics.MetricFrame.ratio; no p-value: deterministic screening rule
diabetes130,Diabetes 130,True,19890,0.1159376571141277,3,m100,n >= 100,,42,0.05,lum2022,flag,V_dc (double-corrected variance),0.004126805818000885,0.004208452299781837,False,0.1571072000078857,worst_partition=age_group; naive_var=0.0055423; mean_sampling_var=0.0014155; noise_share=0.255; obs_range=0.2160; range_moment=0.1908; range_shrunk=0.1728; p_holm_cochranQ=1.612e-10; bootstrap_ci_flag=True
diabetes130,Diabetes 130,True,19890,0.1159376571141277,3,m100,n >= 100,,42,0.05,lum2022_bootstrapCI,flag,V_dc (double-corrected variance),0.004126805818000885,,False,0.15715470002032816,parametric bootstrap 2000 draws; flags when the lower bound on V_dc clears zero; lo=4.9205e-05
diabetes130,Diabetes 130,True,19890,0.1159376571141277,3,m100,n >= 100,,42,0.05,lum2022_cochranQ,flag,tau2 (DerSimonian-Laird),0.0026267414376883558,1.6123767255555327e-10,False,0.157151099992916,"precision-weighted homogeneity test on the same inputs; our addition, not in Lum et al."
diabetes130,Diabetes 130,True,19890,0.1159376571141277,3,m100,n >= 100,10000.0,42,0.05,permutation_null,no_flag,max-min AUROC gap,0.21604857190810645,0.050594940505949405,False,78.77737110003363,B=10000; scheme=joint; null_p95=0.2166; null_mean=0.1255
diabetes130,Diabetes 130,True,19890,0.1159376571141277,3,ev10,n_pos >= 10 and n_neg >= 10,10000.0,42,0.05,diciccio2020,flag,max |T| (studentized),5.882265422596609,0.0011998800119988001,False,52.24835989996791,n_pairs=43; p_holm_perm=0.0043; p_holm_asymptotic=1.74e-07
diabetes130,Diabetes 130,True,19890,0.1159376571141277,3,ev10,n_pos >= 10 and n_neg >= 10,,42,0.05,fixed_threshold_005,flag,max-min AUROC gap,0.21604857190810656,,False,0.01935089996550232,worst_partition=age_group; threshold=0.05; no p-value: deterministic threshold rule
diabetes130,Diabetes 130,True,19890,0.1159376571141277,3,ev10,n_pos >= 10 and n_neg >= 10,,42,0.05,four_fifths,flag,min/max AUROC ratio,0.725563533271954,,False,4.786314700031653,worst_partition=age_group; min_auc=0.5712; max_auc=0.7872; gap_needed_to_fire=0.1574; observed_gap=0.2160; impl=fairlearn.metrics.MetricFrame.ratio; no p-value: deterministic screening rule
diabetes130,Diabetes 130,True,19890,0.1159376571141277,3,ev10,n_pos >= 10 and n_neg >= 10,,42,0.05,lum2022,flag,V_dc (double-corrected variance),0.004126805818000885,0.004208452299781837,False,0.16268009995110333,worst_partition=age_group; naive_var=0.0055423; mean_sampling_var=0.0014155; noise_share=0.255; obs_range=0.2160; range_moment=0.1908; range_shrunk=0.1728; p_holm_cochranQ=1.612e-10; bootstrap_ci_flag=True
diabetes130,Diabetes 130,True,19890,0.1159376571141277,3,ev10,n_pos >= 10 and n_neg >= 10,,42,0.05,lum2022_bootstrapCI,flag,V_dc (double-corrected variance),0.004126805818000885,,False,0.1627020000014454,parametric bootstrap 2000 draws; flags when the lower bound on V_dc clears zero; lo=4.9205e-05
diabetes130,Diabetes 130,True,19890,0.1159376571141277,3,ev10,n_pos >= 10 and n_neg >= 10,,42,0.05,lum2022_cochranQ,flag,tau2 (DerSimonian-Laird),0.0026267414376883558,1.6123767255555327e-10,False,0.16269849997479469,"precision-weighted homogeneity test on the same inputs; our addition, not in Lum et al."
diabetes130,Diabetes 130,True,19890,0.1159376571141277,3,ev10,n_pos >= 10 and n_neg >= 10,10000.0,42,0.05,permutation_null,no_flag,max-min AUROC gap,0.21604857190810645,0.050594940505949405,False,78.77737110003363,B=10000; scheme=joint; null_p95=0.2166; null_mean=0.1255
brfss2024,BRFSS 2024,True,8978,0.21073735798618845,5,m20,n >= 20,10000.0,42,0.05,diciccio2020,flag,max |T| (studentized),7.051599791306185,0.0051994800519948,False,44.01332829997409,n_pairs=61; p_holm_perm=0.0488; p_holm_asymptotic=1.079e-10
brfss2024,BRFSS 2024,True,8978,0.21073735798618845,5,m20,n >= 20,,42,0.05,fixed_threshold_005,flag,max-min AUROC gap,0.22373194766285132,,False,0.018803799990564585,worst_partition=race; threshold=0.05; no p-value: deterministic threshold rule
brfss2024,BRFSS 2024,True,8978,0.21073735798618845,5,m20,n >= 20,,42,0.05,four_fifths,flag,min/max AUROC ratio,0.7645805625338653,,False,0.8335217999992892,worst_partition=race; min_auc=0.7266; max_auc=0.9504; gap_needed_to_fire=0.1901; observed_gap=0.2237; impl=fairlearn.metrics.MetricFrame.ratio; no p-value: deterministic screening rule
brfss2024,BRFSS 2024,True,8978,0.21073735798618845,5,m20,n >= 20,,42,0.05,lum2022,flag,V_dc (double-corrected variance),0.004238817429023653,2.1271081627346626e-08,False,0.1552923999261111,worst_partition=race; naive_var=0.0053817; mean_sampling_var=0.0011428; noise_share=0.212; obs_range=0.2237; range_moment=0.1854; range_shrunk=0.1961; p_holm_cochranQ=9.131e-11; bootstrap_ci_flag=True
brfss2024,BRFSS 2024,True,8978,0.21073735798618845,5,m20,n >= 20,,42,0.05,lum2022_bootstrapCI,flag,V_dc (double-corrected variance),0.004238817429023653,,False,0.1553192000137642,parametric bootstrap 2000 draws; flags when the lower bound on V_dc clears zero; lo=0.00012603
brfss2024,BRFSS 2024,True,8978,0.21073735798618845,5,m20,n >= 20,,42,0.05,lum2022_cochranQ,flag,tau2 (DerSimonian-Laird),0.004231084584419434,9.131493365514985e-11,False,0.15531509998254478,"precision-weighted homogeneity test on the same inputs; our addition, not in Lum et al."
brfss2024,BRFSS 2024,True,8978,0.21073735798618845,5,m20,n >= 20,10000.0,42,0.05,permutation_null,no_flag,max-min AUROC gap,0.22373194766285143,0.0685931406859314,False,88.744239200023,B=10000; scheme=joint; null_p95=0.2335; null_mean=0.1463
brfss2024,BRFSS 2024,True,8978,0.21073735798618845,5,m30,n >= 30 (published default),10000.0,42,0.05,diciccio2020,flag,max |T| (studentized),7.051599791306185,0.0051994800519948,False,44.01332829997409,n_pairs=61; p_holm_perm=0.0488; p_holm_asymptotic=1.079e-10
brfss2024,BRFSS 2024,True,8978,0.21073735798618845,5,m30,n >= 30 (published default),,42,0.05,fixed_threshold_005,flag,max-min AUROC gap,0.22373194766285132,,False,0.018846500082872808,worst_partition=race; threshold=0.05; no p-value: deterministic threshold rule
brfss2024,BRFSS 2024,True,8978,0.21073735798618845,5,m30,n >= 30 (published default),,42,0.05,four_fifths,flag,min/max AUROC ratio,0.7645805625338653,,False,1.6236821999773383,worst_partition=race; min_auc=0.7266; max_auc=0.9504; gap_needed_to_fire=0.1901; observed_gap=0.2237; impl=fairlearn.metrics.MetricFrame.ratio; no p-value: deterministic screening rule
brfss2024,BRFSS 2024,True,8978,0.21073735798618845,5,m30,n >= 30 (published default),,42,0.05,lum2022,flag,V_dc (double-corrected variance),0.004238817429023653,2.1271081627346626e-08,False,0.16456069995183498,worst_partition=race; naive_var=0.0053817; mean_sampling_var=0.0011428; noise_share=0.212; obs_range=0.2237; range_moment=0.1854; range_shrunk=0.1961; p_holm_cochranQ=9.131e-11; bootstrap_ci_flag=True
brfss2024,BRFSS 2024,True,8978,0.21073735798618845,5,m30,n >= 30 (published default),,42,0.05,lum2022_bootstrapCI,flag,V_dc (double-corrected variance),0.004238817429023653,,False,0.1645875999238342,parametric bootstrap 2000 draws; flags when the lower bound on V_dc clears zero; lo=0.00012603
brfss2024,BRFSS 2024,True,8978,0.21073735798618845,5,m30,n >= 30 (published default),,42,0.05,lum2022_cochranQ,flag,tau2 (DerSimonian-Laird),0.004231084584419434,9.131493365514985e-11,False,0.164583700010553,"precision-weighted homogeneity test on the same inputs; our addition, not in Lum et al."
brfss2024,BRFSS 2024,True,8978,0.21073735798618845,5,m30,n >= 30 (published default),10000.0,42,0.05,permutation_null,no_flag,max-min AUROC gap,0.22373194766285143,0.0685931406859314,False,88.744239200023,B=10000; scheme=joint; null_p95=0.2335; null_mean=0.1463
brfss2024,BRFSS 2024,True,8978,0.21073735798618845,5,m50,n >= 50,10000.0,42,0.05,diciccio2020,flag,max |T| (studentized),7.051599791306185,0.0051994800519948,False,44.01332829997409,n_pairs=61; p_holm_perm=0.0488; p_holm_asymptotic=1.079e-10
brfss2024,BRFSS 2024,True,8978,0.21073735798618845,5,m50,n >= 50,,42,0.05,fixed_threshold_005,flag,max-min AUROC gap,0.22373194766285132,,False,0.018879399984143674,worst_partition=race; threshold=0.05; no p-value: deterministic threshold rule
brfss2024,BRFSS 2024,True,8978,0.21073735798618845,5,m50,n >= 50,,42,0.05,four_fifths,flag,min/max AUROC ratio,0.7645805625338653,,False,2.3509412000421435,worst_partition=race; min_auc=0.7266; max_auc=0.9504; gap_needed_to_fire=0.1901; observed_gap=0.2237; impl=fairlearn.metrics.MetricFrame.ratio; no p-value: deterministic screening rule
brfss2024,BRFSS 2024,True,8978,0.21073735798618845,5,m50,n >= 50,,42,0.05,lum2022,flag,V_dc (double-corrected variance),0.004238817429023653,2.1271081627346626e-08,False,0.1735796999419108,worst_partition=race; naive_var=0.0053817; mean_sampling_var=0.0011428; noise_share=0.212; obs_range=0.2237; range_moment=0.1854; range_shrunk=0.1961; p_holm_cochranQ=9.131e-11; bootstrap_ci_flag=True
brfss2024,BRFSS 2024,True,8978,0.21073735798618845,5,m50,n >= 50,,42,0.05,lum2022_bootstrapCI,flag,V_dc (double-corrected variance),0.004238817429023653,,False,0.17360249999910593,parametric bootstrap 2000 draws; flags when the lower bound on V_dc clears zero; lo=0.00012603
brfss2024,BRFSS 2024,True,8978,0.21073735798618845,5,m50,n >= 50,,42,0.05,lum2022_cochranQ,flag,tau2 (DerSimonian-Laird),0.004231084584419434,9.131493365514985e-11,False,0.1735991999739781,"precision-weighted homogeneity test on the same inputs; our addition, not in Lum et al."
brfss2024,BRFSS 2024,True,8978,0.21073735798618845,5,m50,n >= 50,10000.0,42,0.05,permutation_null,no_flag,max-min AUROC gap,0.22373194766285143,0.0685931406859314,False,88.744239200023,B=10000; scheme=joint; null_p95=0.2335; null_mean=0.1463
brfss2024,BRFSS 2024,True,8978,0.21073735798618845,5,m100,n >= 100,10000.0,42,0.05,diciccio2020,no_flag,max |T| (studentized),2.9382859634229592,0.19208079192080793,False,44.01332829997409,n_pairs=48; p_holm_perm=0.2208; p_holm_asymptotic=0.1584
brfss2024,BRFSS 2024,True,8978,0.21073735798618845,5,m100,n >= 100,,42,0.05,fixed_threshold_005,flag,max-min AUROC gap,0.11368021159369412,,False,0.018909399979747832,worst_partition=race; threshold=0.05; no p-value: deterministic threshold rule
brfss2024,BRFSS 2024,True,8978,0.21073735798618845,5,m100,n >= 100,,42,0.05,four_fifths,no_flag,min/max AUROC ratio,0.8647151936164332,,False,3.1466508000157773,worst_partition=race; min_auc=0.7266; max_auc=0.8403; gap_needed_to_fire=0.1681; observed_gap=0.1137; impl=fairlearn.metrics.MetricFrame.ratio; no p-value: deterministic screening rule
brfss2024,BRFSS 2024,True,8978,0.21073735798618845,5,m100,n >= 100,,42,0.05,lum2022,no_flag,V_dc (double-corrected variance),0.000411704332013848,1.0,False,0.20574190001934767,worst_partition=race; naive_var=0.0014326; mean_sampling_var=0.0010209; noise_share=0.713; obs_range=0.1137; range_moment=0.0515; range_shrunk=0.0420; p_holm_cochranQ=0.07645; bootstrap_ci_flag=False
brfss2024,BRFSS 2024,True,8978,0.21073735798618845,5,m100,n >= 100,,42,0.05,lum2022_bootstrapCI,no_flag,V_dc (double-corrected variance),0.000411704332013848,,False,0.20575470000039786,parametric bootstrap 2000 draws; flags when the lower bound on V_dc clears zero; lo=-0.00081752
brfss2024,BRFSS 2024,True,8978,0.21073735798618845,5,m100,n >= 100,,42,0.05,lum2022_cochranQ,no_flag,tau2 (DerSimonian-Laird),0.0005524375641815772,0.07644639234862921,False,0.20575299998745322,"precision-weighted homogeneity test on the same inputs; our addition, not in Lum et al."
brfss2024,BRFSS 2024,True,8978,0.21073735798618845,5,m100,n >= 100,10000.0,42,0.05,permutation_null,no_flag,max-min AUROC gap,0.11368021159369424,0.46685331466853314,False,88.744239200023,B=10000; scheme=joint; null_p95=0.1921; null_mean=0.1171
brfss2024,BRFSS 2024,True,8978,0.21073735798618845,5,ev10,n_pos >= 10 and n_neg >= 10,10000.0,42,0.05,diciccio2020,flag,max |T| (studentized),7.051599791306185,0.0016998300169983002,False,44.01332829997409,n_pairs=57; p_holm_perm=0.0456; p_holm_asymptotic=1.008e-10
brfss2024,BRFSS 2024,True,8978,0.21073735798618845,5,ev10,n_pos >= 10 and n_neg >= 10,,42,0.05,fixed_threshold_005,flag,max-min AUROC gap,0.22373194766285132,,False,0.018946500029414892,worst_partition=race; threshold=0.05; no p-value: deterministic threshold rule
brfss2024,BRFSS 2024,True,8978,0.21073735798618845,5,ev10,n_pos >= 10 and n_neg >= 10,,42,0.05,four_fifths,flag,min/max AUROC ratio,0.7645805625338653,,False,3.94454619998578,worst_partition=race; min_auc=0.7266; max_auc=0.9504; gap_needed_to_fire=0.1901; observed_gap=0.2237; impl=fairlearn.metrics.MetricFrame.ratio; no p-value: deterministic screening rule
brfss2024,BRFSS 2024,True,8978,0.21073735798618845,5,ev10,n_pos >= 10 and n_neg >= 10,,42,0.05,lum2022,flag,V_dc (double-corrected variance),0.004238817429023653,2.1271081627346626e-08,False,0.23640599998179823,worst_partition=race; naive_var=0.0053817; mean_sampling_var=0.0011428; noise_share=0.212; obs_range=0.2237; range_moment=0.1854; range_shrunk=0.1961; p_holm_cochranQ=9.131e-11; bootstrap_ci_flag=True
brfss2024,BRFSS 2024,True,8978,0.21073735798618845,5,ev10,n_pos >= 10 and n_neg >= 10,,42,0.05,lum2022_bootstrapCI,flag,V_dc (double-corrected variance),0.004238817429023653,,False,0.23642019997350872,parametric bootstrap 2000 draws; flags when the lower bound on V_dc clears zero; lo=0.00012603
brfss2024,BRFSS 2024,True,8978,0.21073735798618845,5,ev10,n_pos >= 10 and n_neg >= 10,,42,0.05,lum2022_cochranQ,flag,tau2 (DerSimonian-Laird),0.004231084584419434,9.131493365514985e-11,False,0.23641829995904118,"precision-weighted homogeneity test on the same inputs; our addition, not in Lum et al."
brfss2024,BRFSS 2024,True,8978,0.21073735798618845,5,ev10,n_pos >= 10 and n_neg >= 10,10000.0,42,0.05,permutation_null,no_flag,max-min AUROC gap,0.22373194766285143,0.05749425057494251,False,88.744239200023,B=10000; scheme=joint; null_p95=0.2282; null_mean=0.1375
adult_income,Adult Income,False,9045,0.2478717523493643,3,m20,n >= 20,10000.0,42,0.05,diciccio2020,flag,max |T| (studentized),8.706591908744587,0.0040995900409959,False,21.943147099926136,n_pairs=12; p_holm_perm=0.0012; p_holm_asymptotic=3.758e-17
adult_income,Adult Income,False,9045,0.2478717523493643,3,m20,n >= 20,,42,0.05,fixed_threshold_005,flag,max-min AUROC gap,0.08080979653560305,,False,0.007881400058977306,worst_partition=race; threshold=0.05; no p-value: deterministic threshold rule
adult_income,Adult Income,False,9045,0.2478717523493643,3,m20,n >= 20,,42,0.05,four_fifths,no_flag,min/max AUROC ratio,0.9152090080375905,,False,0.4961524000391364,worst_partition=race; min_auc=0.8722; max_auc=0.9530; gap_needed_to_fire=0.1906; observed_gap=0.0808; impl=fairlearn.metrics.MetricFrame.ratio; no p-value: deterministic screening rule
adult_income,Adult Income,False,9045,0.2478717523493643,3,m20,n >= 20,,42,0.05,lum2022,flag,V_dc (double-corrected variance),0.002232630499400403,0.0,False,0.01275970006827265,worst_partition=age_group; naive_var=0.0022625; mean_sampling_var=2.9846e-05; noise_share=0.013; obs_range=0.0673; range_moment=0.0533; range_shrunk=0.0664; p_holm_cochranQ=9.394e-18; bootstrap_ci_flag=False
adult_income,Adult Income,False,9045,0.2478717523493643,3,m20,n >= 20,,42,0.05,lum2022_bootstrapCI,no_flag,V_dc (double-corrected variance),0.002232630499400403,,False,0.01277889998164028,parametric bootstrap 2000 draws; flags when the lower bound on V_dc clears zero; lo=-2.7606e-05
adult_income,Adult Income,False,9045,0.2478717523493643,3,m20,n >= 20,,42,0.05,lum2022_cochranQ,flag,tau2 (DerSimonian-Laird),0.0022326304994004036,9.39444158540906e-18,False,0.01277610007673502,"precision-weighted homogeneity test on the same inputs; our addition, not in Lum et al."
adult_income,Adult Income,False,9045,0.2478717523493643,3,m20,n >= 20,10000.0,42,0.05,permutation_null,no_flag,max-min AUROC gap,0.08080979653560305,0.34066593340665935,False,39.73040060000494,B=10000; scheme=joint; null_p95=0.1394; null_mean=0.0722
adult_income,Adult Income,False,9045,0.2478717523493643,3,m30,n >= 30 (published default),10000.0,42,0.05,diciccio2020,flag,max |T| (studentized),8.706591908744587,0.0040995900409959,False,21.943147099926136,n_pairs=12; p_holm_perm=0.0012; p_holm_asymptotic=3.758e-17
adult_income,Adult Income,False,9045,0.2478717523493643,3,m30,n >= 30 (published default),,42,0.05,fixed_threshold_005,flag,max-min AUROC gap,0.08080979653560305,,False,0.00789989996701479,worst_partition=race; threshold=0.05; no p-value: deterministic threshold rule
adult_income,Adult Income,False,9045,0.2478717523493643,3,m30,n >= 30 (published default),,42,0.05,four_fifths,no_flag,min/max AUROC ratio,0.9152090080375905,,False,0.9303363000508398,worst_partition=race; min_auc=0.8722; max_auc=0.9530; gap_needed_to_fire=0.1906; observed_gap=0.0808; impl=fairlearn.metrics.MetricFrame.ratio; no p-value: deterministic screening rule
adult_income,Adult Income,False,9045,0.2478717523493643,3,m30,n >= 30 (published default),,42,0.05,lum2022,flag,V_dc (double-corrected variance),0.002232630499400403,0.0,False,0.017120499978773296,worst_partition=age_group; naive_var=0.0022625; mean_sampling_var=2.9846e-05; noise_share=0.013; obs_range=0.0673; range_moment=0.0533; range_shrunk=0.0664; p_holm_cochranQ=9.394e-18; bootstrap_ci_flag=False
adult_income,Adult Income,False,9045,0.2478717523493643,3,m30,n >= 30 (published default),,42,0.05,lum2022_bootstrapCI,no_flag,V_dc (double-corrected variance),0.002232630499400403,,False,0.017144600045867264,parametric bootstrap 2000 draws; flags when the lower bound on V_dc clears zero; lo=-2.7606e-05
adult_income,Adult Income,False,9045,0.2478717523493643,3,m30,n >= 30 (published default),,42,0.05,lum2022_cochranQ,flag,tau2 (DerSimonian-Laird),0.0022326304994004036,9.39444158540906e-18,False,0.017141200019977987,"precision-weighted homogeneity test on the same inputs; our addition, not in Lum et al."
adult_income,Adult Income,False,9045,0.2478717523493643,3,m30,n >= 30 (published default),10000.0,42,0.05,permutation_null,no_flag,max-min AUROC gap,0.08080979653560305,0.34066593340665935,False,39.73040060000494,B=10000; scheme=joint; null_p95=0.1394; null_mean=0.0722
adult_income,Adult Income,False,9045,0.2478717523493643,3,m50,n >= 50,10000.0,42,0.05,diciccio2020,flag,max |T| (studentized),8.706591908744587,0.0040995900409959,False,21.943147099926136,n_pairs=12; p_holm_perm=0.0012; p_holm_asymptotic=3.758e-17
adult_income,Adult Income,False,9045,0.2478717523493643,3,m50,n >= 50,,42,0.05,fixed_threshold_005,flag,max-min AUROC gap,0.08080979653560305,,False,0.007911700056865811,worst_partition=race; threshold=0.05; no p-value: deterministic threshold rule
adult_income,Adult Income,False,9045,0.2478717523493643,3,m50,n >= 50,,42,0.05,four_fifths,no_flag,min/max AUROC ratio,0.9152090080375905,,False,1.4035607000114396,worst_partition=race; min_auc=0.8722; max_auc=0.9530; gap_needed_to_fire=0.1906; observed_gap=0.0808; impl=fairlearn.metrics.MetricFrame.ratio; no p-value: deterministic screening rule
adult_income,Adult Income,False,9045,0.2478717523493643,3,m50,n >= 50,,42,0.05,lum2022,flag,V_dc (double-corrected variance),0.002232630499400403,0.0,False,0.021519900066778064,worst_partition=age_group; naive_var=0.0022625; mean_sampling_var=2.9846e-05; noise_share=0.013; obs_range=0.0673; range_moment=0.0533; range_shrunk=0.0664; p_holm_cochranQ=9.394e-18; bootstrap_ci_flag=False
adult_income,Adult Income,False,9045,0.2478717523493643,3,m50,n >= 50,,42,0.05,lum2022_bootstrapCI,no_flag,V_dc (double-corrected variance),0.002232630499400403,,False,0.021538299974054098,parametric bootstrap 2000 draws; flags when the lower bound on V_dc clears zero; lo=-2.7606e-05
adult_income,Adult Income,False,9045,0.2478717523493643,3,m50,n >= 50,,42,0.05,lum2022_cochranQ,flag,tau2 (DerSimonian-Laird),0.0022326304994004036,9.39444158540906e-18,False,0.021535900072194636,"precision-weighted homogeneity test on the same inputs; our addition, not in Lum et al."
adult_income,Adult Income,False,9045,0.2478717523493643,3,m50,n >= 50,10000.0,42,0.05,permutation_null,no_flag,max-min AUROC gap,0.08080979653560305,0.34066593340665935,False,39.73040060000494,B=10000; scheme=joint; null_p95=0.1394; null_mean=0.0722
adult_income,Adult Income,False,9045,0.2478717523493643,3,m100,n >= 100,10000.0,42,0.05,diciccio2020,flag,max |T| (studentized),8.706591908744587,9.999000099990002e-05,True,21.943147099926136,n_pairs=5; p_holm_perm=0.0005; p_holm_asymptotic=1.566e-17
adult_income,Adult Income,False,9045,0.2478717523493643,3,m100,n >= 100,,42,0.05,fixed_threshold_005,flag,max-min AUROC gap,0.06726777249691196,,False,0.007922900025732815,worst_partition=age_group; threshold=0.05; no p-value: deterministic threshold rule
adult_income,Adult Income,False,9045,0.2478717523493643,3,m100,n >= 100,,42,0.05,four_fifths,no_flag,min/max AUROC ratio,0.9262623178893161,,False,1.8448618000838906,worst_partition=age_group; min_auc=0.8450; max_auc=0.9123; gap_needed_to_fire=0.1825; observed_gap=0.0673; impl=fairlearn.metrics.MetricFrame.ratio; no p-value: deterministic screening rule
adult_income,Adult Income,False,9045,0.2478717523493643,3,m100,n >= 100,,42,0.05,lum2022,flag,V_dc (double-corrected variance),0.002232630499400403,0.0,False,0.046603300026617944,worst_partition=age_group; naive_var=0.0022625; mean_sampling_var=2.9846e-05; noise_share=0.013; obs_range=0.0673; range_moment=0.0533; range_shrunk=0.0664; p_holm_cochranQ=9.394e-18; bootstrap_ci_flag=False
adult_income,Adult Income,False,9045,0.2478717523493643,3,m100,n >= 100,,42,0.05,lum2022_bootstrapCI,no_flag,V_dc (double-corrected variance),0.002232630499400403,,False,0.04662310006096959,parametric bootstrap 2000 draws; flags when the lower bound on V_dc clears zero; lo=-2.7606e-05
adult_income,Adult Income,False,9045,0.2478717523493643,3,m100,n >= 100,,42,0.05,lum2022_cochranQ,flag,tau2 (DerSimonian-Laird),0.0022326304994004036,9.39444158540906e-18,False,0.04662060004193336,"precision-weighted homogeneity test on the same inputs; our addition, not in Lum et al."
adult_income,Adult Income,False,9045,0.2478717523493643,3,m100,n >= 100,10000.0,42,0.05,permutation_null,flag,max-min AUROC gap,0.06726777249691163,0.0082991700829917,False,39.73040060000494,B=10000; scheme=joint; null_p95=0.0504; null_mean=0.0248
adult_income,Adult Income,False,9045,0.2478717523493643,3,ev10,n_pos >= 10 and n_neg >= 10,10000.0,42,0.05,diciccio2020,flag,max |T| (studentized),8.706591908744587,0.0006999300069993001,False,21.943147099926136,n_pairs=8; p_holm_perm=0.0007999; p_holm_asymptotic=2.505e-17
adult_income,Adult Income,False,9045,0.2478717523493643,3,ev10,n_pos >= 10 and n_neg >= 10,,42,0.05,fixed_threshold_005,flag,max-min AUROC gap,0.08080979653560305,,False,0.007936400012113154,worst_partition=race; threshold=0.05; no p-value: deterministic threshold rule
adult_income,Adult Income,False,9045,0.2478717523493643,3,ev10,n_pos >= 10 and n_neg >= 10,,42,0.05,four_fifths,no_flag,min/max AUROC ratio,0.9152090080375905,,False,2.2646934000076726,worst_partition=race; min_auc=0.8722; max_auc=0.9530; gap_needed_to_fire=0.1906; observed_gap=0.0808; impl=fairlearn.metrics.MetricFrame.ratio; no p-value: deterministic screening rule
adult_income,Adult Income,False,9045,0.2478717523493643,3,ev10,n_pos >= 10 and n_neg >= 10,,42,0.05,lum2022,flag,V_dc (double-corrected variance),0.002232630499400403,0.0,False,0.05023659998551011,worst_partition=age_group; naive_var=0.0022625; mean_sampling_var=2.9846e-05; noise_share=0.013; obs_range=0.0673; range_moment=0.0533; range_shrunk=0.0664; p_holm_cochranQ=9.394e-18; bootstrap_ci_flag=False
adult_income,Adult Income,False,9045,0.2478717523493643,3,ev10,n_pos >= 10 and n_neg >= 10,,42,0.05,lum2022_bootstrapCI,no_flag,V_dc (double-corrected variance),0.002232630499400403,,False,0.05025590001605451,parametric bootstrap 2000 draws; flags when the lower bound on V_dc clears zero; lo=-2.7606e-05
adult_income,Adult Income,False,9045,0.2478717523493643,3,ev10,n_pos >= 10 and n_neg >= 10,,42,0.05,lum2022_cochranQ,flag,tau2 (DerSimonian-Laird),0.0022326304994004036,9.39444158540906e-18,False,0.05025339999701828,"precision-weighted homogeneity test on the same inputs; our addition, not in Lum et al."
adult_income,Adult Income,False,9045,0.2478717523493643,3,ev10,n_pos >= 10 and n_neg >= 10,10000.0,42,0.05,permutation_null,no_flag,max-min AUROC gap,0.08080979653560305,0.1207879212078792,False,39.73040060000494,B=10000; scheme=joint; null_p95=0.0989; null_mean=0.0490
nhis2023,NHIS 2023,True,5423,0.11174626590448092,4,m20,n >= 20,10000.0,42,0.05,diciccio2020,no_flag,max |T| (studentized),4.21815401486509,0.20277972202779723,False,23.210875099990517,n_pairs=29; p_holm_perm=0.008699; p_holm_asymptotic=0.0007143
nhis2023,NHIS 2023,True,5423,0.11174626590448092,4,m20,n >= 20,,42,0.05,fixed_threshold_005,flag,max-min AUROC gap,0.12900378310214355,,False,0.008295099949464202,worst_partition=race; threshold=0.05; no p-value: deterministic threshold rule
nhis2023,NHIS 2023,True,5423,0.11174626590448092,4,m20,n >= 20,,42,0.05,four_fifths,no_flag,min/max AUROC ratio,0.852166613928293,,False,0.45072099997196347,worst_partition=age_group; min_auc=0.7379; max_auc=0.8659; gap_needed_to_fire=0.1732; observed_gap=0.1280; impl=fairlearn.metrics.MetricFrame.ratio; no p-value: deterministic screening rule
nhis2023,NHIS 2023,True,5423,0.11174626590448092,4,m20,n >= 20,,42,0.05,lum2022,no_flag,V_dc (double-corrected variance),0.0018292524095045418,0.20780919153116384,False,0.018141499953344464,worst_partition=age_group; naive_var=0.0028529; mean_sampling_var=0.0010237; noise_share=0.359; obs_range=0.1280; range_moment=0.0880; range_shrunk=0.0863; p_holm_cochranQ=0.0003752; bootstrap_ci_flag=False
nhis2023,NHIS 2023,True,5423,0.11174626590448092,4,m20,n >= 20,,42,0.05,lum2022_bootstrapCI,no_flag,V_dc (double-corrected variance),0.0018292524095045418,,False,0.01816569990478456,parametric bootstrap 2000 draws; flags when the lower bound on V_dc clears zero; lo=-0.00082286
nhis2023,NHIS 2023,True,5423,0.11174626590448092,4,m20,n >= 20,,42,0.05,lum2022_cochranQ,flag,tau2 (DerSimonian-Laird),0.0026274140146266,0.0003751844920986295,False,0.018162299995310605,"precision-weighted homogeneity test on the same inputs; our addition, not in Lum et al."
nhis2023,NHIS 2023,True,5423,0.11174626590448092,4,m20,n >= 20,10000.0,42,0.05,permutation_null,no_flag,max-min AUROC gap,0.12900378310214378,0.7422257774222578,False,40.98764630011283,B=10000; scheme=joint; null_p95=0.3519; null_mean=0.1869
nhis2023,NHIS 2023,True,5423,0.11174626590448092,4,m30,n >= 30 (published default),10000.0,42,0.05,diciccio2020,no_flag,max |T| (studentized),4.21815401486509,0.20277972202779723,False,23.210875099990517,n_pairs=29; p_holm_perm=0.008699; p_holm_asymptotic=0.0007143
nhis2023,NHIS 2023,True,5423,0.11174626590448092,4,m30,n >= 30 (published default),,42,0.05,fixed_threshold_005,flag,max-min AUROC gap,0.12900378310214355,,False,0.008342199958860874,worst_partition=race; threshold=0.05; no p-value: deterministic threshold rule
nhis2023,NHIS 2023,True,5423,0.11174626590448092,4,m30,n >= 30 (published default),,42,0.05,four_fifths,no_flag,min/max AUROC ratio,0.852166613928293,,False,0.9090999999316409,worst_partition=age_group; min_auc=0.7379; max_auc=0.8659; gap_needed_to_fire=0.1732; observed_gap=0.1280; impl=fairlearn.metrics.MetricFrame.ratio; no p-value: deterministic screening rule
nhis2023,NHIS 2023,True,5423,0.11174626590448092,4,m30,n >= 30 (published default),,42,0.05,lum2022,no_flag,V_dc (double-corrected variance),0.0018292524095045418,0.20780919153116384,False,0.023494299966841936,worst_partition=age_group; naive_var=0.0028529; mean_sampling_var=0.0010237; noise_share=0.359; obs_range=0.1280; range_moment=0.0880; range_shrunk=0.0863; p_holm_cochranQ=0.0003752; bootstrap_ci_flag=False
nhis2023,NHIS 2023,True,5423,0.11174626590448092,4,m30,n >= 30 (published default),,42,0.05,lum2022_bootstrapCI,no_flag,V_dc (double-corrected variance),0.0018292524095045418,,False,0.02351009997073561,parametric bootstrap 2000 draws; flags when the lower bound on V_dc clears zero; lo=-0.00082286
nhis2023,NHIS 2023,True,5423,0.11174626590448092,4,m30,n >= 30 (published default),,42,0.05,lum2022_cochranQ,flag,tau2 (DerSimonian-Laird),0.0026274140146266,0.0003751844920986295,False,0.023508099955506623,"precision-weighted homogeneity test on the same inputs; our addition, not in Lum et al."
nhis2023,NHIS 2023,True,5423,0.11174626590448092,4,m30,n >= 30 (published default),10000.0,42,0.05,permutation_null,no_flag,max-min AUROC gap,0.12900378310214378,0.7422257774222578,False,40.98764630011283,B=10000; scheme=joint; null_p95=0.3519; null_mean=0.1869
nhis2023,NHIS 2023,True,5423,0.11174626590448092,4,m50,n >= 50,10000.0,42,0.05,diciccio2020,no_flag,max |T| (studentized),4.21815401486509,0.05749425057494251,False,23.210875099990517,n_pairs=18; p_holm_perm=0.005399; p_holm_asymptotic=0.0004434
nhis2023,NHIS 2023,True,5423,0.11174626590448092,4,m50,n >= 50,,42,0.05,fixed_threshold_005,flag,max-min AUROC gap,0.1280132462576684,,False,0.008380700019188225,worst_partition=age_group; threshold=0.05; no p-value: deterministic threshold rule
nhis2023,NHIS 2023,True,5423,0.11174626590448092,4,m50,n >= 50,,42,0.05,four_fifths,no_flag,min/max AUROC ratio,0.852166613928293,,False,1.2840499999001622,worst_partition=age_group; min_auc=0.7379; max_auc=0.8659; gap_needed_to_fire=0.1732; observed_gap=0.1280; impl=fairlearn.metrics.MetricFrame.ratio; no p-value: deterministic screening rule
nhis2023,NHIS 2023,True,5423,0.11174626590448092,4,m50,n >= 50,,42,0.05,lum2022,no_flag,V_dc (double-corrected variance),0.0018292524095045418,0.20780919153116384,False,0.02759499999228865,worst_partition=age_group; naive_var=0.0028529; mean_sampling_var=0.0010237; noise_share=0.359; obs_range=0.1280; range_moment=0.0880; range_shrunk=0.0863; p_holm_cochranQ=0.0003752; bootstrap_ci_flag=False
nhis2023,NHIS 2023,True,5423,0.11174626590448092,4,m50,n >= 50,,42,0.05,lum2022_bootstrapCI,no_flag,V_dc (double-corrected variance),0.0018292524095045418,,False,0.02761399990413338,parametric bootstrap 2000 draws; flags when the lower bound on V_dc clears zero; lo=-0.00082286
nhis2023,NHIS 2023,True,5423,0.11174626590448092,4,m50,n >= 50,,42,0.05,lum2022_cochranQ,flag,tau2 (DerSimonian-Laird),0.0026274140146266,0.0003751844920986295,False,0.027611700003035367,"precision-weighted homogeneity test on the same inputs; our addition, not in Lum et al."
nhis2023,NHIS 2023,True,5423,0.11174626590448092,4,m50,n >= 50,10000.0,42,0.05,permutation_null,no_flag,max-min AUROC gap,0.12801324625766863,0.2243775622437756,False,40.98764630011283,B=10000; scheme=joint; null_p95=0.1840; null_mean=0.1011
nhis2023,NHIS 2023,True,5423,0.11174626590448092,4,m100,n >= 100,10000.0,42,0.05,diciccio2020,flag,max |T| (studentized),4.21815401486509,0.0182981701829817,False,23.210875099990517,n_pairs=14; p_holm_perm=0.0042; p_holm_asymptotic=0.0003448
nhis2023,NHIS 2023,True,5423,0.11174626590448092,4,m100,n >= 100,,42,0.05,fixed_threshold_005,flag,max-min AUROC gap,0.1280132462576684,,False,0.008417299948632717,worst_partition=age_group; threshold=0.05; no p-value: deterministic threshold rule
nhis2023,NHIS 2023,True,5423,0.11174626590448092,4,m100,n >= 100,,42,0.05,four_fifths,no_flag,min/max AUROC ratio,0.852166613928293,,False,1.6891005999641493,worst_partition=age_group; min_auc=0.7379; max_auc=0.8659; gap_needed_to_fire=0.1732; observed_gap=0.1280; impl=fairlearn.metrics.MetricFrame.ratio; no p-value: deterministic screening rule
nhis2023,NHIS 2023,True,5423,0.11174626590448092,4,m100,n >= 100,,42,0.05,lum2022,no_flag,V_dc (double-corrected variance),0.0018292524095045418,0.20780919153116384,False,0.03332419996149838,worst_partition=age_group; naive_var=0.0028529; mean_sampling_var=0.0010237; noise_share=0.359; obs_range=0.1280; range_moment=0.0880; range_shrunk=0.0863; p_holm_cochranQ=0.0003752; bootstrap_ci_flag=False
nhis2023,NHIS 2023,True,5423,0.11174626590448092,4,m100,n >= 100,,42,0.05,lum2022_bootstrapCI,no_flag,V_dc (double-corrected variance),0.0018292524095045418,,False,0.03334759990684688,parametric bootstrap 2000 draws; flags when the lower bound on V_dc clears zero; lo=-0.00082286
nhis2023,NHIS 2023,True,5423,0.11174626590448092,4,m100,n >= 100,,42,0.05,lum2022_cochranQ,flag,tau2 (DerSimonian-Laird),0.0026274140146266,0.0003751844920986295,False,0.033344299998134375,"precision-weighted homogeneity test on the same inputs; our addition, not in Lum et al."
nhis2023,NHIS 2023,True,5423,0.11174626590448092,4,m100,n >= 100,10000.0,42,0.05,permutation_null,flag,max-min AUROC gap,0.12801324625766863,0.0178982101789821,False,40.98764630011283,B=10000; scheme=joint; null_p95=0.1123; null_mean=0.0677
nhis2023,NHIS 2023,True,5423,0.11174626590448092,4,ev10,n_pos >= 10 and n_neg >= 10,10000.0,42,0.05,diciccio2020,flag,max |T| (studentized),4.21815401486509,0.0182981701829817,False,23.210875099990517,n_pairs=14; p_holm_perm=0.0042; p_holm_asymptotic=0.0003448
nhis2023,NHIS 2023,True,5423,0.11174626590448092,4,ev10,n_pos >= 10 and n_neg >= 10,,42,0.05,fixed_threshold_005,flag,max-min AUROC gap,0.1280132462576684,,False,0.00845700001809746,worst_partition=age_group; threshold=0.05; no p-value: deterministic threshold rule
nhis2023,NHIS 2023,True,5423,0.11174626590448092,4,ev10,n_pos >= 10 and n_neg >= 10,,42,0.05,four_fifths,no_flag,min/max AUROC ratio,0.852166613928293,,False,2.0804277999559417,worst_partition=age_group; min_auc=0.7379; max_auc=0.8659; gap_needed_to_fire=0.1732; observed_gap=0.1280; impl=fairlearn.metrics.MetricFrame.ratio; no p-value: deterministic screening rule
nhis2023,NHIS 2023,True,5423,0.11174626590448092,4,ev10,n_pos >= 10 and n_neg >= 10,,42,0.05,lum2022,no_flag,V_dc (double-corrected variance),0.0018292524095045418,0.20780919153116384,False,0.0396389999659732,worst_partition=age_group; naive_var=0.0028529; mean_sampling_var=0.0010237; noise_share=0.359; obs_range=0.1280; range_moment=0.0880; range_shrunk=0.0863; p_holm_cochranQ=0.0003752; bootstrap_ci_flag=False
nhis2023,NHIS 2023,True,5423,0.11174626590448092,4,ev10,n_pos >= 10 and n_neg >= 10,,42,0.05,lum2022_bootstrapCI,no_flag,V_dc (double-corrected variance),0.0018292524095045418,,False,0.039658800000324845,parametric bootstrap 2000 draws; flags when the lower bound on V_dc clears zero; lo=-0.00082286
nhis2023,NHIS 2023,True,5423,0.11174626590448092,4,ev10,n_pos >= 10 and n_neg >= 10,,42,0.05,lum2022_cochranQ,flag,tau2 (DerSimonian-Laird),0.0026274140146266,0.0003751844920986295,False,0.03965619998052716,"precision-weighted homogeneity test on the same inputs; our addition, not in Lum et al."
nhis2023,NHIS 2023,True,5423,0.11174626590448092,4,ev10,n_pos >= 10 and n_neg >= 10,10000.0,42,0.05,permutation_null,flag,max-min AUROC gap,0.12801324625766863,0.0178982101789821,False,40.98764630011283,B=10000; scheme=joint; null_p95=0.1123; null_mean=0.0677
nhis2024,NHIS 2024,True,1950,0.07487179487179488,5,m20,n >= 20,10000.0,42,0.05,diciccio2020,flag,max |T| (studentized),7.721367123162472,0.038196180381961806,False,18.410300499992445,n_pairs=33; p_holm_perm=0.0396; p_holm_asymptotic=3.798e-13
nhis2024,NHIS 2024,True,1950,0.07487179487179488,5,m20,n >= 20,,42,0.05,fixed_threshold_005,flag,max-min AUROC gap,0.3279162152401589,,False,0.013213399914093316,worst_partition=age_group; threshold=0.05; no p-value: deterministic threshold rule
nhis2024,NHIS 2024,True,1950,0.07487179487179488,5,m20,n >= 20,,42,0.05,four_fifths,flag,min/max AUROC ratio,0.6645578388362965,,False,0.2769996999995783,worst_partition=age_group; min_auc=0.6496; max_auc=0.9776; gap_needed_to_fire=0.1955; observed_gap=0.3279; impl=fairlearn.metrics.MetricFrame.ratio; no p-value: deterministic screening rule
nhis2024,NHIS 2024,True,1950,0.07487179487179488,5,m20,n >= 20,,42,0.05,lum2022,no_flag,V_dc (double-corrected variance),0.010052285594866317,0.5987670094166433,False,0.037246800027787685,worst_partition=age_group; naive_var=0.01689; mean_sampling_var=0.0068376; noise_share=0.405; obs_range=0.3279; range_moment=0.2543; range_shrunk=0.2590; p_holm_cochranQ=3.793e-13; bootstrap_ci_flag=False
nhis2024,NHIS 2024,True,1950,0.07487179487179488,5,m20,n >= 20,,42,0.05,lum2022_bootstrapCI,no_flag,V_dc (double-corrected variance),0.010052285594866317,,False,0.03726120002102107,parametric bootstrap 2000 draws; flags when the lower bound on V_dc clears zero; lo=-0.0045173
nhis2024,NHIS 2024,True,1950,0.07487179487179488,5,m20,n >= 20,,42,0.05,lum2022_cochranQ,flag,tau2 (DerSimonian-Laird),0.013657485961971748,3.7933895227895607e-13,False,0.03725970000959933,"precision-weighted homogeneity test on the same inputs; our addition, not in Lum et al."
nhis2024,NHIS 2024,True,1950,0.07487179487179488,5,m20,n >= 20,10000.0,42,0.05,permutation_null,no_flag,max-min AUROC gap,0.3279162152401589,0.08739126087391261,False,29.366764799924567,B=10000; scheme=joint; null_p95=0.3656; null_mean=0.2101
nhis2024,NHIS 2024,True,1950,0.07487179487179488,5,m30,n >= 30 (published default),10000.0,42,0.05,diciccio2020,flag,max |T| (studentized),7.721367123162472,0.038196180381961806,False,18.410300499992445,n_pairs=33; p_holm_perm=0.0396; p_holm_asymptotic=3.798e-13
nhis2024,NHIS 2024,True,1950,0.07487179487179488,5,m30,n >= 30 (published default),,42,0.05,fixed_threshold_005,flag,max-min AUROC gap,0.3279162152401589,,False,0.013264299952425063,worst_partition=age_group; threshold=0.05; no p-value: deterministic threshold rule
nhis2024,NHIS 2024,True,1950,0.07487179487179488,5,m30,n >= 30 (published default),,42,0.05,four_fifths,flag,min/max AUROC ratio,0.6645578388362965,,False,0.5107626999961212,worst_partition=age_group; min_auc=0.6496; max_auc=0.9776; gap_needed_to_fire=0.1955; observed_gap=0.3279; impl=fairlearn.metrics.MetricFrame.ratio; no p-value: deterministic screening rule
nhis2024,NHIS 2024,True,1950,0.07487179487179488,5,m30,n >= 30 (published default),,42,0.05,lum2022,no_flag,V_dc (double-corrected variance),0.010052285594866317,0.5987670094166433,False,0.04265520011540502,worst_partition=age_group; naive_var=0.01689; mean_sampling_var=0.0068376; noise_share=0.405; obs_range=0.3279; range_moment=0.2543; range_shrunk=0.2590; p_holm_cochranQ=3.793e-13; bootstrap_ci_flag=False
nhis2024,NHIS 2024,True,1950,0.07487179487179488,5,m30,n >= 30 (published default),,42,0.05,lum2022_bootstrapCI,no_flag,V_dc (double-corrected variance),0.010052285594866317,,False,0.04267320001963526,parametric bootstrap 2000 draws; flags when the lower bound on V_dc clears zero; lo=-0.0045173
nhis2024,NHIS 2024,True,1950,0.07487179487179488,5,m30,n >= 30 (published default),,42,0.05,lum2022_cochranQ,flag,tau2 (DerSimonian-Laird),0.013657485961971748,3.7933895227895607e-13,False,0.042670900002121925,"precision-weighted homogeneity test on the same inputs; our addition, not in Lum et al."
nhis2024,NHIS 2024,True,1950,0.07487179487179488,5,m30,n >= 30 (published default),10000.0,42,0.05,permutation_null,no_flag,max-min AUROC gap,0.3279162152401589,0.08739126087391261,False,29.366764799924567,B=10000; scheme=joint; null_p95=0.3656; null_mean=0.2101
nhis2024,NHIS 2024,True,1950,0.07487179487179488,5,m50,n >= 50,10000.0,42,0.05,diciccio2020,flag,max |T| (studentized),7.721367123162472,0.038196180381961806,False,18.410300499992445,n_pairs=33; p_holm_perm=0.0396; p_holm_asymptotic=3.798e-13
nhis2024,NHIS 2024,True,1950,0.07487179487179488,5,m50,n >= 50,,42,0.05,fixed_threshold_005,flag,max-min AUROC gap,0.3279162152401589,,False,0.01330919994506985,worst_partition=age_group; threshold=0.05; no p-value: deterministic threshold rule
nhis2024,NHIS 2024,True,1950,0.07487179487179488,5,m50,n >= 50,,42,0.05,four_fifths,flag,min/max AUROC ratio,0.6645578388362965,,False,0.7626189000438899,worst_partition=age_group; min_auc=0.6496; max_auc=0.9776; gap_needed_to_fire=0.1955; observed_gap=0.3279; impl=fairlearn.metrics.MetricFrame.ratio; no p-value: deterministic screening rule
nhis2024,NHIS 2024,True,1950,0.07487179487179488,5,m50,n >= 50,,42,0.05,lum2022,no_flag,V_dc (double-corrected variance),0.010052285594866317,0.5987670094166433,False,0.04678590002004057,worst_partition=age_group; naive_var=0.01689; mean_sampling_var=0.0068376; noise_share=0.405; obs_range=0.3279; range_moment=0.2543; range_shrunk=0.2590; p_holm_cochranQ=3.793e-13; bootstrap_ci_flag=False
nhis2024,NHIS 2024,True,1950,0.07487179487179488,5,m50,n >= 50,,42,0.05,lum2022_bootstrapCI,no_flag,V_dc (double-corrected variance),0.010052285594866317,,False,0.04679820011369884,parametric bootstrap 2000 draws; flags when the lower bound on V_dc clears zero; lo=-0.0045173
nhis2024,NHIS 2024,True,1950,0.07487179487179488,5,m50,n >= 50,,42,0.05,lum2022_cochranQ,flag,tau2 (DerSimonian-Laird),0.013657485961971748,3.7933895227895607e-13,False,0.0467967001022771,"precision-weighted homogeneity test on the same inputs; our addition, not in Lum et al."
nhis2024,NHIS 2024,True,1950,0.07487179487179488,5,m50,n >= 50,10000.0,42,0.05,permutation_null,no_flag,max-min AUROC gap,0.3279162152401589,0.08739126087391261,False,29.366764799924567,B=10000; scheme=joint; null_p95=0.3656; null_mean=0.2101
nhis2024,NHIS 2024,True,1950,0.07487179487179488,5,m100,n >= 100,10000.0,42,0.05,diciccio2020,flag,max |T| (studentized),7.721367123162472,0.013498650134986502,False,18.410300499992445,n_pairs=30; p_holm_perm=0.036; p_holm_asymptotic=3.453e-13
nhis2024,NHIS 2024,True,1950,0.07487179487179488,5,m100,n >= 100,,42,0.05,fixed_threshold_005,flag,max-min AUROC gap,0.3279162152401589,,False,0.013353399932384491,worst_partition=age_group; threshold=0.05; no p-value: deterministic threshold rule
nhis2024,NHIS 2024,True,1950,0.07487179487179488,5,m100,n >= 100,,42,0.05,four_fifths,flag,min/max AUROC ratio,0.6645578388362965,,False,1.031162100029178,worst_partition=age_group; min_auc=0.6496; max_auc=0.9776; gap_needed_to_fire=0.1955; observed_gap=0.3279; impl=fairlearn.metrics.MetricFrame.ratio; no p-value: deterministic screening rule
nhis2024,NHIS 2024,True,1950,0.07487179487179488,5,m100,n >= 100,,42,0.05,lum2022,no_flag,V_dc (double-corrected variance),0.010052285594866317,0.5987670094166433,False,0.05012690008152276,worst_partition=age_group; naive_var=0.01689; mean_sampling_var=0.0068376; noise_share=0.405; obs_range=0.3279; range_moment=0.2543; range_shrunk=0.2590; p_holm_cochranQ=3.793e-13; bootstrap_ci_flag=False
nhis2024,NHIS 2024,True,1950,0.07487179487179488,5,m100,n >= 100,,42,0.05,lum2022_bootstrapCI,no_flag,V_dc (double-corrected variance),0.010052285594866317,,False,0.05013780004810542,parametric bootstrap 2000 draws; flags when the lower bound on V_dc clears zero; lo=-0.0045173
nhis2024,NHIS 2024,True,1950,0.07487179487179488,5,m100,n >= 100,,42,0.05,lum2022_cochranQ,flag,tau2 (DerSimonian-Laird),0.013657485961971748,3.7933895227895607e-13,False,0.05013640003744513,"precision-weighted homogeneity test on the same inputs; our addition, not in Lum et al."
nhis2024,NHIS 2024,True,1950,0.07487179487179488,5,m100,n >= 100,10000.0,42,0.05,permutation_null,no_flag,max-min AUROC gap,0.3279162152401589,0.06269373062693731,False,29.366764799924567,B=10000; scheme=joint; null_p95=0.3430; null_mean=0.1924
nhis2024,NHIS 2024,True,1950,0.07487179487179488,5,ev10,n_pos >= 10 and n_neg >= 10,10000.0,42,0.05,diciccio2020,no_flag,max |T| (studentized),3.5325973794956753,0.058194180581941805,False,18.410300499992445,n_pairs=17; p_holm_perm=0.2057; p_holm_asymptotic=0.006995
nhis2024,NHIS 2024,True,1950,0.07487179487179488,5,ev10,n_pos >= 10 and n_neg >= 10,,42,0.05,fixed_threshold_005,flag,max-min AUROC gap,0.18094033051444725,,False,0.013398799928836524,worst_partition=age_group; threshold=0.05; no p-value: deterministic threshold rule
nhis2024,NHIS 2024,True,1950,0.07487179487179488,5,ev10,n_pos >= 10 and n_neg >= 10,,42,0.05,four_fifths,flag,min/max AUROC ratio,0.7953507100677353,,False,1.2303158000577241,worst_partition=age_group; min_auc=0.7032; max_auc=0.8841; gap_needed_to_fire=0.1768; observed_gap=0.1809; impl=fairlearn.metrics.MetricFrame.ratio; no p-value: deterministic screening rule
nhis2024,NHIS 2024,True,1950,0.07487179487179488,5,ev10,n_pos >= 10 and n_neg >= 10,,42,0.05,lum2022,flag,V_dc (double-corrected variance),0.006859572708643336,7.932734896832387e-07,False,0.05281800008378923,worst_partition=age_group; naive_var=0.0081864; mean_sampling_var=0.0013269; noise_share=0.162; obs_range=0.1809; range_moment=0.1401; range_shrunk=0.1523; p_holm_cochranQ=0.00625; bootstrap_ci_flag=False
nhis2024,NHIS 2024,True,1950,0.07487179487179488,5,ev10,n_pos >= 10 and n_neg >= 10,,42,0.05,lum2022_bootstrapCI,no_flag,V_dc (double-corrected variance),0.006859572708643336,,False,0.05282940005417913,parametric bootstrap 2000 draws; flags when the lower bound on V_dc clears zero; lo=-0.0011547
nhis2024,NHIS 2024,True,1950,0.07487179487179488,5,ev10,n_pos >= 10 and n_neg >= 10,,42,0.05,lum2022_cochranQ,flag,tau2 (DerSimonian-Laird),0.006960058186569613,0.006250443051129429,False,0.05282790004275739,"precision-weighted homogeneity test on the same inputs; our addition, not in Lum et al."
nhis2024,NHIS 2024,True,1950,0.07487179487179488,5,ev10,n_pos >= 10 and n_neg >= 10,10000.0,42,0.05,permutation_null,flag,max-min AUROC gap,0.18094033051444747,0.0244975502449755,False,29.366764799924567,B=10000; scheme=joint; null_p95=0.1636; null_mean=0.1042
acs_income,ACS-Income,False,4000,0.4105,3,m20,n >= 20,10000.0,42,0.05,diciccio2020,flag,max |T| (studentized),4.372581773265076,9.999000099990002e-05,True,11.28015750006307,n_pairs=3; p_holm_perm=0.0003; p_holm_asymptotic=3.684e-05
acs_income,ACS-Income,False,4000,0.4105,3,m20,n >= 20,,42,0.05,fixed_threshold_005,flag,max-min AUROC gap,0.052729798215596535,,False,0.003421399975195527,worst_partition=age_group; threshold=0.05; no p-value: deterministic threshold rule
acs_income,ACS-Income,False,4000,0.4105,3,m20,n >= 20,,42,0.05,four_fifths,no_flag,min/max AUROC ratio,0.9404566973243733,,False,0.2516136000631377,worst_partition=age_group; min_auc=0.8328; max_auc=0.8856; gap_needed_to_fire=0.1771; observed_gap=0.0527; impl=fairlearn.metrics.MetricFrame.ratio; no p-value: deterministic screening rule
acs_income,ACS-Income,False,4000,0.4105,3,m20,n >= 20,,42,0.05,lum2022,flag,V_dc (double-corrected variance),0.001317503767662031,2.096137628793535e-37,False,0.009183800080791116,worst_partition=age_group; naive_var=0.0013902; mean_sampling_var=7.2712e-05; noise_share=0.052; obs_range=0.0527; range_moment=0.0410; range_shrunk=0.0500; p_holm_cochranQ=3.684e-05; bootstrap_ci_flag=False
acs_income,ACS-Income,False,4000,0.4105,3,m20,n >= 20,,42,0.05,lum2022_bootstrapCI,no_flag,V_dc (double-corrected variance),0.001317503767662031,,False,0.009205500013194978,parametric bootstrap 2000 draws; flags when the lower bound on V_dc clears zero; lo=-7.1323e-05
acs_income,ACS-Income,False,4000,0.4105,3,m20,n >= 20,,42,0.05,lum2022_cochranQ,flag,tau2 (DerSimonian-Laird),0.001317503767662031,3.6835740995183204e-05,False,0.009203099994920194,"precision-weighted homogeneity test on the same inputs; our addition, not in Lum et al."
acs_income,ACS-Income,False,4000,0.4105,3,m20,n >= 20,10000.0,42,0.05,permutation_null,flag,max-min AUROC gap,0.052729798215596535,9.999000099990002e-05,True,29.028846099972725,B=10000; scheme=joint; null_p95=0.0282; null_mean=0.0157
acs_income,ACS-Income,False,4000,0.4105,3,m30,n >= 30 (published default),10000.0,42,0.05,diciccio2020,flag,max |T| (studentized),4.372581773265076,9.999000099990002e-05,True,11.28015750006307,n_pairs=3; p_holm_perm=0.0003; p_holm_asymptotic=3.684e-05
acs_income,ACS-Income,False,4000,0.4105,3,m30,n >= 30 (published default),,42,0.05,fixed_threshold_005,flag,max-min AUROC gap,0.052729798215596535,,False,0.003437099978327751,worst_partition=age_group; threshold=0.05; no p-value: deterministic threshold rule
acs_income,ACS-Income,False,4000,0.4105,3,m30,n >= 30 (published default),,42,0.05,four_fifths,no_flag,min/max AUROC ratio,0.9404566973243733,,False,0.5037343000294641,worst_partition=age_group; min_auc=0.8328; max_auc=0.8856; gap_needed_to_fire=0.1771; observed_gap=0.0527; impl=fairlearn.metrics.MetricFrame.ratio; no p-value: deterministic screening rule
acs_income,ACS-Income,False,4000,0.4105,3,m30,n >= 30 (published default),,42,0.05,lum2022,flag,V_dc (double-corrected variance),0.001317503767662031,2.096137628793535e-37,False,0.01243360002990812,worst_partition=age_group; naive_var=0.0013902; mean_sampling_var=7.2712e-05; noise_share=0.052; obs_range=0.0527; range_moment=0.0410; range_shrunk=0.0500; p_holm_cochranQ=3.684e-05; bootstrap_ci_flag=False
acs_income,ACS-Income,False,4000,0.4105,3,m30,n >= 30 (published default),,42,0.05,lum2022_bootstrapCI,no_flag,V_dc (double-corrected variance),0.001317503767662031,,False,0.012452600058168173,parametric bootstrap 2000 draws; flags when the lower bound on V_dc clears zero; lo=-7.1323e-05
acs_income,ACS-Income,False,4000,0.4105,3,m30,n >= 30 (published default),,42,0.05,lum2022_cochranQ,flag,tau2 (DerSimonian-Laird),0.001317503767662031,3.6835740995183204e-05,False,0.01244990003760904,"precision-weighted homogeneity test on the same inputs; our addition, not in Lum et al."
acs_income,ACS-Income,False,4000,0.4105,3,m30,n >= 30 (published default),10000.0,42,0.05,permutation_null,flag,max-min AUROC gap,0.052729798215596535,9.999000099990002e-05,True,29.028846099972725,B=10000; scheme=joint; null_p95=0.0282; null_mean=0.0157
acs_income,ACS-Income,False,4000,0.4105,3,m50,n >= 50,10000.0,42,0.05,diciccio2020,flag,max |T| (studentized),4.372581773265076,9.999000099990002e-05,True,11.28015750006307,n_pairs=3; p_holm_perm=0.0003; p_holm_asymptotic=3.684e-05
acs_income,ACS-Income,False,4000,0.4105,3,m50,n >= 50,,42,0.05,fixed_threshold_005,flag,max-min AUROC gap,0.052729798215596535,,False,0.00345660001039505,worst_partition=age_group; threshold=0.05; no p-value: deterministic threshold rule
acs_income,ACS-Income,False,4000,0.4105,3,m50,n >= 50,,42,0.05,four_fifths,no_flag,min/max AUROC ratio,0.9404566973243733,,False,0.719252199982293,worst_partition=age_group; min_auc=0.8328; max_auc=0.8856; gap_needed_to_fire=0.1771; observed_gap=0.0527; impl=fairlearn.metrics.MetricFrame.ratio; no p-value: deterministic screening rule
acs_income,ACS-Income,False,4000,0.4105,3,m50,n >= 50,,42,0.05,lum2022,flag,V_dc (double-corrected variance),0.001317503767662031,2.096137628793535e-37,False,0.015671400004066527,worst_partition=age_group; naive_var=0.0013902; mean_sampling_var=7.2712e-05; noise_share=0.052; obs_range=0.0527; range_moment=0.0410; range_shrunk=0.0500; p_holm_cochranQ=3.684e-05; bootstrap_ci_flag=False
acs_income,ACS-Income,False,4000,0.4105,3,m50,n >= 50,,42,0.05,lum2022_bootstrapCI,no_flag,V_dc (double-corrected variance),0.001317503767662031,,False,0.015689800027757883,parametric bootstrap 2000 draws; flags when the lower bound on V_dc clears zero; lo=-7.1323e-05
acs_income,ACS-Income,False,4000,0.4105,3,m50,n >= 50,,42,0.05,lum2022_cochranQ,flag,tau2 (DerSimonian-Laird),0.001317503767662031,3.6835740995183204e-05,False,0.0156874000094831,"precision-weighted homogeneity test on the same inputs; our addition, not in Lum et al."
acs_income,ACS-Income,False,4000,0.4105,3,m50,n >= 50,10000.0,42,0.05,permutation_null,flag,max-min AUROC gap,0.052729798215596535,9.999000099990002e-05,True,29.028846099972725,B=10000; scheme=joint; null_p95=0.0282; null_mean=0.0157
acs_income,ACS-Income,False,4000,0.4105,3,m100,n >= 100,10000.0,42,0.05,diciccio2020,flag,max |T| (studentized),4.372581773265076,9.999000099990002e-05,True,11.28015750006307,n_pairs=3; p_holm_perm=0.0003; p_holm_asymptotic=3.684e-05
acs_income,ACS-Income,False,4000,0.4105,3,m100,n >= 100,,42,0.05,fixed_threshold_005,flag,max-min AUROC gap,0.052729798215596535,,False,0.0034669999731704593,worst_partition=age_group; threshold=0.05; no p-value: deterministic threshold rule
acs_income,ACS-Income,False,4000,0.4105,3,m100,n >= 100,,42,0.05,four_fifths,no_flag,min/max AUROC ratio,0.9404566973243733,,False,0.9417184999911115,worst_partition=age_group; min_auc=0.8328; max_auc=0.8856; gap_needed_to_fire=0.1771; observed_gap=0.0527; impl=fairlearn.metrics.MetricFrame.ratio; no p-value: deterministic screening rule
acs_income,ACS-Income,False,4000,0.4105,3,m100,n >= 100,,42,0.05,lum2022,flag,V_dc (double-corrected variance),0.001317503767662031,2.096137628793535e-37,False,0.018882600008510053,worst_partition=age_group; naive_var=0.0013902; mean_sampling_var=7.2712e-05; noise_share=0.052; obs_range=0.0527; range_moment=0.0410; range_shrunk=0.0500; p_holm_cochranQ=3.684e-05; bootstrap_ci_flag=False
acs_income,ACS-Income,False,4000,0.4105,3,m100,n >= 100,,42,0.05,lum2022_bootstrapCI,no_flag,V_dc (double-corrected variance),0.001317503767662031,,False,0.018901600036770105,parametric bootstrap 2000 draws; flags when the lower bound on V_dc clears zero; lo=-7.1323e-05
acs_income,ACS-Income,False,4000,0.4105,3,m100,n >= 100,,42,0.05,lum2022_cochranQ,flag,tau2 (DerSimonian-Laird),0.001317503767662031,3.6835740995183204e-05,False,0.018899100017733872,"precision-weighted homogeneity test on the same inputs; our addition, not in Lum et al."
acs_income,ACS-Income,False,4000,0.4105,3,m100,n >= 100,10000.0,42,0.05,permutation_null,flag,max-min AUROC gap,0.052729798215596535,9.999000099990002e-05,True,29.028846099972725,B=10000; scheme=joint; null_p95=0.0282; null_mean=0.0157
acs_income,ACS-Income,False,4000,0.4105,3,ev10,n_pos >= 10 and n_neg >= 10,10000.0,42,0.05,diciccio2020,flag,max |T| (studentized),4.372581773265076,9.999000099990002e-05,True,11.28015750006307,n_pairs=3; p_holm_perm=0.0003; p_holm_asymptotic=3.684e-05
acs_income,ACS-Income,False,4000,0.4105,3,ev10,n_pos >= 10 and n_neg >= 10,,42,0.05,fixed_threshold_005,flag,max-min AUROC gap,0.052729798215596535,,False,0.0034760000417008996,worst_partition=age_group; threshold=0.05; no p-value: deterministic threshold rule
acs_income,ACS-Income,False,4000,0.4105,3,ev10,n_pos >= 10 and n_neg >= 10,,42,0.05,four_fifths,no_flag,min/max AUROC ratio,0.9404566973243733,,False,1.1601555000524968,worst_partition=age_group; min_auc=0.8328; max_auc=0.8856; gap_needed_to_fire=0.1771; observed_gap=0.0527; impl=fairlearn.metrics.MetricFrame.ratio; no p-value: deterministic screening rule
acs_income,ACS-Income,False,4000,0.4105,3,ev10,n_pos >= 10 and n_neg >= 10,,42,0.05,lum2022,flag,V_dc (double-corrected variance),0.001317503767662031,2.096137628793535e-37,False,0.022079600021243095,worst_partition=age_group; naive_var=0.0013902; mean_sampling_var=7.2712e-05; noise_share=0.052; obs_range=0.0527; range_moment=0.0410; range_shrunk=0.0500; p_holm_cochranQ=3.684e-05; bootstrap_ci_flag=False
acs_income,ACS-Income,False,4000,0.4105,3,ev10,n_pos >= 10 and n_neg >= 10,,42,0.05,lum2022_bootstrapCI,no_flag,V_dc (double-corrected variance),0.001317503767662031,,False,0.022097200038842857,parametric bootstrap 2000 draws; flags when the lower bound on V_dc clears zero; lo=-7.1323e-05
acs_income,ACS-Income,False,4000,0.4105,3,ev10,n_pos >= 10 and n_neg >= 10,,42,0.05,lum2022_cochranQ,flag,tau2 (DerSimonian-Laird),0.001317503767662031,3.6835740995183204e-05,False,0.022094800020568073,"precision-weighted homogeneity test on the same inputs; our addition, not in Lum et al."
acs_income,ACS-Income,False,4000,0.4105,3,ev10,n_pos >= 10 and n_neg >= 10,10000.0,42,0.05,permutation_null,flag,max-min AUROC gap,0.052729798215596535,9.999000099990002e-05,True,29.028846099972725,B=10000; scheme=joint; null_p95=0.0282; null_mean=0.0157
synthetic,Synthetic baseline,False,2000,0.3,4,m20,n >= 20,10000.0,42,0.05,diciccio2020,flag,max |T| (studentized),5.22381195883058,0.014198580141985802,False,14.40280029992573,n_pairs=20; p_holm_perm=0.002; p_holm_asymptotic=3.506e-06
synthetic,Synthetic baseline,False,2000,0.3,4,m20,n >= 20,,42,0.05,fixed_threshold_005,no_flag,max-min AUROC gap,0.04555480059793182,,False,0.006302700028754771,worst_partition=insurance; threshold=0.05; no p-value: deterministic threshold rule
synthetic,Synthetic baseline,False,2000,0.3,4,m20,n >= 20,,42,0.05,four_fifths,no_flag,min/max AUROC ratio,0.9534818534356028,,False,0.22496550006326288,worst_partition=insurance; min_auc=0.9337; max_auc=0.9793; gap_needed_to_fire=0.1959; observed_gap=0.0456; impl=fairlearn.metrics.MetricFrame.ratio; no p-value: deterministic screening rule
synthetic,Synthetic baseline,False,2000,0.3,4,m20,n >= 20,,42,0.05,lum2022,flag,V_dc (double-corrected variance),0.0004067716445750884,0.00012076045378697921,False,0.02850749995559454,worst_partition=age_group; naive_var=0.00050752; mean_sampling_var=0.00010074; noise_share=0.199; obs_range=0.0398; range_moment=0.0341; range_shrunk=0.0327; p_holm_cochranQ=1.908e-05; bootstrap_ci_flag=False
synthetic,Synthetic baseline,False,2000,0.3,4,m20,n >= 20,,42,0.05,lum2022_bootstrapCI,no_flag,V_dc (double-corrected variance),0.0004067716445750884,,False,0.02852699998766184,parametric bootstrap 2000 draws; flags when the lower bound on V_dc clears zero; lo=-9.0035e-05
synthetic,Synthetic baseline,False,2000,0.3,4,m20,n >= 20,,42,0.05,lum2022_cochranQ,flag,tau2 (DerSimonian-Laird),0.0004663496001289399,1.908456470959373e-05,False,0.028524499968625605,"precision-weighted homogeneity test on the same inputs; our addition, not in Lum et al."
synthetic,Synthetic baseline,False,2000,0.3,4,m20,n >= 20,10000.0,42,0.05,permutation_null,no_flag,max-min AUROC gap,0.04555480059793182,0.1650834916508349,False,19.159554000012577,B=10000; scheme=joint; null_p95=0.0575; null_mean=0.0345
synthetic,Synthetic baseline,False,2000,0.3,4,m30,n >= 30 (published default),10000.0,42,0.05,diciccio2020,flag,max |T| (studentized),5.22381195883058,0.014198580141985802,False,14.40280029992573,n_pairs=20; p_holm_perm=0.002; p_holm_asymptotic=3.506e-06
synthetic,Synthetic baseline,False,2000,0.3,4,m30,n >= 30 (published default),,42,0.05,fixed_threshold_005,no_flag,max-min AUROC gap,0.04555480059793182,,False,0.006334800040349364,worst_partition=insurance; threshold=0.05; no p-value: deterministic threshold rule
synthetic,Synthetic baseline,False,2000,0.3,4,m30,n >= 30 (published default),,42,0.05,four_fifths,no_flag,min/max AUROC ratio,0.9534818534356028,,False,0.4321932999882847,worst_partition=insurance; min_auc=0.9337; max_auc=0.9793; gap_needed_to_fire=0.1959; observed_gap=0.0456; impl=fairlearn.metrics.MetricFrame.ratio; no p-value: deterministic screening rule
synthetic,Synthetic baseline,False,2000,0.3,4,m30,n >= 30 (published default),,42,0.05,lum2022,flag,V_dc (double-corrected variance),0.0004067716445750884,0.00012076045378697921,False,0.03306689998134971,worst_partition=age_group; naive_var=0.00050752; mean_sampling_var=0.00010074; noise_share=0.199; obs_range=0.0398; range_moment=0.0341; range_shrunk=0.0327; p_holm_cochranQ=1.908e-05; bootstrap_ci_flag=False
synthetic,Synthetic baseline,False,2000,0.3,4,m30,n >= 30 (published default),,42,0.05,lum2022_bootstrapCI,no_flag,V_dc (double-corrected variance),0.0004067716445750884,,False,0.033084900001995265,parametric bootstrap 2000 draws; flags when the lower bound on V_dc clears zero; lo=-9.0035e-05
synthetic,Synthetic baseline,False,2000,0.3,4,m30,n >= 30 (published default),,42,0.05,lum2022_cochranQ,flag,tau2 (DerSimonian-Laird),0.0004663496001289399,1.908456470959373e-05,False,0.03308279998600483,"precision-weighted homogeneity test on the same inputs; our addition, not in Lum et al."
synthetic,Synthetic baseline,False,2000,0.3,4,m30,n >= 30 (published default),10000.0,42,0.05,permutation_null,no_flag,max-min AUROC gap,0.04555480059793182,0.1650834916508349,False,19.159554000012577,B=10000; scheme=joint; null_p95=0.0575; null_mean=0.0345
synthetic,Synthetic baseline,False,2000,0.3,4,m50,n >= 50,10000.0,42,0.05,diciccio2020,flag,max |T| (studentized),5.22381195883058,0.014198580141985802,False,14.40280029992573,n_pairs=20; p_holm_perm=0.002; p_holm_asymptotic=3.506e-06
synthetic,Synthetic baseline,False,2000,0.3,4,m50,n >= 50,,42,0.05,fixed_threshold_005,no_flag,max-min AUROC gap,0.04555480059793182,,False,0.006358899991028011,worst_partition=insurance; threshold=0.05; no p-value: deterministic threshold rule
synthetic,Synthetic baseline,False,2000,0.3,4,m50,n >= 50,,42,0.05,four_fifths,no_flag,min/max AUROC ratio,0.9534818534356028,,False,0.6280291000148281,worst_partition=insurance; min_auc=0.9337; max_auc=0.9793; gap_needed_to_fire=0.1959; observed_gap=0.0456; impl=fairlearn.metrics.MetricFrame.ratio; no p-value: deterministic screening rule
synthetic,Synthetic baseline,False,2000,0.3,4,m50,n >= 50,,42,0.05,lum2022,flag,V_dc (double-corrected variance),0.0004067716445750884,0.00012076045378697921,False,0.03740919998381287,worst_partition=age_group; naive_var=0.00050752; mean_sampling_var=0.00010074; noise_share=0.199; obs_range=0.0398; range_moment=0.0341; range_shrunk=0.0327; p_holm_cochranQ=1.908e-05; bootstrap_ci_flag=False
synthetic,Synthetic baseline,False,2000,0.3,4,m50,n >= 50,,42,0.05,lum2022_bootstrapCI,no_flag,V_dc (double-corrected variance),0.0004067716445750884,,False,0.037426099996082485,parametric bootstrap 2000 draws; flags when the lower bound on V_dc clears zero; lo=-9.0035e-05
synthetic,Synthetic baseline,False,2000,0.3,4,m50,n >= 50,,42,0.05,lum2022_cochranQ,flag,tau2 (DerSimonian-Laird),0.0004663496001289399,1.908456470959373e-05,False,0.03742379997856915,"precision-weighted homogeneity test on the same inputs; our addition, not in Lum et al."
synthetic,Synthetic baseline,False,2000,0.3,4,m50,n >= 50,10000.0,42,0.05,permutation_null,no_flag,max-min AUROC gap,0.04555480059793182,0.1650834916508349,False,19.159554000012577,B=10000; scheme=joint; null_p95=0.0575; null_mean=0.0345
synthetic,Synthetic baseline,False,2000,0.3,4,m100,n >= 100,10000.0,42,0.05,diciccio2020,flag,max |T| (studentized),5.22381195883058,0.0057994200579942,False,14.40280029992573,n_pairs=16; p_holm_perm=0.0016; p_holm_asymptotic=2.804e-06
synthetic,Synthetic baseline,False,2000,0.3,4,m100,n >= 100,,42,0.05,fixed_threshold_005,no_flag,max-min AUROC gap,0.04555480059793182,,False,0.006383100058883429,worst_partition=insurance; threshold=0.05; no p-value: deterministic threshold rule
synthetic,Synthetic baseline,False,2000,0.3,4,m100,n >= 100,,42,0.05,four_fifths,no_flag,min/max AUROC ratio,0.9534818534356028,,False,0.8389594000764191,worst_partition=insurance; min_auc=0.9337; max_auc=0.9793; gap_needed_to_fire=0.1959; observed_gap=0.0456; impl=fairlearn.metrics.MetricFrame.ratio; no p-value: deterministic screening rule
synthetic,Synthetic baseline,False,2000,0.3,4,m100,n >= 100,,42,0.05,lum2022,flag,V_dc (double-corrected variance),0.0004067716445750884,0.00012076045378697921,False,0.04169639991596341,worst_partition=age_group; naive_var=0.00050752; mean_sampling_var=0.00010074; noise_share=0.199; obs_range=0.0398; range_moment=0.0341; range_shrunk=0.0327; p_holm_cochranQ=1.908e-05; bootstrap_ci_flag=False
synthetic,Synthetic baseline,False,2000,0.3,4,m100,n >= 100,,42,0.05,lum2022_bootstrapCI,no_flag,V_dc (double-corrected variance),0.0004067716445750884,,False,0.04171579994726926,parametric bootstrap 2000 draws; flags when the lower bound on V_dc clears zero; lo=-9.0035e-05
synthetic,Synthetic baseline,False,2000,0.3,4,m100,n >= 100,,42,0.05,lum2022_cochranQ,flag,tau2 (DerSimonian-Laird),0.0004663496001289399,1.908456470959373e-05,False,0.04171319992747158,"precision-weighted homogeneity test on the same inputs; our addition, not in Lum et al."
synthetic,Synthetic baseline,False,2000,0.3,4,m100,n >= 100,10000.0,42,0.05,permutation_null,no_flag,max-min AUROC gap,0.04555480059793182,0.0781921807819218,False,19.159554000012577,B=10000; scheme=joint; null_p95=0.0491; null_mean=0.0295
synthetic,Synthetic baseline,False,2000,0.3,4,ev10,n_pos >= 10 and n_neg >= 10,10000.0,42,0.05,diciccio2020,flag,max |T| (studentized),5.22381195883058,0.014198580141985802,False,14.40280029992573,n_pairs=20; p_holm_perm=0.002; p_holm_asymptotic=3.506e-06
synthetic,Synthetic baseline,False,2000,0.3,4,ev10,n_pos >= 10 and n_neg >= 10,,42,0.05,fixed_threshold_005,no_flag,max-min AUROC gap,0.04555480059793182,,False,0.006411500042304397,worst_partition=insurance; threshold=0.05; no p-value: deterministic threshold rule
synthetic,Synthetic baseline,False,2000,0.3,4,ev10,n_pos >= 10 and n_neg >= 10,,42,0.05,four_fifths,no_flag,min/max AUROC ratio,0.9534818534356028,,False,1.0398137000156567,worst_partition=insurance; min_auc=0.9337; max_auc=0.9793; gap_needed_to_fire=0.1959; observed_gap=0.0456; impl=fairlearn.metrics.MetricFrame.ratio; no p-value: deterministic screening rule
synthetic,Synthetic baseline,False,2000,0.3,4,ev10,n_pos >= 10 and n_neg >= 10,,42,0.05,lum2022,flag,V_dc (double-corrected variance),0.0004067716445750884,0.00012076045378697921,False,0.04648019990418106,worst_partition=age_group; naive_var=0.00050752; mean_sampling_var=0.00010074; noise_share=0.199; obs_range=0.0398; range_moment=0.0341; range_shrunk=0.0327; p_holm_cochranQ=1.908e-05; bootstrap_ci_flag=False
synthetic,Synthetic baseline,False,2000,0.3,4,ev10,n_pos >= 10 and n_neg >= 10,,42,0.05,lum2022_bootstrapCI,no_flag,V_dc (double-corrected variance),0.0004067716445750884,,False,0.046500699943862855,parametric bootstrap 2000 draws; flags when the lower bound on V_dc clears zero; lo=-9.0035e-05
synthetic,Synthetic baseline,False,2000,0.3,4,ev10,n_pos >= 10 and n_neg >= 10,,42,0.05,lum2022_cochranQ,flag,tau2 (DerSimonian-Laird),0.0004663496001289399,1.908456470959373e-05,False,0.04649809992406517,"precision-weighted homogeneity test on the same inputs; our addition, not in Lum et al."
synthetic,Synthetic baseline,False,2000,0.3,4,ev10,n_pos >= 10 and n_neg >= 10,10000.0,42,0.05,permutation_null,no_flag,max-min AUROC gap,0.04555480059793182,0.1650834916508349,False,19.159554000012577,B=10000; scheme=joint; null_p95=0.0575; null_mean=0.0345
nhanes2123,NHANES 21-23,True,820,0.13048780487804879,4,m20,n >= 20,10000.0,42,0.05,diciccio2020,no_flag,max |T| (studentized),2.8045419932322453,0.34296570342965704,False,10.330893900012597,n_pairs=18; p_holm_perm=0.2538; p_holm_asymptotic=0.0907
nhanes2123,NHANES 21-23,True,820,0.13048780487804879,4,m20,n >= 20,,42,0.05,fixed_threshold_005,flag,max-min AUROC gap,0.07484407484407474,,False,0.0028699999675154686,worst_partition=age_group; threshold=0.05; no p-value: deterministic threshold rule
nhanes2123,NHANES 21-23,True,820,0.13048780487804879,4,m20,n >= 20,,42,0.05,four_fifths,no_flag,min/max AUROC ratio,0.9251559251559252,,False,0.1489337000530213,worst_partition=age_group; min_auc=0.9252; max_auc=1.0000; gap_needed_to_fire=0.2000; observed_gap=0.0748; impl=fairlearn.metrics.MetricFrame.ratio; no p-value: deterministic screening rule
nhanes2123,NHANES 21-23,True,820,0.13048780487804879,4,m20,n >= 20,,42,0.05,lum2022,flag,V_dc (double-corrected variance),0.0005210117821264699,2.412473760130661e-06,False,0.009009900037199259,worst_partition=age_group; naive_var=0.00093533; mean_sampling_var=0.00041432; noise_share=0.443; obs_range=0.0748; range_moment=0.0470; range_shrunk=0.0514; p_holm_cochranQ=0.02016; bootstrap_ci_flag=False
nhanes2123,NHANES 21-23,True,820,0.13048780487804879,4,m20,n >= 20,,42,0.05,lum2022_bootstrapCI,no_flag,V_dc (double-corrected variance),0.0005210117821264699,,False,0.009027800057083368,parametric bootstrap 2000 draws; flags when the lower bound on V_dc clears zero; lo=-0.00034976
nhanes2123,NHANES 21-23,True,820,0.13048780487804879,4,m20,n >= 20,,42,0.05,lum2022_cochranQ,flag,tau2 (DerSimonian-Laird),0.0,0.020155249360571934,False,0.009025500039570034,"precision-weighted homogeneity test on the same inputs; our addition, not in Lum et al."
nhanes2123,NHANES 21-23,True,820,0.13048780487804879,4,m20,n >= 20,10000.0,42,0.05,permutation_null,no_flag,max-min AUROC gap,0.07484407484407485,0.3093690630936906,False,13.521275000064634,B=10000; scheme=joint; null_p95=0.1174; null_mean=0.0680
nhanes2123,NHANES 21-23,True,820,0.13048780487804879,4,m30,n >= 30 (published default),10000.0,42,0.05,diciccio2020,no_flag,max |T| (studentized),2.8045419932322453,0.34296570342965704,False,10.330893900012597,n_pairs=18; p_holm_perm=0.2538; p_holm_asymptotic=0.0907
nhanes2123,NHANES 21-23,True,820,0.13048780487804879,4,m30,n >= 30 (published default),,42,0.05,fixed_threshold_005,flag,max-min AUROC gap,0.07484407484407474,,False,0.002888799994252622,worst_partition=age_group; threshold=0.05; no p-value: deterministic threshold rule
nhanes2123,NHANES 21-23,True,820,0.13048780487804879,4,m30,n >= 30 (published default),,42,0.05,four_fifths,no_flag,min/max AUROC ratio,0.9251559251559252,,False,0.2957372000673786,worst_partition=age_group; min_auc=0.9252; max_auc=1.0000; gap_needed_to_fire=0.2000; observed_gap=0.0748; impl=fairlearn.metrics.MetricFrame.ratio; no p-value: deterministic screening rule
nhanes2123,NHANES 21-23,True,820,0.13048780487804879,4,m30,n >= 30 (published default),,42,0.05,lum2022,flag,V_dc (double-corrected variance),0.0005210117821264699,2.412473760130661e-06,False,0.01331509998999536,worst_partition=age_group; naive_var=0.00093533; mean_sampling_var=0.00041432; noise_share=0.443; obs_range=0.0748; range_moment=0.0470; range_shrunk=0.0514; p_holm_cochranQ=0.02016; bootstrap_ci_flag=False
nhanes2123,NHANES 21-23,True,820,0.13048780487804879,4,m30,n >= 30 (published default),,42,0.05,lum2022_bootstrapCI,no_flag,V_dc (double-corrected variance),0.0005210117821264699,,False,0.013332100003026426,parametric bootstrap 2000 draws; flags when the lower bound on V_dc clears zero; lo=-0.00034976
nhanes2123,NHANES 21-23,True,820,0.13048780487804879,4,m30,n >= 30 (published default),,42,0.05,lum2022_cochranQ,flag,tau2 (DerSimonian-Laird),0.0,0.020155249360571934,False,0.01332999998703599,"precision-weighted homogeneity test on the same inputs; our addition, not in Lum et al."
nhanes2123,NHANES 21-23,True,820,0.13048780487804879,4,m30,n >= 30 (published default),10000.0,42,0.05,permutation_null,no_flag,max-min AUROC gap,0.07484407484407485,0.3093690630936906,False,13.521275000064634,B=10000; scheme=joint; null_p95=0.1174; null_mean=0.0680
nhanes2123,NHANES 21-23,True,820,0.13048780487804879,4,m50,n >= 50,10000.0,42,0.05,diciccio2020,no_flag,max |T| (studentized),2.8045419932322453,0.34296570342965704,False,10.330893900012597,n_pairs=18; p_holm_perm=0.2538; p_holm_asymptotic=0.0907
nhanes2123,NHANES 21-23,True,820,0.13048780487804879,4,m50,n >= 50,,42,0.05,fixed_threshold_005,flag,max-min AUROC gap,0.07484407484407474,,False,0.0029027999844402075,worst_partition=age_group; threshold=0.05; no p-value: deterministic threshold rule
nhanes2123,NHANES 21-23,True,820,0.13048780487804879,4,m50,n >= 50,,42,0.05,four_fifths,no_flag,min/max AUROC ratio,0.9251559251559252,,False,0.45408840000163764,worst_partition=age_group; min_auc=0.9252; max_auc=1.0000; gap_needed_to_fire=0.2000; observed_gap=0.0748; impl=fairlearn.metrics.MetricFrame.ratio; no p-value: deterministic screening rule
nhanes2123,NHANES 21-23,True,820,0.13048780487804879,4,m50,n >= 50,,42,0.05,lum2022,flag,V_dc (double-corrected variance),0.0005210117821264699,2.412473760130661e-06,False,0.017038000049069524,worst_partition=age_group; naive_var=0.00093533; mean_sampling_var=0.00041432; noise_share=0.443; obs_range=0.0748; range_moment=0.0470; range_shrunk=0.0514; p_holm_cochranQ=0.02016; bootstrap_ci_flag=False
nhanes2123,NHANES 21-23,True,820,0.13048780487804879,4,m50,n >= 50,,42,0.05,lum2022_bootstrapCI,no_flag,V_dc (double-corrected variance),0.0005210117821264699,,False,0.01705510006286204,parametric bootstrap 2000 draws; flags when the lower bound on V_dc clears zero; lo=-0.00034976
nhanes2123,NHANES 21-23,True,820,0.13048780487804879,4,m50,n >= 50,,42,0.05,lum2022_cochranQ,flag,tau2 (DerSimonian-Laird),0.0,0.020155249360571934,False,0.017053100047633052,"precision-weighted homogeneity test on the same inputs; our addition, not in Lum et al."
nhanes2123,NHANES 21-23,True,820,0.13048780487804879,4,m50,n >= 50,10000.0,42,0.05,permutation_null,no_flag,max-min AUROC gap,0.07484407484407485,0.3093690630936906,False,13.521275000064634,B=10000; scheme=joint; null_p95=0.1174; null_mean=0.0680
nhanes2123,NHANES 21-23,True,820,0.13048780487804879,4,m100,n >= 100,10000.0,42,0.05,diciccio2020,no_flag,max |T| (studentized),2.5985920914917893,0.0907909209079092,False,10.330893900012597,n_pairs=7; p_holm_perm=0.09869; p_holm_asymptotic=0.06552
nhanes2123,NHANES 21-23,True,820,0.13048780487804879,4,m100,n >= 100,,42,0.05,fixed_threshold_005,flag,max-min AUROC gap,0.07484407484407474,,False,0.0029142999555915594,worst_partition=age_group; threshold=0.05; no p-value: deterministic threshold rule
nhanes2123,NHANES 21-23,True,820,0.13048780487804879,4,m100,n >= 100,,42,0.05,four_fifths,no_flag,min/max AUROC ratio,0.9251559251559252,,False,0.540862400084734,worst_partition=age_group; min_auc=0.9252; max_auc=1.0000; gap_needed_to_fire=0.2000; observed_gap=0.0748; impl=fairlearn.metrics.MetricFrame.ratio; no p-value: deterministic screening rule
nhanes2123,NHANES 21-23,True,820,0.13048780487804879,4,m100,n >= 100,,42,0.05,lum2022,no_flag,V_dc (double-corrected variance),0.0005210117821264699,0.19532760792984682,False,0.019209600053727627,worst_partition=age_group; naive_var=0.00093533; mean_sampling_var=0.00041432; noise_share=0.443; obs_range=0.0748; range_moment=0.0470; range_shrunk=0.0514; p_holm_cochranQ=0.5511; bootstrap_ci_flag=False
nhanes2123,NHANES 21-23,True,820,0.13048780487804879,4,m100,n >= 100,,42,0.05,lum2022_bootstrapCI,no_flag,V_dc (double-corrected variance),0.0005210117821264699,,False,0.019225100055336952,parametric bootstrap 2000 draws; flags when the lower bound on V_dc clears zero; lo=-0.00034976
nhanes2123,NHANES 21-23,True,820,0.13048780487804879,4,m100,n >= 100,,42,0.05,lum2022_cochranQ,no_flag,tau2 (DerSimonian-Laird),0.0,0.5510583055312778,False,0.019223000039346516,"precision-weighted homogeneity test on the same inputs; our addition, not in Lum et al."
nhanes2123,NHANES 21-23,True,820,0.13048780487804879,4,m100,n >= 100,10000.0,42,0.05,permutation_null,no_flag,max-min AUROC gap,0.07484407484407485,0.09549045095490451,False,13.521275000064634,B=10000; scheme=joint; null_p95=0.0874; null_mean=0.0469
nhanes2123,NHANES 21-23,True,820,0.13048780487804879,4,ev10,n_pos >= 10 and n_neg >= 10,10000.0,42,0.05,diciccio2020,no_flag,max |T| (studentized),2.425935738169573,0.2502749725027497,False,10.330893900012597,n_pairs=10; p_holm_perm=0.9739; p_holm_asymptotic=0.1527
nhanes2123,NHANES 21-23,True,820,0.13048780487804879,4,ev10,n_pos >= 10 and n_neg >= 10,,42,0.05,fixed_threshold_005,no_flag,max-min AUROC gap,0.0464975845410629,,False,0.0029289000667631626,worst_partition=race; threshold=0.05; no p-value: deterministic threshold rule
nhanes2123,NHANES 21-23,True,820,0.13048780487804879,4,ev10,n_pos >= 10 and n_neg >= 10,,42,0.05,four_fifths,no_flag,min/max AUROC ratio,0.9531630170316302,,False,0.6515493000624701,worst_partition=race; min_auc=0.9463; max_auc=0.9928; gap_needed_to_fire=0.1986; observed_gap=0.0465; impl=fairlearn.metrics.MetricFrame.ratio; no p-value: deterministic screening rule
nhanes2123,NHANES 21-23,True,820,0.13048780487804879,4,ev10,n_pos >= 10 and n_neg >= 10,,42,0.05,lum2022,no_flag,V_dc (double-corrected variance),0.00016373413104671386,0.9328383554114521,False,0.022340900031849742,worst_partition=race; naive_var=0.00049466; mean_sampling_var=0.00033093; noise_share=0.669; obs_range=0.0465; range_moment=0.0263; range_shrunk=0.0256; p_holm_cochranQ=0.1543; bootstrap_ci_flag=False
nhanes2123,NHANES 21-23,True,820,0.13048780487804879,4,ev10,n_pos >= 10 and n_neg >= 10,,42,0.05,lum2022_bootstrapCI,no_flag,V_dc (double-corrected variance),0.00016373413104671386,,False,0.022357000038027763,parametric bootstrap 2000 draws; flags when the lower bound on V_dc clears zero; lo=-0.00029554
nhanes2123,NHANES 21-23,True,820,0.13048780487804879,4,ev10,n_pos >= 10 and n_neg >= 10,,42,0.05,lum2022_cochranQ,no_flag,tau2 (DerSimonian-Laird),0.0003094315872708224,0.1542819182661142,False,0.02235440001823008,"precision-weighted homogeneity test on the same inputs; our addition, not in Lum et al."
nhanes2123,NHANES 21-23,True,820,0.13048780487804879,4,ev10,n_pos >= 10 and n_neg >= 10,10000.0,42,0.05,permutation_null,no_flag,max-min AUROC gap,0.046497584541062786,0.5480451954804519,False,13.521275000064634,B=10000; scheme=joint; null_p95=0.0898; null_mean=0.0521
german_credit,German Credit,False,200,0.7,2,m20,n >= 20,10000.0,42,0.05,diciccio2020,no_flag,max |T| (studentized),0.3336285180476114,0.9288071192880712,False,3.006686099921353,n_pairs=2; p_holm_perm=1; p_holm_asymptotic=1
german_credit,German Credit,False,200,0.7,2,m20,n >= 20,,42,0.05,fixed_threshold_005,no_flag,max-min AUROC gap,0.02913943691975729,,False,0.000852299970574677,worst_partition=age_group; threshold=0.05; no p-value: deterministic threshold rule
german_credit,German Credit,False,200,0.7,2,m20,n >= 20,,42,0.05,four_fifths,no_flag,min/max AUROC ratio,0.9577677224736048,,False,0.05399960000067949,worst_partition=sex; min_auc=0.6350; max_auc=0.6630; gap_needed_to_fire=0.1326; observed_gap=0.0280; impl=fairlearn.metrics.MetricFrame.ratio; no p-value: deterministic screening rule
german_credit,German Credit,False,200,0.7,2,m20,n >= 20,,42,0.05,lum2022,no_flag,V_dc (double-corrected variance),-0.0033896687444364445,1.0,False,0.005693099927157164,worst_partition=age_group; naive_var=0.00042455; mean_sampling_var=0.0038142; noise_share=8.984; obs_range=0.0291; range_moment=0.0000; range_shrunk=0.0000; p_holm_cochranQ=1; bootstrap_ci_flag=False
german_credit,German Credit,False,200,0.7,2,m20,n >= 20,,42,0.05,lum2022_bootstrapCI,no_flag,V_dc (double-corrected variance),-0.0033896687444364445,,False,0.005714299972169101,parametric bootstrap 2000 draws; flags when the lower bound on V_dc clears zero; lo=-0.0038116
german_credit,German Credit,False,200,0.7,2,m20,n >= 20,,42,0.05,lum2022_cochranQ,no_flag,tau2 (DerSimonian-Laird),0.0,1.0,False,0.005711299949325621,"precision-weighted homogeneity test on the same inputs; our addition, not in Lum et al."
german_credit,German Credit,False,200,0.7,2,m20,n >= 20,10000.0,42,0.05,permutation_null,no_flag,max-min AUROC gap,0.02913943691975729,0.9357064293570643,False,3.2869717001449317,B=10000; scheme=joint; null_p95=0.2042; null_mean=0.1028
german_credit,German Credit,False,200,0.7,2,m30,n >= 30 (published default),10000.0,42,0.05,diciccio2020,no_flag,max |T| (studentized),0.3336285180476114,0.9288071192880712,False,3.006686099921353,n_pairs=2; p_holm_perm=1; p_holm_asymptotic=1
german_credit,German Credit,False,200,0.7,2,m30,n >= 30 (published default),,42,0.05,fixed_threshold_005,no_flag,max-min AUROC gap,0.02913943691975729,,False,0.0008633999386802316,worst_partition=age_group; threshold=0.05; no p-value: deterministic threshold rule
german_credit,German Credit,False,200,0.7,2,m30,n >= 30 (published default),,42,0.05,four_fifths,no_flag,min/max AUROC ratio,0.9577677224736048,,False,0.10156009998172522,worst_partition=sex; min_auc=0.6350; max_auc=0.6630; gap_needed_to_fire=0.1326; observed_gap=0.0280; impl=fairlearn.metrics.MetricFrame.ratio; no p-value: deterministic screening rule
german_credit,German Credit,False,200,0.7,2,m30,n >= 30 (published default),,42,0.05,lum2022,no_flag,V_dc (double-corrected variance),-0.0033896687444364445,1.0,False,0.008900699904188514,worst_partition=age_group; naive_var=0.00042455; mean_sampling_var=0.0038142; noise_share=8.984; obs_range=0.0291; range_moment=0.0000; range_shrunk=0.0000; p_holm_cochranQ=1; bootstrap_ci_flag=False
german_credit,German Credit,False,200,0.7,2,m30,n >= 30 (published default),,42,0.05,lum2022_bootstrapCI,no_flag,V_dc (double-corrected variance),-0.0033896687444364445,,False,0.008920899941585958,parametric bootstrap 2000 draws; flags when the lower bound on V_dc clears zero; lo=-0.0038116
german_credit,German Credit,False,200,0.7,2,m30,n >= 30 (published default),,42,0.05,lum2022_cochranQ,no_flag,tau2 (DerSimonian-Laird),0.0,1.0,False,0.00891769991721958,"precision-weighted homogeneity test on the same inputs; our addition, not in Lum et al."
german_credit,German Credit,False,200,0.7,2,m30,n >= 30 (published default),10000.0,42,0.05,permutation_null,no_flag,max-min AUROC gap,0.02913943691975729,0.9357064293570643,False,3.2869717001449317,B=10000; scheme=joint; null_p95=0.2042; null_mean=0.1028
german_credit,German Credit,False,200,0.7,2,m50,n >= 50,10000.0,42,0.05,diciccio2020,no_flag,max |T| (studentized),0.3336285180476114,0.9288071192880712,False,3.006686099921353,n_pairs=2; p_holm_perm=1; p_holm_asymptotic=1
german_credit,German Credit,False,200,0.7,2,m50,n >= 50,,42,0.05,fixed_threshold_005,no_flag,max-min AUROC gap,0.02913943691975729,,False,0.0008706999942660332,worst_partition=age_group; threshold=0.05; no p-value: deterministic threshold rule
german_credit,German Credit,False,200,0.7,2,m50,n >= 50,,42,0.05,four_fifths,no_flag,min/max AUROC ratio,0.9577677224736048,,False,0.14069659996312112,worst_partition=sex; min_auc=0.6350; max_auc=0.6630; gap_needed_to_fire=0.1326; observed_gap=0.0280; impl=fairlearn.metrics.MetricFrame.ratio; no p-value: deterministic screening rule
german_credit,German Credit,False,200,0.7,2,m50,n >= 50,,42,0.05,lum2022,no_flag,V_dc (double-corrected variance),-0.0033896687444364445,1.0,False,0.012110300012864172,worst_partition=age_group; naive_var=0.00042455; mean_sampling_var=0.0038142; noise_share=8.984; obs_range=0.0291; range_moment=0.0000; range_shrunk=0.0000; p_holm_cochranQ=1; bootstrap_ci_flag=False
german_credit,German Credit,False,200,0.7,2,m50,n >= 50,,42,0.05,lum2022_bootstrapCI,no_flag,V_dc (double-corrected variance),-0.0033896687444364445,,False,0.012129899929277599,parametric bootstrap 2000 draws; flags when the lower bound on V_dc clears zero; lo=-0.0038116
german_credit,German Credit,False,200,0.7,2,m50,n >= 50,,42,0.05,lum2022_cochranQ,no_flag,tau2 (DerSimonian-Laird),0.0,1.0,False,0.01212669990491122,"precision-weighted homogeneity test on the same inputs; our addition, not in Lum et al."
german_credit,German Credit,False,200,0.7,2,m50,n >= 50,10000.0,42,0.05,permutation_null,no_flag,max-min AUROC gap,0.02913943691975729,0.9357064293570643,False,3.2869717001449317,B=10000; scheme=joint; null_p95=0.2042; null_mean=0.1028
german_credit,German Credit,False,200,0.7,2,m100,n >= 100,10000.0,42,0.05,diciccio2020,not_evaluable,max |T|,,,False,3.006686099921353,no admissible pair with a defined studentized statistic
german_credit,German Credit,False,200,0.7,2,m100,n >= 100,,42,0.05,fixed_threshold_005,not_evaluable,max-min AUROC gap,,,False,0.0008762000361457467,no partition has two admissible levels
german_credit,German Credit,False,200,0.7,2,m100,n >= 100,,42,0.05,four_fifths,not_evaluable,min/max AUROC ratio,,,False,0.14071349997539073,no partition has two admissible levels
german_credit,German Credit,False,200,0.7,2,m100,n >= 100,,42,0.05,lum2022,not_evaluable,V_dc (double-corrected variance),,,False,0.012145199929364026,no partition has two admissible levels
german_credit,German Credit,False,200,0.7,2,m100,n >= 100,,42,0.05,lum2022_bootstrapCI,not_evaluable,V_dc (double-corrected variance),,,False,0.012148699956014752,no partition has two admissible levels
german_credit,German Credit,False,200,0.7,2,m100,n >= 100,,42,0.05,lum2022_cochranQ,not_evaluable,V_dc (double-corrected variance),,,False,0.012147399946115911,no partition has two admissible levels
german_credit,German Credit,False,200,0.7,2,m100,n >= 100,10000.0,42,0.05,permutation_null,not_evaluable,max-min AUROC gap,,,False,3.2869717001449317,not estimable: fewer than two admissible subgroups in every partition
german_credit,German Credit,False,200,0.7,2,ev10,n_pos >= 10 and n_neg >= 10,10000.0,42,0.05,diciccio2020,no_flag,max |T| (studentized),0.3336285180476114,0.9288071192880712,False,3.006686099921353,n_pairs=2; p_holm_perm=1; p_holm_asymptotic=1
german_credit,German Credit,False,200,0.7,2,ev10,n_pos >= 10 and n_neg >= 10,,42,0.05,fixed_threshold_005,no_flag,max-min AUROC gap,0.02913943691975729,,False,0.0008846999844536185,worst_partition=age_group; threshold=0.05; no p-value: deterministic threshold rule
german_credit,German Credit,False,200,0.7,2,ev10,n_pos >= 10 and n_neg >= 10,,42,0.05,four_fifths,no_flag,min/max AUROC ratio,0.9577677224736048,,False,0.1829143000068143,worst_partition=sex; min_auc=0.6350; max_auc=0.6630; gap_needed_to_fire=0.1326; observed_gap=0.0280; impl=fairlearn.metrics.MetricFrame.ratio; no p-value: deterministic screening rule
german_credit,German Credit,False,200,0.7,2,ev10,n_pos >= 10 and n_neg >= 10,,42,0.05,lum2022,no_flag,V_dc (double-corrected variance),-0.0033896687444364445,1.0,False,0.015379399992525578,worst_partition=age_group; naive_var=0.00042455; mean_sampling_var=0.0038142; noise_share=8.984; obs_range=0.0291; range_moment=0.0000; range_shrunk=0.0000; p_holm_cochranQ=1; bootstrap_ci_flag=False
german_credit,German Credit,False,200,0.7,2,ev10,n_pos >= 10 and n_neg >= 10,,42,0.05,lum2022_bootstrapCI,no_flag,V_dc (double-corrected variance),-0.0033896687444364445,,False,0.015398799907416105,parametric bootstrap 2000 draws; flags when the lower bound on V_dc clears zero; lo=-0.0038116
german_credit,German Credit,False,200,0.7,2,ev10,n_pos >= 10 and n_neg >= 10,,42,0.05,lum2022_cochranQ,no_flag,tau2 (DerSimonian-Laird),0.0,1.0,False,0.015396300004795194,"precision-weighted homogeneity test on the same inputs; our addition, not in Lum et al."
german_credit,German Credit,False,200,0.7,2,ev10,n_pos >= 10 and n_neg >= 10,10000.0,42,0.05,permutation_null,no_flag,max-min AUROC gap,0.02913943691975729,0.9357064293570643,False,3.2869717001449317,B=10000; scheme=joint; null_p95=0.2042; null_mean=0.1028
uci_heart,UCI Heart,True,61,0.5409836065573771,2,m20,n >= 20,10000.0,42,0.05,diciccio2020,not_evaluable,max |T|,,,False,2.969163900008425,no admissible pair with a defined studentized statistic
uci_heart,UCI Heart,True,61,0.5409836065573771,2,m20,n >= 20,,42,0.05,fixed_threshold_005,not_evaluable,max-min AUROC gap,,,False,0.000834000064060092,no partition has two admissible levels
uci_heart,UCI Heart,True,61,0.5409836065573771,2,m20,n >= 20,,42,0.05,four_fifths,not_evaluable,min/max AUROC ratio,,,False,0.0008459999226033688,no partition has two admissible levels
uci_heart,UCI Heart,True,61,0.5409836065573771,2,m20,n >= 20,,42,0.05,lum2022,not_evaluable,V_dc (double-corrected variance),,,False,0.0009741999674588442,no partition has two admissible levels
uci_heart,UCI Heart,True,61,0.5409836065573771,2,m20,n >= 20,,42,0.05,lum2022_bootstrapCI,not_evaluable,V_dc (double-corrected variance),,,False,0.0009768999880179763,no partition has two admissible levels
uci_heart,UCI Heart,True,61,0.5409836065573771,2,m20,n >= 20,,42,0.05,lum2022_cochranQ,not_evaluable,V_dc (double-corrected variance),,,False,0.0009761999826878309,no partition has two admissible levels
uci_heart,UCI Heart,True,61,0.5409836065573771,2,m20,n >= 20,10000.0,42,0.05,permutation_null,not_evaluable,max-min AUROC gap,,,False,3.6224468000000343,not estimable: fewer than two admissible subgroups in every partition
uci_heart,UCI Heart,True,61,0.5409836065573771,2,m30,n >= 30 (published default),10000.0,42,0.05,diciccio2020,not_evaluable,max |T|,,,False,2.969163900008425,no admissible pair with a defined studentized statistic
uci_heart,UCI Heart,True,61,0.5409836065573771,2,m30,n >= 30 (published default),,42,0.05,fixed_threshold_005,not_evaluable,max-min AUROC gap,,,False,0.0008393001044169068,no partition has two admissible levels
uci_heart,UCI Heart,True,61,0.5409836065573771,2,m30,n >= 30 (published default),,42,0.05,four_fifths,not_evaluable,min/max AUROC ratio,,,False,0.0008494999492540956,no partition has two admissible levels
uci_heart,UCI Heart,True,61,0.5409836065573771,2,m30,n >= 30 (published default),,42,0.05,lum2022,not_evaluable,V_dc (double-corrected variance),,,False,0.000980700016953051,no partition has two admissible levels
uci_heart,UCI Heart,True,61,0.5409836065573771,2,m30,n >= 30 (published default),,42,0.05,lum2022_bootstrapCI,not_evaluable,V_dc (double-corrected variance),,,False,0.0009819000260904431,no partition has two admissible levels
uci_heart,UCI Heart,True,61,0.5409836065573771,2,m30,n >= 30 (published default),,42,0.05,lum2022_cochranQ,not_evaluable,V_dc (double-corrected variance),,,False,0.0009814000222831964,no partition has two admissible levels
uci_heart,UCI Heart,True,61,0.5409836065573771,2,m30,n >= 30 (published default),10000.0,42,0.05,permutation_null,not_evaluable,max-min AUROC gap,,,False,3.6224468000000343,not estimable: fewer than two admissible subgroups in every partition
uci_heart,UCI Heart,True,61,0.5409836065573771,2,m50,n >= 50,10000.0,42,0.05,diciccio2020,not_evaluable,max |T|,,,False,2.969163900008425,no admissible pair with a defined studentized statistic
uci_heart,UCI Heart,True,61,0.5409836065573771,2,m50,n >= 50,,42,0.05,fixed_threshold_005,not_evaluable,max-min AUROC gap,,,False,0.0008439000230282545,no partition has two admissible levels
uci_heart,UCI Heart,True,61,0.5409836065573771,2,m50,n >= 50,,42,0.05,four_fifths,not_evaluable,min/max AUROC ratio,,,False,0.0008520999690517783,no partition has two admissible levels
uci_heart,UCI Heart,True,61,0.5409836065573771,2,m50,n >= 50,,42,0.05,lum2022,not_evaluable,V_dc (double-corrected variance),,,False,0.000984800048172474,no partition has two admissible levels
uci_heart,UCI Heart,True,61,0.5409836065573771,2,m50,n >= 50,,42,0.05,lum2022_bootstrapCI,not_evaluable,V_dc (double-corrected variance),,,False,0.0009859999408945441,no partition has two admissible levels
uci_heart,UCI Heart,True,61,0.5409836065573771,2,m50,n >= 50,,42,0.05,lum2022_cochranQ,not_evaluable,V_dc (double-corrected variance),,,False,0.0009855000535026193,no partition has two admissible levels
uci_heart,UCI Heart,True,61,0.5409836065573771,2,m50,n >= 50,10000.0,42,0.05,permutation_null,not_evaluable,max-min AUROC gap,,,False,3.6224468000000343,not estimable: fewer than two admissible subgroups in every partition
uci_heart,UCI Heart,True,61,0.5409836065573771,2,m100,n >= 100,10000.0,42,0.05,diciccio2020,not_evaluable,max |T|,,,False,2.969163900008425,no admissible pair with a defined studentized statistic
uci_heart,UCI Heart,True,61,0.5409836065573771,2,m100,n >= 100,,42,0.05,fixed_threshold_005,not_evaluable,max-min AUROC gap,,,False,0.0008484000572934747,no partition has two admissible levels
uci_heart,UCI Heart,True,61,0.5409836065573771,2,m100,n >= 100,,42,0.05,four_fifths,not_evaluable,min/max AUROC ratio,,,False,0.0008543999865651131,no partition has two admissible levels
uci_heart,UCI Heart,True,61,0.5409836065573771,2,m100,n >= 100,,42,0.05,lum2022,not_evaluable,V_dc (double-corrected variance),,,False,0.000988899962976575,no partition has two admissible levels
uci_heart,UCI Heart,True,61,0.5409836065573771,2,m100,n >= 100,,42,0.05,lum2022_bootstrapCI,not_evaluable,V_dc (double-corrected variance),,,False,0.0009899999713525176,no partition has two admissible levels
uci_heart,UCI Heart,True,61,0.5409836065573771,2,m100,n >= 100,,42,0.05,lum2022_cochranQ,not_evaluable,V_dc (double-corrected variance),,,False,0.000989499967545271,no partition has two admissible levels
uci_heart,UCI Heart,True,61,0.5409836065573771,2,m100,n >= 100,10000.0,42,0.05,permutation_null,not_evaluable,max-min AUROC gap,,,False,3.6224468000000343,not estimable: fewer than two admissible subgroups in every partition
uci_heart,UCI Heart,True,61,0.5409836065573771,2,ev10,n_pos >= 10 and n_neg >= 10,10000.0,42,0.05,diciccio2020,not_evaluable,max |T|,,,False,2.969163900008425,no admissible pair with a defined studentized statistic
uci_heart,UCI Heart,True,61,0.5409836065573771,2,ev10,n_pos >= 10 and n_neg >= 10,,42,0.05,fixed_threshold_005,not_evaluable,max-min AUROC gap,,,False,0.0008538000984117389,no partition has two admissible levels
uci_heart,UCI Heart,True,61,0.5409836065573771,2,ev10,n_pos >= 10 and n_neg >= 10,,42,0.05,four_fifths,not_evaluable,min/max AUROC ratio,,,False,0.0008577000116929412,no partition has two admissible levels
uci_heart,UCI Heart,True,61,0.5409836065573771,2,ev10,n_pos >= 10 and n_neg >= 10,,42,0.05,lum2022,not_evaluable,V_dc (double-corrected variance),,,False,0.000993699999526143,no partition has two admissible levels
uci_heart,UCI Heart,True,61,0.5409836065573771,2,ev10,n_pos >= 10 and n_neg >= 10,,42,0.05,lum2022_bootstrapCI,not_evaluable,V_dc (double-corrected variance),,,False,0.0009949000086635351,no partition has two admissible levels
uci_heart,UCI Heart,True,61,0.5409836065573771,2,ev10,n_pos >= 10 and n_neg >= 10,,42,0.05,lum2022_cochranQ,not_evaluable,V_dc (double-corrected variance),,,False,0.0009944000048562884,no partition has two admissible levels
uci_heart,UCI Heart,True,61,0.5409836065573771,2,ev10,n_pos >= 10 and n_neg >= 10,10000.0,42,0.05,permutation_null,not_evaluable,max-min AUROC gap,,,False,3.6224468000000343,not estimable: fewer than two admissible subgroups in every partition
