geometry,description,null_family,n,prevalence,n_partitions,max_levels,min_level_frac,composite_null,case_mix_null,monotone_transform,true_auc,true_auc_min,true_auc_max,true_auc_gap,flag_means,rule,n_sims,n_perm,alpha,seed,geometry_seed_word,pythonhashseed,geometry_wall_s,method,n_evaluable,n_not_evaluable,n_flag,type1_rate,type1_mc_se,has_nominal_level,nominal_level_note,mean_runtime_per_dataset_s
multi_partition,5 partitions -- exercises the maximum over columns,simple,2000,0.2,5,5,0.1,False,False,,0.75,0.75,0.75,0.0,false positive (all true subgroup AUROC equal),m30,1000,999,0.05,42,790380860,0,3360.9403206999996,permutation_null,1000,0,35,0.035,0.005811626278418116,True,max-statistic permutation p-value < alpha,1.6356209643998592
multi_partition,5 partitions -- exercises the maximum over columns,simple,2000,0.2,5,5,0.1,False,False,,0.75,0.75,0.75,0.0,false positive (all true subgroup AUROC equal),m30,1000,999,0.05,42,790380860,0,3360.9403206999996,diciccio2020,1000,0,43,0.043,0.006414904519944158,True,max-T permutation p-value < alpha,1.7145651895999325
multi_partition,5 partitions -- exercises the maximum over columns,simple,2000,0.2,5,5,0.1,False,False,,0.75,0.75,0.75,0.0,false positive (all true subgroup AUROC equal),m30,1000,999,0.05,42,790380860,0,3360.9403206999996,lum2022,1000,0,167,0.167,0.01179453263168999,True,"Holm over partitions of the one-sided z-test, < alpha",0.00631157340000209
multi_partition,5 partitions -- exercises the maximum over columns,simple,2000,0.2,5,5,0.1,False,False,,0.75,0.75,0.75,0.0,false positive (all true subgroup AUROC equal),m30,1000,999,0.05,42,790380860,0,3360.9403206999996,four_fifths,1000,0,4,0.004,0.001995995991979944,False,"deterministic rule, no nominal level",0.0016501927001518197
multi_partition,5 partitions -- exercises the maximum over columns,simple,2000,0.2,5,5,0.1,False,False,,0.75,0.75,0.75,0.0,false positive (all true subgroup AUROC equal),m30,1000,999,0.05,42,790380860,0,3360.9403206999996,fixed_threshold_005,1000,0,956,0.956,0.006485676526007139,False,"deterministic rule, no nominal level",0.0015860642002371605
multi_partition,5 partitions -- exercises the maximum over columns,simple,2000,0.2,5,5,0.1,False,False,,0.75,0.75,0.75,0.0,false positive (all true subgroup AUROC equal),m30,1000,999,0.05,42,790380860,0,3360.9403206999996,lum2022_cochranQ,1000,0,56,0.056,0.007270763371201128,True,"Holm over partitions of Cochran's Q, < alpha",0.00631157340000209
multi_partition,5 partitions -- exercises the maximum over columns,simple,2000,0.2,5,5,0.1,False,False,,0.75,0.75,0.75,0.0,false positive (all true subgroup AUROC equal),m30,1000,999,0.05,42,790380860,0,3360.9403206999996,lum2022_bootstrapCI,1000,0,0,0.0,0.0,True,bootstrap lower bound on V_dc > 0 at one-sided level alpha/P (Bonferroni over P partitions); family-wise level alpha,0.00631157340000209
multi_partition,5 partitions -- exercises the maximum over columns,simple,2000,0.2,5,5,0.1,False,False,,0.75,0.75,0.75,0.0,false positive (all true subgroup AUROC equal),ev10,1000,999,0.05,42,790380860,0,3411.322664499996,permutation_null,1000,0,35,0.035,0.005811626278418116,True,max-statistic permutation p-value < alpha,1.6728409576000267
multi_partition,5 partitions -- exercises the maximum over columns,simple,2000,0.2,5,5,0.1,False,False,,0.75,0.75,0.75,0.0,false positive (all true subgroup AUROC equal),ev10,1000,999,0.05,42,790380860,0,3411.322664499996,diciccio2020,1000,0,43,0.043,0.006414904519944158,True,max-T permutation p-value < alpha,1.7275665306001464
multi_partition,5 partitions -- exercises the maximum over columns,simple,2000,0.2,5,5,0.1,False,False,,0.75,0.75,0.75,0.0,false positive (all true subgroup AUROC equal),ev10,1000,999,0.05,42,790380860,0,3411.322664499996,lum2022,1000,0,167,0.167,0.01179453263168999,True,"Holm over partitions of the one-sided z-test, < alpha",0.006394266399991465
multi_partition,5 partitions -- exercises the maximum over columns,simple,2000,0.2,5,5,0.1,False,False,,0.75,0.75,0.75,0.0,false positive (all true subgroup AUROC equal),ev10,1000,999,0.05,42,790380860,0,3411.322664499996,four_fifths,1000,0,4,0.004,0.001995995991979944,False,"deterministic rule, no nominal level",0.0016847546999779297
multi_partition,5 partitions -- exercises the maximum over columns,simple,2000,0.2,5,5,0.1,False,False,,0.75,0.75,0.75,0.0,false positive (all true subgroup AUROC equal),ev10,1000,999,0.05,42,790380860,0,3411.322664499996,fixed_threshold_005,1000,0,956,0.956,0.006485676526007139,False,"deterministic rule, no nominal level",0.0016218332000134978
multi_partition,5 partitions -- exercises the maximum over columns,simple,2000,0.2,5,5,0.1,False,False,,0.75,0.75,0.75,0.0,false positive (all true subgroup AUROC equal),ev10,1000,999,0.05,42,790380860,0,3411.322664499996,lum2022_cochranQ,1000,0,56,0.056,0.007270763371201128,True,"Holm over partitions of Cochran's Q, < alpha",0.006394266399991465
multi_partition,5 partitions -- exercises the maximum over columns,simple,2000,0.2,5,5,0.1,False,False,,0.75,0.75,0.75,0.0,false positive (all true subgroup AUROC equal),ev10,1000,999,0.05,42,790380860,0,3411.322664499996,lum2022_bootstrapCI,1000,0,0,0.0,0.0,True,bootstrap lower bound on V_dc > 0 at one-sided level alpha/P (Bonferroni over P partitions); family-wise level alpha,0.006394266399991465
composite_5part,"5 partitions, composite shift on the first -- maximum over-partition pressure under the composite null",composite,2000,0.2,5,4,0.1,True,False,power,0.75,0.75,0.75,0.0,false positive (all true subgroup AUROC equal),m30,1000,999,0.05,42,270047690,0,3248.951549899997,permutation_null,1000,0,50,0.05,0.006892024376045111,True,max-statistic permutation p-value < alpha,1.5849012316000735
composite_5part,"5 partitions, composite shift on the first -- maximum over-partition pressure under the composite null",composite,2000,0.2,5,4,0.1,True,False,power,0.75,0.75,0.75,0.0,false positive (all true subgroup AUROC equal),m30,1000,999,0.05,42,270047690,0,3248.951549899997,diciccio2020,1000,0,44,0.044,0.006485676526007136,True,max-T permutation p-value < alpha,1.653144823100156
composite_5part,"5 partitions, composite shift on the first -- maximum over-partition pressure under the composite null",composite,2000,0.2,5,4,0.1,True,False,power,0.75,0.75,0.75,0.0,false positive (all true subgroup AUROC equal),m30,1000,999,0.05,42,270047690,0,3248.951549899997,lum2022,1000,0,168,0.168,0.011822690049223147,True,"Holm over partitions of the one-sided z-test, < alpha",0.006275640099906013
composite_5part,"5 partitions, composite shift on the first -- maximum over-partition pressure under the composite null",composite,2000,0.2,5,4,0.1,True,False,power,0.75,0.75,0.75,0.0,false positive (all true subgroup AUROC equal),m30,1000,999,0.05,42,270047690,0,3248.951549899997,four_fifths,1000,0,34,0.034,0.005730968504537431,False,"deterministic rule, no nominal level",0.0015970243998308434
composite_5part,"5 partitions, composite shift on the first -- maximum over-partition pressure under the composite null",composite,2000,0.2,5,4,0.1,True,False,power,0.75,0.75,0.75,0.0,false positive (all true subgroup AUROC equal),m30,1000,999,0.05,42,270047690,0,3248.951549899997,fixed_threshold_005,1000,0,960,0.96,0.00619677335393187,False,"deterministic rule, no nominal level",0.0015378087999415584
composite_5part,"5 partitions, composite shift on the first -- maximum over-partition pressure under the composite null",composite,2000,0.2,5,4,0.1,True,False,power,0.75,0.75,0.75,0.0,false positive (all true subgroup AUROC equal),m30,1000,999,0.05,42,270047690,0,3248.951549899997,lum2022_cochranQ,1000,0,54,0.054,0.007147307185227175,True,"Holm over partitions of Cochran's Q, < alpha",0.006275640099906013
composite_5part,"5 partitions, composite shift on the first -- maximum over-partition pressure under the composite null",composite,2000,0.2,5,4,0.1,True,False,power,0.75,0.75,0.75,0.0,false positive (all true subgroup AUROC equal),m30,1000,999,0.05,42,270047690,0,3248.951549899997,lum2022_bootstrapCI,1000,0,0,0.0,0.0,True,bootstrap lower bound on V_dc > 0 at one-sided level alpha/P (Bonferroni over P partitions); family-wise level alpha,0.006275640099906013
composite_5part,"5 partitions, composite shift on the first -- maximum over-partition pressure under the composite null",composite,2000,0.2,5,4,0.1,True,False,power,0.75,0.75,0.75,0.0,false positive (all true subgroup AUROC equal),ev10,1000,999,0.05,42,270047690,0,3249.0758156999946,permutation_null,1000,0,50,0.05,0.006892024376045111,True,max-statistic permutation p-value < alpha,1.5929023405998597
composite_5part,"5 partitions, composite shift on the first -- maximum over-partition pressure under the composite null",composite,2000,0.2,5,4,0.1,True,False,power,0.75,0.75,0.75,0.0,false positive (all true subgroup AUROC equal),ev10,1000,999,0.05,42,270047690,0,3249.0758156999946,diciccio2020,1000,0,44,0.044,0.006485676526007136,True,max-T permutation p-value < alpha,1.6453504838999216
composite_5part,"5 partitions, composite shift on the first -- maximum over-partition pressure under the composite null",composite,2000,0.2,5,4,0.1,True,False,power,0.75,0.75,0.75,0.0,false positive (all true subgroup AUROC equal),ev10,1000,999,0.05,42,270047690,0,3249.0758156999946,lum2022,1000,0,168,0.168,0.011822690049223147,True,"Holm over partitions of the one-sided z-test, < alpha",0.0062152873997838465
composite_5part,"5 partitions, composite shift on the first -- maximum over-partition pressure under the composite null",composite,2000,0.2,5,4,0.1,True,False,power,0.75,0.75,0.75,0.0,false positive (all true subgroup AUROC equal),ev10,1000,999,0.05,42,270047690,0,3249.0758156999946,four_fifths,1000,0,34,0.034,0.005730968504537431,False,"deterministic rule, no nominal level",0.0015911062997911358
composite_5part,"5 partitions, composite shift on the first -- maximum over-partition pressure under the composite null",composite,2000,0.2,5,4,0.1,True,False,power,0.75,0.75,0.75,0.0,false positive (all true subgroup AUROC equal),ev10,1000,999,0.05,42,270047690,0,3249.0758156999946,fixed_threshold_005,1000,0,960,0.96,0.00619677335393187,False,"deterministic rule, no nominal level",0.0015238983000162988
composite_5part,"5 partitions, composite shift on the first -- maximum over-partition pressure under the composite null",composite,2000,0.2,5,4,0.1,True,False,power,0.75,0.75,0.75,0.0,false positive (all true subgroup AUROC equal),ev10,1000,999,0.05,42,270047690,0,3249.0758156999946,lum2022_cochranQ,1000,0,54,0.054,0.007147307185227175,True,"Holm over partitions of Cochran's Q, < alpha",0.0062152873997838465
composite_5part,"5 partitions, composite shift on the first -- maximum over-partition pressure under the composite null",composite,2000,0.2,5,4,0.1,True,False,power,0.75,0.75,0.75,0.0,false positive (all true subgroup AUROC equal),ev10,1000,999,0.05,42,270047690,0,3249.0758156999946,lum2022_bootstrapCI,1000,0,0,0.0,0.0,True,bootstrap lower bound on V_dc > 0 at one-sided level alpha/P (Bonferroni over P partitions); family-wise level alpha,0.0062152873997838465
composite_logit_5part,5 partitions with a logistic monotone map on the first -- coupling and transform family varied together,composite,2000,0.2,5,4,0.1,True,False,logit_scale,0.75,0.75,0.75,0.0,false positive (all true subgroup AUROC equal),m30,1000,999,0.05,42,803424813,0,3227.395717899999,permutation_null,1000,0,48,0.048,0.006759881655768835,True,max-statistic permutation p-value < alpha,1.581573373499763
composite_logit_5part,5 partitions with a logistic monotone map on the first -- coupling and transform family varied together,composite,2000,0.2,5,4,0.1,True,False,logit_scale,0.75,0.75,0.75,0.0,false positive (all true subgroup AUROC equal),m30,1000,999,0.05,42,803424813,0,3227.395717899999,diciccio2020,1000,0,53,0.053,0.00708456067798138,True,max-T permutation p-value < alpha,1.6349994510001997
composite_logit_5part,5 partitions with a logistic monotone map on the first -- coupling and transform family varied together,composite,2000,0.2,5,4,0.1,True,False,logit_scale,0.75,0.75,0.75,0.0,false positive (all true subgroup AUROC equal),m30,1000,999,0.05,42,803424813,0,3227.395717899999,lum2022,1000,0,165,0.165,0.011737759581794134,True,"Holm over partitions of the one-sided z-test, < alpha",0.006225064499973087
composite_logit_5part,5 partitions with a logistic monotone map on the first -- coupling and transform family varied together,composite,2000,0.2,5,4,0.1,True,False,logit_scale,0.75,0.75,0.75,0.0,false positive (all true subgroup AUROC equal),m30,1000,999,0.05,42,803424813,0,3227.395717899999,four_fifths,1000,0,5,0.005,0.0022304708023195463,False,"deterministic rule, no nominal level",0.0015771338998602006
composite_logit_5part,5 partitions with a logistic monotone map on the first -- coupling and transform family varied together,composite,2000,0.2,5,4,0.1,True,False,logit_scale,0.75,0.75,0.75,0.0,false positive (all true subgroup AUROC equal),m30,1000,999,0.05,42,803424813,0,3227.395717899999,fixed_threshold_005,1000,0,915,0.915,0.008819013550278736,False,"deterministic rule, no nominal level",0.001507148900112952
composite_logit_5part,5 partitions with a logistic monotone map on the first -- coupling and transform family varied together,composite,2000,0.2,5,4,0.1,True,False,logit_scale,0.75,0.75,0.75,0.0,false positive (all true subgroup AUROC equal),m30,1000,999,0.05,42,803424813,0,3227.395717899999,lum2022_cochranQ,1000,0,51,0.051,0.00695693898205238,True,"Holm over partitions of Cochran's Q, < alpha",0.006225064499973087
composite_logit_5part,5 partitions with a logistic monotone map on the first -- coupling and transform family varied together,composite,2000,0.2,5,4,0.1,True,False,logit_scale,0.75,0.75,0.75,0.0,false positive (all true subgroup AUROC equal),m30,1000,999,0.05,42,803424813,0,3227.395717899999,lum2022_bootstrapCI,1000,0,0,0.0,0.0,True,bootstrap lower bound on V_dc > 0 at one-sided level alpha/P (Bonferroni over P partitions); family-wise level alpha,0.006225064499973087
composite_logit_5part,5 partitions with a logistic monotone map on the first -- coupling and transform family varied together,composite,2000,0.2,5,4,0.1,True,False,logit_scale,0.75,0.75,0.75,0.0,false positive (all true subgroup AUROC equal),ev10,1000,999,0.05,42,803424813,0,3263.1331243000022,permutation_null,1000,0,48,0.048,0.006759881655768835,True,max-statistic permutation p-value < alpha,1.6011918093999267
composite_logit_5part,5 partitions with a logistic monotone map on the first -- coupling and transform family varied together,composite,2000,0.2,5,4,0.1,True,False,logit_scale,0.75,0.75,0.75,0.0,false positive (all true subgroup AUROC equal),ev10,1000,999,0.05,42,803424813,0,3263.1331243000022,diciccio2020,1000,0,53,0.053,0.00708456067798138,True,max-T permutation p-value < alpha,1.650933552800081
composite_logit_5part,5 partitions with a logistic monotone map on the first -- coupling and transform family varied together,composite,2000,0.2,5,4,0.1,True,False,logit_scale,0.75,0.75,0.75,0.0,false positive (all true subgroup AUROC equal),ev10,1000,999,0.05,42,803424813,0,3263.1331243000022,lum2022,1000,0,165,0.165,0.011737759581794134,True,"Holm over partitions of the one-sided z-test, < alpha",0.006309678099947633
composite_logit_5part,5 partitions with a logistic monotone map on the first -- coupling and transform family varied together,composite,2000,0.2,5,4,0.1,True,False,logit_scale,0.75,0.75,0.75,0.0,false positive (all true subgroup AUROC equal),ev10,1000,999,0.05,42,803424813,0,3263.1331243000022,four_fifths,1000,0,5,0.005,0.0022304708023195463,False,"deterministic rule, no nominal level",0.0016199091998569202
composite_logit_5part,5 partitions with a logistic monotone map on the first -- coupling and transform family varied together,composite,2000,0.2,5,4,0.1,True,False,logit_scale,0.75,0.75,0.75,0.0,false positive (all true subgroup AUROC equal),ev10,1000,999,0.05,42,803424813,0,3263.1331243000022,fixed_threshold_005,1000,0,915,0.915,0.008819013550278736,False,"deterministic rule, no nominal level",0.0015470396999153308
composite_logit_5part,5 partitions with a logistic monotone map on the first -- coupling and transform family varied together,composite,2000,0.2,5,4,0.1,True,False,logit_scale,0.75,0.75,0.75,0.0,false positive (all true subgroup AUROC equal),ev10,1000,999,0.05,42,803424813,0,3263.1331243000022,lum2022_cochranQ,1000,0,51,0.051,0.00695693898205238,True,"Holm over partitions of Cochran's Q, < alpha",0.006309678099947633
composite_logit_5part,5 partitions with a logistic monotone map on the first -- coupling and transform family varied together,composite,2000,0.2,5,4,0.1,True,False,logit_scale,0.75,0.75,0.75,0.0,false positive (all true subgroup AUROC equal),ev10,1000,999,0.05,42,803424813,0,3263.1331243000022,lum2022_bootstrapCI,1000,0,0,0.0,0.0,True,bootstrap lower bound on V_dc > 0 at one-sided level alpha/P (Bonferroni over P partitions); family-wise level alpha,0.006309678099947633
composite_n10000,"composite shift at n=10,000 -- the asymptotic end",composite,10000,0.2,1,4,0.25,True,False,power,0.75,0.75,0.75,0.0,false positive (all true subgroup AUROC equal),m30,1000,999,0.05,42,404414131,0,2138.916689299993,permutation_null,1000,0,29,0.029,0.005306505441436953,True,max-statistic permutation p-value < alpha,1.0496610486000864
composite_n10000,"composite shift at n=10,000 -- the asymptotic end",composite,10000,0.2,1,4,0.25,True,False,power,0.75,0.75,0.75,0.0,false positive (all true subgroup AUROC equal),m30,1000,999,0.05,42,404414131,0,2138.916689299993,diciccio2020,1000,0,59,0.059,0.007451107300260815,True,max-T permutation p-value < alpha,1.082140379099801
composite_n10000,"composite shift at n=10,000 -- the asymptotic end",composite,10000,0.2,1,4,0.25,True,False,power,0.75,0.75,0.75,0.0,false positive (all true subgroup AUROC equal),m30,1000,999,0.05,42,404414131,0,2138.916689299993,lum2022,1000,0,78,0.078,0.008480330182251162,True,"Holm over partitions of the one-sided z-test, < alpha",0.0019598394996282876
composite_n10000,"composite shift at n=10,000 -- the asymptotic end",composite,10000,0.2,1,4,0.25,True,False,power,0.75,0.75,0.75,0.0,false positive (all true subgroup AUROC equal),m30,1000,999,0.05,42,404414131,0,2138.916689299993,four_fifths,1000,0,0,0.0,0.0,False,"deterministic rule, no nominal level",0.000810003300124663
composite_n10000,"composite shift at n=10,000 -- the asymptotic end",composite,10000,0.2,1,4,0.25,True,False,power,0.75,0.75,0.75,0.0,false positive (all true subgroup AUROC equal),m30,1000,999,0.05,42,404414131,0,2138.916689299993,fixed_threshold_005,1000,0,31,0.031,0.0054807846153630225,False,"deterministic rule, no nominal level",0.0007788503002375364
composite_n10000,"composite shift at n=10,000 -- the asymptotic end",composite,10000,0.2,1,4,0.25,True,False,power,0.75,0.75,0.75,0.0,false positive (all true subgroup AUROC equal),m30,1000,999,0.05,42,404414131,0,2138.916689299993,lum2022_cochranQ,1000,0,57,0.057,0.007331507348424334,True,"Holm over partitions of Cochran's Q, < alpha",0.0019598394996282876
composite_n10000,"composite shift at n=10,000 -- the asymptotic end",composite,10000,0.2,1,4,0.25,True,False,power,0.75,0.75,0.75,0.0,false positive (all true subgroup AUROC equal),m30,1000,999,0.05,42,404414131,0,2138.916689299993,lum2022_bootstrapCI,1000,0,0,0.0,0.0,True,bootstrap lower bound on V_dc > 0 at one-sided level alpha/P (Bonferroni over P partitions); family-wise level alpha,0.0019598394996282876
composite_n10000,"composite shift at n=10,000 -- the asymptotic end",composite,10000,0.2,1,4,0.25,True,False,power,0.75,0.75,0.75,0.0,false positive (all true subgroup AUROC equal),ev10,1000,999,0.05,42,404414131,0,2137.1406948000076,permutation_null,1000,0,29,0.029,0.005306505441436953,True,max-statistic permutation p-value < alpha,1.0475731037002551
composite_n10000,"composite shift at n=10,000 -- the asymptotic end",composite,10000,0.2,1,4,0.25,True,False,power,0.75,0.75,0.75,0.0,false positive (all true subgroup AUROC equal),ev10,1000,999,0.05,42,404414131,0,2137.1406948000076,diciccio2020,1000,0,59,0.059,0.007451107300260815,True,max-T permutation p-value < alpha,1.082464456299931
composite_n10000,"composite shift at n=10,000 -- the asymptotic end",composite,10000,0.2,1,4,0.25,True,False,power,0.75,0.75,0.75,0.0,false positive (all true subgroup AUROC equal),ev10,1000,999,0.05,42,404414131,0,2137.1406948000076,lum2022,1000,0,78,0.078,0.008480330182251162,True,"Holm over partitions of the one-sided z-test, < alpha",0.0019448216999153373
composite_n10000,"composite shift at n=10,000 -- the asymptotic end",composite,10000,0.2,1,4,0.25,True,False,power,0.75,0.75,0.75,0.0,false positive (all true subgroup AUROC equal),ev10,1000,999,0.05,42,404414131,0,2137.1406948000076,four_fifths,1000,0,0,0.0,0.0,False,"deterministic rule, no nominal level",0.0008129595996579155
composite_n10000,"composite shift at n=10,000 -- the asymptotic end",composite,10000,0.2,1,4,0.25,True,False,power,0.75,0.75,0.75,0.0,false positive (all true subgroup AUROC equal),ev10,1000,999,0.05,42,404414131,0,2137.1406948000076,fixed_threshold_005,1000,0,31,0.031,0.0054807846153630225,False,"deterministic rule, no nominal level",0.0007850970000872621
composite_n10000,"composite shift at n=10,000 -- the asymptotic end",composite,10000,0.2,1,4,0.25,True,False,power,0.75,0.75,0.75,0.0,false positive (all true subgroup AUROC equal),ev10,1000,999,0.05,42,404414131,0,2137.1406948000076,lum2022_cochranQ,1000,0,57,0.057,0.007331507348424334,True,"Holm over partitions of Cochran's Q, < alpha",0.0019448216999153373
composite_n10000,"composite shift at n=10,000 -- the asymptotic end",composite,10000,0.2,1,4,0.25,True,False,power,0.75,0.75,0.75,0.0,false positive (all true subgroup AUROC equal),ev10,1000,999,0.05,42,404414131,0,2137.1406948000076,lum2022_bootstrapCI,1000,0,0,0.0,0.0,True,bootstrap lower bound on V_dc > 0 at one-sided level alpha/P (Bonferroni over P partitions); family-wise level alpha,0.0019448216999153373
casemix_moderate_3_n10000,"moderate case-mix at n=10,000 -- the same true gap of 0.123 with five times the data",case_mix,10000,0.2,1,3,0.3333333333333333,False,True,,0.7450199748142193,0.6836569796447892,0.8066428824291186,0.12298590278432942,false alarm about fairness (true subgroup AUROC unequal by case mix; model is the exact DGP),m30,1000,999,0.05,42,241324193,0,1955.4334619,permutation_null,1000,0,1000,1.0,0.0,True,max-statistic permutation p-value < alpha,0.9601113690000784
casemix_moderate_3_n10000,"moderate case-mix at n=10,000 -- the same true gap of 0.123 with five times the data",case_mix,10000,0.2,1,3,0.3333333333333333,False,True,,0.7450199748142193,0.6836569796447892,0.8066428824291186,0.12298590278432942,false alarm about fairness (true subgroup AUROC unequal by case mix; model is the exact DGP),m30,1000,999,0.05,42,241324193,0,1955.4334619,diciccio2020,1000,0,1000,1.0,0.0,True,max-T permutation p-value < alpha,0.9869801271996985
casemix_moderate_3_n10000,"moderate case-mix at n=10,000 -- the same true gap of 0.123 with five times the data",case_mix,10000,0.2,1,3,0.3333333333333333,False,True,,0.7450199748142193,0.6836569796447892,0.8066428824291186,0.12298590278432942,false alarm about fairness (true subgroup AUROC unequal by case mix; model is the exact DGP),m30,1000,999,0.05,42,241324193,0,1955.4334619,lum2022,1000,0,1000,1.0,0.0,True,"Holm over partitions of the one-sided z-test, < alpha",0.0018569522999314358
casemix_moderate_3_n10000,"moderate case-mix at n=10,000 -- the same true gap of 0.123 with five times the data",case_mix,10000,0.2,1,3,0.3333333333333333,False,True,,0.7450199748142193,0.6836569796447892,0.8066428824291186,0.12298590278432942,false alarm about fairness (true subgroup AUROC unequal by case mix; model is the exact DGP),m30,1000,999,0.05,42,241324193,0,1955.4334619,four_fifths,1000,0,6,0.006,0.002442130217658346,False,"deterministic rule, no nominal level",0.0007407907000451814
casemix_moderate_3_n10000,"moderate case-mix at n=10,000 -- the same true gap of 0.123 with five times the data",case_mix,10000,0.2,1,3,0.3333333333333333,False,True,,0.7450199748142193,0.6836569796447892,0.8066428824291186,0.12298590278432942,false alarm about fairness (true subgroup AUROC unequal by case mix; model is the exact DGP),m30,1000,999,0.05,42,241324193,0,1955.4334619,fixed_threshold_005,1000,0,1000,1.0,0.0,False,"deterministic rule, no nominal level",0.0007073566000326537
casemix_moderate_3_n10000,"moderate case-mix at n=10,000 -- the same true gap of 0.123 with five times the data",case_mix,10000,0.2,1,3,0.3333333333333333,False,True,,0.7450199748142193,0.6836569796447892,0.8066428824291186,0.12298590278432942,false alarm about fairness (true subgroup AUROC unequal by case mix; model is the exact DGP),m30,1000,999,0.05,42,241324193,0,1955.4334619,lum2022_cochranQ,1000,0,1000,1.0,0.0,True,"Holm over partitions of Cochran's Q, < alpha",0.0018569522999314358
casemix_moderate_3_n10000,"moderate case-mix at n=10,000 -- the same true gap of 0.123 with five times the data",case_mix,10000,0.2,1,3,0.3333333333333333,False,True,,0.7450199748142193,0.6836569796447892,0.8066428824291186,0.12298590278432942,false alarm about fairness (true subgroup AUROC unequal by case mix; model is the exact DGP),m30,1000,999,0.05,42,241324193,0,1955.4334619,lum2022_bootstrapCI,1000,0,972,0.972,0.005216895628628201,True,bootstrap lower bound on V_dc > 0 at one-sided level alpha/P (Bonferroni over P partitions); family-wise level alpha,0.0018569522999314358
casemix_moderate_3_n10000,"moderate case-mix at n=10,000 -- the same true gap of 0.123 with five times the data",case_mix,10000,0.2,1,3,0.3333333333333333,False,True,,0.7450199748142193,0.6836569796447892,0.8066428824291186,0.12298590278432942,false alarm about fairness (true subgroup AUROC unequal by case mix; model is the exact DGP),ev10,1000,999,0.05,42,241324193,0,1945.2818903000007,permutation_null,1000,0,1000,1.0,0.0,True,max-statistic permutation p-value < alpha,0.9571254631002084
casemix_moderate_3_n10000,"moderate case-mix at n=10,000 -- the same true gap of 0.123 with five times the data",case_mix,10000,0.2,1,3,0.3333333333333333,False,True,,0.7450199748142193,0.6836569796447892,0.8066428824291186,0.12298590278432942,false alarm about fairness (true subgroup AUROC unequal by case mix; model is the exact DGP),ev10,1000,999,0.05,42,241324193,0,1945.2818903000007,diciccio2020,1000,0,1000,1.0,0.0,True,max-T permutation p-value < alpha,0.9799363151001599
casemix_moderate_3_n10000,"moderate case-mix at n=10,000 -- the same true gap of 0.123 with five times the data",case_mix,10000,0.2,1,3,0.3333333333333333,False,True,,0.7450199748142193,0.6836569796447892,0.8066428824291186,0.12298590278432942,false alarm about fairness (true subgroup AUROC unequal by case mix; model is the exact DGP),ev10,1000,999,0.05,42,241324193,0,1945.2818903000007,lum2022,1000,0,1000,1.0,0.0,True,"Holm over partitions of the one-sided z-test, < alpha",0.001856426100275712
casemix_moderate_3_n10000,"moderate case-mix at n=10,000 -- the same true gap of 0.123 with five times the data",case_mix,10000,0.2,1,3,0.3333333333333333,False,True,,0.7450199748142193,0.6836569796447892,0.8066428824291186,0.12298590278432942,false alarm about fairness (true subgroup AUROC unequal by case mix; model is the exact DGP),ev10,1000,999,0.05,42,241324193,0,1945.2818903000007,four_fifths,1000,0,6,0.006,0.002442130217658346,False,"deterministic rule, no nominal level",0.0007322117003786843
casemix_moderate_3_n10000,"moderate case-mix at n=10,000 -- the same true gap of 0.123 with five times the data",case_mix,10000,0.2,1,3,0.3333333333333333,False,True,,0.7450199748142193,0.6836569796447892,0.8066428824291186,0.12298590278432942,false alarm about fairness (true subgroup AUROC unequal by case mix; model is the exact DGP),ev10,1000,999,0.05,42,241324193,0,1945.2818903000007,fixed_threshold_005,1000,0,1000,1.0,0.0,False,"deterministic rule, no nominal level",0.0006986802003666525
casemix_moderate_3_n10000,"moderate case-mix at n=10,000 -- the same true gap of 0.123 with five times the data",case_mix,10000,0.2,1,3,0.3333333333333333,False,True,,0.7450199748142193,0.6836569796447892,0.8066428824291186,0.12298590278432942,false alarm about fairness (true subgroup AUROC unequal by case mix; model is the exact DGP),ev10,1000,999,0.05,42,241324193,0,1945.2818903000007,lum2022_cochranQ,1000,0,1000,1.0,0.0,True,"Holm over partitions of Cochran's Q, < alpha",0.001856426100275712
casemix_moderate_3_n10000,"moderate case-mix at n=10,000 -- the same true gap of 0.123 with five times the data",case_mix,10000,0.2,1,3,0.3333333333333333,False,True,,0.7450199748142193,0.6836569796447892,0.8066428824291186,0.12298590278432942,false alarm about fairness (true subgroup AUROC unequal by case mix; model is the exact DGP),ev10,1000,999,0.05,42,241324193,0,1945.2818903000007,lum2022_bootstrapCI,1000,0,972,0.972,0.005216895628628201,True,bootstrap lower bound on V_dc > 0 at one-sided level alpha/P (Bonferroni over P partitions); family-wise level alpha,0.001856426100275712
casemix_moderate_3part,moderate case-mix on the first of 3 partitions -- the other two are pure noise columns,case_mix,2000,0.2,3,3,0.2,False,True,,0.7450192526062649,0.683656574871827,0.8066418775753086,0.12298530270348162,false alarm about fairness (true subgroup AUROC unequal by case mix; model is the exact DGP),m30,1000,999,0.05,42,1226370598,0,1790.927127700008,permutation_null,1000,0,852,0.852,0.011229247525992114,True,max-statistic permutation p-value < alpha,0.8775335734998662
casemix_moderate_3part,moderate case-mix on the first of 3 partitions -- the other two are pure noise columns,case_mix,2000,0.2,3,3,0.2,False,True,,0.7450192526062649,0.683656574871827,0.8066418775753086,0.12298530270348162,false alarm about fairness (true subgroup AUROC unequal by case mix; model is the exact DGP),m30,1000,999,0.05,42,1226370598,0,1790.927127700008,diciccio2020,1000,0,864,0.864,0.010839926199010766,True,max-T permutation p-value < alpha,0.9041120203997561
casemix_moderate_3part,moderate case-mix on the first of 3 partitions -- the other two are pure noise columns,case_mix,2000,0.2,3,3,0.2,False,True,,0.7450192526062649,0.683656574871827,0.8066418775753086,0.12298530270348162,false alarm about fairness (true subgroup AUROC unequal by case mix; model is the exact DGP),m30,1000,999,0.05,42,1226370598,0,1790.927127700008,lum2022,1000,0,918,0.918,0.008676174272108645,True,"Holm over partitions of the one-sided z-test, < alpha",0.003743215499969665
casemix_moderate_3part,moderate case-mix on the first of 3 partitions -- the other two are pure noise columns,case_mix,2000,0.2,3,3,0.2,False,True,,0.7450192526062649,0.683656574871827,0.8066418775753086,0.12298530270348162,false alarm about fairness (true subgroup AUROC unequal by case mix; model is the exact DGP),m30,1000,999,0.05,42,1226370598,0,1790.927127700008,four_fifths,1000,0,102,0.102,0.009570579919733181,False,"deterministic rule, no nominal level",0.0008737176001595799
casemix_moderate_3part,moderate case-mix on the first of 3 partitions -- the other two are pure noise columns,case_mix,2000,0.2,3,3,0.2,False,True,,0.7450192526062649,0.683656574871827,0.8066418775753086,0.12298530270348162,false alarm about fairness (true subgroup AUROC unequal by case mix; model is the exact DGP),m30,1000,999,0.05,42,1226370598,0,1790.927127700008,fixed_threshold_005,1000,0,993,0.993,0.002636474919281427,False,"deterministic rule, no nominal level",0.0008294560999493114
casemix_moderate_3part,moderate case-mix on the first of 3 partitions -- the other two are pure noise columns,case_mix,2000,0.2,3,3,0.2,False,True,,0.7450192526062649,0.683656574871827,0.8066418775753086,0.12298530270348162,false alarm about fairness (true subgroup AUROC unequal by case mix; model is the exact DGP),m30,1000,999,0.05,42,1226370598,0,1790.927127700008,lum2022_cochranQ,1000,0,860,0.86,0.010972693379476163,True,"Holm over partitions of Cochran's Q, < alpha",0.003743215499969665
casemix_moderate_3part,moderate case-mix on the first of 3 partitions -- the other two are pure noise columns,case_mix,2000,0.2,3,3,0.2,False,True,,0.7450192526062649,0.683656574871827,0.8066418775753086,0.12298530270348162,false alarm about fairness (true subgroup AUROC unequal by case mix; model is the exact DGP),m30,1000,999,0.05,42,1226370598,0,1790.927127700008,lum2022_bootstrapCI,1000,0,0,0.0,0.0,True,bootstrap lower bound on V_dc > 0 at one-sided level alpha/P (Bonferroni over P partitions); family-wise level alpha,0.003743215499969665
casemix_moderate_3part,moderate case-mix on the first of 3 partitions -- the other two are pure noise columns,case_mix,2000,0.2,3,3,0.2,False,True,,0.7450192526062649,0.683656574871827,0.8066418775753086,0.12298530270348162,false alarm about fairness (true subgroup AUROC unequal by case mix; model is the exact DGP),ev10,1000,999,0.05,42,1226370598,0,1791.9771833999985,permutation_null,1000,0,852,0.852,0.011229247525992114,True,max-statistic permutation p-value < alpha,0.8773765229998098
casemix_moderate_3part,moderate case-mix on the first of 3 partitions -- the other two are pure noise columns,case_mix,2000,0.2,3,3,0.2,False,True,,0.7450192526062649,0.683656574871827,0.8066418775753086,0.12298530270348162,false alarm about fairness (true subgroup AUROC unequal by case mix; model is the exact DGP),ev10,1000,999,0.05,42,1226370598,0,1791.9771833999985,diciccio2020,1000,0,864,0.864,0.010839926199010766,True,max-T permutation p-value < alpha,0.9053108042001986
casemix_moderate_3part,moderate case-mix on the first of 3 partitions -- the other two are pure noise columns,case_mix,2000,0.2,3,3,0.2,False,True,,0.7450192526062649,0.683656574871827,0.8066418775753086,0.12298530270348162,false alarm about fairness (true subgroup AUROC unequal by case mix; model is the exact DGP),ev10,1000,999,0.05,42,1226370598,0,1791.9771833999985,lum2022,1000,0,918,0.918,0.008676174272108645,True,"Holm over partitions of the one-sided z-test, < alpha",0.0037225039998738793
casemix_moderate_3part,moderate case-mix on the first of 3 partitions -- the other two are pure noise columns,case_mix,2000,0.2,3,3,0.2,False,True,,0.7450192526062649,0.683656574871827,0.8066418775753086,0.12298530270348162,false alarm about fairness (true subgroup AUROC unequal by case mix; model is the exact DGP),ev10,1000,999,0.05,42,1226370598,0,1791.9771833999985,four_fifths,1000,0,102,0.102,0.009570579919733181,False,"deterministic rule, no nominal level",0.0008811884996539447
casemix_moderate_3part,moderate case-mix on the first of 3 partitions -- the other two are pure noise columns,case_mix,2000,0.2,3,3,0.2,False,True,,0.7450192526062649,0.683656574871827,0.8066418775753086,0.12298530270348162,false alarm about fairness (true subgroup AUROC unequal by case mix; model is the exact DGP),ev10,1000,999,0.05,42,1226370598,0,1791.9771833999985,fixed_threshold_005,1000,0,993,0.993,0.002636474919281427,False,"deterministic rule, no nominal level",0.0008293989000376314
casemix_moderate_3part,moderate case-mix on the first of 3 partitions -- the other two are pure noise columns,case_mix,2000,0.2,3,3,0.2,False,True,,0.7450192526062649,0.683656574871827,0.8066418775753086,0.12298530270348162,false alarm about fairness (true subgroup AUROC unequal by case mix; model is the exact DGP),ev10,1000,999,0.05,42,1226370598,0,1791.9771833999985,lum2022_cochranQ,1000,0,860,0.86,0.010972693379476163,True,"Holm over partitions of Cochran's Q, < alpha",0.0037225039998738793
casemix_moderate_3part,moderate case-mix on the first of 3 partitions -- the other two are pure noise columns,case_mix,2000,0.2,3,3,0.2,False,True,,0.7450192526062649,0.683656574871827,0.8066418775753086,0.12298530270348162,false alarm about fairness (true subgroup AUROC unequal by case mix; model is the exact DGP),ev10,1000,999,0.05,42,1226370598,0,1791.9771833999985,lum2022_bootstrapCI,1000,0,0,0.0,0.0,True,bootstrap lower bound on V_dc > 0 at one-sided level alpha/P (Bonferroni over P partitions); family-wise level alpha,0.0037225039998738793
composite_3part,"3 partitions, composite shift on the first -- the max runs over transformed and untransformed columns",composite,2000,0.2,3,4,0.2,True,False,power,0.75,0.75,0.75,0.0,false positive (all true subgroup AUROC equal),m30,1000,999,0.05,42,525888618,0,2008.6381920999993,permutation_null,1000,0,29,0.029,0.005306505441436953,True,max-statistic permutation p-value < alpha,0.9805217423999566
composite_3part,"3 partitions, composite shift on the first -- the max runs over transformed and untransformed columns",composite,2000,0.2,3,4,0.2,True,False,power,0.75,0.75,0.75,0.0,false positive (all true subgroup AUROC equal),m30,1000,999,0.05,42,525888618,0,2008.6381920999993,diciccio2020,1000,0,53,0.053,0.00708456067798138,True,max-T permutation p-value < alpha,1.0211180603997927
composite_3part,"3 partitions, composite shift on the first -- the max runs over transformed and untransformed columns",composite,2000,0.2,3,4,0.2,True,False,power,0.75,0.75,0.75,0.0,false positive (all true subgroup AUROC equal),m30,1000,999,0.05,42,525888618,0,2008.6381920999993,lum2022,1000,0,113,0.113,0.01001154333756789,True,"Holm over partitions of the one-sided z-test, < alpha",0.0038083737996348647
composite_3part,"3 partitions, composite shift on the first -- the max runs over transformed and untransformed columns",composite,2000,0.2,3,4,0.2,True,False,power,0.75,0.75,0.75,0.0,false positive (all true subgroup AUROC equal),m30,1000,999,0.05,42,525888618,0,2008.6381920999993,four_fifths,1000,0,2,0.002,0.0014127986409959489,False,"deterministic rule, no nominal level",0.0009697034000128042
composite_3part,"3 partitions, composite shift on the first -- the max runs over transformed and untransformed columns",composite,2000,0.2,3,4,0.2,True,False,power,0.75,0.75,0.75,0.0,false positive (all true subgroup AUROC equal),m30,1000,999,0.05,42,525888618,0,2008.6381920999993,fixed_threshold_005,1000,0,805,0.805,0.012528966437819202,False,"deterministic rule, no nominal level",0.0009243026998883579
composite_3part,"3 partitions, composite shift on the first -- the max runs over transformed and untransformed columns",composite,2000,0.2,3,4,0.2,True,False,power,0.75,0.75,0.75,0.0,false positive (all true subgroup AUROC equal),m30,1000,999,0.05,42,525888618,0,2008.6381920999993,lum2022_cochranQ,1000,0,57,0.057,0.007331507348424334,True,"Holm over partitions of Cochran's Q, < alpha",0.0038083737996348647
composite_3part,"3 partitions, composite shift on the first -- the max runs over transformed and untransformed columns",composite,2000,0.2,3,4,0.2,True,False,power,0.75,0.75,0.75,0.0,false positive (all true subgroup AUROC equal),m30,1000,999,0.05,42,525888618,0,2008.6381920999993,lum2022_bootstrapCI,1000,0,0,0.0,0.0,True,bootstrap lower bound on V_dc > 0 at one-sided level alpha/P (Bonferroni over P partitions); family-wise level alpha,0.0038083737996348647
composite_3part,"3 partitions, composite shift on the first -- the max runs over transformed and untransformed columns",composite,2000,0.2,3,4,0.2,True,False,power,0.75,0.75,0.75,0.0,false positive (all true subgroup AUROC equal),ev10,1000,999,0.05,42,525888618,0,2009.5515490000107,permutation_null,1000,0,29,0.029,0.005306505441436953,True,max-statistic permutation p-value < alpha,0.9821277274000749
composite_3part,"3 partitions, composite shift on the first -- the max runs over transformed and untransformed columns",composite,2000,0.2,3,4,0.2,True,False,power,0.75,0.75,0.75,0.0,false positive (all true subgroup AUROC equal),ev10,1000,999,0.05,42,525888618,0,2009.5515490000107,diciccio2020,1000,0,53,0.053,0.00708456067798138,True,max-T permutation p-value < alpha,1.0205435085001082
composite_3part,"3 partitions, composite shift on the first -- the max runs over transformed and untransformed columns",composite,2000,0.2,3,4,0.2,True,False,power,0.75,0.75,0.75,0.0,false positive (all true subgroup AUROC equal),ev10,1000,999,0.05,42,525888618,0,2009.5515490000107,lum2022,1000,0,113,0.113,0.01001154333756789,True,"Holm over partitions of the one-sided z-test, < alpha",0.003750593600416323
composite_3part,"3 partitions, composite shift on the first -- the max runs over transformed and untransformed columns",composite,2000,0.2,3,4,0.2,True,False,power,0.75,0.75,0.75,0.0,false positive (all true subgroup AUROC equal),ev10,1000,999,0.05,42,525888618,0,2009.5515490000107,four_fifths,1000,0,2,0.002,0.0014127986409959489,False,"deterministic rule, no nominal level",0.0009447343998763245
composite_3part,"3 partitions, composite shift on the first -- the max runs over transformed and untransformed columns",composite,2000,0.2,3,4,0.2,True,False,power,0.75,0.75,0.75,0.0,false positive (all true subgroup AUROC equal),ev10,1000,999,0.05,42,525888618,0,2009.5515490000107,fixed_threshold_005,1000,0,805,0.805,0.012528966437819202,False,"deterministic rule, no nominal level",0.0009008894001744921
composite_3part,"3 partitions, composite shift on the first -- the max runs over transformed and untransformed columns",composite,2000,0.2,3,4,0.2,True,False,power,0.75,0.75,0.75,0.0,false positive (all true subgroup AUROC equal),ev10,1000,999,0.05,42,525888618,0,2009.5515490000107,lum2022_cochranQ,1000,0,57,0.057,0.007331507348424334,True,"Holm over partitions of Cochran's Q, < alpha",0.003750593600416323
composite_3part,"3 partitions, composite shift on the first -- the max runs over transformed and untransformed columns",composite,2000,0.2,3,4,0.2,True,False,power,0.75,0.75,0.75,0.0,false positive (all true subgroup AUROC equal),ev10,1000,999,0.05,42,525888618,0,2009.5515490000107,lum2022_bootstrapCI,1000,0,0,0.0,0.0,True,bootstrap lower bound on V_dc > 0 at one-sided level alpha/P (Bonferroni over P partitions); family-wise level alpha,0.003750593600416323
many_10,10 equal levels of 200 -- maximum-of-many pressure,simple,2000,0.2,1,10,0.1,False,False,,0.75,0.75,0.75,0.0,false positive (all true subgroup AUROC equal),m30,1000,999,0.05,42,66344461,0,1628.9973742000002,permutation_null,1000,0,54,0.054,0.007147307185227175,True,max-statistic permutation p-value < alpha,0.7471294103997643
many_10,10 equal levels of 200 -- maximum-of-many pressure,simple,2000,0.2,1,10,0.1,False,False,,0.75,0.75,0.75,0.0,false positive (all true subgroup AUROC equal),m30,1000,999,0.05,42,66344461,0,1628.9973742000002,diciccio2020,1000,0,44,0.044,0.006485676526007136,True,max-T permutation p-value < alpha,0.8776123605998145
many_10,10 equal levels of 200 -- maximum-of-many pressure,simple,2000,0.2,1,10,0.1,False,False,,0.75,0.75,0.75,0.0,false positive (all true subgroup AUROC equal),m30,1000,999,0.05,42,66344461,0,1628.9973742000002,lum2022,1000,0,66,0.066,0.007851369307324678,True,"Holm over partitions of the one-sided z-test, < alpha",0.0019733624999207677
many_10,10 equal levels of 200 -- maximum-of-many pressure,simple,2000,0.2,1,10,0.1,False,False,,0.75,0.75,0.75,0.0,false positive (all true subgroup AUROC equal),m30,1000,999,0.05,42,66344461,0,1628.9973742000002,four_fifths,1000,0,152,0.152,0.011353237423748346,False,"deterministic rule, no nominal level",0.0007295745997689665
many_10,10 equal levels of 200 -- maximum-of-many pressure,simple,2000,0.2,1,10,0.1,False,False,,0.75,0.75,0.75,0.0,false positive (all true subgroup AUROC equal),m30,1000,999,0.05,42,66344461,0,1628.9973742000002,fixed_threshold_005,1000,0,999,0.999,0.0009994998749374613,False,"deterministic rule, no nominal level",0.0006997561999596655
many_10,10 equal levels of 200 -- maximum-of-many pressure,simple,2000,0.2,1,10,0.1,False,False,,0.75,0.75,0.75,0.0,false positive (all true subgroup AUROC equal),m30,1000,999,0.05,42,66344461,0,1628.9973742000002,lum2022_cochranQ,1000,0,72,0.072,0.008174105455644672,True,"Holm over partitions of Cochran's Q, < alpha",0.0019733624999207677
many_10,10 equal levels of 200 -- maximum-of-many pressure,simple,2000,0.2,1,10,0.1,False,False,,0.75,0.75,0.75,0.0,false positive (all true subgroup AUROC equal),m30,1000,999,0.05,42,66344461,0,1628.9973742000002,lum2022_bootstrapCI,1000,0,3,0.003,0.001729450779872038,True,bootstrap lower bound on V_dc > 0 at one-sided level alpha/P (Bonferroni over P partitions); family-wise level alpha,0.0019733624999207677
many_10,10 equal levels of 200 -- maximum-of-many pressure,simple,2000,0.2,1,10,0.1,False,False,,0.75,0.75,0.75,0.0,false positive (all true subgroup AUROC equal),ev10,1000,999,0.05,42,66344461,0,1635.3799375999952,permutation_null,1000,0,54,0.054,0.007147307185227175,True,max-statistic permutation p-value < alpha,0.7524841422997124
many_10,10 equal levels of 200 -- maximum-of-many pressure,simple,2000,0.2,1,10,0.1,False,False,,0.75,0.75,0.75,0.0,false positive (all true subgroup AUROC equal),ev10,1000,999,0.05,42,66344461,0,1635.3799375999952,diciccio2020,1000,0,44,0.044,0.006485676526007136,True,max-T permutation p-value < alpha,0.8786237791001622
many_10,10 equal levels of 200 -- maximum-of-many pressure,simple,2000,0.2,1,10,0.1,False,False,,0.75,0.75,0.75,0.0,false positive (all true subgroup AUROC equal),ev10,1000,999,0.05,42,66344461,0,1635.3799375999952,lum2022,1000,0,66,0.066,0.007851369307324678,True,"Holm over partitions of the one-sided z-test, < alpha",0.0019833552002819486
many_10,10 equal levels of 200 -- maximum-of-many pressure,simple,2000,0.2,1,10,0.1,False,False,,0.75,0.75,0.75,0.0,false positive (all true subgroup AUROC equal),ev10,1000,999,0.05,42,66344461,0,1635.3799375999952,four_fifths,1000,0,152,0.152,0.011353237423748346,False,"deterministic rule, no nominal level",0.0007349048001342453
many_10,10 equal levels of 200 -- maximum-of-many pressure,simple,2000,0.2,1,10,0.1,False,False,,0.75,0.75,0.75,0.0,false positive (all true subgroup AUROC equal),ev10,1000,999,0.05,42,66344461,0,1635.3799375999952,fixed_threshold_005,1000,0,999,0.999,0.0009994998749374613,False,"deterministic rule, no nominal level",0.0007072107002022676
many_10,10 equal levels of 200 -- maximum-of-many pressure,simple,2000,0.2,1,10,0.1,False,False,,0.75,0.75,0.75,0.0,false positive (all true subgroup AUROC equal),ev10,1000,999,0.05,42,66344461,0,1635.3799375999952,lum2022_cochranQ,1000,0,72,0.072,0.008174105455644672,True,"Holm over partitions of Cochran's Q, < alpha",0.0019833552002819486
many_10,10 equal levels of 200 -- maximum-of-many pressure,simple,2000,0.2,1,10,0.1,False,False,,0.75,0.75,0.75,0.0,false positive (all true subgroup AUROC equal),ev10,1000,999,0.05,42,66344461,0,1635.3799375999952,lum2022_bootstrapCI,1000,0,3,0.003,0.001729450779872038,True,bootstrap lower bound on V_dc > 0 at one-sided level alpha/P (Bonferroni over P partitions); family-wise level alpha,0.0019833552002819486
rare_outcome,NHIS 2024's prevalence: the smallest level carries ~4 events,simple,2000,0.075,1,5,0.03,False,False,,0.75,0.75,0.75,0.0,false positive (all true subgroup AUROC equal),m30,1000,999,0.05,42,1734365796,0,960.7267991999979,permutation_null,1000,0,57,0.057,0.007331507348424334,True,max-statistic permutation p-value < alpha,0.46044629659981
rare_outcome,NHIS 2024's prevalence: the smallest level carries ~4 events,simple,2000,0.075,1,5,0.03,False,False,,0.75,0.75,0.75,0.0,false positive (all true subgroup AUROC equal),m30,1000,999,0.05,42,1734365796,0,960.7267991999979,diciccio2020,1000,0,50,0.05,0.006892024376045111,True,max-T permutation p-value < alpha,0.49700654890008444
rare_outcome,NHIS 2024's prevalence: the smallest level carries ~4 events,simple,2000,0.075,1,5,0.03,False,False,,0.75,0.75,0.75,0.0,false positive (all true subgroup AUROC equal),m30,1000,999,0.05,42,1734365796,0,960.7267991999979,lum2022,1000,0,135,0.135,0.010806248192596726,True,"Holm over partitions of the one-sided z-test, < alpha",0.001562423699957435
rare_outcome,NHIS 2024's prevalence: the smallest level carries ~4 events,simple,2000,0.075,1,5,0.03,False,False,,0.75,0.75,0.75,0.0,false positive (all true subgroup AUROC equal),m30,1000,999,0.05,42,1734365796,0,960.7267991999979,four_fifths,1000,0,466,0.466,0.01577479001445027,False,"deterministic rule, no nominal level",0.0004386258997255936
rare_outcome,NHIS 2024's prevalence: the smallest level carries ~4 events,simple,2000,0.075,1,5,0.03,False,False,,0.75,0.75,0.75,0.0,false positive (all true subgroup AUROC equal),m30,1000,999,0.05,42,1734365796,0,960.7267991999979,fixed_threshold_005,1000,0,987,0.987,0.0035820385257559714,False,"deterministic rule, no nominal level",0.000413864999965881
rare_outcome,NHIS 2024's prevalence: the smallest level carries ~4 events,simple,2000,0.075,1,5,0.03,False,False,,0.75,0.75,0.75,0.0,false positive (all true subgroup AUROC equal),m30,1000,999,0.05,42,1734365796,0,960.7267991999979,lum2022_cochranQ,1000,0,207,0.207,0.012812142677944232,True,"Holm over partitions of Cochran's Q, < alpha",0.001562423699957435
rare_outcome,NHIS 2024's prevalence: the smallest level carries ~4 events,simple,2000,0.075,1,5,0.03,False,False,,0.75,0.75,0.75,0.0,false positive (all true subgroup AUROC equal),m30,1000,999,0.05,42,1734365796,0,960.7267991999979,lum2022_bootstrapCI,1000,0,17,0.017,0.004087909000944126,True,bootstrap lower bound on V_dc > 0 at one-sided level alpha/P (Bonferroni over P partitions); family-wise level alpha,0.001562423699957435
rare_outcome,NHIS 2024's prevalence: the smallest level carries ~4 events,simple,2000,0.075,1,5,0.03,False,False,,0.75,0.75,0.75,0.0,false positive (all true subgroup AUROC equal),ev10,1000,999,0.05,42,1734365796,0,946.5327002999984,permutation_null,1000,0,48,0.048,0.006759881655768835,True,max-statistic permutation p-value < alpha,0.46056667249991734
rare_outcome,NHIS 2024's prevalence: the smallest level carries ~4 events,simple,2000,0.075,1,5,0.03,False,False,,0.75,0.75,0.75,0.0,false positive (all true subgroup AUROC equal),ev10,1000,999,0.05,42,1734365796,0,946.5327002999984,diciccio2020,1000,0,42,0.042,0.0063431853196954605,True,max-T permutation p-value < alpha,0.4827932795999368
rare_outcome,NHIS 2024's prevalence: the smallest level carries ~4 events,simple,2000,0.075,1,5,0.03,False,False,,0.75,0.75,0.75,0.0,false positive (all true subgroup AUROC equal),ev10,1000,999,0.05,42,1734365796,0,946.5327002999984,lum2022,1000,0,85,0.085,0.008819013550278738,True,"Holm over partitions of the one-sided z-test, < alpha",0.0014924217000516365
rare_outcome,NHIS 2024's prevalence: the smallest level carries ~4 events,simple,2000,0.075,1,5,0.03,False,False,,0.75,0.75,0.75,0.0,false positive (all true subgroup AUROC equal),ev10,1000,999,0.05,42,1734365796,0,946.5327002999984,four_fifths,1000,0,102,0.102,0.009570579919733181,False,"deterministic rule, no nominal level",0.00042820600005507003
rare_outcome,NHIS 2024's prevalence: the smallest level carries ~4 events,simple,2000,0.075,1,5,0.03,False,False,,0.75,0.75,0.75,0.0,false positive (all true subgroup AUROC equal),ev10,1000,999,0.05,42,1734365796,0,946.5327002999984,fixed_threshold_005,1000,0,825,0.825,0.012015614840697917,False,"deterministic rule, no nominal level",0.000406852100029937
rare_outcome,NHIS 2024's prevalence: the smallest level carries ~4 events,simple,2000,0.075,1,5,0.03,False,False,,0.75,0.75,0.75,0.0,false positive (all true subgroup AUROC equal),ev10,1000,999,0.05,42,1734365796,0,946.5327002999984,lum2022_cochranQ,1000,0,96,0.096,0.009315793041926168,True,"Holm over partitions of Cochran's Q, < alpha",0.0014924217000516365
rare_outcome,NHIS 2024's prevalence: the smallest level carries ~4 events,simple,2000,0.075,1,5,0.03,False,False,,0.75,0.75,0.75,0.0,false positive (all true subgroup AUROC equal),ev10,1000,999,0.05,42,1734365796,0,946.5327002999984,lum2022_bootstrapCI,1000,0,0,0.0,0.0,True,bootstrap lower bound on V_dc > 0 at one-sided level alpha/P (Bonferroni over P partitions); family-wise level alpha,0.0014924217000516365
composite_shift_skewed,composite null with skewed level sizes -- the hardest cell,composite,2000,0.2,1,5,0.03,True,False,power,0.75,0.75,0.75,0.0,false positive (all true subgroup AUROC equal),m30,1000,999,0.05,42,1605063889,0,957.7425660000008,permutation_null,1000,0,20,0.02,0.004427188724235731,True,max-statistic permutation p-value < alpha,0.4568124473002681
composite_shift_skewed,composite null with skewed level sizes -- the hardest cell,composite,2000,0.2,1,5,0.03,True,False,power,0.75,0.75,0.75,0.0,false positive (all true subgroup AUROC equal),m30,1000,999,0.05,42,1605063889,0,957.7425660000008,diciccio2020,1000,0,46,0.046,0.006624499981130651,True,max-T permutation p-value < alpha,0.4973975420998322
composite_shift_skewed,composite null with skewed level sizes -- the hardest cell,composite,2000,0.2,1,5,0.03,True,False,power,0.75,0.75,0.75,0.0,false positive (all true subgroup AUROC equal),m30,1000,999,0.05,42,1605063889,0,957.7425660000008,lum2022,1000,0,94,0.094,0.009228434320078352,True,"Holm over partitions of the one-sided z-test, < alpha",0.0015627581996523077
composite_shift_skewed,composite null with skewed level sizes -- the hardest cell,composite,2000,0.2,1,5,0.03,True,False,power,0.75,0.75,0.75,0.0,false positive (all true subgroup AUROC equal),m30,1000,999,0.05,42,1605063889,0,957.7425660000008,four_fifths,1000,0,143,0.143,0.011070275515993266,False,"deterministic rule, no nominal level",0.0004318618998513557
composite_shift_skewed,composite null with skewed level sizes -- the hardest cell,composite,2000,0.2,1,5,0.03,True,False,power,0.75,0.75,0.75,0.0,false positive (all true subgroup AUROC equal),m30,1000,999,0.05,42,1605063889,0,957.7425660000008,fixed_threshold_005,1000,0,918,0.918,0.008676174272108645,False,"deterministic rule, no nominal level",0.00041214200043759776
composite_shift_skewed,composite null with skewed level sizes -- the hardest cell,composite,2000,0.2,1,5,0.03,True,False,power,0.75,0.75,0.75,0.0,false positive (all true subgroup AUROC equal),m30,1000,999,0.05,42,1605063889,0,957.7425660000008,lum2022_cochranQ,1000,0,91,0.091,0.009094998625618368,True,"Holm over partitions of Cochran's Q, < alpha",0.0015627581996523077
composite_shift_skewed,composite null with skewed level sizes -- the hardest cell,composite,2000,0.2,1,5,0.03,True,False,power,0.75,0.75,0.75,0.0,false positive (all true subgroup AUROC equal),m30,1000,999,0.05,42,1605063889,0,957.7425660000008,lum2022_bootstrapCI,1000,0,8,0.008,0.0028170906978654416,True,bootstrap lower bound on V_dc > 0 at one-sided level alpha/P (Bonferroni over P partitions); family-wise level alpha,0.0015627581996523077
composite_shift_skewed,composite null with skewed level sizes -- the hardest cell,composite,2000,0.2,1,5,0.03,True,False,power,0.75,0.75,0.75,0.0,false positive (all true subgroup AUROC equal),ev10,1000,999,0.05,42,1605063889,0,953.8961303999968,permutation_null,1000,0,21,0.021,0.004534203347888138,True,max-statistic permutation p-value < alpha,0.4569606203998555
composite_shift_skewed,composite null with skewed level sizes -- the hardest cell,composite,2000,0.2,1,5,0.03,True,False,power,0.75,0.75,0.75,0.0,false positive (all true subgroup AUROC equal),ev10,1000,999,0.05,42,1605063889,0,953.8961303999968,diciccio2020,1000,0,49,0.049,0.006826346021115542,True,max-T permutation p-value < alpha,0.493425517900032
composite_shift_skewed,composite null with skewed level sizes -- the hardest cell,composite,2000,0.2,1,5,0.03,True,False,power,0.75,0.75,0.75,0.0,false positive (all true subgroup AUROC equal),ev10,1000,999,0.05,42,1605063889,0,953.8961303999968,lum2022,1000,0,89,0.089,0.00900438781928011,True,"Holm over partitions of the one-sided z-test, < alpha",0.001546121800172841
composite_shift_skewed,composite null with skewed level sizes -- the hardest cell,composite,2000,0.2,1,5,0.03,True,False,power,0.75,0.75,0.75,0.0,false positive (all true subgroup AUROC equal),ev10,1000,999,0.05,42,1605063889,0,953.8961303999968,four_fifths,1000,0,116,0.116,0.010126401137620413,False,"deterministic rule, no nominal level",0.00043018500013567975
composite_shift_skewed,composite null with skewed level sizes -- the hardest cell,composite,2000,0.2,1,5,0.03,True,False,power,0.75,0.75,0.75,0.0,false positive (all true subgroup AUROC equal),ev10,1000,999,0.05,42,1605063889,0,953.8961303999968,fixed_threshold_005,1000,0,880,0.88,0.010276186062932104,False,"deterministic rule, no nominal level",0.00040914550005982165
composite_shift_skewed,composite null with skewed level sizes -- the hardest cell,composite,2000,0.2,1,5,0.03,True,False,power,0.75,0.75,0.75,0.0,false positive (all true subgroup AUROC equal),ev10,1000,999,0.05,42,1605063889,0,953.8961303999968,lum2022_cochranQ,1000,0,75,0.075,0.008329165624478841,True,"Holm over partitions of Cochran's Q, < alpha",0.001546121800172841
composite_shift_skewed,composite null with skewed level sizes -- the hardest cell,composite,2000,0.2,1,5,0.03,True,False,power,0.75,0.75,0.75,0.0,false positive (all true subgroup AUROC equal),ev10,1000,999,0.05,42,1605063889,0,953.8961303999968,lum2022_bootstrapCI,1000,0,3,0.003,0.001729450779872038,True,bootstrap lower bound on V_dc > 0 at one-sided level alpha/P (Bonferroni over P partitions); family-wise level alpha,0.001546121800172841
composite_shift_4,"4 equal levels, per-level strictly monotone score map: equal true AUROC, very different score distributions",composite,2000,0.2,1,4,0.25,True,False,power,0.75,0.75,0.75,0.0,false positive (all true subgroup AUROC equal),m30,1000,999,0.05,42,1121839185,0,800.6368669999938,permutation_null,1000,0,20,0.02,0.004427188724235731,True,max-statistic permutation p-value < alpha,0.386372757399964
composite_shift_4,"4 equal levels, per-level strictly monotone score map: equal true AUROC, very different score distributions",composite,2000,0.2,1,4,0.25,True,False,power,0.75,0.75,0.75,0.0,false positive (all true subgroup AUROC equal),m30,1000,999,0.05,42,1121839185,0,800.6368669999938,diciccio2020,1000,0,49,0.049,0.006826346021115542,True,max-T permutation p-value < alpha,0.4110431110996724
composite_shift_4,"4 equal levels, per-level strictly monotone score map: equal true AUROC, very different score distributions",composite,2000,0.2,1,4,0.25,True,False,power,0.75,0.75,0.75,0.0,false positive (all true subgroup AUROC equal),m30,1000,999,0.05,42,1121839185,0,800.6368669999938,lum2022,1000,0,69,0.069,0.008014923580421713,True,"Holm over partitions of the one-sided z-test, < alpha",0.0014330177000229014
composite_shift_4,"4 equal levels, per-level strictly monotone score map: equal true AUROC, very different score distributions",composite,2000,0.2,1,4,0.25,True,False,power,0.75,0.75,0.75,0.0,false positive (all true subgroup AUROC equal),m30,1000,999,0.05,42,1121839185,0,800.6368669999938,four_fifths,1000,0,0,0.0,0.0,False,"deterministic rule, no nominal level",0.0003541208000387996
composite_shift_4,"4 equal levels, per-level strictly monotone score map: equal true AUROC, very different score distributions",composite,2000,0.2,1,4,0.25,True,False,power,0.75,0.75,0.75,0.0,false positive (all true subgroup AUROC equal),m30,1000,999,0.05,42,1121839185,0,800.6368669999938,fixed_threshold_005,1000,0,552,0.552,0.015725647840391186,False,"deterministic rule, no nominal level",0.00033539760022540576
composite_shift_4,"4 equal levels, per-level strictly monotone score map: equal true AUROC, very different score distributions",composite,2000,0.2,1,4,0.25,True,False,power,0.75,0.75,0.75,0.0,false positive (all true subgroup AUROC equal),m30,1000,999,0.05,42,1121839185,0,800.6368669999938,lum2022_cochranQ,1000,0,63,0.063,0.007683163410991596,True,"Holm over partitions of Cochran's Q, < alpha",0.0014330177000229014
composite_shift_4,"4 equal levels, per-level strictly monotone score map: equal true AUROC, very different score distributions",composite,2000,0.2,1,4,0.25,True,False,power,0.75,0.75,0.75,0.0,false positive (all true subgroup AUROC equal),m30,1000,999,0.05,42,1121839185,0,800.6368669999938,lum2022_bootstrapCI,1000,0,0,0.0,0.0,True,bootstrap lower bound on V_dc > 0 at one-sided level alpha/P (Bonferroni over P partitions); family-wise level alpha,0.0014330177000229014
composite_shift_4,"4 equal levels, per-level strictly monotone score map: equal true AUROC, very different score distributions",composite,2000,0.2,1,4,0.25,True,False,power,0.75,0.75,0.75,0.0,false positive (all true subgroup AUROC equal),ev10,1000,999,0.05,42,1121839185,0,802.1709288999991,permutation_null,1000,0,20,0.02,0.004427188724235731,True,max-statistic permutation p-value < alpha,0.3862617005000793
composite_shift_4,"4 equal levels, per-level strictly monotone score map: equal true AUROC, very different score distributions",composite,2000,0.2,1,4,0.25,True,False,power,0.75,0.75,0.75,0.0,false positive (all true subgroup AUROC equal),ev10,1000,999,0.05,42,1121839185,0,802.1709288999991,diciccio2020,1000,0,49,0.049,0.006826346021115542,True,max-T permutation p-value < alpha,0.41270207519989344
composite_shift_4,"4 equal levels, per-level strictly monotone score map: equal true AUROC, very different score distributions",composite,2000,0.2,1,4,0.25,True,False,power,0.75,0.75,0.75,0.0,false positive (all true subgroup AUROC equal),ev10,1000,999,0.05,42,1121839185,0,802.1709288999991,lum2022,1000,0,69,0.069,0.008014923580421713,True,"Holm over partitions of the one-sided z-test, < alpha",0.0014334184999897843
composite_shift_4,"4 equal levels, per-level strictly monotone score map: equal true AUROC, very different score distributions",composite,2000,0.2,1,4,0.25,True,False,power,0.75,0.75,0.75,0.0,false positive (all true subgroup AUROC equal),ev10,1000,999,0.05,42,1121839185,0,802.1709288999991,four_fifths,1000,0,0,0.0,0.0,False,"deterministic rule, no nominal level",0.0003531975002551917
composite_shift_4,"4 equal levels, per-level strictly monotone score map: equal true AUROC, very different score distributions",composite,2000,0.2,1,4,0.25,True,False,power,0.75,0.75,0.75,0.0,false positive (all true subgroup AUROC equal),ev10,1000,999,0.05,42,1121839185,0,802.1709288999991,fixed_threshold_005,1000,0,552,0.552,0.015725647840391186,False,"deterministic rule, no nominal level",0.00033067079976899547
composite_shift_4,"4 equal levels, per-level strictly monotone score map: equal true AUROC, very different score distributions",composite,2000,0.2,1,4,0.25,True,False,power,0.75,0.75,0.75,0.0,false positive (all true subgroup AUROC equal),ev10,1000,999,0.05,42,1121839185,0,802.1709288999991,lum2022_cochranQ,1000,0,63,0.063,0.007683163410991596,True,"Holm over partitions of Cochran's Q, < alpha",0.0014334184999897843
composite_shift_4,"4 equal levels, per-level strictly monotone score map: equal true AUROC, very different score distributions",composite,2000,0.2,1,4,0.25,True,False,power,0.75,0.75,0.75,0.0,false positive (all true subgroup AUROC equal),ev10,1000,999,0.05,42,1121839185,0,802.1709288999991,lum2022_bootstrapCI,1000,0,0,0.0,0.0,True,bootstrap lower bound on V_dc > 0 at one-sided level alpha/P (Bonferroni over P partitions); family-wise level alpha,0.0014334184999897843
casemix_strong_4,"4 levels, predictor SD 0.6 to 1.9: true AUROC 0.661 to 0.860, gap 0.199 -- strong case-mix heterogeneity",case_mix,2000,0.2,1,4,0.25,False,True,,0.7600843513591324,0.6605664629019874,0.859965171945665,0.19939870904367762,false alarm about fairness (true subgroup AUROC unequal by case mix; model is the exact DGP),m30,1000,999,0.05,42,984767438,0,803.6334873000014,permutation_null,1000,0,999,0.999,0.0009994998749374613,True,max-statistic permutation p-value < alpha,0.38448261160013497
casemix_strong_4,"4 levels, predictor SD 0.6 to 1.9: true AUROC 0.661 to 0.860, gap 0.199 -- strong case-mix heterogeneity",case_mix,2000,0.2,1,4,0.25,False,True,,0.7600843513591324,0.6605664629019874,0.859965171945665,0.19939870904367762,false alarm about fairness (true subgroup AUROC unequal by case mix; model is the exact DGP),m30,1000,999,0.05,42,984767438,0,803.6334873000014,diciccio2020,1000,0,999,0.999,0.0009994998749374613,True,max-T permutation p-value < alpha,0.4130554427001771
casemix_strong_4,"4 levels, predictor SD 0.6 to 1.9: true AUROC 0.661 to 0.860, gap 0.199 -- strong case-mix heterogeneity",case_mix,2000,0.2,1,4,0.25,False,True,,0.7600843513591324,0.6605664629019874,0.859965171945665,0.19939870904367762,false alarm about fairness (true subgroup AUROC unequal by case mix; model is the exact DGP),m30,1000,999,0.05,42,984767438,0,803.6334873000014,lum2022,1000,0,999,0.999,0.0009994998749374613,True,"Holm over partitions of the one-sided z-test, < alpha",0.0014321273995010415
casemix_strong_4,"4 levels, predictor SD 0.6 to 1.9: true AUROC 0.661 to 0.860, gap 0.199 -- strong case-mix heterogeneity",case_mix,2000,0.2,1,4,0.25,False,True,,0.7600843513591324,0.6605664629019874,0.859965171945665,0.19939870904367762,false alarm about fairness (true subgroup AUROC unequal by case mix; model is the exact DGP),m30,1000,999,0.05,42,984767438,0,803.6334873000014,four_fifths,1000,0,791,0.791,0.012857643641040918,False,"deterministic rule, no nominal level",0.00035439969967410433
casemix_strong_4,"4 levels, predictor SD 0.6 to 1.9: true AUROC 0.661 to 0.860, gap 0.199 -- strong case-mix heterogeneity",case_mix,2000,0.2,1,4,0.25,False,True,,0.7600843513591324,0.6605664629019874,0.859965171945665,0.19939870904367762,false alarm about fairness (true subgroup AUROC unequal by case mix; model is the exact DGP),m30,1000,999,0.05,42,984767438,0,803.6334873000014,fixed_threshold_005,1000,0,1000,1.0,0.0,False,"deterministic rule, no nominal level",0.0003357984000176657
casemix_strong_4,"4 levels, predictor SD 0.6 to 1.9: true AUROC 0.661 to 0.860, gap 0.199 -- strong case-mix heterogeneity",case_mix,2000,0.2,1,4,0.25,False,True,,0.7600843513591324,0.6605664629019874,0.859965171945665,0.19939870904367762,false alarm about fairness (true subgroup AUROC unequal by case mix; model is the exact DGP),m30,1000,999,0.05,42,984767438,0,803.6334873000014,lum2022_cochranQ,1000,0,999,0.999,0.0009994998749374613,True,"Holm over partitions of Cochran's Q, < alpha",0.0014321273995010415
casemix_strong_4,"4 levels, predictor SD 0.6 to 1.9: true AUROC 0.661 to 0.860, gap 0.199 -- strong case-mix heterogeneity",case_mix,2000,0.2,1,4,0.25,False,True,,0.7600843513591324,0.6605664629019874,0.859965171945665,0.19939870904367762,false alarm about fairness (true subgroup AUROC unequal by case mix; model is the exact DGP),m30,1000,999,0.05,42,984767438,0,803.6334873000014,lum2022_bootstrapCI,1000,0,757,0.757,0.013562853682024296,True,bootstrap lower bound on V_dc > 0 at one-sided level alpha/P (Bonferroni over P partitions); family-wise level alpha,0.0014321273995010415
casemix_strong_4,"4 levels, predictor SD 0.6 to 1.9: true AUROC 0.661 to 0.860, gap 0.199 -- strong case-mix heterogeneity",case_mix,2000,0.2,1,4,0.25,False,True,,0.7600843513591324,0.6605664629019874,0.859965171945665,0.19939870904367762,false alarm about fairness (true subgroup AUROC unequal by case mix; model is the exact DGP),ev10,1000,999,0.05,42,984767438,0,804.1918380999996,permutation_null,1000,0,999,0.999,0.0009994998749374613,True,max-statistic permutation p-value < alpha,0.38642931419971865
casemix_strong_4,"4 levels, predictor SD 0.6 to 1.9: true AUROC 0.661 to 0.860, gap 0.199 -- strong case-mix heterogeneity",case_mix,2000,0.2,1,4,0.25,False,True,,0.7600843513591324,0.6605664629019874,0.859965171945665,0.19939870904367762,false alarm about fairness (true subgroup AUROC unequal by case mix; model is the exact DGP),ev10,1000,999,0.05,42,984767438,0,804.1918380999996,diciccio2020,1000,0,999,0.999,0.0009994998749374613,True,max-T permutation p-value < alpha,0.4116007503001165
casemix_strong_4,"4 levels, predictor SD 0.6 to 1.9: true AUROC 0.661 to 0.860, gap 0.199 -- strong case-mix heterogeneity",case_mix,2000,0.2,1,4,0.25,False,True,,0.7600843513591324,0.6605664629019874,0.859965171945665,0.19939870904367762,false alarm about fairness (true subgroup AUROC unequal by case mix; model is the exact DGP),ev10,1000,999,0.05,42,984767438,0,804.1918380999996,lum2022,1000,0,999,0.999,0.0009994998749374613,True,"Holm over partitions of the one-sided z-test, < alpha",0.0014580769000167493
casemix_strong_4,"4 levels, predictor SD 0.6 to 1.9: true AUROC 0.661 to 0.860, gap 0.199 -- strong case-mix heterogeneity",case_mix,2000,0.2,1,4,0.25,False,True,,0.7600843513591324,0.6605664629019874,0.859965171945665,0.19939870904367762,false alarm about fairness (true subgroup AUROC unequal by case mix; model is the exact DGP),ev10,1000,999,0.05,42,984767438,0,804.1918380999996,four_fifths,1000,0,791,0.791,0.012857643641040918,False,"deterministic rule, no nominal level",0.00035868710013164674
casemix_strong_4,"4 levels, predictor SD 0.6 to 1.9: true AUROC 0.661 to 0.860, gap 0.199 -- strong case-mix heterogeneity",case_mix,2000,0.2,1,4,0.25,False,True,,0.7600843513591324,0.6605664629019874,0.859965171945665,0.19939870904367762,false alarm about fairness (true subgroup AUROC unequal by case mix; model is the exact DGP),ev10,1000,999,0.05,42,984767438,0,804.1918380999996,fixed_threshold_005,1000,0,1000,1.0,0.0,False,"deterministic rule, no nominal level",0.00033960400012438187
casemix_strong_4,"4 levels, predictor SD 0.6 to 1.9: true AUROC 0.661 to 0.860, gap 0.199 -- strong case-mix heterogeneity",case_mix,2000,0.2,1,4,0.25,False,True,,0.7600843513591324,0.6605664629019874,0.859965171945665,0.19939870904367762,false alarm about fairness (true subgroup AUROC unequal by case mix; model is the exact DGP),ev10,1000,999,0.05,42,984767438,0,804.1918380999996,lum2022_cochranQ,1000,0,999,0.999,0.0009994998749374613,True,"Holm over partitions of Cochran's Q, < alpha",0.0014580769000167493
casemix_strong_4,"4 levels, predictor SD 0.6 to 1.9: true AUROC 0.661 to 0.860, gap 0.199 -- strong case-mix heterogeneity",case_mix,2000,0.2,1,4,0.25,False,True,,0.7600843513591324,0.6605664629019874,0.859965171945665,0.19939870904367762,false alarm about fairness (true subgroup AUROC unequal by case mix; model is the exact DGP),ev10,1000,999,0.05,42,984767438,0,804.1918380999996,lum2022_bootstrapCI,1000,0,757,0.757,0.013562853682024296,True,bootstrap lower bound on V_dc > 0 at one-sided level alpha/P (Bonferroni over P partitions); family-wise level alpha,0.0014580769000167493
composite_prev005,composite shift at prevalence 0.05 -- ~25 events per level,composite,2000,0.05,1,4,0.25,True,False,power,0.75,0.75,0.75,0.0,false positive (all true subgroup AUROC equal),m30,1000,999,0.05,42,643828557,0,796.9243047999917,permutation_null,1000,0,22,0.022,0.0046385342512479085,True,max-statistic permutation p-value < alpha,0.38410497070019484
composite_prev005,composite shift at prevalence 0.05 -- ~25 events per level,composite,2000,0.05,1,4,0.25,True,False,power,0.75,0.75,0.75,0.0,false positive (all true subgroup AUROC equal),m30,1000,999,0.05,42,643828557,0,796.9243047999917,diciccio2020,1000,0,47,0.047,0.006692607862410586,True,max-T permutation p-value < alpha,0.40958122900010496
composite_prev005,composite shift at prevalence 0.05 -- ~25 events per level,composite,2000,0.05,1,4,0.25,True,False,power,0.75,0.75,0.75,0.0,false positive (all true subgroup AUROC equal),m30,1000,999,0.05,42,643828557,0,796.9243047999917,lum2022,1000,0,74,0.074,0.00827792244467173,True,"Holm over partitions of the one-sided z-test, < alpha",0.0014523785999772372
composite_prev005,composite shift at prevalence 0.05 -- ~25 events per level,composite,2000,0.05,1,4,0.25,True,False,power,0.75,0.75,0.75,0.0,false positive (all true subgroup AUROC equal),m30,1000,999,0.05,42,643828557,0,796.9243047999917,four_fifths,1000,0,111,0.111,0.00993373041711924,False,"deterministic rule, no nominal level",0.00035640630015404894
composite_prev005,composite shift at prevalence 0.05 -- ~25 events per level,composite,2000,0.05,1,4,0.25,True,False,power,0.75,0.75,0.75,0.0,false positive (all true subgroup AUROC equal),m30,1000,999,0.05,42,643828557,0,796.9243047999917,fixed_threshold_005,1000,0,901,0.901,0.009444522221901962,False,"deterministic rule, no nominal level",0.00033674450020771475
composite_prev005,composite shift at prevalence 0.05 -- ~25 events per level,composite,2000,0.05,1,4,0.25,True,False,power,0.75,0.75,0.75,0.0,false positive (all true subgroup AUROC equal),m30,1000,999,0.05,42,643828557,0,796.9243047999917,lum2022_cochranQ,1000,0,73,0.073,0.008226238508577295,True,"Holm over partitions of Cochran's Q, < alpha",0.0014523785999772372
composite_prev005,composite shift at prevalence 0.05 -- ~25 events per level,composite,2000,0.05,1,4,0.25,True,False,power,0.75,0.75,0.75,0.0,false positive (all true subgroup AUROC equal),m30,1000,999,0.05,42,643828557,0,796.9243047999917,lum2022_bootstrapCI,1000,0,0,0.0,0.0,True,bootstrap lower bound on V_dc > 0 at one-sided level alpha/P (Bonferroni over P partitions); family-wise level alpha,0.0014523785999772372
composite_prev005,composite shift at prevalence 0.05 -- ~25 events per level,composite,2000,0.05,1,4,0.25,True,False,power,0.75,0.75,0.75,0.0,false positive (all true subgroup AUROC equal),ev10,1000,999,0.05,42,643828557,0,794.2992712000123,permutation_null,1000,0,22,0.022,0.0046385342512479085,True,max-statistic permutation p-value < alpha,0.3823075554000097
composite_prev005,composite shift at prevalence 0.05 -- ~25 events per level,composite,2000,0.05,1,4,0.25,True,False,power,0.75,0.75,0.75,0.0,false positive (all true subgroup AUROC equal),ev10,1000,999,0.05,42,643828557,0,794.2992712000123,diciccio2020,1000,0,47,0.047,0.006692607862410586,True,max-T permutation p-value < alpha,0.40873616340017177
composite_prev005,composite shift at prevalence 0.05 -- ~25 events per level,composite,2000,0.05,1,4,0.25,True,False,power,0.75,0.75,0.75,0.0,false positive (all true subgroup AUROC equal),ev10,1000,999,0.05,42,643828557,0,794.2992712000123,lum2022,1000,0,74,0.074,0.00827792244467173,True,"Holm over partitions of the one-sided z-test, < alpha",0.0014580937999708113
composite_prev005,composite shift at prevalence 0.05 -- ~25 events per level,composite,2000,0.05,1,4,0.25,True,False,power,0.75,0.75,0.75,0.0,false positive (all true subgroup AUROC equal),ev10,1000,999,0.05,42,643828557,0,794.2992712000123,four_fifths,1000,0,111,0.111,0.00993373041711924,False,"deterministic rule, no nominal level",0.0003571123998990515
composite_prev005,composite shift at prevalence 0.05 -- ~25 events per level,composite,2000,0.05,1,4,0.25,True,False,power,0.75,0.75,0.75,0.0,false positive (all true subgroup AUROC equal),ev10,1000,999,0.05,42,643828557,0,794.2992712000123,fixed_threshold_005,1000,0,901,0.901,0.009444522221901962,False,"deterministic rule, no nominal level",0.00033799380011623724
composite_prev005,composite shift at prevalence 0.05 -- ~25 events per level,composite,2000,0.05,1,4,0.25,True,False,power,0.75,0.75,0.75,0.0,false positive (all true subgroup AUROC equal),ev10,1000,999,0.05,42,643828557,0,794.2992712000123,lum2022_cochranQ,1000,0,73,0.073,0.008226238508577295,True,"Holm over partitions of Cochran's Q, < alpha",0.0014580937999708113
composite_prev005,composite shift at prevalence 0.05 -- ~25 events per level,composite,2000,0.05,1,4,0.25,True,False,power,0.75,0.75,0.75,0.0,false positive (all true subgroup AUROC equal),ev10,1000,999,0.05,42,643828557,0,794.2992712000123,lum2022_bootstrapCI,1000,0,0,0.0,0.0,True,bootstrap lower bound on V_dc > 0 at one-sided level alpha/P (Bonferroni over P partitions); family-wise level alpha,0.0014580937999708113
composite_prev050,composite shift at prevalence 0.50 -- balanced outcome,composite,2000,0.5,1,4,0.25,True,False,power,0.75,0.75,0.75,0.0,false positive (all true subgroup AUROC equal),m30,1000,999,0.05,42,729615239,0,794.7505737000029,permutation_null,1000,0,22,0.022,0.0046385342512479085,True,max-statistic permutation p-value < alpha,0.3820204619999131
composite_prev050,composite shift at prevalence 0.50 -- balanced outcome,composite,2000,0.5,1,4,0.25,True,False,power,0.75,0.75,0.75,0.0,false positive (all true subgroup AUROC equal),m30,1000,999,0.05,42,729615239,0,794.7505737000029,diciccio2020,1000,0,48,0.048,0.006759881655768835,True,max-T permutation p-value < alpha,0.4095327004002029
composite_prev050,composite shift at prevalence 0.50 -- balanced outcome,composite,2000,0.5,1,4,0.25,True,False,power,0.75,0.75,0.75,0.0,false positive (all true subgroup AUROC equal),m30,1000,999,0.05,42,729615239,0,794.7505737000029,lum2022,1000,0,71,0.071,0.008121514637061242,True,"Holm over partitions of the one-sided z-test, < alpha",0.0014256614997138967
composite_prev050,composite shift at prevalence 0.50 -- balanced outcome,composite,2000,0.5,1,4,0.25,True,False,power,0.75,0.75,0.75,0.0,false positive (all true subgroup AUROC equal),m30,1000,999,0.05,42,729615239,0,794.7505737000029,four_fifths,1000,0,0,0.0,0.0,False,"deterministic rule, no nominal level",0.00035260129962989595
composite_prev050,composite shift at prevalence 0.50 -- balanced outcome,composite,2000,0.5,1,4,0.25,True,False,power,0.75,0.75,0.75,0.0,false positive (all true subgroup AUROC equal),m30,1000,999,0.05,42,729615239,0,794.7505737000029,fixed_threshold_005,1000,0,360,0.36,0.015178932768808221,False,"deterministic rule, no nominal level",0.0003312092001287965
composite_prev050,composite shift at prevalence 0.50 -- balanced outcome,composite,2000,0.5,1,4,0.25,True,False,power,0.75,0.75,0.75,0.0,false positive (all true subgroup AUROC equal),m30,1000,999,0.05,42,729615239,0,794.7505737000029,lum2022_cochranQ,1000,0,47,0.047,0.006692607862410586,True,"Holm over partitions of Cochran's Q, < alpha",0.0014256614997138967
composite_prev050,composite shift at prevalence 0.50 -- balanced outcome,composite,2000,0.5,1,4,0.25,True,False,power,0.75,0.75,0.75,0.0,false positive (all true subgroup AUROC equal),m30,1000,999,0.05,42,729615239,0,794.7505737000029,lum2022_bootstrapCI,1000,0,0,0.0,0.0,True,bootstrap lower bound on V_dc > 0 at one-sided level alpha/P (Bonferroni over P partitions); family-wise level alpha,0.0014256614997138967
composite_prev050,composite shift at prevalence 0.50 -- balanced outcome,composite,2000,0.5,1,4,0.25,True,False,power,0.75,0.75,0.75,0.0,false positive (all true subgroup AUROC equal),ev10,1000,999,0.05,42,729615239,0,795.0690649999888,permutation_null,1000,0,22,0.022,0.0046385342512479085,True,max-statistic permutation p-value < alpha,0.382816988900071
composite_prev050,composite shift at prevalence 0.50 -- balanced outcome,composite,2000,0.5,1,4,0.25,True,False,power,0.75,0.75,0.75,0.0,false positive (all true subgroup AUROC equal),ev10,1000,999,0.05,42,729615239,0,795.0690649999888,diciccio2020,1000,0,48,0.048,0.006759881655768835,True,max-T permutation p-value < alpha,0.40902777749995584
composite_prev050,composite shift at prevalence 0.50 -- balanced outcome,composite,2000,0.5,1,4,0.25,True,False,power,0.75,0.75,0.75,0.0,false positive (all true subgroup AUROC equal),ev10,1000,999,0.05,42,729615239,0,795.0690649999888,lum2022,1000,0,71,0.071,0.008121514637061242,True,"Holm over partitions of the one-sided z-test, < alpha",0.0014397398003202398
composite_prev050,composite shift at prevalence 0.50 -- balanced outcome,composite,2000,0.5,1,4,0.25,True,False,power,0.75,0.75,0.75,0.0,false positive (all true subgroup AUROC equal),ev10,1000,999,0.05,42,729615239,0,795.0690649999888,four_fifths,1000,0,0,0.0,0.0,False,"deterministic rule, no nominal level",0.00035324150021187964
composite_prev050,composite shift at prevalence 0.50 -- balanced outcome,composite,2000,0.5,1,4,0.25,True,False,power,0.75,0.75,0.75,0.0,false positive (all true subgroup AUROC equal),ev10,1000,999,0.05,42,729615239,0,795.0690649999888,fixed_threshold_005,1000,0,360,0.36,0.015178932768808221,False,"deterministic rule, no nominal level",0.0003348990997183137
composite_prev050,composite shift at prevalence 0.50 -- balanced outcome,composite,2000,0.5,1,4,0.25,True,False,power,0.75,0.75,0.75,0.0,false positive (all true subgroup AUROC equal),ev10,1000,999,0.05,42,729615239,0,795.0690649999888,lum2022_cochranQ,1000,0,47,0.047,0.006692607862410586,True,"Holm over partitions of Cochran's Q, < alpha",0.0014397398003202398
composite_prev050,composite shift at prevalence 0.50 -- balanced outcome,composite,2000,0.5,1,4,0.25,True,False,power,0.75,0.75,0.75,0.0,false positive (all true subgroup AUROC equal),ev10,1000,999,0.05,42,729615239,0,795.0690649999888,lum2022_bootstrapCI,1000,0,0,0.0,0.0,True,bootstrap lower bound on V_dc > 0 at one-sided level alpha/P (Bonferroni over P partitions); family-wise level alpha,0.0014397398003202398
composite_logit_4,"4 levels, logistic (logit-scaling) monotone map -- non-power check on the composite-null result",composite,2000,0.2,1,4,0.25,True,False,logit_scale,0.75,0.75,0.75,0.0,false positive (all true subgroup AUROC equal),m30,1000,999,0.05,42,689806073,0,795.3623308999959,permutation_null,1000,0,36,0.036,0.005891010100144117,True,max-statistic permutation p-value < alpha,0.38250111750011273
composite_logit_4,"4 levels, logistic (logit-scaling) monotone map -- non-power check on the composite-null result",composite,2000,0.2,1,4,0.25,True,False,logit_scale,0.75,0.75,0.75,0.0,false positive (all true subgroup AUROC equal),m30,1000,999,0.05,42,689806073,0,795.3623308999959,diciccio2020,1000,0,42,0.042,0.0063431853196954605,True,max-T permutation p-value < alpha,0.4096101510999142
composite_logit_4,"4 levels, logistic (logit-scaling) monotone map -- non-power check on the composite-null result",composite,2000,0.2,1,4,0.25,True,False,logit_scale,0.75,0.75,0.75,0.0,false positive (all true subgroup AUROC equal),m30,1000,999,0.05,42,689806073,0,795.3623308999959,lum2022,1000,0,58,0.058,0.007391616873188166,True,"Holm over partitions of the one-sided z-test, < alpha",0.001434429599699797
composite_logit_4,"4 levels, logistic (logit-scaling) monotone map -- non-power check on the composite-null result",composite,2000,0.2,1,4,0.25,True,False,logit_scale,0.75,0.75,0.75,0.0,false positive (all true subgroup AUROC equal),m30,1000,999,0.05,42,689806073,0,795.3623308999959,four_fifths,1000,0,0,0.0,0.0,False,"deterministic rule, no nominal level",0.00035345159978896845
composite_logit_4,"4 levels, logistic (logit-scaling) monotone map -- non-power check on the composite-null result",composite,2000,0.2,1,4,0.25,True,False,logit_scale,0.75,0.75,0.75,0.0,false positive (all true subgroup AUROC equal),m30,1000,999,0.05,42,689806073,0,795.3623308999959,fixed_threshold_005,1000,0,582,0.582,0.015597307459943206,False,"deterministic rule, no nominal level",0.0003345067001064308
composite_logit_4,"4 levels, logistic (logit-scaling) monotone map -- non-power check on the composite-null result",composite,2000,0.2,1,4,0.25,True,False,logit_scale,0.75,0.75,0.75,0.0,false positive (all true subgroup AUROC equal),m30,1000,999,0.05,42,689806073,0,795.3623308999959,lum2022_cochranQ,1000,0,43,0.043,0.006414904519944158,True,"Holm over partitions of Cochran's Q, < alpha",0.001434429599699797
composite_logit_4,"4 levels, logistic (logit-scaling) monotone map -- non-power check on the composite-null result",composite,2000,0.2,1,4,0.25,True,False,logit_scale,0.75,0.75,0.75,0.0,false positive (all true subgroup AUROC equal),m30,1000,999,0.05,42,689806073,0,795.3623308999959,lum2022_bootstrapCI,1000,0,0,0.0,0.0,True,bootstrap lower bound on V_dc > 0 at one-sided level alpha/P (Bonferroni over P partitions); family-wise level alpha,0.001434429599699797
composite_logit_4,"4 levels, logistic (logit-scaling) monotone map -- non-power check on the composite-null result",composite,2000,0.2,1,4,0.25,True,False,logit_scale,0.75,0.75,0.75,0.0,false positive (all true subgroup AUROC equal),ev10,1000,999,0.05,42,689806073,0,799.4151258000056,permutation_null,1000,0,36,0.036,0.005891010100144117,True,max-statistic permutation p-value < alpha,0.3842902149000729
composite_logit_4,"4 levels, logistic (logit-scaling) monotone map -- non-power check on the composite-null result",composite,2000,0.2,1,4,0.25,True,False,logit_scale,0.75,0.75,0.75,0.0,false positive (all true subgroup AUROC equal),ev10,1000,999,0.05,42,689806073,0,799.4151258000056,diciccio2020,1000,0,42,0.042,0.0063431853196954605,True,max-T permutation p-value < alpha,0.41187399469994124
composite_logit_4,"4 levels, logistic (logit-scaling) monotone map -- non-power check on the composite-null result",composite,2000,0.2,1,4,0.25,True,False,logit_scale,0.75,0.75,0.75,0.0,false positive (all true subgroup AUROC equal),ev10,1000,999,0.05,42,689806073,0,799.4151258000056,lum2022,1000,0,58,0.058,0.007391616873188166,True,"Holm over partitions of the one-sided z-test, < alpha",0.0014391497999313287
composite_logit_4,"4 levels, logistic (logit-scaling) monotone map -- non-power check on the composite-null result",composite,2000,0.2,1,4,0.25,True,False,logit_scale,0.75,0.75,0.75,0.0,false positive (all true subgroup AUROC equal),ev10,1000,999,0.05,42,689806073,0,799.4151258000056,four_fifths,1000,0,0,0.0,0.0,False,"deterministic rule, no nominal level",0.00035493560016038825
composite_logit_4,"4 levels, logistic (logit-scaling) monotone map -- non-power check on the composite-null result",composite,2000,0.2,1,4,0.25,True,False,logit_scale,0.75,0.75,0.75,0.0,false positive (all true subgroup AUROC equal),ev10,1000,999,0.05,42,689806073,0,799.4151258000056,fixed_threshold_005,1000,0,582,0.582,0.015597307459943206,False,"deterministic rule, no nominal level",0.00033721589972265063
composite_logit_4,"4 levels, logistic (logit-scaling) monotone map -- non-power check on the composite-null result",composite,2000,0.2,1,4,0.25,True,False,logit_scale,0.75,0.75,0.75,0.0,false positive (all true subgroup AUROC equal),ev10,1000,999,0.05,42,689806073,0,799.4151258000056,lum2022_cochranQ,1000,0,43,0.043,0.006414904519944158,True,"Holm over partitions of Cochran's Q, < alpha",0.0014391497999313287
composite_logit_4,"4 levels, logistic (logit-scaling) monotone map -- non-power check on the composite-null result",composite,2000,0.2,1,4,0.25,True,False,logit_scale,0.75,0.75,0.75,0.0,false positive (all true subgroup AUROC equal),ev10,1000,999,0.05,42,689806073,0,799.4151258000056,lum2022_bootstrapCI,1000,0,0,0.0,0.0,True,bootstrap lower bound on V_dc > 0 at one-sided level alpha/P (Bonferroni over P partitions); family-wise level alpha,0.0014391497999313287
composite_pwl_4,"4 levels, two-segment piecewise-linear monotone map -- a kinked, non-smooth transform",composite,2000,0.2,1,4,0.25,True,False,piecewise,0.75,0.75,0.75,0.0,false positive (all true subgroup AUROC equal),m30,1000,999,0.05,42,1139998310,0,796.0705783000012,permutation_null,1000,0,27,0.027,0.00512552436341883,True,max-statistic permutation p-value < alpha,0.38338027049992524
composite_pwl_4,"4 levels, two-segment piecewise-linear monotone map -- a kinked, non-smooth transform",composite,2000,0.2,1,4,0.25,True,False,piecewise,0.75,0.75,0.75,0.0,false positive (all true subgroup AUROC equal),m30,1000,999,0.05,42,1139998310,0,796.0705783000012,diciccio2020,1000,0,43,0.043,0.006414904519944158,True,max-T permutation p-value < alpha,0.40937530120043086
composite_pwl_4,"4 levels, two-segment piecewise-linear monotone map -- a kinked, non-smooth transform",composite,2000,0.2,1,4,0.25,True,False,piecewise,0.75,0.75,0.75,0.0,false positive (all true subgroup AUROC equal),m30,1000,999,0.05,42,1139998310,0,796.0705783000012,lum2022,1000,0,65,0.065,0.007795832219846705,True,"Holm over partitions of the one-sided z-test, < alpha",0.0014374076000094646
composite_pwl_4,"4 levels, two-segment piecewise-linear monotone map -- a kinked, non-smooth transform",composite,2000,0.2,1,4,0.25,True,False,piecewise,0.75,0.75,0.75,0.0,false positive (all true subgroup AUROC equal),m30,1000,999,0.05,42,1139998310,0,796.0705783000012,four_fifths,1000,0,0,0.0,0.0,False,"deterministic rule, no nominal level",0.00035283990000607447
composite_pwl_4,"4 levels, two-segment piecewise-linear monotone map -- a kinked, non-smooth transform",composite,2000,0.2,1,4,0.25,True,False,piecewise,0.75,0.75,0.75,0.0,false positive (all true subgroup AUROC equal),m30,1000,999,0.05,42,1139998310,0,796.0705783000012,fixed_threshold_005,1000,0,556,0.556,0.015711906313366306,False,"deterministic rule, no nominal level",0.00033250269999552984
composite_pwl_4,"4 levels, two-segment piecewise-linear monotone map -- a kinked, non-smooth transform",composite,2000,0.2,1,4,0.25,True,False,piecewise,0.75,0.75,0.75,0.0,false positive (all true subgroup AUROC equal),m30,1000,999,0.05,42,1139998310,0,796.0705783000012,lum2022_cochranQ,1000,0,47,0.047,0.006692607862410586,True,"Holm over partitions of Cochran's Q, < alpha",0.0014374076000094646
composite_pwl_4,"4 levels, two-segment piecewise-linear monotone map -- a kinked, non-smooth transform",composite,2000,0.2,1,4,0.25,True,False,piecewise,0.75,0.75,0.75,0.0,false positive (all true subgroup AUROC equal),m30,1000,999,0.05,42,1139998310,0,796.0705783000012,lum2022_bootstrapCI,1000,0,0,0.0,0.0,True,bootstrap lower bound on V_dc > 0 at one-sided level alpha/P (Bonferroni over P partitions); family-wise level alpha,0.0014374076000094646
composite_pwl_4,"4 levels, two-segment piecewise-linear monotone map -- a kinked, non-smooth transform",composite,2000,0.2,1,4,0.25,True,False,piecewise,0.75,0.75,0.75,0.0,false positive (all true subgroup AUROC equal),ev10,1000,999,0.05,42,1139998310,0,803.4561688000103,permutation_null,1000,0,27,0.027,0.00512552436341883,True,max-statistic permutation p-value < alpha,0.38719068880029955
composite_pwl_4,"4 levels, two-segment piecewise-linear monotone map -- a kinked, non-smooth transform",composite,2000,0.2,1,4,0.25,True,False,piecewise,0.75,0.75,0.75,0.0,false positive (all true subgroup AUROC equal),ev10,1000,999,0.05,42,1139998310,0,803.4561688000103,diciccio2020,1000,0,43,0.043,0.006414904519944158,True,max-T permutation p-value < alpha,0.4128985727002291
composite_pwl_4,"4 levels, two-segment piecewise-linear monotone map -- a kinked, non-smooth transform",composite,2000,0.2,1,4,0.25,True,False,piecewise,0.75,0.75,0.75,0.0,false positive (all true subgroup AUROC equal),ev10,1000,999,0.05,42,1139998310,0,803.4561688000103,lum2022,1000,0,65,0.065,0.007795832219846705,True,"Holm over partitions of the one-sided z-test, < alpha",0.001463809299719287
composite_pwl_4,"4 levels, two-segment piecewise-linear monotone map -- a kinked, non-smooth transform",composite,2000,0.2,1,4,0.25,True,False,piecewise,0.75,0.75,0.75,0.0,false positive (all true subgroup AUROC equal),ev10,1000,999,0.05,42,1139998310,0,803.4561688000103,four_fifths,1000,0,0,0.0,0.0,False,"deterministic rule, no nominal level",0.0003586859995994018
composite_pwl_4,"4 levels, two-segment piecewise-linear monotone map -- a kinked, non-smooth transform",composite,2000,0.2,1,4,0.25,True,False,piecewise,0.75,0.75,0.75,0.0,false positive (all true subgroup AUROC equal),ev10,1000,999,0.05,42,1139998310,0,803.4561688000103,fixed_threshold_005,1000,0,556,0.556,0.015711906313366306,False,"deterministic rule, no nominal level",0.0003394130002852762
composite_pwl_4,"4 levels, two-segment piecewise-linear monotone map -- a kinked, non-smooth transform",composite,2000,0.2,1,4,0.25,True,False,piecewise,0.75,0.75,0.75,0.0,false positive (all true subgroup AUROC equal),ev10,1000,999,0.05,42,1139998310,0,803.4561688000103,lum2022_cochranQ,1000,0,47,0.047,0.006692607862410586,True,"Holm over partitions of Cochran's Q, < alpha",0.001463809299719287
composite_pwl_4,"4 levels, two-segment piecewise-linear monotone map -- a kinked, non-smooth transform",composite,2000,0.2,1,4,0.25,True,False,piecewise,0.75,0.75,0.75,0.0,false positive (all true subgroup AUROC equal),ev10,1000,999,0.05,42,1139998310,0,803.4561688000103,lum2022_bootstrapCI,1000,0,0,0.0,0.0,True,bootstrap lower bound on V_dc > 0 at one-sided level alpha/P (Bonferroni over P partitions); family-wise level alpha,0.001463809299719287
skewed_5,"5 levels, sizes 1100/500/200/140/60 -- realistic skew",simple,2000,0.2,1,5,0.03,False,False,,0.75,0.75,0.75,0.0,false positive (all true subgroup AUROC equal),m30,1000,999,0.05,42,1966150214,0,932.1241568999976,permutation_null,1000,0,58,0.058,0.007391616873188166,True,max-statistic permutation p-value < alpha,0.44622793449986786
skewed_5,"5 levels, sizes 1100/500/200/140/60 -- realistic skew",simple,2000,0.2,1,5,0.03,False,False,,0.75,0.75,0.75,0.0,false positive (all true subgroup AUROC equal),m30,1000,999,0.05,42,1966150214,0,932.1241568999976,diciccio2020,1000,0,68,0.068,0.007960904471226871,True,max-T permutation p-value < alpha,0.482734159399959
skewed_5,"5 levels, sizes 1100/500/200/140/60 -- realistic skew",simple,2000,0.2,1,5,0.03,False,False,,0.75,0.75,0.75,0.0,false positive (all true subgroup AUROC equal),m30,1000,999,0.05,42,1966150214,0,932.1241568999976,lum2022,1000,0,97,0.097,0.00935900635751467,True,"Holm over partitions of the one-sided z-test, < alpha",0.0015211796998337377
skewed_5,"5 levels, sizes 1100/500/200/140/60 -- realistic skew",simple,2000,0.2,1,5,0.03,False,False,,0.75,0.75,0.75,0.0,false positive (all true subgroup AUROC equal),m30,1000,999,0.05,42,1966150214,0,932.1241568999976,four_fifths,1000,0,158,0.158,0.011534123287012324,False,"deterministic rule, no nominal level",0.00042378450008982325
skewed_5,"5 levels, sizes 1100/500/200/140/60 -- realistic skew",simple,2000,0.2,1,5,0.03,False,False,,0.75,0.75,0.75,0.0,false positive (all true subgroup AUROC equal),m30,1000,999,0.05,42,1966150214,0,932.1241568999976,fixed_threshold_005,1000,0,929,0.929,0.008121514637061239,False,"deterministic rule, no nominal level",0.0004002804998890497
skewed_5,"5 levels, sizes 1100/500/200/140/60 -- realistic skew",simple,2000,0.2,1,5,0.03,False,False,,0.75,0.75,0.75,0.0,false positive (all true subgroup AUROC equal),m30,1000,999,0.05,42,1966150214,0,932.1241568999976,lum2022_cochranQ,1000,0,112,0.112,0.00997276290703835,True,"Holm over partitions of Cochran's Q, < alpha",0.0015211796998337377
skewed_5,"5 levels, sizes 1100/500/200/140/60 -- realistic skew",simple,2000,0.2,1,5,0.03,False,False,,0.75,0.75,0.75,0.0,false positive (all true subgroup AUROC equal),m30,1000,999,0.05,42,1966150214,0,932.1241568999976,lum2022_bootstrapCI,1000,0,13,0.013,0.003582038525755969,True,bootstrap lower bound on V_dc > 0 at one-sided level alpha/P (Bonferroni over P partitions); family-wise level alpha,0.0015211796998337377
skewed_5,"5 levels, sizes 1100/500/200/140/60 -- realistic skew",simple,2000,0.2,1,5,0.03,False,False,,0.75,0.75,0.75,0.0,false positive (all true subgroup AUROC equal),ev10,1000,999,0.05,42,1966150214,0,933.7821253000002,permutation_null,1000,0,55,0.055,0.00720936890441875,True,max-statistic permutation p-value < alpha,0.4488084585998731
skewed_5,"5 levels, sizes 1100/500/200/140/60 -- realistic skew",simple,2000,0.2,1,5,0.03,False,False,,0.75,0.75,0.75,0.0,false positive (all true subgroup AUROC equal),ev10,1000,999,0.05,42,1966150214,0,933.7821253000002,diciccio2020,1000,0,69,0.069,0.008014923580421713,True,max-T permutation p-value < alpha,0.4818072929997288
skewed_5,"5 levels, sizes 1100/500/200/140/60 -- realistic skew",simple,2000,0.2,1,5,0.03,False,False,,0.75,0.75,0.75,0.0,false positive (all true subgroup AUROC equal),ev10,1000,999,0.05,42,1966150214,0,933.7821253000002,lum2022,1000,0,91,0.091,0.009094998625618368,True,"Holm over partitions of the one-sided z-test, < alpha",0.0015173111998301465
skewed_5,"5 levels, sizes 1100/500/200/140/60 -- realistic skew",simple,2000,0.2,1,5,0.03,False,False,,0.75,0.75,0.75,0.0,false positive (all true subgroup AUROC equal),ev10,1000,999,0.05,42,1966150214,0,933.7821253000002,four_fifths,1000,0,119,0.119,0.010239091756596383,False,"deterministic rule, no nominal level",0.00042560520008555616
skewed_5,"5 levels, sizes 1100/500/200/140/60 -- realistic skew",simple,2000,0.2,1,5,0.03,False,False,,0.75,0.75,0.75,0.0,false positive (all true subgroup AUROC equal),ev10,1000,999,0.05,42,1966150214,0,933.7821253000002,fixed_threshold_005,1000,0,891,0.891,0.009854897259738428,False,"deterministic rule, no nominal level",0.00040034030006791
skewed_5,"5 levels, sizes 1100/500/200/140/60 -- realistic skew",simple,2000,0.2,1,5,0.03,False,False,,0.75,0.75,0.75,0.0,false positive (all true subgroup AUROC equal),ev10,1000,999,0.05,42,1966150214,0,933.7821253000002,lum2022_cochranQ,1000,0,101,0.101,0.009528850927577786,True,"Holm over partitions of Cochran's Q, < alpha",0.0015173111998301465
skewed_5,"5 levels, sizes 1100/500/200/140/60 -- realistic skew",simple,2000,0.2,1,5,0.03,False,False,,0.75,0.75,0.75,0.0,false positive (all true subgroup AUROC equal),ev10,1000,999,0.05,42,1966150214,0,933.7821253000002,lum2022_bootstrapCI,1000,0,9,0.009,0.002986469487538756,True,bootstrap lower bound on V_dc > 0 at one-sided level alpha/P (Bonferroni over P partitions); family-wise level alpha,0.0015173111998301465
casemix_mild_3,"3 levels, predictor SD 0.9/1.0/1.1: true AUROC 0.727/0.745/0.763, gap 0.036 -- mild case-mix heterogeneity, BELOW the 0.05 convention",case_mix,2000,0.2,1,3,0.3333333333333333,False,True,,0.7441665091610675,0.7257613774873206,0.7620927191281264,0.03633134164080576,false alarm about fairness (true subgroup AUROC unequal by case mix; model is the exact DGP),m30,1000,999,0.05,42,1649479846,0,698.5525365999929,permutation_null,1000,0,162,0.162,0.011651437679531225,True,max-statistic permutation p-value < alpha,0.3375284466996236
casemix_mild_3,"3 levels, predictor SD 0.9/1.0/1.1: true AUROC 0.727/0.745/0.763, gap 0.036 -- mild case-mix heterogeneity, BELOW the 0.05 convention",case_mix,2000,0.2,1,3,0.3333333333333333,False,True,,0.7441665091610675,0.7257613774873206,0.7620927191281264,0.03633134164080576,false alarm about fairness (true subgroup AUROC unequal by case mix; model is the exact DGP),m30,1000,999,0.05,42,1649479846,0,698.5525365999929,diciccio2020,1000,0,164,0.164,0.011709141727727102,True,max-T permutation p-value < alpha,0.35577971859996615
casemix_mild_3,"3 levels, predictor SD 0.9/1.0/1.1: true AUROC 0.727/0.745/0.763, gap 0.036 -- mild case-mix heterogeneity, BELOW the 0.05 convention",case_mix,2000,0.2,1,3,0.3333333333333333,False,True,,0.7441665091610675,0.7257613774873206,0.7620927191281264,0.03633134164080576,false alarm about fairness (true subgroup AUROC unequal by case mix; model is the exact DGP),m30,1000,999,0.05,42,1649479846,0,698.5525365999929,lum2022,1000,0,208,0.208,0.0128349522788361,True,"Holm over partitions of the one-sided z-test, < alpha",0.0013672088003368118
casemix_mild_3,"3 levels, predictor SD 0.9/1.0/1.1: true AUROC 0.727/0.745/0.763, gap 0.036 -- mild case-mix heterogeneity, BELOW the 0.05 convention",case_mix,2000,0.2,1,3,0.3333333333333333,False,True,,0.7441665091610675,0.7257613774873206,0.7620927191281264,0.03633134164080576,false alarm about fairness (true subgroup AUROC unequal by case mix; model is the exact DGP),m30,1000,999,0.05,42,1649479846,0,698.5525365999929,four_fifths,1000,0,0,0.0,0.0,False,"deterministic rule, no nominal level",0.0003067829001956852
casemix_mild_3,"3 levels, predictor SD 0.9/1.0/1.1: true AUROC 0.727/0.745/0.763, gap 0.036 -- mild case-mix heterogeneity, BELOW the 0.05 convention",case_mix,2000,0.2,1,3,0.3333333333333333,False,True,,0.7441665091610675,0.7257613774873206,0.7620927191281264,0.03633134164080576,false alarm about fairness (true subgroup AUROC unequal by case mix; model is the exact DGP),m30,1000,999,0.05,42,1649479846,0,698.5525365999929,fixed_threshold_005,1000,0,506,0.506,0.015810249839898167,False,"deterministic rule, no nominal level",0.0002881427999236621
casemix_mild_3,"3 levels, predictor SD 0.9/1.0/1.1: true AUROC 0.727/0.745/0.763, gap 0.036 -- mild case-mix heterogeneity, BELOW the 0.05 convention",case_mix,2000,0.2,1,3,0.3333333333333333,False,True,,0.7441665091610675,0.7257613774873206,0.7620927191281264,0.03633134164080576,false alarm about fairness (true subgroup AUROC unequal by case mix; model is the exact DGP),m30,1000,999,0.05,42,1649479846,0,698.5525365999929,lum2022_cochranQ,1000,0,170,0.17,0.011878552100319299,True,"Holm over partitions of Cochran's Q, < alpha",0.0013672088003368118
casemix_mild_3,"3 levels, predictor SD 0.9/1.0/1.1: true AUROC 0.727/0.745/0.763, gap 0.036 -- mild case-mix heterogeneity, BELOW the 0.05 convention",case_mix,2000,0.2,1,3,0.3333333333333333,False,True,,0.7441665091610675,0.7257613774873206,0.7620927191281264,0.03633134164080576,false alarm about fairness (true subgroup AUROC unequal by case mix; model is the exact DGP),m30,1000,999,0.05,42,1649479846,0,698.5525365999929,lum2022_bootstrapCI,1000,0,0,0.0,0.0,True,bootstrap lower bound on V_dc > 0 at one-sided level alpha/P (Bonferroni over P partitions); family-wise level alpha,0.0013672088003368118
casemix_mild_3,"3 levels, predictor SD 0.9/1.0/1.1: true AUROC 0.727/0.745/0.763, gap 0.036 -- mild case-mix heterogeneity, BELOW the 0.05 convention",case_mix,2000,0.2,1,3,0.3333333333333333,False,True,,0.7441665091610675,0.7257613774873206,0.7620927191281264,0.03633134164080576,false alarm about fairness (true subgroup AUROC unequal by case mix; model is the exact DGP),ev10,1000,999,0.05,42,1649479846,0,693.4272301000019,permutation_null,1000,0,162,0.162,0.011651437679531225,True,max-statistic permutation p-value < alpha,0.33522226290003165
casemix_mild_3,"3 levels, predictor SD 0.9/1.0/1.1: true AUROC 0.727/0.745/0.763, gap 0.036 -- mild case-mix heterogeneity, BELOW the 0.05 convention",case_mix,2000,0.2,1,3,0.3333333333333333,False,True,,0.7441665091610675,0.7257613774873206,0.7620927191281264,0.03633134164080576,false alarm about fairness (true subgroup AUROC unequal by case mix; model is the exact DGP),ev10,1000,999,0.05,42,1649479846,0,693.4272301000019,diciccio2020,1000,0,164,0.164,0.011709141727727102,True,max-T permutation p-value < alpha,0.352980144999965
casemix_mild_3,"3 levels, predictor SD 0.9/1.0/1.1: true AUROC 0.727/0.745/0.763, gap 0.036 -- mild case-mix heterogeneity, BELOW the 0.05 convention",case_mix,2000,0.2,1,3,0.3333333333333333,False,True,,0.7441665091610675,0.7257613774873206,0.7620927191281264,0.03633134164080576,false alarm about fairness (true subgroup AUROC unequal by case mix; model is the exact DGP),ev10,1000,999,0.05,42,1649479846,0,693.4272301000019,lum2022,1000,0,208,0.208,0.0128349522788361,True,"Holm over partitions of the one-sided z-test, < alpha",0.0013721399998612468
casemix_mild_3,"3 levels, predictor SD 0.9/1.0/1.1: true AUROC 0.727/0.745/0.763, gap 0.036 -- mild case-mix heterogeneity, BELOW the 0.05 convention",case_mix,2000,0.2,1,3,0.3333333333333333,False,True,,0.7441665091610675,0.7257613774873206,0.7620927191281264,0.03633134164080576,false alarm about fairness (true subgroup AUROC unequal by case mix; model is the exact DGP),ev10,1000,999,0.05,42,1649479846,0,693.4272301000019,four_fifths,1000,0,0,0.0,0.0,False,"deterministic rule, no nominal level",0.00030669860016496384
casemix_mild_3,"3 levels, predictor SD 0.9/1.0/1.1: true AUROC 0.727/0.745/0.763, gap 0.036 -- mild case-mix heterogeneity, BELOW the 0.05 convention",case_mix,2000,0.2,1,3,0.3333333333333333,False,True,,0.7441665091610675,0.7257613774873206,0.7620927191281264,0.03633134164080576,false alarm about fairness (true subgroup AUROC unequal by case mix; model is the exact DGP),ev10,1000,999,0.05,42,1649479846,0,693.4272301000019,fixed_threshold_005,1000,0,506,0.506,0.015810249839898167,False,"deterministic rule, no nominal level",0.00028680119999626184
casemix_mild_3,"3 levels, predictor SD 0.9/1.0/1.1: true AUROC 0.727/0.745/0.763, gap 0.036 -- mild case-mix heterogeneity, BELOW the 0.05 convention",case_mix,2000,0.2,1,3,0.3333333333333333,False,True,,0.7441665091610675,0.7257613774873206,0.7620927191281264,0.03633134164080576,false alarm about fairness (true subgroup AUROC unequal by case mix; model is the exact DGP),ev10,1000,999,0.05,42,1649479846,0,693.4272301000019,lum2022_cochranQ,1000,0,170,0.17,0.011878552100319299,True,"Holm over partitions of Cochran's Q, < alpha",0.0013721399998612468
casemix_mild_3,"3 levels, predictor SD 0.9/1.0/1.1: true AUROC 0.727/0.745/0.763, gap 0.036 -- mild case-mix heterogeneity, BELOW the 0.05 convention",case_mix,2000,0.2,1,3,0.3333333333333333,False,True,,0.7441665091610675,0.7257613774873206,0.7620927191281264,0.03633134164080576,false alarm about fairness (true subgroup AUROC unequal by case mix; model is the exact DGP),ev10,1000,999,0.05,42,1649479846,0,693.4272301000019,lum2022_bootstrapCI,1000,0,0,0.0,0.0,True,bootstrap lower bound on V_dc > 0 at one-sided level alpha/P (Bonferroni over P partitions); family-wise level alpha,0.0013721399998612468
casemix_moderate_3,"3 levels, predictor SD 0.7/1.0/1.4: true AUROC 0.684/0.745/0.807, gap 0.123 -- moderate case-mix heterogeneity, the realistic clinical case",case_mix,2000,0.2,1,3,0.3333333333333333,False,True,,0.7450192526062649,0.683656574871827,0.8066418775753086,0.12298530270348162,false alarm about fairness (true subgroup AUROC unequal by case mix; model is the exact DGP),m30,1000,999,0.05,42,44411793,0,698.7978494999988,permutation_null,1000,0,920,0.92,0.008579044235810886,True,max-statistic permutation p-value < alpha,0.3359716090000875
casemix_moderate_3,"3 levels, predictor SD 0.7/1.0/1.4: true AUROC 0.684/0.745/0.807, gap 0.123 -- moderate case-mix heterogeneity, the realistic clinical case",case_mix,2000,0.2,1,3,0.3333333333333333,False,True,,0.7450192526062649,0.683656574871827,0.8066418775753086,0.12298530270348162,false alarm about fairness (true subgroup AUROC unequal by case mix; model is the exact DGP),m30,1000,999,0.05,42,44411793,0,698.7978494999988,diciccio2020,1000,0,919,0.919,0.008627803892068941,True,max-T permutation p-value < alpha,0.35746855859999777
casemix_moderate_3,"3 levels, predictor SD 0.7/1.0/1.4: true AUROC 0.684/0.745/0.807, gap 0.123 -- moderate case-mix heterogeneity, the realistic clinical case",case_mix,2000,0.2,1,3,0.3333333333333333,False,True,,0.7450192526062649,0.683656574871827,0.8066418775753086,0.12298530270348162,false alarm about fairness (true subgroup AUROC unequal by case mix; model is the exact DGP),m30,1000,999,0.05,42,44411793,0,698.7978494999988,lum2022,1000,0,946,0.946,0.0071473071852271785,True,"Holm over partitions of the one-sided z-test, < alpha",0.001359381200003554
casemix_moderate_3,"3 levels, predictor SD 0.7/1.0/1.4: true AUROC 0.684/0.745/0.807, gap 0.123 -- moderate case-mix heterogeneity, the realistic clinical case",case_mix,2000,0.2,1,3,0.3333333333333333,False,True,,0.7450192526062649,0.683656574871827,0.8066418775753086,0.12298530270348162,false alarm about fairness (true subgroup AUROC unequal by case mix; model is the exact DGP),m30,1000,999,0.05,42,44411793,0,698.7978494999988,four_fifths,1000,0,119,0.119,0.010239091756596383,False,"deterministic rule, no nominal level",0.0003075721997884102
casemix_moderate_3,"3 levels, predictor SD 0.7/1.0/1.4: true AUROC 0.684/0.745/0.807, gap 0.123 -- moderate case-mix heterogeneity, the realistic clinical case",case_mix,2000,0.2,1,3,0.3333333333333333,False,True,,0.7450192526062649,0.683656574871827,0.8066418775753086,0.12298530270348162,false alarm about fairness (true subgroup AUROC unequal by case mix; model is the exact DGP),m30,1000,999,0.05,42,44411793,0,698.7978494999988,fixed_threshold_005,1000,0,991,0.991,0.0029864694875387575,False,"deterministic rule, no nominal level",0.0002876515999378171
casemix_moderate_3,"3 levels, predictor SD 0.7/1.0/1.4: true AUROC 0.684/0.745/0.807, gap 0.123 -- moderate case-mix heterogeneity, the realistic clinical case",case_mix,2000,0.2,1,3,0.3333333333333333,False,True,,0.7450192526062649,0.683656574871827,0.8066418775753086,0.12298530270348162,false alarm about fairness (true subgroup AUROC unequal by case mix; model is the exact DGP),m30,1000,999,0.05,42,44411793,0,698.7978494999988,lum2022_cochranQ,1000,0,926,0.926,0.008277922444671728,True,"Holm over partitions of Cochran's Q, < alpha",0.001359381200003554
casemix_moderate_3,"3 levels, predictor SD 0.7/1.0/1.4: true AUROC 0.684/0.745/0.807, gap 0.123 -- moderate case-mix heterogeneity, the realistic clinical case",case_mix,2000,0.2,1,3,0.3333333333333333,False,True,,0.7450192526062649,0.683656574871827,0.8066418775753086,0.12298530270348162,false alarm about fairness (true subgroup AUROC unequal by case mix; model is the exact DGP),m30,1000,999,0.05,42,44411793,0,698.7978494999988,lum2022_bootstrapCI,1000,0,13,0.013,0.003582038525755969,True,bootstrap lower bound on V_dc > 0 at one-sided level alpha/P (Bonferroni over P partitions); family-wise level alpha,0.001359381200003554
casemix_moderate_3,"3 levels, predictor SD 0.7/1.0/1.4: true AUROC 0.684/0.745/0.807, gap 0.123 -- moderate case-mix heterogeneity, the realistic clinical case",case_mix,2000,0.2,1,3,0.3333333333333333,False,True,,0.7450192526062649,0.683656574871827,0.8066418775753086,0.12298530270348162,false alarm about fairness (true subgroup AUROC unequal by case mix; model is the exact DGP),ev10,1000,999,0.05,42,44411793,0,693.8577550000045,permutation_null,1000,0,920,0.92,0.008579044235810886,True,max-statistic permutation p-value < alpha,0.33178670599999893
casemix_moderate_3,"3 levels, predictor SD 0.7/1.0/1.4: true AUROC 0.684/0.745/0.807, gap 0.123 -- moderate case-mix heterogeneity, the realistic clinical case",case_mix,2000,0.2,1,3,0.3333333333333333,False,True,,0.7450192526062649,0.683656574871827,0.8066418775753086,0.12298530270348162,false alarm about fairness (true subgroup AUROC unequal by case mix; model is the exact DGP),ev10,1000,999,0.05,42,44411793,0,693.8577550000045,diciccio2020,1000,0,919,0.919,0.008627803892068941,True,max-T permutation p-value < alpha,0.35668354179983724
casemix_moderate_3,"3 levels, predictor SD 0.7/1.0/1.4: true AUROC 0.684/0.745/0.807, gap 0.123 -- moderate case-mix heterogeneity, the realistic clinical case",case_mix,2000,0.2,1,3,0.3333333333333333,False,True,,0.7450192526062649,0.683656574871827,0.8066418775753086,0.12298530270348162,false alarm about fairness (true subgroup AUROC unequal by case mix; model is the exact DGP),ev10,1000,999,0.05,42,44411793,0,693.8577550000045,lum2022,1000,0,946,0.946,0.0071473071852271785,True,"Holm over partitions of the one-sided z-test, < alpha",0.00136740689992439
casemix_moderate_3,"3 levels, predictor SD 0.7/1.0/1.4: true AUROC 0.684/0.745/0.807, gap 0.123 -- moderate case-mix heterogeneity, the realistic clinical case",case_mix,2000,0.2,1,3,0.3333333333333333,False,True,,0.7450192526062649,0.683656574871827,0.8066418775753086,0.12298530270348162,false alarm about fairness (true subgroup AUROC unequal by case mix; model is the exact DGP),ev10,1000,999,0.05,42,44411793,0,693.8577550000045,four_fifths,1000,0,119,0.119,0.010239091756596383,False,"deterministic rule, no nominal level",0.00030848190023971257
casemix_moderate_3,"3 levels, predictor SD 0.7/1.0/1.4: true AUROC 0.684/0.745/0.807, gap 0.123 -- moderate case-mix heterogeneity, the realistic clinical case",case_mix,2000,0.2,1,3,0.3333333333333333,False,True,,0.7450192526062649,0.683656574871827,0.8066418775753086,0.12298530270348162,false alarm about fairness (true subgroup AUROC unequal by case mix; model is the exact DGP),ev10,1000,999,0.05,42,44411793,0,693.8577550000045,fixed_threshold_005,1000,0,991,0.991,0.0029864694875387575,False,"deterministic rule, no nominal level",0.00028840619961556513
casemix_moderate_3,"3 levels, predictor SD 0.7/1.0/1.4: true AUROC 0.684/0.745/0.807, gap 0.123 -- moderate case-mix heterogeneity, the realistic clinical case",case_mix,2000,0.2,1,3,0.3333333333333333,False,True,,0.7450192526062649,0.683656574871827,0.8066418775753086,0.12298530270348162,false alarm about fairness (true subgroup AUROC unequal by case mix; model is the exact DGP),ev10,1000,999,0.05,42,44411793,0,693.8577550000045,lum2022_cochranQ,1000,0,926,0.926,0.008277922444671728,True,"Holm over partitions of Cochran's Q, < alpha",0.00136740689992439
casemix_moderate_3,"3 levels, predictor SD 0.7/1.0/1.4: true AUROC 0.684/0.745/0.807, gap 0.123 -- moderate case-mix heterogeneity, the realistic clinical case",case_mix,2000,0.2,1,3,0.3333333333333333,False,True,,0.7450192526062649,0.683656574871827,0.8066418775753086,0.12298530270348162,false alarm about fairness (true subgroup AUROC unequal by case mix; model is the exact DGP),ev10,1000,999,0.05,42,44411793,0,693.8577550000045,lum2022_bootstrapCI,1000,0,13,0.013,0.003582038525755969,True,bootstrap lower bound on V_dc > 0 at one-sided level alpha/P (Bonferroni over P partitions); family-wise level alpha,0.00136740689992439
casemix_location_3,"3 levels differing in predictor LOCATION only, equal spread: true AUROC gap 0.017 -- separates case-mix location from case-mix spread",case_mix,2000,0.2,1,3,0.3333333333333333,False,True,,0.7481993626249164,0.7396577566023412,0.7569369363535458,0.01727917975120452,false alarm about fairness (true subgroup AUROC unequal by case mix; model is the exact DGP),m30,1000,999,0.05,42,2122938886,0,683.3079727000004,permutation_null,1000,0,226,0.226,0.013225883713385657,True,max-statistic permutation p-value < alpha,0.33007222690011256
casemix_location_3,"3 levels differing in predictor LOCATION only, equal spread: true AUROC gap 0.017 -- separates case-mix location from case-mix spread",case_mix,2000,0.2,1,3,0.3333333333333333,False,True,,0.7481993626249164,0.7396577566023412,0.7569369363535458,0.01727917975120452,false alarm about fairness (true subgroup AUROC unequal by case mix; model is the exact DGP),m30,1000,999,0.05,42,2122938886,0,683.3079727000004,diciccio2020,1000,0,44,0.044,0.006485676526007136,True,max-T permutation p-value < alpha,0.34826611059978313
casemix_location_3,"3 levels differing in predictor LOCATION only, equal spread: true AUROC gap 0.017 -- separates case-mix location from case-mix spread",case_mix,2000,0.2,1,3,0.3333333333333333,False,True,,0.7481993626249164,0.7396577566023412,0.7569369363535458,0.01727917975120452,false alarm about fairness (true subgroup AUROC unequal by case mix; model is the exact DGP),m30,1000,999,0.05,42,2122938886,0,683.3079727000004,lum2022,1000,0,113,0.113,0.01001154333756789,True,"Holm over partitions of the one-sided z-test, < alpha",0.0013443618998135206
casemix_location_3,"3 levels differing in predictor LOCATION only, equal spread: true AUROC gap 0.017 -- separates case-mix location from case-mix spread",case_mix,2000,0.2,1,3,0.3333333333333333,False,True,,0.7481993626249164,0.7396577566023412,0.7569369363535458,0.01727917975120452,false alarm about fairness (true subgroup AUROC unequal by case mix; model is the exact DGP),m30,1000,999,0.05,42,2122938886,0,683.3079727000004,four_fifths,1000,0,31,0.031,0.0054807846153630225,False,"deterministic rule, no nominal level",0.0003010936000791844
casemix_location_3,"3 levels differing in predictor LOCATION only, equal spread: true AUROC gap 0.017 -- separates case-mix location from case-mix spread",case_mix,2000,0.2,1,3,0.3333333333333333,False,True,,0.7481993626249164,0.7396577566023412,0.7569369363535458,0.01727917975120452,false alarm about fairness (true subgroup AUROC unequal by case mix; model is the exact DGP),m30,1000,999,0.05,42,2122938886,0,683.3079727000004,fixed_threshold_005,1000,0,642,0.642,0.01516034300403523,False,"deterministic rule, no nominal level",0.0002813855001586489
casemix_location_3,"3 levels differing in predictor LOCATION only, equal spread: true AUROC gap 0.017 -- separates case-mix location from case-mix spread",case_mix,2000,0.2,1,3,0.3333333333333333,False,True,,0.7481993626249164,0.7396577566023412,0.7569369363535458,0.01727917975120452,false alarm about fairness (true subgroup AUROC unequal by case mix; model is the exact DGP),m30,1000,999,0.05,42,2122938886,0,683.3079727000004,lum2022_cochranQ,1000,0,91,0.091,0.009094998625618368,True,"Holm over partitions of Cochran's Q, < alpha",0.0013443618998135206
casemix_location_3,"3 levels differing in predictor LOCATION only, equal spread: true AUROC gap 0.017 -- separates case-mix location from case-mix spread",case_mix,2000,0.2,1,3,0.3333333333333333,False,True,,0.7481993626249164,0.7396577566023412,0.7569369363535458,0.01727917975120452,false alarm about fairness (true subgroup AUROC unequal by case mix; model is the exact DGP),m30,1000,999,0.05,42,2122938886,0,683.3079727000004,lum2022_bootstrapCI,1000,0,0,0.0,0.0,True,bootstrap lower bound on V_dc > 0 at one-sided level alpha/P (Bonferroni over P partitions); family-wise level alpha,0.0013443618998135206
casemix_location_3,"3 levels differing in predictor LOCATION only, equal spread: true AUROC gap 0.017 -- separates case-mix location from case-mix spread",case_mix,2000,0.2,1,3,0.3333333333333333,False,True,,0.7481993626249164,0.7396577566023412,0.7569369363535458,0.01727917975120452,false alarm about fairness (true subgroup AUROC unequal by case mix; model is the exact DGP),ev10,1000,999,0.05,42,2122938886,0,682.9910200999875,permutation_null,1000,0,214,0.214,0.012969348480166612,True,max-statistic permutation p-value < alpha,0.32861210390002815
casemix_location_3,"3 levels differing in predictor LOCATION only, equal spread: true AUROC gap 0.017 -- separates case-mix location from case-mix spread",case_mix,2000,0.2,1,3,0.3333333333333333,False,True,,0.7481993626249164,0.7396577566023412,0.7569369363535458,0.01727917975120452,false alarm about fairness (true subgroup AUROC unequal by case mix; model is the exact DGP),ev10,1000,999,0.05,42,2122938886,0,682.9910200999875,diciccio2020,1000,0,40,0.04,0.0061967733539318665,True,max-T permutation p-value < alpha,0.3494115876998403
casemix_location_3,"3 levels differing in predictor LOCATION only, equal spread: true AUROC gap 0.017 -- separates case-mix location from case-mix spread",case_mix,2000,0.2,1,3,0.3333333333333333,False,True,,0.7481993626249164,0.7396577566023412,0.7569369363535458,0.01727917975120452,false alarm about fairness (true subgroup AUROC unequal by case mix; model is the exact DGP),ev10,1000,999,0.05,42,2122938886,0,682.9910200999875,lum2022,1000,0,104,0.104,0.009653186002558949,True,"Holm over partitions of the one-sided z-test, < alpha",0.001332942199835088
casemix_location_3,"3 levels differing in predictor LOCATION only, equal spread: true AUROC gap 0.017 -- separates case-mix location from case-mix spread",case_mix,2000,0.2,1,3,0.3333333333333333,False,True,,0.7481993626249164,0.7396577566023412,0.7569369363535458,0.01727917975120452,false alarm about fairness (true subgroup AUROC unequal by case mix; model is the exact DGP),ev10,1000,999,0.05,42,2122938886,0,682.9910200999875,four_fifths,1000,0,22,0.022,0.0046385342512479085,False,"deterministic rule, no nominal level",0.000300969399700989
casemix_location_3,"3 levels differing in predictor LOCATION only, equal spread: true AUROC gap 0.017 -- separates case-mix location from case-mix spread",case_mix,2000,0.2,1,3,0.3333333333333333,False,True,,0.7481993626249164,0.7396577566023412,0.7569369363535458,0.01727917975120452,false alarm about fairness (true subgroup AUROC unequal by case mix; model is the exact DGP),ev10,1000,999,0.05,42,2122938886,0,682.9910200999875,fixed_threshold_005,1000,0,589,0.589,0.015558888135082147,False,"deterministic rule, no nominal level",0.0002816763000155333
casemix_location_3,"3 levels differing in predictor LOCATION only, equal spread: true AUROC gap 0.017 -- separates case-mix location from case-mix spread",case_mix,2000,0.2,1,3,0.3333333333333333,False,True,,0.7481993626249164,0.7396577566023412,0.7569369363535458,0.01727917975120452,false alarm about fairness (true subgroup AUROC unequal by case mix; model is the exact DGP),ev10,1000,999,0.05,42,2122938886,0,682.9910200999875,lum2022_cochranQ,1000,0,85,0.085,0.008819013550278738,True,"Holm over partitions of Cochran's Q, < alpha",0.001332942199835088
casemix_location_3,"3 levels differing in predictor LOCATION only, equal spread: true AUROC gap 0.017 -- separates case-mix location from case-mix spread",case_mix,2000,0.2,1,3,0.3333333333333333,False,True,,0.7481993626249164,0.7396577566023412,0.7569369363535458,0.01727917975120452,false alarm about fairness (true subgroup AUROC unequal by case mix; model is the exact DGP),ev10,1000,999,0.05,42,2122938886,0,682.9910200999875,lum2022_bootstrapCI,1000,0,0,0.0,0.0,True,bootstrap lower bound on V_dc > 0 at one-sided level alpha/P (Bonferroni over P partitions); family-wise level alpha,0.001332942199835088
balanced_3x1000,"3 equal levels of 1000, one partition -- the easy case",simple,3000,0.2,1,3,0.3333333333333333,False,False,,0.75,0.75,0.75,0.0,false positive (all true subgroup AUROC equal),m30,1000,999,0.05,42,2056423863,0,738.713066700002,permutation_null,1000,0,42,0.042,0.0063431853196954605,True,max-statistic permutation p-value < alpha,0.35927894989989
balanced_3x1000,"3 equal levels of 1000, one partition -- the easy case",simple,3000,0.2,1,3,0.3333333333333333,False,False,,0.75,0.75,0.75,0.0,false positive (all true subgroup AUROC equal),m30,1000,999,0.05,42,2056423863,0,738.713066700002,diciccio2020,1000,0,40,0.04,0.0061967733539318665,True,max-T permutation p-value < alpha,0.3766901039002114
balanced_3x1000,"3 equal levels of 1000, one partition -- the easy case",simple,3000,0.2,1,3,0.3333333333333333,False,False,,0.75,0.75,0.75,0.0,false positive (all true subgroup AUROC equal),m30,1000,999,0.05,42,2056423863,0,738.713066700002,lum2022,1000,0,61,0.061,0.0075682891065286355,True,"Holm over partitions of the one-sided z-test, < alpha",0.001260079500163556
balanced_3x1000,"3 equal levels of 1000, one partition -- the easy case",simple,3000,0.2,1,3,0.3333333333333333,False,False,,0.75,0.75,0.75,0.0,false positive (all true subgroup AUROC equal),m30,1000,999,0.05,42,2056423863,0,738.713066700002,four_fifths,1000,0,0,0.0,0.0,False,"deterministic rule, no nominal level",0.0003131201000069268
balanced_3x1000,"3 equal levels of 1000, one partition -- the easy case",simple,3000,0.2,1,3,0.3333333333333333,False,False,,0.75,0.75,0.75,0.0,false positive (all true subgroup AUROC equal),m30,1000,999,0.05,42,2056423863,0,738.713066700002,fixed_threshold_005,1000,0,123,0.123,0.010386096475577337,False,"deterministic rule, no nominal level",0.00029503489990020173
balanced_3x1000,"3 equal levels of 1000, one partition -- the easy case",simple,3000,0.2,1,3,0.3333333333333333,False,False,,0.75,0.75,0.75,0.0,false positive (all true subgroup AUROC equal),m30,1000,999,0.05,42,2056423863,0,738.713066700002,lum2022_cochranQ,1000,0,40,0.04,0.0061967733539318665,True,"Holm over partitions of Cochran's Q, < alpha",0.001260079500163556
balanced_3x1000,"3 equal levels of 1000, one partition -- the easy case",simple,3000,0.2,1,3,0.3333333333333333,False,False,,0.75,0.75,0.75,0.0,false positive (all true subgroup AUROC equal),m30,1000,999,0.05,42,2056423863,0,738.713066700002,lum2022_bootstrapCI,1000,0,0,0.0,0.0,True,bootstrap lower bound on V_dc > 0 at one-sided level alpha/P (Bonferroni over P partitions); family-wise level alpha,0.001260079500163556
balanced_3x1000,"3 equal levels of 1000, one partition -- the easy case",simple,3000,0.2,1,3,0.3333333333333333,False,False,,0.75,0.75,0.75,0.0,false positive (all true subgroup AUROC equal),ev10,1000,999,0.05,42,2056423863,0,722.9991150999995,permutation_null,1000,0,42,0.042,0.0063431853196954605,True,max-statistic permutation p-value < alpha,0.3517523555001972
balanced_3x1000,"3 equal levels of 1000, one partition -- the easy case",simple,3000,0.2,1,3,0.3333333333333333,False,False,,0.75,0.75,0.75,0.0,false positive (all true subgroup AUROC equal),ev10,1000,999,0.05,42,2056423863,0,722.9991150999995,diciccio2020,1000,0,40,0.04,0.0061967733539318665,True,max-T permutation p-value < alpha,0.3685675567000872
balanced_3x1000,"3 equal levels of 1000, one partition -- the easy case",simple,3000,0.2,1,3,0.3333333333333333,False,False,,0.75,0.75,0.75,0.0,false positive (all true subgroup AUROC equal),ev10,1000,999,0.05,42,2056423863,0,722.9991150999995,lum2022,1000,0,61,0.061,0.0075682891065286355,True,"Holm over partitions of the one-sided z-test, < alpha",0.0012262404000939568
balanced_3x1000,"3 equal levels of 1000, one partition -- the easy case",simple,3000,0.2,1,3,0.3333333333333333,False,False,,0.75,0.75,0.75,0.0,false positive (all true subgroup AUROC equal),ev10,1000,999,0.05,42,2056423863,0,722.9991150999995,four_fifths,1000,0,0,0.0,0.0,False,"deterministic rule, no nominal level",0.00030691730021499097
balanced_3x1000,"3 equal levels of 1000, one partition -- the easy case",simple,3000,0.2,1,3,0.3333333333333333,False,False,,0.75,0.75,0.75,0.0,false positive (all true subgroup AUROC equal),ev10,1000,999,0.05,42,2056423863,0,722.9991150999995,fixed_threshold_005,1000,0,123,0.123,0.010386096475577337,False,"deterministic rule, no nominal level",0.00028788109992456155
balanced_3x1000,"3 equal levels of 1000, one partition -- the easy case",simple,3000,0.2,1,3,0.3333333333333333,False,False,,0.75,0.75,0.75,0.0,false positive (all true subgroup AUROC equal),ev10,1000,999,0.05,42,2056423863,0,722.9991150999995,lum2022_cochranQ,1000,0,40,0.04,0.0061967733539318665,True,"Holm over partitions of Cochran's Q, < alpha",0.0012262404000939568
balanced_3x1000,"3 equal levels of 1000, one partition -- the easy case",simple,3000,0.2,1,3,0.3333333333333333,False,False,,0.75,0.75,0.75,0.0,false positive (all true subgroup AUROC equal),ev10,1000,999,0.05,42,2056423863,0,722.9991150999995,lum2022_bootstrapCI,1000,0,0,0.0,0.0,True,bootstrap lower bound on V_dc > 0 at one-sided level alpha/P (Bonferroni over P partitions); family-wise level alpha,0.0012262404000939568
balanced_5x200,5 equal levels of 200 -- small but balanced,simple,1000,0.2,1,5,0.2,False,False,,0.75,0.75,0.75,0.0,false positive (all true subgroup AUROC equal),m30,1000,999,0.05,42,2059347044,0,665.9983300000022,permutation_null,1000,0,54,0.054,0.007147307185227175,True,max-statistic permutation p-value < alpha,0.316224451600021
balanced_5x200,5 equal levels of 200 -- small but balanced,simple,1000,0.2,1,5,0.2,False,False,,0.75,0.75,0.75,0.0,false positive (all true subgroup AUROC equal),m30,1000,999,0.05,42,2059347044,0,665.9983300000022,diciccio2020,1000,0,50,0.05,0.006892024376045111,True,max-T permutation p-value < alpha,0.3472226941001718
balanced_5x200,5 equal levels of 200 -- small but balanced,simple,1000,0.2,1,5,0.2,False,False,,0.75,0.75,0.75,0.0,false positive (all true subgroup AUROC equal),m30,1000,999,0.05,42,2059347044,0,665.9983300000022,lum2022,1000,0,71,0.071,0.008121514637061242,True,"Holm over partitions of the one-sided z-test, < alpha",0.0013147957999026403
balanced_5x200,5 equal levels of 200 -- small but balanced,simple,1000,0.2,1,5,0.2,False,False,,0.75,0.75,0.75,0.0,false positive (all true subgroup AUROC equal),m30,1000,999,0.05,42,2059347044,0,665.9983300000022,four_fifths,1000,0,55,0.055,0.00720936890441875,False,"deterministic rule, no nominal level",0.00031785380002111196
balanced_5x200,5 equal levels of 200 -- small but balanced,simple,1000,0.2,1,5,0.2,False,False,,0.75,0.75,0.75,0.0,false positive (all true subgroup AUROC equal),m30,1000,999,0.05,42,2059347044,0,665.9983300000022,fixed_threshold_005,1000,0,904,0.904,0.009315793041926167,False,"deterministic rule, no nominal level",0.0002989831996819703
balanced_5x200,5 equal levels of 200 -- small but balanced,simple,1000,0.2,1,5,0.2,False,False,,0.75,0.75,0.75,0.0,false positive (all true subgroup AUROC equal),m30,1000,999,0.05,42,2059347044,0,665.9983300000022,lum2022_cochranQ,1000,0,59,0.059,0.007451107300260815,True,"Holm over partitions of Cochran's Q, < alpha",0.0013147957999026403
balanced_5x200,5 equal levels of 200 -- small but balanced,simple,1000,0.2,1,5,0.2,False,False,,0.75,0.75,0.75,0.0,false positive (all true subgroup AUROC equal),m30,1000,999,0.05,42,2059347044,0,665.9983300000022,lum2022_bootstrapCI,1000,0,0,0.0,0.0,True,bootstrap lower bound on V_dc > 0 at one-sided level alpha/P (Bonferroni over P partitions); family-wise level alpha,0.0013147957999026403
balanced_5x200,5 equal levels of 200 -- small but balanced,simple,1000,0.2,1,5,0.2,False,False,,0.75,0.75,0.75,0.0,false positive (all true subgroup AUROC equal),ev10,1000,999,0.05,42,2059347044,0,664.3818471999984,permutation_null,1000,0,54,0.054,0.007147307185227175,True,max-statistic permutation p-value < alpha,0.3163078905996954
balanced_5x200,5 equal levels of 200 -- small but balanced,simple,1000,0.2,1,5,0.2,False,False,,0.75,0.75,0.75,0.0,false positive (all true subgroup AUROC equal),ev10,1000,999,0.05,42,2059347044,0,664.3818471999984,diciccio2020,1000,0,50,0.05,0.006892024376045111,True,max-T permutation p-value < alpha,0.3455150346998416
balanced_5x200,5 equal levels of 200 -- small but balanced,simple,1000,0.2,1,5,0.2,False,False,,0.75,0.75,0.75,0.0,false positive (all true subgroup AUROC equal),ev10,1000,999,0.05,42,2059347044,0,664.3818471999984,lum2022,1000,0,71,0.071,0.008121514637061242,True,"Holm over partitions of the one-sided z-test, < alpha",0.0013141071997088147
balanced_5x200,5 equal levels of 200 -- small but balanced,simple,1000,0.2,1,5,0.2,False,False,,0.75,0.75,0.75,0.0,false positive (all true subgroup AUROC equal),ev10,1000,999,0.05,42,2059347044,0,664.3818471999984,four_fifths,1000,0,55,0.055,0.00720936890441875,False,"deterministic rule, no nominal level",0.00032142379961442203
balanced_5x200,5 equal levels of 200 -- small but balanced,simple,1000,0.2,1,5,0.2,False,False,,0.75,0.75,0.75,0.0,false positive (all true subgroup AUROC equal),ev10,1000,999,0.05,42,2059347044,0,664.3818471999984,fixed_threshold_005,1000,0,904,0.904,0.009315793041926167,False,"deterministic rule, no nominal level",0.0003028252002695808
balanced_5x200,5 equal levels of 200 -- small but balanced,simple,1000,0.2,1,5,0.2,False,False,,0.75,0.75,0.75,0.0,false positive (all true subgroup AUROC equal),ev10,1000,999,0.05,42,2059347044,0,664.3818471999984,lum2022_cochranQ,1000,0,59,0.059,0.007451107300260815,True,"Holm over partitions of Cochran's Q, < alpha",0.0013141071997088147
balanced_5x200,5 equal levels of 200 -- small but balanced,simple,1000,0.2,1,5,0.2,False,False,,0.75,0.75,0.75,0.0,false positive (all true subgroup AUROC equal),ev10,1000,999,0.05,42,2059347044,0,664.3818471999984,lum2022_bootstrapCI,1000,0,0,0.0,0.0,True,bootstrap lower bound on V_dc > 0 at one-sided level alpha/P (Bonferroni over P partitions); family-wise level alpha,0.0013141071997088147
composite_n500,composite shift at n=500 -- 25 events per level,composite,500,0.2,1,4,0.25,True,False,power,0.75,0.75,0.75,0.0,false positive (all true subgroup AUROC equal),m30,1000,999,0.05,42,480668649,0,480.3644839000044,permutation_null,1000,0,19,0.019,0.004317290817167636,True,max-statistic permutation p-value < alpha,0.22791565350031306
composite_n500,composite shift at n=500 -- 25 events per level,composite,500,0.2,1,4,0.25,True,False,power,0.75,0.75,0.75,0.0,false positive (all true subgroup AUROC equal),m30,1000,999,0.05,42,480668649,0,480.3644839000044,diciccio2020,1000,0,43,0.043,0.006414904519944158,True,max-T permutation p-value < alpha,0.2501277865998709
composite_n500,composite shift at n=500 -- 25 events per level,composite,500,0.2,1,4,0.25,True,False,power,0.75,0.75,0.75,0.0,false positive (all true subgroup AUROC equal),m30,1000,999,0.05,42,480668649,0,480.3644839000044,lum2022,1000,0,67,0.067,0.007906389820898032,True,"Holm over partitions of the one-sided z-test, < alpha",0.0012235303999477765
composite_n500,composite shift at n=500 -- 25 events per level,composite,500,0.2,1,4,0.25,True,False,power,0.75,0.75,0.75,0.0,false positive (all true subgroup AUROC equal),m30,1000,999,0.05,42,480668649,0,480.3644839000044,four_fifths,1000,0,141,0.141,0.011005407761641547,False,"deterministic rule, no nominal level",0.00024065839989634695
composite_n500,composite shift at n=500 -- 25 events per level,composite,500,0.2,1,4,0.25,True,False,power,0.75,0.75,0.75,0.0,false positive (all true subgroup AUROC equal),m30,1000,999,0.05,42,480668649,0,480.3644839000044,fixed_threshold_005,1000,0,919,0.919,0.008627803892068941,False,"deterministic rule, no nominal level",0.00021983820013701916
composite_n500,composite shift at n=500 -- 25 events per level,composite,500,0.2,1,4,0.25,True,False,power,0.75,0.75,0.75,0.0,false positive (all true subgroup AUROC equal),m30,1000,999,0.05,42,480668649,0,480.3644839000044,lum2022_cochranQ,1000,0,63,0.063,0.007683163410991596,True,"Holm over partitions of Cochran's Q, < alpha",0.0012235303999477765
composite_n500,composite shift at n=500 -- 25 events per level,composite,500,0.2,1,4,0.25,True,False,power,0.75,0.75,0.75,0.0,false positive (all true subgroup AUROC equal),m30,1000,999,0.05,42,480668649,0,480.3644839000044,lum2022_bootstrapCI,1000,0,1,0.001,0.0009994998749374609,True,bootstrap lower bound on V_dc > 0 at one-sided level alpha/P (Bonferroni over P partitions); family-wise level alpha,0.0012235303999477765
composite_n500,composite shift at n=500 -- 25 events per level,composite,500,0.2,1,4,0.25,True,False,power,0.75,0.75,0.75,0.0,false positive (all true subgroup AUROC equal),ev10,1000,999,0.05,42,480668649,0,472.04301080000005,permutation_null,1000,0,19,0.019,0.004317290817167636,True,max-statistic permutation p-value < alpha,0.22400750679985504
composite_n500,composite shift at n=500 -- 25 events per level,composite,500,0.2,1,4,0.25,True,False,power,0.75,0.75,0.75,0.0,false positive (all true subgroup AUROC equal),ev10,1000,999,0.05,42,480668649,0,472.04301080000005,diciccio2020,1000,0,43,0.043,0.006414904519944158,True,max-T permutation p-value < alpha,0.24575777290004772
composite_n500,composite shift at n=500 -- 25 events per level,composite,500,0.2,1,4,0.25,True,False,power,0.75,0.75,0.75,0.0,false positive (all true subgroup AUROC equal),ev10,1000,999,0.05,42,480668649,0,472.04301080000005,lum2022,1000,0,67,0.067,0.007906389820898032,True,"Holm over partitions of the one-sided z-test, < alpha",0.0011981162999145454
composite_n500,composite shift at n=500 -- 25 events per level,composite,500,0.2,1,4,0.25,True,False,power,0.75,0.75,0.75,0.0,false positive (all true subgroup AUROC equal),ev10,1000,999,0.05,42,480668649,0,472.04301080000005,four_fifths,1000,0,141,0.141,0.011005407761641547,False,"deterministic rule, no nominal level",0.0002359794001968112
composite_n500,composite shift at n=500 -- 25 events per level,composite,500,0.2,1,4,0.25,True,False,power,0.75,0.75,0.75,0.0,false positive (all true subgroup AUROC equal),ev10,1000,999,0.05,42,480668649,0,472.04301080000005,fixed_threshold_005,1000,0,919,0.919,0.008627803892068941,False,"deterministic rule, no nominal level",0.00021711259977018926
composite_n500,composite shift at n=500 -- 25 events per level,composite,500,0.2,1,4,0.25,True,False,power,0.75,0.75,0.75,0.0,false positive (all true subgroup AUROC equal),ev10,1000,999,0.05,42,480668649,0,472.04301080000005,lum2022_cochranQ,1000,0,63,0.063,0.007683163410991596,True,"Holm over partitions of Cochran's Q, < alpha",0.0011981162999145454
composite_n500,composite shift at n=500 -- 25 events per level,composite,500,0.2,1,4,0.25,True,False,power,0.75,0.75,0.75,0.0,false positive (all true subgroup AUROC equal),ev10,1000,999,0.05,42,480668649,0,472.04301080000005,lum2022_bootstrapCI,1000,0,1,0.001,0.0009994998749374609,True,bootstrap lower bound on V_dc > 0 at one-sided level alpha/P (Bonferroni over P partitions); family-wise level alpha,0.0011981162999145454
