cohort,cohort_label,is_clinical,n_test,rule,partition,n_levels_admissible,level_max_auc,level_min_auc,observed_auc_gap,boot_gap_lo95,boot_gap_hi95,boot_gap_mean,boot_gap_mean_selection,mbc_gap_aligned,mbc_gap_aligned_recalibrated,mbc_gap_maxmin,residual_gap,residual_gap_lo95,residual_gap_hi95,residual_gap_mc_se_lo95,residual_gap_mc_se_hi95,residual_gap_recalibrated,residual_gap_recalibrated_lo95,residual_gap_recalibrated_hi95,fraction_reportable,casemix_attributable_fraction,casemix_attributable_fraction_lo95,casemix_attributable_fraction_hi95,casemix_attributable_fraction_mc_se_lo95,casemix_attributable_fraction_mc_se_hi95,casemix_attributable_fraction_mc_se_mean,casemix_attributable_fraction_recalibrated,casemix_attributable_fraction_recalibrated_lo95,casemix_attributable_fraction_recalibrated_hi95,casemix_attributable_fraction_recalibrated_mc_se_mean,fraction_selection_inclusive_lo95,fraction_selection_inclusive_hi95,max_abs_mbc_recalibrated_minus_obs_auc,max_abs_mbc_minus_obs_auc,lp_sd_ratio,max_abs_calibration_slope_minus_1,min_calibration_p,boot_n,n_boot,seed,row_type,level,level_n,level_n_pos,level_prevalence,level_obs_auc,level_obs_auc_var,level_mbc,level_mbc_recalibrated,level_mbc_minus_obs_auc,level_mbc_recalibrated_minus_obs_auc,level_lp_sd,level_calibration_intercept,level_calibration_slope,level_calibration_p
diabetes130,Diabetes 130,True,19890,m30,race,5,1,3,0.1235725710459753,-0.08833785894956099,0.317150535634578,0.1267521306818182,0.16536004922693825,-0.0024615034392373447,0.14449777291925436,0.03275220268885792,0.12603407448521264,-0.07937815234143653,0.3164119141203669,0.0069786589558143005,0.005849850060771322,-0.020925201873279065,-0.07885932736206329,0.04000345246305066,False,-0.019919496846282657,,,,,,1.1693353281894072,,,,-0.4565483747269032,0.16080308715892022,0.020449110538055204,0.09159176685171444,1.2400488097604687,0.8936797278125899,0.006530707101683558,2000,2000,42,level,0,3809.0,437.0,0.11472827513783145,0.6261065009731508,0.00020476639799989657,0.6609940374649288,0.6202606991405838,0.034887536491778004,-0.005845801832566999,0.57032239379436,-0.4941765333190878,0.7448002316926302,0.006530707101683558
diabetes130,Diabetes 130,True,19890,m30,race,5,1,3,0.1235725710459753,-0.08833785894956099,0.317150535634578,0.1267521306818182,0.16536004922693825,-0.0024615034392373447,0.14449777291925436,0.03275220268885792,0.12603407448521264,-0.07937815234143653,0.3164119141203669,0.0069786589558143005,0.005849850060771322,-0.020925201873279065,-0.07885932736206329,0.04000345246305066,False,-0.019919496846282657,,,,,,1.1693353281894072,,,,-0.4565483747269032,0.16080308715892022,0.020449110538055204,0.09159176685171444,1.2400488097604687,0.8936797278125899,0.006530707101683558,2000,2000,42,level,1,96.0,8.0,0.08333333333333333,0.7244318181818182,0.009843708652241177,0.6328400513301038,0.7448809287198734,-0.09159176685171444,0.020449110538055204,0.4599193106798152,1.795958383913696,1.8936797278125899,0.47666454792375024
diabetes130,Diabetes 130,True,19890,m30,race,5,1,3,0.1235725710459753,-0.08833785894956099,0.317150535634578,0.1267521306818182,0.16536004922693825,-0.0024615034392373447,0.14449777291925436,0.03275220268885792,0.12603407448521264,-0.07937815234143653,0.3164119141203669,0.0069786589558143005,0.005849850060771322,-0.020925201873279065,-0.07885932736206329,0.04000345246305066,False,-0.019919496846282657,,,,,,1.1693353281894072,,,,-0.4565483747269032,0.16080308715892022,0.020449110538055204,0.09159176685171444,1.2400488097604687,0.8936797278125899,0.006530707101683558,2000,2000,42,level,2,15275.0,1803.0,0.11803600654664484,0.6410663130069572,4.8896295557985354e-05,0.6391008415591352,0.6367039213793125,-0.001965471447821998,-0.004362391627644624,0.49945451074147235,0.02714628126111098,0.9846551534943782,0.07738498691978317
diabetes130,Diabetes 130,True,19890,m30,race,5,1,3,0.1235725710459753,-0.08833785894956099,0.317150535634578,0.1267521306818182,0.16536004922693825,-0.0024615034392373447,0.14449777291925436,0.03275220268885792,0.12603407448521264,-0.07937815234143653,0.3164119141203669,0.0069786589558143005,0.005849850060771322,-0.020925201873279065,-0.07885932736206329,0.04000345246305066,False,-0.019919496846282657,,,,,,1.1693353281894072,,,,-0.4565483747269032,0.16080308715892022,0.020449110538055204,0.09159176685171444,1.2400488097604687,0.8936797278125899,0.006530707101683558,2000,2000,42,level,3,402.0,26.0,0.06467661691542288,0.6008592471358429,0.0020513496874450315,0.6353015547693411,0.6003831558006191,0.034442307633498204,-0.0004760913352238605,0.48141173743303495,-1.0157075948951497,0.733557678255355,0.05685050945051938
diabetes130,Diabetes 130,True,19890,m30,race,5,1,3,0.1235725710459753,-0.08833785894956099,0.317150535634578,0.1267521306818182,0.16536004922693825,-0.0024615034392373447,0.14449777291925436,0.03275220268885792,0.12603407448521264,-0.07937815234143653,0.3164119141203669,0.0069786589558143005,0.005849850060771322,-0.020925201873279065,-0.07885932736206329,0.04000345246305066,False,-0.019919496846282657,,,,,,1.1693353281894072,,,,-0.4565483747269032,0.16080308715892022,0.020449110538055204,0.09159176685171444,1.2400488097604687,0.8936797278125899,0.006530707101683558,2000,2000,42,level,4,308.0,32.0,0.1038961038961039,0.683990036231884,0.0022472166638496448,0.6282418347760709,0.6863790512981318,-0.05574820145581316,0.0023890150662477794,0.46371471458102054,1.109194360024938,1.5001415489603502,0.4647442302739174
diabetes130,Diabetes 130,True,19890,m30,race,5,1,3,0.1235725710459753,-0.08833785894956099,0.317150535634578,0.1267521306818182,0.16536004922693825,-0.0024615034392373447,0.14449777291925436,0.03275220268885792,0.12603407448521264,-0.07937815234143653,0.3164119141203669,0.0069786589558143005,0.005849850060771322,-0.020925201873279065,-0.07885932736206329,0.04000345246305066,False,-0.019919496846282657,,,,,,1.1693353281894072,,,,-0.4565483747269032,0.16080308715892022,0.020449110538055204,0.09159176685171444,1.2400488097604687,0.8936797278125899,0.006530707101683558,2000,2000,42,partition,,,,,,,,,,,,,,
diabetes130,Diabetes 130,True,19890,m30,gender,2,0,1,0.01348071459925726,-0.009632427280806651,0.03855915755709446,0.013633009766461781,0.015236167752944915,0.002075465143907773,0.019166503165890636,0.002075465143907773,0.011405249455349487,-0.012049710515983702,0.03556870729063519,0.0005615057006265186,0.0007763963983699653,-0.005685788566633376,-0.015627331975768426,0.0042541065654781674,False,0.1539580953684847,,,,,,1.4217720451515712,,,,-1.6582361775474155,1.951702086564934,0.008474235343731706,0.01029082948351534,1.0215101992692017,0.13243256345688448,0.021736626905431485,2000,2000,42,level,0,10590.0,1234.0,0.11652502360717658,0.6454490934149504,6.994605544801674e-05,0.6443346734431162,0.642660646637852,-0.0011144199718341463,-0.00278844677709833,0.5184714908140527,0.005763376815302464,0.9892995209305603,0.6761912482003756
diabetes130,Diabetes 130,True,19890,m30,gender,2,0,1,0.01348071459925726,-0.009632427280806651,0.03855915755709446,0.013633009766461781,0.015236167752944915,0.002075465143907773,0.019166503165890636,0.002075465143907773,0.011405249455349487,-0.012049710515983702,0.03556870729063519,0.0005615057006265186,0.0007763963983699653,-0.005685788566633376,-0.015627331975768426,0.0042541065654781674,False,0.1539580953684847,,,,,,1.4217720451515712,,,,-1.6582361775474155,1.951702086564934,0.008474235343731706,0.01029082948351534,1.0215101992692017,0.13243256345688448,0.021736626905431485,2000,2000,42,level,1,9300.0,1072.0,0.11526881720430107,0.6319683788156931,8.303730412261235e-05,0.6422592082992085,0.6234941434719614,0.01029082948351534,-0.008474235343731706,0.5075539051739006,-0.2116362217097694,0.8675674365431155,0.021736626905431485
diabetes130,Diabetes 130,True,19890,m30,gender,2,0,1,0.01348071459925726,-0.009632427280806651,0.03855915755709446,0.013633009766461781,0.015236167752944915,0.002075465143907773,0.019166503165890636,0.002075465143907773,0.011405249455349487,-0.012049710515983702,0.03556870729063519,0.0005615057006265186,0.0007763963983699653,-0.005685788566633376,-0.015627331975768426,0.0042541065654781674,False,0.1539580953684847,,,,,,1.4217720451515712,,,,-1.6582361775474155,1.951702086564934,0.008474235343731706,0.01029082948351534,1.0215101992692017,0.13243256345688448,0.021736626905431485,2000,2000,42,partition,,,,,,,,,,,,,,
diabetes130,Diabetes 130,True,19890,m30,age_group,9,2,9,0.21604857190810656,0.1238264082491319,0.3130892134271063,0.217842037635096,0.24705044545261118,0.20226503141835606,0.2060002724711627,0.20226503141835606,0.013783540489750501,-0.07837510794806057,0.10800199132831002,0.0030538649075231065,0.002727829655720145,0.010048299436943853,-0.016378144135460623,0.03997627873192335,True,0.9362016588769069,0.6460423324347451,1.6254656142753008,0.005141385711657853,0.04072918545615627,0.005761477747539051,0.9534905537759455,0.8145421514752919,1.0930439664063938,0.0015658563143549392,0.2636833748777418,1.1765162127563844,0.03139397346381767,0.04750206599910456,3.3035828296356273,0.3476153529428665,0.15654917892198605,2000,2000,42,level,1,130.0,11.0,0.08461538461538462,0.7440794499618029,0.008510940940238226,0.6965773839626983,0.7555446974428559,-0.04750206599910456,0.011465247481053042,0.6471690459709021,1.2814904984748399,1.3476153529428665,0.357672328230292
diabetes130,Diabetes 130,True,19890,m30,age_group,9,2,9,0.21604857190810656,0.1238264082491319,0.3130892134271063,0.217842037635096,0.24705044545261118,0.20226503141835606,0.2060002724711627,0.20226503141835606,0.013783540489750501,-0.07837510794806057,0.10800199132831002,0.0030538649075231065,0.002727829655720145,0.010048299436943853,-0.016378144135460623,0.03997627873192335,True,0.9362016588769069,0.6460423324347451,1.6254656142753008,0.005141385711657853,0.04072918545615627,0.005761477747539051,0.9534905537759455,0.8145421514752919,1.0930439664063938,0.0015658563143549392,0.2636833748777418,1.1765162127563844,0.03139397346381767,0.04750206599910456,3.3035828296356273,0.3476153529428665,0.15654917892198605,2000,2000,42,level,2,381.0,65.0,0.17060367454068243,0.7872444011684518,0.0009202263561115309,0.7978175813658552,0.7741049097262008,0.010573180197403387,-0.013139491442251017,1.1208369664099294,-0.18041587718541746,0.8967273818850954,0.6761920610619199
diabetes130,Diabetes 130,True,19890,m30,age_group,9,2,9,0.21604857190810656,0.1238264082491319,0.3130892134271063,0.217842037635096,0.24705044545261118,0.20226503141835606,0.2060002724711627,0.20226503141835606,0.013783540489750501,-0.07837510794806057,0.10800199132831002,0.0030538649075231065,0.002727829655720145,0.010048299436943853,-0.016378144135460623,0.03997627873192335,True,0.9362016588769069,0.6460423324347451,1.6254656142753008,0.005141385711657853,0.04072918545615627,0.005761477747539051,0.9534905537759455,0.8145421514752919,1.0930439664063938,0.0015658563143549392,0.2636833748777418,1.1765162127563844,0.03139397346381767,0.04750206599910456,3.3035828296356273,0.3476153529428665,0.15654917892198605,2000,2000,42,level,3,751.0,72.0,0.09587217043941411,0.6990877106856488,0.0008144283760564902,0.6989426324236508,0.6676937372218311,-0.00014507826199794405,-0.03139397346381767,0.6853683965237406,-0.5150576980883604,0.8332618178009077,0.15654917892198605
diabetes130,Diabetes 130,True,19890,m30,age_group,9,2,9,0.21604857190810656,0.1238264082491319,0.3130892134271063,0.217842037635096,0.24705044545261118,0.20226503141835606,0.2060002724711627,0.20226503141835606,0.013783540489750501,-0.07837510794806057,0.10800199132831002,0.0030538649075231065,0.002727829655720145,0.010048299436943853,-0.016378144135460623,0.03997627873192335,True,0.9362016588769069,0.6460423324347451,1.6254656142753008,0.005141385711657853,0.04072918545615627,0.005761477747539051,0.9534905537759455,0.8145421514752919,1.0930439664063938,0.0015658563143549392,0.2636833748777418,1.1765162127563844,0.03139397346381767,0.04750206599910456,3.3035828296356273,0.3476153529428665,0.15654917892198605,2000,2000,42,level,4,1815.0,218.0,0.12011019283746556,0.7074043648354426,0.0004008895287032757,0.6927849866171554,0.7060224920389078,-0.014619378218287182,-0.0013818727965347888,0.6636933354887317,0.27547625073362997,1.0805864721359892,0.20856048749484107
diabetes130,Diabetes 130,True,19890,m30,age_group,9,2,9,0.21604857190810656,0.1238264082491319,0.3130892134271063,0.217842037635096,0.24705044545261118,0.20226503141835606,0.2060002724711627,0.20226503141835606,0.013783540489750501,-0.07837510794806057,0.10800199132831002,0.0030538649075231065,0.002727829655720145,0.010048299436943853,-0.016378144135460623,0.03997627873192335,True,0.9362016588769069,0.6460423324347451,1.6254656142753008,0.005141385711657853,0.04072918545615627,0.005761477747539051,0.9534905537759455,0.8145421514752919,1.0930439664063938,0.0015658563143549392,0.2636833748777418,1.1765162127563844,0.03139397346381767,0.04750206599910456,3.3035828296356273,0.3476153529428665,0.15654917892198605,2000,2000,42,level,5,3384.0,322.0,0.09515366430260047,0.652951831912727,0.00027620963666137273,0.6639985790092393,0.6472524972914528,0.011046747096512322,-0.005699334621274144,0.5672258755932719,-0.2845353883942748,0.8947440979466537,0.26663603956306003
diabetes130,Diabetes 130,True,19890,m30,age_group,9,2,9,0.21604857190810656,0.1238264082491319,0.3130892134271063,0.217842037635096,0.24705044545261118,0.20226503141835606,0.2060002724711627,0.20226503141835606,0.013783540489750501,-0.07837510794806057,0.10800199132831002,0.0030538649075231065,0.002727829655720145,0.010048299436943853,-0.016378144135460623,0.03997627873192335,True,0.9362016588769069,0.6460423324347451,1.6254656142753008,0.005141385711657853,0.04072918545615627,0.005761477747539051,0.9534905537759455,0.8145421514752919,1.0930439664063938,0.0015658563143549392,0.2636833748777418,1.1765162127563844,0.03139397346381767,0.04750206599910456,3.3035828296356273,0.3476153529428665,0.15654917892198605,2000,2000,42,level,6,4392.0,505.0,0.11498178506375227,0.6155410138389708,0.00017979121653239718,0.6261324206758062,0.613668187635309,0.01059140683683546,-0.0018728262036618037,0.4402812779130659,-0.13828338824166242,0.9031384080525453,0.2981315448945718
diabetes130,Diabetes 130,True,19890,m30,age_group,9,2,9,0.21604857190810656,0.1238264082491319,0.3130892134271063,0.217842037635096,0.24705044545261118,0.20226503141835606,0.2060002724711627,0.20226503141835606,0.013783540489750501,-0.07837510794806057,0.10800199132831002,0.0030538649075231065,0.002727829655720145,0.010048299436943853,-0.016378144135460623,0.03997627873192335,True,0.9362016588769069,0.6460423324347451,1.6254656142753008,0.005141385711657853,0.04072918545615627,0.005761477747539051,0.9534905537759455,0.8145421514752919,1.0930439664063938,0.0015658563143549392,0.2636833748777418,1.1765162127563844,0.03139397346381767,0.04750206599910456,3.3035828296356273,0.3476153529428665,0.15654917892198605,2000,2000,42,level,7,5109.0,631.0,0.12350753572127618,0.6113273273315785,0.00014507947018220117,0.6101514325026646,0.6042968646586739,-0.0011758948289138926,-0.007030462672904525,0.3909608568416338,-0.03138100134719551,0.9483557748716974,0.23286440956785318
diabetes130,Diabetes 130,True,19890,m30,age_group,9,2,9,0.21604857190810656,0.1238264082491319,0.3130892134271063,0.217842037635096,0.24705044545261118,0.20226503141835606,0.2060002724711627,0.20226503141835606,0.013783540489750501,-0.07837510794806057,0.10800199132831002,0.0030538649075231065,0.002727829655720145,0.010048299436943853,-0.016378144135460623,0.03997627873192335,True,0.9362016588769069,0.6460423324347451,1.6254656142753008,0.005141385711657853,0.04072918545615627,0.005761477747539051,0.9534905537759455,0.8145421514752919,1.0930439664063938,0.0015658563143549392,0.2636833748777418,1.1765162127563844,0.03139397346381767,0.04750206599910456,3.3035828296356273,0.3476153529428665,0.15654917892198605,2000,2000,42,level,8,3273.0,416.0,0.12710051940116102,0.5880769399046876,0.000226203640567984,0.6031547757036058,0.5882939949391827,0.015077835798918193,0.000217055034495095,0.3676586810494407,-0.19664750406624415,0.8568976328948793,0.16346859666330046
diabetes130,Diabetes 130,True,19890,m30,age_group,9,2,9,0.21604857190810656,0.1238264082491319,0.3130892134271063,0.217842037635096,0.24705044545261118,0.20226503141835606,0.2060002724711627,0.20226503141835606,0.013783540489750501,-0.07837510794806057,0.10800199132831002,0.0030538649075231065,0.002727829655720145,0.010048299436943853,-0.016378144135460623,0.03997627873192335,True,0.9362016588769069,0.6460423324347451,1.6254656142753008,0.005141385711657853,0.04072918545615627,0.005761477747539051,0.9534905537759455,0.8145421514752919,1.0930439664063938,0.0015658563143549392,0.2636833748777418,1.1765162127563844,0.03139397346381767,0.04750206599910456,3.3035828296356273,0.3476153529428665,0.15654917892198605,2000,2000,42,level,9,624.0,66.0,0.10576923076923077,0.5711958292603453,0.0012658654881562861,0.5955525499474992,0.5681046372550381,0.024356720687153888,-0.003091192005307164,0.33927920812373075,-0.6368893569264461,0.7123598579563302,0.6976966974134563
diabetes130,Diabetes 130,True,19890,m30,age_group,9,2,9,0.21604857190810656,0.1238264082491319,0.3130892134271063,0.217842037635096,0.24705044545261118,0.20226503141835606,0.2060002724711627,0.20226503141835606,0.013783540489750501,-0.07837510794806057,0.10800199132831002,0.0030538649075231065,0.002727829655720145,0.010048299436943853,-0.016378144135460623,0.03997627873192335,True,0.9362016588769069,0.6460423324347451,1.6254656142753008,0.005141385711657853,0.04072918545615627,0.005761477747539051,0.9534905537759455,0.8145421514752919,1.0930439664063938,0.0015658563143549392,0.2636833748777418,1.1765162127563844,0.03139397346381767,0.04750206599910456,3.3035828296356273,0.3476153529428665,0.15654917892198605,2000,2000,42,partition,,,,,,,,,,,,,,
diabetes130,Diabetes 130,True,19890,ev10,race,4,4,3,0.0831307890960411,-0.048079540585936685,0.20950947047190388,0.08290268935384498,0.09951660024603133,-0.007059719993270264,0.08599589549751274,0.03275220268885792,0.09019050908931137,-0.036143755940722534,0.21712479667621687,0.003966336147984577,0.0035095281013625777,-0.00286510640147164,-0.0466914327983218,0.04376483615483421,False,-0.08492304800708869,,,,,,1.0344650451731137,,,,-0.8839818828336672,0.44109416346430563,0.005845801832566999,0.05574820145581316,1.2298992804437154,0.5001415489603502,0.006530707101683558,2000,2000,42,level,0,3809.0,437.0,0.11472827513783145,0.6261065009731508,0.00020476639799989657,0.6609940374649288,0.6202606991405838,0.034887536491778004,-0.005845801832566999,0.57032239379436,-0.4941765333190878,0.7448002316926302,0.006530707101683558
diabetes130,Diabetes 130,True,19890,ev10,race,4,4,3,0.0831307890960411,-0.048079540585936685,0.20950947047190388,0.08290268935384498,0.09951660024603133,-0.007059719993270264,0.08599589549751274,0.03275220268885792,0.09019050908931137,-0.036143755940722534,0.21712479667621687,0.003966336147984577,0.0035095281013625777,-0.00286510640147164,-0.0466914327983218,0.04376483615483421,False,-0.08492304800708869,,,,,,1.0344650451731137,,,,-0.8839818828336672,0.44109416346430563,0.005845801832566999,0.05574820145581316,1.2298992804437154,0.5001415489603502,0.006530707101683558,2000,2000,42,level,2,15275.0,1803.0,0.11803600654664484,0.6410663130069572,4.8896295557985354e-05,0.6391008415591352,0.6367039213793125,-0.001965471447821998,-0.004362391627644624,0.49945451074147235,0.02714628126111098,0.9846551534943782,0.07738498691978317
diabetes130,Diabetes 130,True,19890,ev10,race,4,4,3,0.0831307890960411,-0.048079540585936685,0.20950947047190388,0.08290268935384498,0.09951660024603133,-0.007059719993270264,0.08599589549751274,0.03275220268885792,0.09019050908931137,-0.036143755940722534,0.21712479667621687,0.003966336147984577,0.0035095281013625777,-0.00286510640147164,-0.0466914327983218,0.04376483615483421,False,-0.08492304800708869,,,,,,1.0344650451731137,,,,-0.8839818828336672,0.44109416346430563,0.005845801832566999,0.05574820145581316,1.2298992804437154,0.5001415489603502,0.006530707101683558,2000,2000,42,level,3,402.0,26.0,0.06467661691542288,0.6008592471358429,0.0020513496874450315,0.6353015547693411,0.6003831558006191,0.034442307633498204,-0.0004760913352238605,0.48141173743303495,-1.0157075948951497,0.733557678255355,0.05685050945051938
diabetes130,Diabetes 130,True,19890,ev10,race,4,4,3,0.0831307890960411,-0.048079540585936685,0.20950947047190388,0.08290268935384498,0.09951660024603133,-0.007059719993270264,0.08599589549751274,0.03275220268885792,0.09019050908931137,-0.036143755940722534,0.21712479667621687,0.003966336147984577,0.0035095281013625777,-0.00286510640147164,-0.0466914327983218,0.04376483615483421,False,-0.08492304800708869,,,,,,1.0344650451731137,,,,-0.8839818828336672,0.44109416346430563,0.005845801832566999,0.05574820145581316,1.2298992804437154,0.5001415489603502,0.006530707101683558,2000,2000,42,level,4,308.0,32.0,0.1038961038961039,0.683990036231884,0.0022472166638496448,0.6282418347760709,0.6863790512981318,-0.05574820145581316,0.0023890150662477794,0.46371471458102054,1.109194360024938,1.5001415489603502,0.4647442302739174
diabetes130,Diabetes 130,True,19890,ev10,race,4,4,3,0.0831307890960411,-0.048079540585936685,0.20950947047190388,0.08290268935384498,0.09951660024603133,-0.007059719993270264,0.08599589549751274,0.03275220268885792,0.09019050908931137,-0.036143755940722534,0.21712479667621687,0.003966336147984577,0.0035095281013625777,-0.00286510640147164,-0.0466914327983218,0.04376483615483421,False,-0.08492304800708869,,,,,,1.0344650451731137,,,,-0.8839818828336672,0.44109416346430563,0.005845801832566999,0.05574820145581316,1.2298992804437154,0.5001415489603502,0.006530707101683558,2000,2000,42,partition,,,,,,,,,,,,,,
diabetes130,Diabetes 130,True,19890,ev10,gender,2,0,1,0.01348071459925726,-0.012134474625742603,0.03813337248070072,0.013530914790611654,0.01548434569313775,0.002075465143907773,0.019166503165890636,0.002075465143907773,0.011405249455349487,-0.014603803438262977,0.03573328383725542,0.000797056632957458,0.0007487266285141809,-0.005685788566633376,-0.015652988456770253,0.004147051106525515,False,0.1539580953684847,,,,,,1.4217720451515712,,,,-1.2883808120801257,1.4580087748959494,0.008474235343731706,0.01029082948351534,1.0215101992692017,0.13243256345688448,0.021736626905431485,2000,2000,42,level,0,10590.0,1234.0,0.11652502360717658,0.6454490934149504,6.994605544801674e-05,0.6443346734431162,0.642660646637852,-0.0011144199718341463,-0.00278844677709833,0.5184714908140527,0.005763376815302464,0.9892995209305603,0.6761912482003756
diabetes130,Diabetes 130,True,19890,ev10,gender,2,0,1,0.01348071459925726,-0.012134474625742603,0.03813337248070072,0.013530914790611654,0.01548434569313775,0.002075465143907773,0.019166503165890636,0.002075465143907773,0.011405249455349487,-0.014603803438262977,0.03573328383725542,0.000797056632957458,0.0007487266285141809,-0.005685788566633376,-0.015652988456770253,0.004147051106525515,False,0.1539580953684847,,,,,,1.4217720451515712,,,,-1.2883808120801257,1.4580087748959494,0.008474235343731706,0.01029082948351534,1.0215101992692017,0.13243256345688448,0.021736626905431485,2000,2000,42,level,1,9300.0,1072.0,0.11526881720430107,0.6319683788156931,8.303730412261235e-05,0.6422592082992085,0.6234941434719614,0.01029082948351534,-0.008474235343731706,0.5075539051739006,-0.2116362217097694,0.8675674365431155,0.021736626905431485
diabetes130,Diabetes 130,True,19890,ev10,gender,2,0,1,0.01348071459925726,-0.012134474625742603,0.03813337248070072,0.013530914790611654,0.01548434569313775,0.002075465143907773,0.019166503165890636,0.002075465143907773,0.011405249455349487,-0.014603803438262977,0.03573328383725542,0.000797056632957458,0.0007487266285141809,-0.005685788566633376,-0.015652988456770253,0.004147051106525515,False,0.1539580953684847,,,,,,1.4217720451515712,,,,-1.2883808120801257,1.4580087748959494,0.008474235343731706,0.01029082948351534,1.0215101992692017,0.13243256345688448,0.021736626905431485,2000,2000,42,partition,,,,,,,,,,,,,,
diabetes130,Diabetes 130,True,19890,ev10,age_group,9,2,9,0.21604857190810656,0.12904794495086447,0.30682278306512684,0.2173366957256708,0.24475570079646372,0.20226503141835606,0.2060002724711627,0.20226503141835606,0.013783540489750501,-0.0731046769495834,0.10197416718465772,0.0026457792329926157,0.0033292294383480193,0.010048299436943853,-0.015389791875856342,0.04146075019141438,True,0.9362016588769069,0.6618156143545395,1.578690300599166,0.007294341001808992,0.035667809918803736,0.0052785044358323804,0.9534905537759455,0.8069824762043093,1.0826124687765741,0.0015669391704122378,0.27079838155365926,1.155028942207446,0.03139397346381767,0.04750206599910456,3.3035828296356273,0.3476153529428665,0.15654917892198605,2000,2000,42,level,1,130.0,11.0,0.08461538461538462,0.7440794499618029,0.008510940940238226,0.6965773839626983,0.7555446974428559,-0.04750206599910456,0.011465247481053042,0.6471690459709021,1.2814904984748399,1.3476153529428665,0.357672328230292
diabetes130,Diabetes 130,True,19890,ev10,age_group,9,2,9,0.21604857190810656,0.12904794495086447,0.30682278306512684,0.2173366957256708,0.24475570079646372,0.20226503141835606,0.2060002724711627,0.20226503141835606,0.013783540489750501,-0.0731046769495834,0.10197416718465772,0.0026457792329926157,0.0033292294383480193,0.010048299436943853,-0.015389791875856342,0.04146075019141438,True,0.9362016588769069,0.6618156143545395,1.578690300599166,0.007294341001808992,0.035667809918803736,0.0052785044358323804,0.9534905537759455,0.8069824762043093,1.0826124687765741,0.0015669391704122378,0.27079838155365926,1.155028942207446,0.03139397346381767,0.04750206599910456,3.3035828296356273,0.3476153529428665,0.15654917892198605,2000,2000,42,level,2,381.0,65.0,0.17060367454068243,0.7872444011684518,0.0009202263561115309,0.7978175813658552,0.7741049097262008,0.010573180197403387,-0.013139491442251017,1.1208369664099294,-0.18041587718541746,0.8967273818850954,0.6761920610619199
diabetes130,Diabetes 130,True,19890,ev10,age_group,9,2,9,0.21604857190810656,0.12904794495086447,0.30682278306512684,0.2173366957256708,0.24475570079646372,0.20226503141835606,0.2060002724711627,0.20226503141835606,0.013783540489750501,-0.0731046769495834,0.10197416718465772,0.0026457792329926157,0.0033292294383480193,0.010048299436943853,-0.015389791875856342,0.04146075019141438,True,0.9362016588769069,0.6618156143545395,1.578690300599166,0.007294341001808992,0.035667809918803736,0.0052785044358323804,0.9534905537759455,0.8069824762043093,1.0826124687765741,0.0015669391704122378,0.27079838155365926,1.155028942207446,0.03139397346381767,0.04750206599910456,3.3035828296356273,0.3476153529428665,0.15654917892198605,2000,2000,42,level,3,751.0,72.0,0.09587217043941411,0.6990877106856488,0.0008144283760564902,0.6989426324236508,0.6676937372218311,-0.00014507826199794405,-0.03139397346381767,0.6853683965237406,-0.5150576980883604,0.8332618178009077,0.15654917892198605
diabetes130,Diabetes 130,True,19890,ev10,age_group,9,2,9,0.21604857190810656,0.12904794495086447,0.30682278306512684,0.2173366957256708,0.24475570079646372,0.20226503141835606,0.2060002724711627,0.20226503141835606,0.013783540489750501,-0.0731046769495834,0.10197416718465772,0.0026457792329926157,0.0033292294383480193,0.010048299436943853,-0.015389791875856342,0.04146075019141438,True,0.9362016588769069,0.6618156143545395,1.578690300599166,0.007294341001808992,0.035667809918803736,0.0052785044358323804,0.9534905537759455,0.8069824762043093,1.0826124687765741,0.0015669391704122378,0.27079838155365926,1.155028942207446,0.03139397346381767,0.04750206599910456,3.3035828296356273,0.3476153529428665,0.15654917892198605,2000,2000,42,level,4,1815.0,218.0,0.12011019283746556,0.7074043648354426,0.0004008895287032757,0.6927849866171554,0.7060224920389078,-0.014619378218287182,-0.0013818727965347888,0.6636933354887317,0.27547625073362997,1.0805864721359892,0.20856048749484107
diabetes130,Diabetes 130,True,19890,ev10,age_group,9,2,9,0.21604857190810656,0.12904794495086447,0.30682278306512684,0.2173366957256708,0.24475570079646372,0.20226503141835606,0.2060002724711627,0.20226503141835606,0.013783540489750501,-0.0731046769495834,0.10197416718465772,0.0026457792329926157,0.0033292294383480193,0.010048299436943853,-0.015389791875856342,0.04146075019141438,True,0.9362016588769069,0.6618156143545395,1.578690300599166,0.007294341001808992,0.035667809918803736,0.0052785044358323804,0.9534905537759455,0.8069824762043093,1.0826124687765741,0.0015669391704122378,0.27079838155365926,1.155028942207446,0.03139397346381767,0.04750206599910456,3.3035828296356273,0.3476153529428665,0.15654917892198605,2000,2000,42,level,5,3384.0,322.0,0.09515366430260047,0.652951831912727,0.00027620963666137273,0.6639985790092393,0.6472524972914528,0.011046747096512322,-0.005699334621274144,0.5672258755932719,-0.2845353883942748,0.8947440979466537,0.26663603956306003
diabetes130,Diabetes 130,True,19890,ev10,age_group,9,2,9,0.21604857190810656,0.12904794495086447,0.30682278306512684,0.2173366957256708,0.24475570079646372,0.20226503141835606,0.2060002724711627,0.20226503141835606,0.013783540489750501,-0.0731046769495834,0.10197416718465772,0.0026457792329926157,0.0033292294383480193,0.010048299436943853,-0.015389791875856342,0.04146075019141438,True,0.9362016588769069,0.6618156143545395,1.578690300599166,0.007294341001808992,0.035667809918803736,0.0052785044358323804,0.9534905537759455,0.8069824762043093,1.0826124687765741,0.0015669391704122378,0.27079838155365926,1.155028942207446,0.03139397346381767,0.04750206599910456,3.3035828296356273,0.3476153529428665,0.15654917892198605,2000,2000,42,level,6,4392.0,505.0,0.11498178506375227,0.6155410138389708,0.00017979121653239718,0.6261324206758062,0.613668187635309,0.01059140683683546,-0.0018728262036618037,0.4402812779130659,-0.13828338824166242,0.9031384080525453,0.2981315448945718
diabetes130,Diabetes 130,True,19890,ev10,age_group,9,2,9,0.21604857190810656,0.12904794495086447,0.30682278306512684,0.2173366957256708,0.24475570079646372,0.20226503141835606,0.2060002724711627,0.20226503141835606,0.013783540489750501,-0.0731046769495834,0.10197416718465772,0.0026457792329926157,0.0033292294383480193,0.010048299436943853,-0.015389791875856342,0.04146075019141438,True,0.9362016588769069,0.6618156143545395,1.578690300599166,0.007294341001808992,0.035667809918803736,0.0052785044358323804,0.9534905537759455,0.8069824762043093,1.0826124687765741,0.0015669391704122378,0.27079838155365926,1.155028942207446,0.03139397346381767,0.04750206599910456,3.3035828296356273,0.3476153529428665,0.15654917892198605,2000,2000,42,level,7,5109.0,631.0,0.12350753572127618,0.6113273273315785,0.00014507947018220117,0.6101514325026646,0.6042968646586739,-0.0011758948289138926,-0.007030462672904525,0.3909608568416338,-0.03138100134719551,0.9483557748716974,0.23286440956785318
diabetes130,Diabetes 130,True,19890,ev10,age_group,9,2,9,0.21604857190810656,0.12904794495086447,0.30682278306512684,0.2173366957256708,0.24475570079646372,0.20226503141835606,0.2060002724711627,0.20226503141835606,0.013783540489750501,-0.0731046769495834,0.10197416718465772,0.0026457792329926157,0.0033292294383480193,0.010048299436943853,-0.015389791875856342,0.04146075019141438,True,0.9362016588769069,0.6618156143545395,1.578690300599166,0.007294341001808992,0.035667809918803736,0.0052785044358323804,0.9534905537759455,0.8069824762043093,1.0826124687765741,0.0015669391704122378,0.27079838155365926,1.155028942207446,0.03139397346381767,0.04750206599910456,3.3035828296356273,0.3476153529428665,0.15654917892198605,2000,2000,42,level,8,3273.0,416.0,0.12710051940116102,0.5880769399046876,0.000226203640567984,0.6031547757036058,0.5882939949391827,0.015077835798918193,0.000217055034495095,0.3676586810494407,-0.19664750406624415,0.8568976328948793,0.16346859666330046
diabetes130,Diabetes 130,True,19890,ev10,age_group,9,2,9,0.21604857190810656,0.12904794495086447,0.30682278306512684,0.2173366957256708,0.24475570079646372,0.20226503141835606,0.2060002724711627,0.20226503141835606,0.013783540489750501,-0.0731046769495834,0.10197416718465772,0.0026457792329926157,0.0033292294383480193,0.010048299436943853,-0.015389791875856342,0.04146075019141438,True,0.9362016588769069,0.6618156143545395,1.578690300599166,0.007294341001808992,0.035667809918803736,0.0052785044358323804,0.9534905537759455,0.8069824762043093,1.0826124687765741,0.0015669391704122378,0.27079838155365926,1.155028942207446,0.03139397346381767,0.04750206599910456,3.3035828296356273,0.3476153529428665,0.15654917892198605,2000,2000,42,level,9,624.0,66.0,0.10576923076923077,0.5711958292603453,0.0012658654881562861,0.5955525499474992,0.5681046372550381,0.024356720687153888,-0.003091192005307164,0.33927920812373075,-0.6368893569264461,0.7123598579563302,0.6976966974134563
diabetes130,Diabetes 130,True,19890,ev10,age_group,9,2,9,0.21604857190810656,0.12904794495086447,0.30682278306512684,0.2173366957256708,0.24475570079646372,0.20226503141835606,0.2060002724711627,0.20226503141835606,0.013783540489750501,-0.0731046769495834,0.10197416718465772,0.0026457792329926157,0.0033292294383480193,0.010048299436943853,-0.015389791875856342,0.04146075019141438,True,0.9362016588769069,0.6618156143545395,1.578690300599166,0.007294341001808992,0.035667809918803736,0.0052785044358323804,0.9534905537759455,0.8069824762043093,1.0826124687765741,0.0015669391704122378,0.27079838155365926,1.155028942207446,0.03139397346381767,0.04750206599910456,3.3035828296356273,0.3476153529428665,0.15654917892198605,2000,2000,42,partition,,,,,,,,,,,,,,
brfss2024,BRFSS 2024,True,8978,m30,age_group,5,2,5,0.06838591095467761,-0.01935438416389984,0.14450606816551836,0.06689118785124634,0.11484325236703957,0.07919433924416286,0.06880643603941883,0.09093451447024659,-0.01080842828948525,-0.0959083602318159,0.0642773293844094,0.0023526384538191613,0.002566457791044056,-0.00042052508474121897,-0.03328294384928452,0.03129653948234219,False,1.1580505127240095,,,,,,1.0061492941875105,,,,-0.8764793490137648,1.4255597268180562,0.02281705260118916,0.03932545891711248,1.2846866285651966,0.2132545102721315,0.42240768773253257,2000,2000,42,level,1,234.0,9.0,0.038461538461538464,0.7664197530864197,0.007256480937139374,0.8057452120035322,0.7436027004852306,0.03932545891711248,-0.02281705260118916,1.0096522787558728,-0.4622252590177756,0.7867454897278685,0.6704472922994688
brfss2024,BRFSS 2024,True,8978,m30,age_group,5,2,5,0.06838591095467761,-0.01935438416389984,0.14450606816551836,0.06689118785124634,0.11484325236703957,0.07919433924416286,0.06880643603941883,0.09093451447024659,-0.01080842828948525,-0.0959083602318159,0.0642773293844094,0.0023526384538191613,0.002566457791044056,-0.00042052508474121897,-0.03328294384928452,0.03129653948234219,False,1.1580505127240095,,,,,,1.0061492941875105,,,,-0.8764793490137648,1.4255597268180562,0.02281705260118916,0.03932545891711248,1.2846866285651966,0.2132545102721315,0.42240768773253257,2000,2000,42,level,2,611.0,32.0,0.05237315875613748,0.7852979274611399,0.0017596654094880972,0.7940050367774485,0.7854781436405053,0.008707109316308581,0.0001802161793653667,1.0703209416087498,-0.22804259481449624,0.9574856086767188,0.7585963160140543
brfss2024,BRFSS 2024,True,8978,m30,age_group,5,2,5,0.06838591095467761,-0.01935438416389984,0.14450606816551836,0.06689118785124634,0.11484325236703957,0.07919433924416286,0.06880643603941883,0.09093451447024659,-0.01080842828948525,-0.0959083602318159,0.0642773293844094,0.0023526384538191613,0.002566457791044056,-0.00042052508474121897,-0.03328294384928452,0.03129653948234219,False,1.1580505127240095,,,,,,1.0061492941875105,,,,-0.8764793490137648,1.4255597268180562,0.02281705260118916,0.03932545891711248,1.2846866285651966,0.2132545102721315,0.42240768773253257,2000,2000,42,level,3,1219.0,138.0,0.11320754716981132,0.76760313182909,0.00042961733867197786,0.7412783741042219,0.7497052309505084,-0.026324757724868086,-0.017897900878581563,0.904773323410331,0.002043876095931324,1.0391447473013675,0.7360112286241298
brfss2024,BRFSS 2024,True,8978,m30,age_group,5,2,5,0.06838591095467761,-0.01935438416389984,0.14450606816551836,0.06689118785124634,0.11484325236703957,0.07919433924416286,0.06880643603941883,0.09093451447024659,-0.01080842828948525,-0.0959083602318159,0.0642773293844094,0.0023526384538191613,0.002566457791044056,-0.00042052508474121897,-0.03328294384928452,0.03129653948234219,False,1.1580505127240095,,,,,,1.0061492941875105,,,,-0.8764793490137648,1.4255597268180562,0.02281705260118916,0.03932545891711248,1.2846866285651966,0.2132545102721315,0.42240768773253257,2000,2000,42,level,4,2049.0,383.0,0.18692044899951196,0.7599909415463313,0.0001836869986006617,0.7391671452088567,0.7553405568627052,-0.020823796337474554,-0.004650384683626108,0.907148671743677,0.07230410579900699,1.0844121512863387,0.42240768773253257
brfss2024,BRFSS 2024,True,8978,m30,age_group,5,2,5,0.06838591095467761,-0.01935438416389984,0.14450606816551836,0.06689118785124634,0.11484325236703957,0.07919433924416286,0.06880643603941883,0.09093451447024659,-0.01080842828948525,-0.0959083602318159,0.0642773293844094,0.0023526384538191613,0.002566457791044056,-0.00042052508474121897,-0.03328294384928452,0.03129653948234219,False,1.1580505127240095,,,,,,1.0061492941875105,,,,-0.8764793490137648,1.4255597268180562,0.02281705260118916,0.03932545891711248,1.2846866285651966,0.2132545102721315,0.42240768773253257,2000,2000,42,level,5,4821.0,1330.0,0.27587637419622485,0.7169120165064623,6.714885999363082e-05,0.7148106975332856,0.7166717076010864,-0.002101318973176669,-0.00024030890537585226,0.8331377612329777,0.03472287084679767,1.011426343297715,0.7484258333330719
brfss2024,BRFSS 2024,True,8978,m30,age_group,5,2,5,0.06838591095467761,-0.01935438416389984,0.14450606816551836,0.06689118785124634,0.11484325236703957,0.07919433924416286,0.06880643603941883,0.09093451447024659,-0.01080842828948525,-0.0959083602318159,0.0642773293844094,0.0023526384538191613,0.002566457791044056,-0.00042052508474121897,-0.03328294384928452,0.03129653948234219,False,1.1580505127240095,,,,,,1.0061492941875105,,,,-0.8764793490137648,1.4255597268180562,0.02281705260118916,0.03932545891711248,1.2846866285651966,0.2132545102721315,0.42240768773253257,2000,2000,42,partition,,,,,,,,,,,,,,
brfss2024,BRFSS 2024,True,8978,m30,sex,2,0,1,0.013565099277883408,-0.010680841203797415,0.03716429483685593,0.013903524368473277,0.015449994736942894,0.022282221115476175,0.012911586494148253,0.022282221115476175,-0.008717121837592767,-0.03229659367939709,0.015183226129399461,0.000682068512080076,0.0005933648020038121,0.0006535127837351551,-0.004562579451284907,0.005807101832472262,False,1.6426139358821499,,,,,,0.9518239586494848,,,,-12.807798927207328,18.600739390821246,0.0008713670921377537,0.011432240711179875,1.1130054617947456,0.06574724748045258,0.34813967697961334,2000,2000,42,level,0,4484.0,744.0,0.16592328278322926,0.7656821416249784,8.557520599027172e-05,0.7629670227513913,0.7648107745328406,-0.002715118873587108,-0.0008713670921377537,1.1608972324797717,0.009932613170150125,1.0098928294207126,0.9757406031144871
brfss2024,BRFSS 2024,True,8978,m30,sex,2,0,1,0.013565099277883408,-0.010680841203797415,0.03716429483685593,0.013903524368473277,0.015449994736942894,0.022282221115476175,0.012911586494148253,0.022282221115476175,-0.008717121837592767,-0.03229659367939709,0.015183226129399461,0.000682068512080076,0.0005933648020038121,0.0006535127837351551,-0.004562579451284907,0.005807101832472262,False,1.6426139358821499,,,,,,0.9518239586494848,,,,-12.807798927207328,18.600739390821246,0.0008713670921377537,0.011432240711179875,1.1130054617947456,0.06574724748045258,0.34813967697961334,2000,2000,42,level,1,4494.0,1148.0,0.2554517133956386,0.752117042347095,6.305901740721492e-05,0.7406848016359151,0.7518991880386924,-0.011432240711179875,-0.00021785430840259856,1.0430292324062809,0.062210161913814205,1.0657472474804526,0.34813967697961334
brfss2024,BRFSS 2024,True,8978,m30,sex,2,0,1,0.013565099277883408,-0.010680841203797415,0.03716429483685593,0.013903524368473277,0.015449994736942894,0.022282221115476175,0.012911586494148253,0.022282221115476175,-0.008717121837592767,-0.03229659367939709,0.015183226129399461,0.000682068512080076,0.0005933648020038121,0.0006535127837351551,-0.004562579451284907,0.005807101832472262,False,1.6426139358821499,,,,,,0.9518239586494848,,,,-12.807798927207328,18.600739390821246,0.0008713670921377537,0.011432240711179875,1.1130054617947456,0.06574724748045258,0.34813967697961334,2000,2000,42,partition,,,,,,,,,,,,,,
brfss2024,BRFSS 2024,True,8978,m30,race,8,5,2,0.22373194766285132,0.14905443041349054,0.28857731702543776,0.22491123698658286,0.23580399027801027,0.05262532262091213,0.2139568003903347,0.061002441857787915,0.1711066250419392,0.10699600492059151,0.2412559883683143,0.002433419503366804,0.0015233937940408956,0.009775147272516604,-0.009776926068768335,0.028174717238027697,True,0.2352159500270157,0.052894465258627524,0.3969305220073255,0.005631445839511075,0.00559050541104304,0.001964975555431819,0.9563086659074408,0.8706598115578562,1.0489498606126144,0.0012414774444439848,-0.12468756647879964,0.38320789107204556,0.029315524118470493,0.14148344854624306,1.334656893362393,1.859653877702224,0.01240107168785691,2000,2000,42,level,0,177.0,35.0,0.1977401129943503,0.769215291750503,0.0018810223317359206,0.7539381710604566,0.7651427909513687,-0.015277120690046386,-0.004072500799134238,1.1490638622376141,0.07174442726613756,1.064296677663198,0.9637275557634162
brfss2024,BRFSS 2024,True,8978,m30,race,8,5,2,0.22373194766285132,0.14905443041349054,0.28857731702543776,0.22491123698658286,0.23580399027801027,0.05262532262091213,0.2139568003903347,0.061002441857787915,0.1711066250419392,0.10699600492059151,0.2412559883683143,0.002433419503366804,0.0015233937940408956,0.009775147272516604,-0.009776926068768335,0.028174717238027697,True,0.2352159500270157,0.052894465258627524,0.3969305220073255,0.005631445839511075,0.00559050541104304,0.001964975555431819,0.9563086659074408,0.8706598115578562,1.0489498606126144,0.0012414774444439848,-0.12468756647879964,0.38320789107204556,0.029315524118470493,0.14148344854624306,1.334656893362393,1.859653877702224,0.01240107168785691,2000,2000,42,level,1,185.0,15.0,0.08108108108108109,0.7843137254901961,0.0022366551911401525,0.8036030242366502,0.76000644079204,0.01928929874645413,-0.024307284698156018,1.2946324443034434,-0.9717497327420712,0.7914344423299008,0.02237375247933097
brfss2024,BRFSS 2024,True,8978,m30,race,8,5,2,0.22373194766285132,0.14905443041349054,0.28857731702543776,0.22491123698658286,0.23580399027801027,0.05262532262091213,0.2139568003903347,0.061002441857787915,0.1711066250419392,0.10699600492059151,0.2412559883683143,0.002433419503366804,0.0015233937940408956,0.009775147272516604,-0.009776926068768335,0.028174717238027697,True,0.2352159500270157,0.052894465258627524,0.3969305220073255,0.005631445839511075,0.00559050541104304,0.001964975555431819,0.9563086659074408,0.8706598115578562,1.0489498606126144,0.0012414774444439848,-0.12468756647879964,0.38320789107204556,0.029315524118470493,0.14148344854624306,1.334656893362393,1.859653877702224,0.01240107168785691,2000,2000,42,level,2,970.0,162.0,0.1670103092783505,0.7266226622662266,0.00046980966821329813,0.7562458387619228,0.7332838536754336,0.029623176495696124,0.006661191409206957,1.1110440929640166,-0.3809282421886903,0.877410755545194,0.01240107168785691
brfss2024,BRFSS 2024,True,8978,m30,race,8,5,2,0.22373194766285132,0.14905443041349054,0.28857731702543776,0.22491123698658286,0.23580399027801027,0.05262532262091213,0.2139568003903347,0.061002441857787915,0.1711066250419392,0.10699600492059151,0.2412559883683143,0.002433419503366804,0.0015233937940408956,0.009775147272516604,-0.009776926068768335,0.028174717238027697,True,0.2352159500270157,0.052894465258627524,0.3969305220073255,0.005631445839511075,0.00559050541104304,0.001964975555431819,0.9563086659074408,0.8706598115578562,1.0489498606126144,0.0012414774444439848,-0.12468756647879964,0.38320789107204556,0.029315524118470493,0.14148344854624306,1.334656893362393,1.859653877702224,0.01240107168785691,2000,2000,42,level,3,818.0,126.0,0.15403422982885084,0.792744747224516,0.00046437411543717375,0.7796292998844171,0.7959140224980518,-0.013115447340098951,0.003169275273535721,1.2637294006641981,-0.0459443956656323,1.0907023080242022,0.24120726609782658
brfss2024,BRFSS 2024,True,8978,m30,race,8,5,2,0.22373194766285132,0.14905443041349054,0.28857731702543776,0.22491123698658286,0.23580399027801027,0.05262532262091213,0.2139568003903347,0.061002441857787915,0.1711066250419392,0.10699600492059151,0.2412559883683143,0.002433419503366804,0.0015233937940408956,0.009775147272516604,-0.009776926068768335,0.028174717238027697,True,0.2352159500270157,0.052894465258627524,0.3969305220073255,0.005631445839511075,0.00559050541104304,0.001964975555431819,0.9563086659074408,0.8706598115578562,1.0489498606126144,0.0012414774444439848,-0.12468756647879964,0.38320789107204556,0.029315524118470493,0.14148344854624306,1.334656893362393,1.859653877702224,0.01240107168785691,2000,2000,42,level,4,188.0,39.0,0.2074468085106383,0.8403028738599208,0.0010270518572748823,0.7683663305070632,0.8109873497414503,-0.0719365433528576,-0.029315524118470493,1.1605004285002996,0.38996482710531927,1.2604779425179264,0.46551131321163686
brfss2024,BRFSS 2024,True,8978,m30,race,8,5,2,0.22373194766285132,0.14905443041349054,0.28857731702543776,0.22491123698658286,0.23580399027801027,0.05262532262091213,0.2139568003903347,0.061002441857787915,0.1711066250419392,0.10699600492059151,0.2412559883683143,0.002433419503366804,0.0015233937940408956,0.009775147272516604,-0.009776926068768335,0.028174717238027697,True,0.2352159500270157,0.052894465258627524,0.3969305220073255,0.005631445839511075,0.00559050541104304,0.001964975555431819,0.9563086659074408,0.8706598115578562,1.0489498606126144,0.0012414774444439848,-0.12468756647879964,0.38320789107204556,0.029315524118470493,0.14148344854624306,1.334656893362393,1.859653877702224,0.01240107168785691,2000,2000,42,level,5,59.0,12.0,0.2033898305084746,0.9503546099290779,0.0006799473666736053,0.8088711613828349,0.9472406540657683,-0.14148344854624306,-0.0031139558633096476,1.4068216697534202,2.0569610920508894,2.859653877702224,0.019542372274932437
brfss2024,BRFSS 2024,True,8978,m30,race,8,5,2,0.22373194766285132,0.14905443041349054,0.28857731702543776,0.22491123698658286,0.23580399027801027,0.05262532262091213,0.2139568003903347,0.061002441857787915,0.1711066250419392,0.10699600492059151,0.2412559883683143,0.002433419503366804,0.0015233937940408956,0.009775147272516604,-0.009776926068768335,0.028174717238027697,True,0.2352159500270157,0.052894465258627524,0.3969305220073255,0.005631445839511075,0.00559050541104304,0.001964975555431819,0.9563086659074408,0.8706598115578562,1.0489498606126144,0.0012414774444439848,-0.12468756647879964,0.38320789107204556,0.029315524118470493,0.14148344854624306,1.334656893362393,1.859653877702224,0.01240107168785691,2000,2000,42,level,6,71.0,20.0,0.28169014084507044,0.8813725490196079,0.0023376859102774237,0.747868719525047,0.8808958272710491,-0.13350382949456097,-0.0004767217485588393,1.054069908715807,0.9243316651193206,2.0661328876113103,0.048316247324201596
brfss2024,BRFSS 2024,True,8978,m30,race,8,5,2,0.22373194766285132,0.14905443041349054,0.28857731702543776,0.22491123698658286,0.23580399027801027,0.05262532262091213,0.2139568003903347,0.061002441857787915,0.1711066250419392,0.10699600492059151,0.2412559883683143,0.002433419503366804,0.0015233937940408956,0.009775147272516604,-0.009776926068768335,0.028174717238027697,True,0.2352159500270157,0.052894465258627524,0.3969305220073255,0.005631445839511075,0.00559050541104304,0.001964975555431819,0.9563086659074408,0.8706598115578562,1.0489498606126144,0.0012414774444439848,-0.12468756647879964,0.38320789107204556,0.029315524118470493,0.14148344854624306,1.334656893362393,1.859653877702224,0.01240107168785691,2000,2000,42,level,7,6510.0,1483.0,0.22780337941628265,0.7603314321141895,4.62218603755639e-05,0.7541726743731485,0.7587054976206272,-0.006158757741041021,-0.0016259344935622977,1.1238463989692402,0.0814189048023995,1.0261788685429654,0.19198492170001794
brfss2024,BRFSS 2024,True,8978,m30,race,8,5,2,0.22373194766285132,0.14905443041349054,0.28857731702543776,0.22491123698658286,0.23580399027801027,0.05262532262091213,0.2139568003903347,0.061002441857787915,0.1711066250419392,0.10699600492059151,0.2412559883683143,0.002433419503366804,0.0015233937940408956,0.009775147272516604,-0.009776926068768335,0.028174717238027697,True,0.2352159500270157,0.052894465258627524,0.3969305220073255,0.005631445839511075,0.00559050541104304,0.001964975555431819,0.9563086659074408,0.8706598115578562,1.0489498606126144,0.0012414774444439848,-0.12468756647879964,0.38320789107204556,0.029315524118470493,0.14148344854624306,1.334656893362393,1.859653877702224,0.01240107168785691,2000,2000,42,partition,,,,,,,,,,,,,,
brfss2024,BRFSS 2024,True,8978,m30,income,7,0,2,0.04617875962570894,0.0004885318211459628,0.09007109498162068,0.045818426287645486,0.0756470653276507,0.0191218939605744,0.04554341525023098,0.026753021403136845,0.027056865665134544,-0.01633566939515785,0.07013865718404695,0.0012074632351244893,0.0014117803273631894,0.0006353443754779642,-0.010353191403737621,0.010980967553723062,True,0.4140841831950967,0.036557280555823336,1.9828525075767238,0.2612066996537394,0.2237056153141962,0.3577009037595462,0.9862416318535275,0.5504642046479292,1.4663918105462257,0.0477697207913866,-0.11810877336692852,0.561408354633372,0.008225378115048532,0.03055105909292677,1.0626965192521916,0.1957311569935729,0.03849967673375491,2000,2000,42,level,0,1500.0,230.0,0.15333333333333332,0.7862752482026704,0.00022076294677229159,0.7699439776533994,0.7805759359026239,-0.01633127054927097,-0.0056993123000465,1.1623779471957425,0.09306256042834064,1.0574898493264535,0.7760292254488805
brfss2024,BRFSS 2024,True,8978,m30,income,7,0,2,0.04617875962570894,0.0004885318211459628,0.09007109498162068,0.045818426287645486,0.0756470653276507,0.0191218939605744,0.04554341525023098,0.026753021403136845,0.027056865665134544,-0.01633566939515785,0.07013865718404695,0.0012074632351244893,0.0014117803273631894,0.0006353443754779642,-0.010353191403737621,0.010980967553723062,True,0.4140841831950967,0.036557280555823336,1.9828525075767238,0.2612066996537394,0.2237056153141962,0.3577009037595462,0.9862416318535275,0.5504642046479292,1.4663918105462257,0.0477697207913866,-0.11810877336692852,0.561408354633372,0.008225378115048532,0.03055105909292677,1.0626965192521916,0.1957311569935729,0.03849967673375491,2000,2000,42,level,1,1179.0,299.0,0.2536047497879559,0.7567687747035573,0.00024402749603666686,0.7525966007331497,0.7585050325878174,-0.004172173970407589,0.0017362578842601284,1.1209325808273192,-0.051662226837439734,1.0329657071827534,0.5196307816004361
brfss2024,BRFSS 2024,True,8978,m30,income,7,0,2,0.04617875962570894,0.0004885318211459628,0.09007109498162068,0.045818426287645486,0.0756470653276507,0.0191218939605744,0.04554341525023098,0.026753021403136845,0.027056865665134544,-0.01633566939515785,0.07013865718404695,0.0012074632351244893,0.0014117803273631894,0.0006353443754779642,-0.010353191403737621,0.010980967553723062,True,0.4140841831950967,0.036557280555823336,1.9828525075767238,0.2612066996537394,0.2237056153141962,0.3577009037595462,0.9862416318535275,0.5504642046479292,1.4663918105462257,0.0477697207913866,-0.11810877336692852,0.561408354633372,0.008225378115048532,0.03055105909292677,1.0626965192521916,0.1957311569935729,0.03849967673375491,2000,2000,42,level,2,1212.0,291.0,0.2400990099009901,0.7400964885769614,0.0002615526741410048,0.750822083692825,0.7350325206523929,0.010725595115863573,-0.005063967924568535,1.123829845430175,-0.05974281163603796,0.9138839951508487,0.5485065999409908
brfss2024,BRFSS 2024,True,8978,m30,income,7,0,2,0.04617875962570894,0.0004885318211459628,0.09007109498162068,0.045818426287645486,0.0756470653276507,0.0191218939605744,0.04554341525023098,0.026753021403136845,0.027056865665134544,-0.01633566939515785,0.07013865718404695,0.0012074632351244893,0.0014117803273631894,0.0006353443754779642,-0.010353191403737621,0.010980967553723062,True,0.4140841831950967,0.036557280555823336,1.9828525075767238,0.2612066996537394,0.2237056153141962,0.3577009037595462,0.9862416318535275,0.5504642046479292,1.4663918105462257,0.0477697207913866,-0.11810877336692852,0.561408354633372,0.008225378115048532,0.03055105909292677,1.0626965192521916,0.1957311569935729,0.03849967673375491,2000,2000,42,level,3,1396.0,322.0,0.23065902578796563,0.7430413384688342,0.00022987962153181487,0.7431909562502625,0.7425734463650949,0.00014961778142830173,-0.0004678921037393202,1.0938004652670696,0.048531045896624325,0.9969867733955613,0.7527514148970673
brfss2024,BRFSS 2024,True,8978,m30,income,7,0,2,0.04617875962570894,0.0004885318211459628,0.09007109498162068,0.045818426287645486,0.0756470653276507,0.0191218939605744,0.04554341525023098,0.026753021403136845,0.027056865665134544,-0.01633566939515785,0.07013865718404695,0.0012074632351244893,0.0014117803273631894,0.0006353443754779642,-0.010353191403737621,0.010980967553723062,True,0.4140841831950967,0.036557280555823336,1.9828525075767238,0.2612066996537394,0.2237056153141962,0.3577009037595462,0.9862416318535275,0.5504642046479292,1.4663918105462257,0.0477697207913866,-0.11810877336692852,0.561408354633372,0.008225378115048532,0.03055105909292677,1.0626965192521916,0.1957311569935729,0.03849967673375491,2000,2000,42,level,4,2634.0,531.0,0.20159453302961275,0.765634332802301,0.00012475831569254214,0.7507304708091947,0.7622555148810497,-0.014903861993106227,-0.003378817921251276,1.1027339108562204,0.08941199603566076,1.0657884113934217,0.5455401934484911
brfss2024,BRFSS 2024,True,8978,m30,income,7,0,2,0.04617875962570894,0.0004885318211459628,0.09007109498162068,0.045818426287645486,0.0756470653276507,0.0191218939605744,0.04554341525023098,0.026753021403136845,0.027056865665134544,-0.01633566939515785,0.07013865718404695,0.0012074632351244893,0.0014117803273631894,0.0006353443754779642,-0.010353191403737621,0.010980967553723062,True,0.4140841831950967,0.036557280555823336,1.9828525075767238,0.2612066996537394,0.2237056153141962,0.3577009037595462,0.9862416318535275,0.5504642046479292,1.4663918105462257,0.0477697207913866,-0.11810877336692852,0.561408354633372,0.008225378115048532,0.03055105909292677,1.0626965192521916,0.1957311569935729,0.03849967673375491,2000,2000,42,level,5,659.0,177.0,0.26858877086494687,0.783986215626978,0.0004071715175959454,0.7534351565340512,0.7856749179047843,-0.03055105909292677,0.0016887022778062644,1.1079752454869067,0.25698613610415455,1.195731156993573,0.16545138500797565
brfss2024,BRFSS 2024,True,8978,m30,income,7,0,2,0.04617875962570894,0.0004885318211459628,0.09007109498162068,0.045818426287645486,0.0756470653276507,0.0191218939605744,0.04554341525023098,0.026753021403136845,0.027056865665134544,-0.01633566939515785,0.07013865718404695,0.0012074632351244893,0.0014117803273631894,0.0006353443754779642,-0.010353191403737621,0.010980967553723062,True,0.4140841831950967,0.036557280555823336,1.9828525075767238,0.2612066996537394,0.2237056153141962,0.3577009037595462,0.9862416318535275,0.5504642046479292,1.4663918105462257,0.0477697207913866,-0.11810877336692852,0.561408354633372,0.008225378115048532,0.03055105909292677,1.0626965192521916,0.1957311569935729,0.03849967673375491,2000,2000,42,level,6,398.0,42.0,0.10552763819095477,0.7834403424291064,0.0012389684107810214,0.7602025645471785,0.7752149643140579,-0.023237777881927935,-0.008225378115048532,1.1409213613934643,-0.3148532438959173,1.0736850432008447,0.03849967673375491
brfss2024,BRFSS 2024,True,8978,m30,income,7,0,2,0.04617875962570894,0.0004885318211459628,0.09007109498162068,0.045818426287645486,0.0756470653276507,0.0191218939605744,0.04554341525023098,0.026753021403136845,0.027056865665134544,-0.01633566939515785,0.07013865718404695,0.0012074632351244893,0.0014117803273631894,0.0006353443754779642,-0.010353191403737621,0.010980967553723062,True,0.4140841831950967,0.036557280555823336,1.9828525075767238,0.2612066996537394,0.2237056153141962,0.3577009037595462,0.9862416318535275,0.5504642046479292,1.4663918105462257,0.0477697207913866,-0.11810877336692852,0.561408354633372,0.008225378115048532,0.03055105909292677,1.0626965192521916,0.1957311569935729,0.03849967673375491,2000,2000,42,partition,,,,,,,,,,,,,,
brfss2024,BRFSS 2024,True,8978,m30,health_plan,2,0,1,0.010874280680572168,-0.07060940081358148,0.10867204843146461,0.012039818245495128,0.037935312950440676,-0.018246389252707496,0.013766448710198609,0.018246389252707496,0.029120669933279664,-0.050668789030470285,0.1252219590592273,0.002181590925262503,0.0027502000530571944,-0.0028921680296264407,-0.01854646287977398,0.012895939983800056,False,-1.677939882985201,,,,,,1.2659640774946657,,,,-6.1810641578435535,6.43614412492296,0.003957934483064474,0.02048281864650181,1.0289989608655234,0.12175389588370311,0.41713028455092593,2000,2000,42,level,0,8765.0,1861.0,0.2123217341699943,0.7671663756823447,3.515945127339631e-05,0.7585285243955668,0.7661006092289067,-0.008637851286777853,-0.0010657664534380329,1.1499481003914724,0.044328108170199026,1.0426137677487055,0.41713028455092593
brfss2024,BRFSS 2024,True,8978,m30,health_plan,2,0,1,0.010874280680572168,-0.07060940081358148,0.10867204843146461,0.012039818245495128,0.037935312950440676,-0.018246389252707496,0.013766448710198609,0.018246389252707496,0.029120669933279664,-0.050668789030470285,0.1252219590592273,0.002181590925262503,0.0027502000530571944,-0.0028921680296264407,-0.01854646287977398,0.012895939983800056,False,-1.677939882985201,,,,,,1.2659640774946657,,,,-6.1810641578435535,6.43614412492296,0.003957934483064474,0.02048281864650181,1.0289989608655234,0.12175389588370311,0.41713028455092593,2000,2000,42,level,1,213.0,31.0,0.14553990610328638,0.7562920950017725,0.0021422281683197487,0.7767749136482743,0.752334160518708,0.02048281864650181,-0.003957934483064474,1.1832954003521077,-0.0852143225761582,0.8782461041162969,0.7498118448526803
brfss2024,BRFSS 2024,True,8978,m30,health_plan,2,0,1,0.010874280680572168,-0.07060940081358148,0.10867204843146461,0.012039818245495128,0.037935312950440676,-0.018246389252707496,0.013766448710198609,0.018246389252707496,0.029120669933279664,-0.050668789030470285,0.1252219590592273,0.002181590925262503,0.0027502000530571944,-0.0028921680296264407,-0.01854646287977398,0.012895939983800056,False,-1.677939882985201,,,,,,1.2659640774946657,,,,-6.1810641578435535,6.43614412492296,0.003957934483064474,0.02048281864650181,1.0289989608655234,0.12175389588370311,0.41713028455092593,2000,2000,42,partition,,,,,,,,,,,,,,
brfss2024,BRFSS 2024,True,8978,ev10,age_group,4,2,5,0.06838591095467761,-0.017899930660127673,0.14989073044182802,0.07073163217991224,0.08438988192720784,0.07919433924416286,0.06880643603941883,0.07919433924416286,-0.01080842828948525,-0.09342925028658011,0.06792236874103517,0.003023503952643446,0.002001306142645662,-0.00042052508474121897,-0.032745544455861975,0.03219292279913676,False,1.1580505127240095,,,,,,1.0061492941875105,,,,-0.7083989312790927,1.5560406710230332,0.017897900878581563,0.026324757724868086,1.2846866285651966,0.08441215128633872,0.42240768773253257,2000,2000,42,level,2,611.0,32.0,0.05237315875613748,0.7852979274611399,0.0017596654094880972,0.7940050367774485,0.7854781436405053,0.008707109316308581,0.0001802161793653667,1.0703209416087498,-0.22804259481449624,0.9574856086767188,0.7585963160140543
brfss2024,BRFSS 2024,True,8978,ev10,age_group,4,2,5,0.06838591095467761,-0.017899930660127673,0.14989073044182802,0.07073163217991224,0.08438988192720784,0.07919433924416286,0.06880643603941883,0.07919433924416286,-0.01080842828948525,-0.09342925028658011,0.06792236874103517,0.003023503952643446,0.002001306142645662,-0.00042052508474121897,-0.032745544455861975,0.03219292279913676,False,1.1580505127240095,,,,,,1.0061492941875105,,,,-0.7083989312790927,1.5560406710230332,0.017897900878581563,0.026324757724868086,1.2846866285651966,0.08441215128633872,0.42240768773253257,2000,2000,42,level,3,1219.0,138.0,0.11320754716981132,0.76760313182909,0.00042961733867197786,0.7412783741042219,0.7497052309505084,-0.026324757724868086,-0.017897900878581563,0.904773323410331,0.002043876095931324,1.0391447473013675,0.7360112286241298
brfss2024,BRFSS 2024,True,8978,ev10,age_group,4,2,5,0.06838591095467761,-0.017899930660127673,0.14989073044182802,0.07073163217991224,0.08438988192720784,0.07919433924416286,0.06880643603941883,0.07919433924416286,-0.01080842828948525,-0.09342925028658011,0.06792236874103517,0.003023503952643446,0.002001306142645662,-0.00042052508474121897,-0.032745544455861975,0.03219292279913676,False,1.1580505127240095,,,,,,1.0061492941875105,,,,-0.7083989312790927,1.5560406710230332,0.017897900878581563,0.026324757724868086,1.2846866285651966,0.08441215128633872,0.42240768773253257,2000,2000,42,level,4,2049.0,383.0,0.18692044899951196,0.7599909415463313,0.0001836869986006617,0.7391671452088567,0.7553405568627052,-0.020823796337474554,-0.004650384683626108,0.907148671743677,0.07230410579900699,1.0844121512863387,0.42240768773253257
brfss2024,BRFSS 2024,True,8978,ev10,age_group,4,2,5,0.06838591095467761,-0.017899930660127673,0.14989073044182802,0.07073163217991224,0.08438988192720784,0.07919433924416286,0.06880643603941883,0.07919433924416286,-0.01080842828948525,-0.09342925028658011,0.06792236874103517,0.003023503952643446,0.002001306142645662,-0.00042052508474121897,-0.032745544455861975,0.03219292279913676,False,1.1580505127240095,,,,,,1.0061492941875105,,,,-0.7083989312790927,1.5560406710230332,0.017897900878581563,0.026324757724868086,1.2846866285651966,0.08441215128633872,0.42240768773253257,2000,2000,42,level,5,4821.0,1330.0,0.27587637419622485,0.7169120165064623,6.714885999363082e-05,0.7148106975332856,0.7166717076010864,-0.002101318973176669,-0.00024030890537585226,0.8331377612329777,0.03472287084679767,1.011426343297715,0.7484258333330719
brfss2024,BRFSS 2024,True,8978,ev10,age_group,4,2,5,0.06838591095467761,-0.017899930660127673,0.14989073044182802,0.07073163217991224,0.08438988192720784,0.07919433924416286,0.06880643603941883,0.07919433924416286,-0.01080842828948525,-0.09342925028658011,0.06792236874103517,0.003023503952643446,0.002001306142645662,-0.00042052508474121897,-0.032745544455861975,0.03219292279913676,False,1.1580505127240095,,,,,,1.0061492941875105,,,,-0.7083989312790927,1.5560406710230332,0.017897900878581563,0.026324757724868086,1.2846866285651966,0.08441215128633872,0.42240768773253257,2000,2000,42,partition,,,,,,,,,,,,,,
brfss2024,BRFSS 2024,True,8978,ev10,sex,2,0,1,0.013565099277883408,-0.009948131743963178,0.037738711349261926,0.01385118082157259,0.015382178544517679,0.022282221115476175,0.012911586494148253,0.022282221115476175,-0.008717121837592767,-0.03166335446989235,0.015584604854484988,0.0008229732647212481,0.0005905713981083578,0.0006535127837351551,-0.0046438614184924065,0.005591675529850427,False,1.6426139358821499,,,,,,0.9518239586494848,,,,-12.937948097375067,14.683678937818629,0.0008713670921377537,0.011432240711179875,1.1130054617947456,0.06574724748045258,0.34813967697961334,2000,2000,42,level,0,4484.0,744.0,0.16592328278322926,0.7656821416249784,8.557520599027172e-05,0.7629670227513913,0.7648107745328406,-0.002715118873587108,-0.0008713670921377537,1.1608972324797717,0.009932613170150125,1.0098928294207126,0.9757406031144871
brfss2024,BRFSS 2024,True,8978,ev10,sex,2,0,1,0.013565099277883408,-0.009948131743963178,0.037738711349261926,0.01385118082157259,0.015382178544517679,0.022282221115476175,0.012911586494148253,0.022282221115476175,-0.008717121837592767,-0.03166335446989235,0.015584604854484988,0.0008229732647212481,0.0005905713981083578,0.0006535127837351551,-0.0046438614184924065,0.005591675529850427,False,1.6426139358821499,,,,,,0.9518239586494848,,,,-12.937948097375067,14.683678937818629,0.0008713670921377537,0.011432240711179875,1.1130054617947456,0.06574724748045258,0.34813967697961334,2000,2000,42,level,1,4494.0,1148.0,0.2554517133956386,0.752117042347095,6.305901740721492e-05,0.7406848016359151,0.7518991880386924,-0.011432240711179875,-0.00021785430840259856,1.0430292324062809,0.062210161913814205,1.0657472474804526,0.34813967697961334
brfss2024,BRFSS 2024,True,8978,ev10,sex,2,0,1,0.013565099277883408,-0.009948131743963178,0.037738711349261926,0.01385118082157259,0.015382178544517679,0.022282221115476175,0.012911586494148253,0.022282221115476175,-0.008717121837592767,-0.03166335446989235,0.015584604854484988,0.0008229732647212481,0.0005905713981083578,0.0006535127837351551,-0.0046438614184924065,0.005591675529850427,False,1.6426139358821499,,,,,,0.9518239586494848,,,,-12.937948097375067,14.683678937818629,0.0008713670921377537,0.011432240711179875,1.1130054617947456,0.06574724748045258,0.34813967697961334,2000,2000,42,partition,,,,,,,,,,,,,,
brfss2024,BRFSS 2024,True,8978,ev10,race,8,5,2,0.22373194766285132,0.1530328893557205,0.28670692276083404,0.2252649616099317,0.23535199253416444,0.05262532262091213,0.2139568003903347,0.061002441857787915,0.1711066250419392,0.1051971825772624,0.24002001541182583,0.0023500746412794104,0.0020860647023560426,0.009775147272516604,-0.008272664935036481,0.02861272729846147,True,0.2352159500270157,0.0462786737620326,0.4018693528733344,0.005041011012433258,0.0057614167831389895,0.002044409195467182,0.9563086659074408,0.8670441351054391,1.042930845968089,0.0011814191794704602,-0.12273535328947316,0.3888477230119441,0.029315524118470493,0.14148344854624306,1.334656893362393,1.859653877702224,0.01240107168785691,2000,2000,42,level,0,177.0,35.0,0.1977401129943503,0.769215291750503,0.0018810223317359206,0.7539381710604566,0.7651427909513687,-0.015277120690046386,-0.004072500799134238,1.1490638622376141,0.07174442726613756,1.064296677663198,0.9637275557634162
brfss2024,BRFSS 2024,True,8978,ev10,race,8,5,2,0.22373194766285132,0.1530328893557205,0.28670692276083404,0.2252649616099317,0.23535199253416444,0.05262532262091213,0.2139568003903347,0.061002441857787915,0.1711066250419392,0.1051971825772624,0.24002001541182583,0.0023500746412794104,0.0020860647023560426,0.009775147272516604,-0.008272664935036481,0.02861272729846147,True,0.2352159500270157,0.0462786737620326,0.4018693528733344,0.005041011012433258,0.0057614167831389895,0.002044409195467182,0.9563086659074408,0.8670441351054391,1.042930845968089,0.0011814191794704602,-0.12273535328947316,0.3888477230119441,0.029315524118470493,0.14148344854624306,1.334656893362393,1.859653877702224,0.01240107168785691,2000,2000,42,level,1,185.0,15.0,0.08108108108108109,0.7843137254901961,0.0022366551911401525,0.8036030242366502,0.76000644079204,0.01928929874645413,-0.024307284698156018,1.2946324443034434,-0.9717497327420712,0.7914344423299008,0.02237375247933097
brfss2024,BRFSS 2024,True,8978,ev10,race,8,5,2,0.22373194766285132,0.1530328893557205,0.28670692276083404,0.2252649616099317,0.23535199253416444,0.05262532262091213,0.2139568003903347,0.061002441857787915,0.1711066250419392,0.1051971825772624,0.24002001541182583,0.0023500746412794104,0.0020860647023560426,0.009775147272516604,-0.008272664935036481,0.02861272729846147,True,0.2352159500270157,0.0462786737620326,0.4018693528733344,0.005041011012433258,0.0057614167831389895,0.002044409195467182,0.9563086659074408,0.8670441351054391,1.042930845968089,0.0011814191794704602,-0.12273535328947316,0.3888477230119441,0.029315524118470493,0.14148344854624306,1.334656893362393,1.859653877702224,0.01240107168785691,2000,2000,42,level,2,970.0,162.0,0.1670103092783505,0.7266226622662266,0.00046980966821329813,0.7562458387619228,0.7332838536754336,0.029623176495696124,0.006661191409206957,1.1110440929640166,-0.3809282421886903,0.877410755545194,0.01240107168785691
brfss2024,BRFSS 2024,True,8978,ev10,race,8,5,2,0.22373194766285132,0.1530328893557205,0.28670692276083404,0.2252649616099317,0.23535199253416444,0.05262532262091213,0.2139568003903347,0.061002441857787915,0.1711066250419392,0.1051971825772624,0.24002001541182583,0.0023500746412794104,0.0020860647023560426,0.009775147272516604,-0.008272664935036481,0.02861272729846147,True,0.2352159500270157,0.0462786737620326,0.4018693528733344,0.005041011012433258,0.0057614167831389895,0.002044409195467182,0.9563086659074408,0.8670441351054391,1.042930845968089,0.0011814191794704602,-0.12273535328947316,0.3888477230119441,0.029315524118470493,0.14148344854624306,1.334656893362393,1.859653877702224,0.01240107168785691,2000,2000,42,level,3,818.0,126.0,0.15403422982885084,0.792744747224516,0.00046437411543717375,0.7796292998844171,0.7959140224980518,-0.013115447340098951,0.003169275273535721,1.2637294006641981,-0.0459443956656323,1.0907023080242022,0.24120726609782658
brfss2024,BRFSS 2024,True,8978,ev10,race,8,5,2,0.22373194766285132,0.1530328893557205,0.28670692276083404,0.2252649616099317,0.23535199253416444,0.05262532262091213,0.2139568003903347,0.061002441857787915,0.1711066250419392,0.1051971825772624,0.24002001541182583,0.0023500746412794104,0.0020860647023560426,0.009775147272516604,-0.008272664935036481,0.02861272729846147,True,0.2352159500270157,0.0462786737620326,0.4018693528733344,0.005041011012433258,0.0057614167831389895,0.002044409195467182,0.9563086659074408,0.8670441351054391,1.042930845968089,0.0011814191794704602,-0.12273535328947316,0.3888477230119441,0.029315524118470493,0.14148344854624306,1.334656893362393,1.859653877702224,0.01240107168785691,2000,2000,42,level,4,188.0,39.0,0.2074468085106383,0.8403028738599208,0.0010270518572748823,0.7683663305070632,0.8109873497414503,-0.0719365433528576,-0.029315524118470493,1.1605004285002996,0.38996482710531927,1.2604779425179264,0.46551131321163686
brfss2024,BRFSS 2024,True,8978,ev10,race,8,5,2,0.22373194766285132,0.1530328893557205,0.28670692276083404,0.2252649616099317,0.23535199253416444,0.05262532262091213,0.2139568003903347,0.061002441857787915,0.1711066250419392,0.1051971825772624,0.24002001541182583,0.0023500746412794104,0.0020860647023560426,0.009775147272516604,-0.008272664935036481,0.02861272729846147,True,0.2352159500270157,0.0462786737620326,0.4018693528733344,0.005041011012433258,0.0057614167831389895,0.002044409195467182,0.9563086659074408,0.8670441351054391,1.042930845968089,0.0011814191794704602,-0.12273535328947316,0.3888477230119441,0.029315524118470493,0.14148344854624306,1.334656893362393,1.859653877702224,0.01240107168785691,2000,2000,42,level,5,59.0,12.0,0.2033898305084746,0.9503546099290779,0.0006799473666736053,0.8088711613828349,0.9472406540657683,-0.14148344854624306,-0.0031139558633096476,1.4068216697534202,2.0569610920508894,2.859653877702224,0.019542372274932437
brfss2024,BRFSS 2024,True,8978,ev10,race,8,5,2,0.22373194766285132,0.1530328893557205,0.28670692276083404,0.2252649616099317,0.23535199253416444,0.05262532262091213,0.2139568003903347,0.061002441857787915,0.1711066250419392,0.1051971825772624,0.24002001541182583,0.0023500746412794104,0.0020860647023560426,0.009775147272516604,-0.008272664935036481,0.02861272729846147,True,0.2352159500270157,0.0462786737620326,0.4018693528733344,0.005041011012433258,0.0057614167831389895,0.002044409195467182,0.9563086659074408,0.8670441351054391,1.042930845968089,0.0011814191794704602,-0.12273535328947316,0.3888477230119441,0.029315524118470493,0.14148344854624306,1.334656893362393,1.859653877702224,0.01240107168785691,2000,2000,42,level,6,71.0,20.0,0.28169014084507044,0.8813725490196079,0.0023376859102774237,0.747868719525047,0.8808958272710491,-0.13350382949456097,-0.0004767217485588393,1.054069908715807,0.9243316651193206,2.0661328876113103,0.048316247324201596
brfss2024,BRFSS 2024,True,8978,ev10,race,8,5,2,0.22373194766285132,0.1530328893557205,0.28670692276083404,0.2252649616099317,0.23535199253416444,0.05262532262091213,0.2139568003903347,0.061002441857787915,0.1711066250419392,0.1051971825772624,0.24002001541182583,0.0023500746412794104,0.0020860647023560426,0.009775147272516604,-0.008272664935036481,0.02861272729846147,True,0.2352159500270157,0.0462786737620326,0.4018693528733344,0.005041011012433258,0.0057614167831389895,0.002044409195467182,0.9563086659074408,0.8670441351054391,1.042930845968089,0.0011814191794704602,-0.12273535328947316,0.3888477230119441,0.029315524118470493,0.14148344854624306,1.334656893362393,1.859653877702224,0.01240107168785691,2000,2000,42,level,7,6510.0,1483.0,0.22780337941628265,0.7603314321141895,4.62218603755639e-05,0.7541726743731485,0.7587054976206272,-0.006158757741041021,-0.0016259344935622977,1.1238463989692402,0.0814189048023995,1.0261788685429654,0.19198492170001794
brfss2024,BRFSS 2024,True,8978,ev10,race,8,5,2,0.22373194766285132,0.1530328893557205,0.28670692276083404,0.2252649616099317,0.23535199253416444,0.05262532262091213,0.2139568003903347,0.061002441857787915,0.1711066250419392,0.1051971825772624,0.24002001541182583,0.0023500746412794104,0.0020860647023560426,0.009775147272516604,-0.008272664935036481,0.02861272729846147,True,0.2352159500270157,0.0462786737620326,0.4018693528733344,0.005041011012433258,0.0057614167831389895,0.002044409195467182,0.9563086659074408,0.8670441351054391,1.042930845968089,0.0011814191794704602,-0.12273535328947316,0.3888477230119441,0.029315524118470493,0.14148344854624306,1.334656893362393,1.859653877702224,0.01240107168785691,2000,2000,42,partition,,,,,,,,,,,,,,
brfss2024,BRFSS 2024,True,8978,ev10,income,7,0,2,0.04617875962570894,0.002847256030304732,0.08865835835718401,0.04657178611876135,0.07575446976243867,0.0191218939605744,0.04554341525023098,0.026753021403136845,0.027056865665134544,-0.0170499708341764,0.06914648218436764,0.0011317390407978253,0.0010507964226657415,0.0006353443754779642,-0.010060786815648102,0.011577010894158045,True,0.4140841831950967,0.10731637705349825,2.0692631972475883,0.1788748254911511,0.1955990953570347,0.25625584430226594,0.9862416318535275,0.5266402444918674,1.411580969715084,0.056544843899677746,-0.11345184259497955,0.572140243944557,0.008225378115048532,0.03055105909292677,1.0626965192521916,0.1957311569935729,0.03849967673375491,2000,2000,42,level,0,1500.0,230.0,0.15333333333333332,0.7862752482026704,0.00022076294677229159,0.7699439776533994,0.7805759359026239,-0.01633127054927097,-0.0056993123000465,1.1623779471957425,0.09306256042834064,1.0574898493264535,0.7760292254488805
brfss2024,BRFSS 2024,True,8978,ev10,income,7,0,2,0.04617875962570894,0.002847256030304732,0.08865835835718401,0.04657178611876135,0.07575446976243867,0.0191218939605744,0.04554341525023098,0.026753021403136845,0.027056865665134544,-0.0170499708341764,0.06914648218436764,0.0011317390407978253,0.0010507964226657415,0.0006353443754779642,-0.010060786815648102,0.011577010894158045,True,0.4140841831950967,0.10731637705349825,2.0692631972475883,0.1788748254911511,0.1955990953570347,0.25625584430226594,0.9862416318535275,0.5266402444918674,1.411580969715084,0.056544843899677746,-0.11345184259497955,0.572140243944557,0.008225378115048532,0.03055105909292677,1.0626965192521916,0.1957311569935729,0.03849967673375491,2000,2000,42,level,1,1179.0,299.0,0.2536047497879559,0.7567687747035573,0.00024402749603666686,0.7525966007331497,0.7585050325878174,-0.004172173970407589,0.0017362578842601284,1.1209325808273192,-0.051662226837439734,1.0329657071827534,0.5196307816004361
brfss2024,BRFSS 2024,True,8978,ev10,income,7,0,2,0.04617875962570894,0.002847256030304732,0.08865835835718401,0.04657178611876135,0.07575446976243867,0.0191218939605744,0.04554341525023098,0.026753021403136845,0.027056865665134544,-0.0170499708341764,0.06914648218436764,0.0011317390407978253,0.0010507964226657415,0.0006353443754779642,-0.010060786815648102,0.011577010894158045,True,0.4140841831950967,0.10731637705349825,2.0692631972475883,0.1788748254911511,0.1955990953570347,0.25625584430226594,0.9862416318535275,0.5266402444918674,1.411580969715084,0.056544843899677746,-0.11345184259497955,0.572140243944557,0.008225378115048532,0.03055105909292677,1.0626965192521916,0.1957311569935729,0.03849967673375491,2000,2000,42,level,2,1212.0,291.0,0.2400990099009901,0.7400964885769614,0.0002615526741410048,0.750822083692825,0.7350325206523929,0.010725595115863573,-0.005063967924568535,1.123829845430175,-0.05974281163603796,0.9138839951508487,0.5485065999409908
brfss2024,BRFSS 2024,True,8978,ev10,income,7,0,2,0.04617875962570894,0.002847256030304732,0.08865835835718401,0.04657178611876135,0.07575446976243867,0.0191218939605744,0.04554341525023098,0.026753021403136845,0.027056865665134544,-0.0170499708341764,0.06914648218436764,0.0011317390407978253,0.0010507964226657415,0.0006353443754779642,-0.010060786815648102,0.011577010894158045,True,0.4140841831950967,0.10731637705349825,2.0692631972475883,0.1788748254911511,0.1955990953570347,0.25625584430226594,0.9862416318535275,0.5266402444918674,1.411580969715084,0.056544843899677746,-0.11345184259497955,0.572140243944557,0.008225378115048532,0.03055105909292677,1.0626965192521916,0.1957311569935729,0.03849967673375491,2000,2000,42,level,3,1396.0,322.0,0.23065902578796563,0.7430413384688342,0.00022987962153181487,0.7431909562502625,0.7425734463650949,0.00014961778142830173,-0.0004678921037393202,1.0938004652670696,0.048531045896624325,0.9969867733955613,0.7527514148970673
brfss2024,BRFSS 2024,True,8978,ev10,income,7,0,2,0.04617875962570894,0.002847256030304732,0.08865835835718401,0.04657178611876135,0.07575446976243867,0.0191218939605744,0.04554341525023098,0.026753021403136845,0.027056865665134544,-0.0170499708341764,0.06914648218436764,0.0011317390407978253,0.0010507964226657415,0.0006353443754779642,-0.010060786815648102,0.011577010894158045,True,0.4140841831950967,0.10731637705349825,2.0692631972475883,0.1788748254911511,0.1955990953570347,0.25625584430226594,0.9862416318535275,0.5266402444918674,1.411580969715084,0.056544843899677746,-0.11345184259497955,0.572140243944557,0.008225378115048532,0.03055105909292677,1.0626965192521916,0.1957311569935729,0.03849967673375491,2000,2000,42,level,4,2634.0,531.0,0.20159453302961275,0.765634332802301,0.00012475831569254214,0.7507304708091947,0.7622555148810497,-0.014903861993106227,-0.003378817921251276,1.1027339108562204,0.08941199603566076,1.0657884113934217,0.5455401934484911
brfss2024,BRFSS 2024,True,8978,ev10,income,7,0,2,0.04617875962570894,0.002847256030304732,0.08865835835718401,0.04657178611876135,0.07575446976243867,0.0191218939605744,0.04554341525023098,0.026753021403136845,0.027056865665134544,-0.0170499708341764,0.06914648218436764,0.0011317390407978253,0.0010507964226657415,0.0006353443754779642,-0.010060786815648102,0.011577010894158045,True,0.4140841831950967,0.10731637705349825,2.0692631972475883,0.1788748254911511,0.1955990953570347,0.25625584430226594,0.9862416318535275,0.5266402444918674,1.411580969715084,0.056544843899677746,-0.11345184259497955,0.572140243944557,0.008225378115048532,0.03055105909292677,1.0626965192521916,0.1957311569935729,0.03849967673375491,2000,2000,42,level,5,659.0,177.0,0.26858877086494687,0.783986215626978,0.0004071715175959454,0.7534351565340512,0.7856749179047843,-0.03055105909292677,0.0016887022778062644,1.1079752454869067,0.25698613610415455,1.195731156993573,0.16545138500797565
brfss2024,BRFSS 2024,True,8978,ev10,income,7,0,2,0.04617875962570894,0.002847256030304732,0.08865835835718401,0.04657178611876135,0.07575446976243867,0.0191218939605744,0.04554341525023098,0.026753021403136845,0.027056865665134544,-0.0170499708341764,0.06914648218436764,0.0011317390407978253,0.0010507964226657415,0.0006353443754779642,-0.010060786815648102,0.011577010894158045,True,0.4140841831950967,0.10731637705349825,2.0692631972475883,0.1788748254911511,0.1955990953570347,0.25625584430226594,0.9862416318535275,0.5266402444918674,1.411580969715084,0.056544843899677746,-0.11345184259497955,0.572140243944557,0.008225378115048532,0.03055105909292677,1.0626965192521916,0.1957311569935729,0.03849967673375491,2000,2000,42,level,6,398.0,42.0,0.10552763819095477,0.7834403424291064,0.0012389684107810214,0.7602025645471785,0.7752149643140579,-0.023237777881927935,-0.008225378115048532,1.1409213613934643,-0.3148532438959173,1.0736850432008447,0.03849967673375491
brfss2024,BRFSS 2024,True,8978,ev10,income,7,0,2,0.04617875962570894,0.002847256030304732,0.08865835835718401,0.04657178611876135,0.07575446976243867,0.0191218939605744,0.04554341525023098,0.026753021403136845,0.027056865665134544,-0.0170499708341764,0.06914648218436764,0.0011317390407978253,0.0010507964226657415,0.0006353443754779642,-0.010060786815648102,0.011577010894158045,True,0.4140841831950967,0.10731637705349825,2.0692631972475883,0.1788748254911511,0.1955990953570347,0.25625584430226594,0.9862416318535275,0.5266402444918674,1.411580969715084,0.056544843899677746,-0.11345184259497955,0.572140243944557,0.008225378115048532,0.03055105909292677,1.0626965192521916,0.1957311569935729,0.03849967673375491,2000,2000,42,partition,,,,,,,,,,,,,,
brfss2024,BRFSS 2024,True,8978,ev10,health_plan,2,0,1,0.010874280680572168,-0.07399366206386657,0.099828999686455,0.009415812907021641,0.03703834108772327,-0.018246389252707496,0.013766448710198609,0.018246389252707496,0.029120669933279664,-0.058832722817907704,0.11781802282068701,0.0021380681951095053,0.0035370698829686087,-0.0028921680296264407,-0.0182333586520196,0.01323027447307278,False,-1.677939882985201,,,,,,1.2659640774946657,,,,-6.793722395307209,5.34404019014706,0.003957934483064474,0.02048281864650181,1.0289989608655234,0.12175389588370311,0.41713028455092593,2000,2000,42,level,0,8765.0,1861.0,0.2123217341699943,0.7671663756823447,3.515945127339631e-05,0.7585285243955668,0.7661006092289067,-0.008637851286777853,-0.0010657664534380329,1.1499481003914724,0.044328108170199026,1.0426137677487055,0.41713028455092593
brfss2024,BRFSS 2024,True,8978,ev10,health_plan,2,0,1,0.010874280680572168,-0.07399366206386657,0.099828999686455,0.009415812907021641,0.03703834108772327,-0.018246389252707496,0.013766448710198609,0.018246389252707496,0.029120669933279664,-0.058832722817907704,0.11781802282068701,0.0021380681951095053,0.0035370698829686087,-0.0028921680296264407,-0.0182333586520196,0.01323027447307278,False,-1.677939882985201,,,,,,1.2659640774946657,,,,-6.793722395307209,5.34404019014706,0.003957934483064474,0.02048281864650181,1.0289989608655234,0.12175389588370311,0.41713028455092593,2000,2000,42,level,1,213.0,31.0,0.14553990610328638,0.7562920950017725,0.0021422281683197487,0.7767749136482743,0.752334160518708,0.02048281864650181,-0.003957934483064474,1.1832954003521077,-0.0852143225761582,0.8782461041162969,0.7498118448526803
brfss2024,BRFSS 2024,True,8978,ev10,health_plan,2,0,1,0.010874280680572168,-0.07399366206386657,0.099828999686455,0.009415812907021641,0.03703834108772327,-0.018246389252707496,0.013766448710198609,0.018246389252707496,0.029120669933279664,-0.058832722817907704,0.11781802282068701,0.0021380681951095053,0.0035370698829686087,-0.0028921680296264407,-0.0182333586520196,0.01323027447307278,False,-1.677939882985201,,,,,,1.2659640774946657,,,,-6.793722395307209,5.34404019014706,0.003957934483064474,0.02048281864650181,1.0289989608655234,0.12175389588370311,0.41713028455092593,2000,2000,42,partition,,,,,,,,,,,,,,
adult_income,Adult Income,False,9045,m30,sex,2,0,1,0.05768519018202545,0.041206329317672596,0.07277223833596007,0.057799928872649176,0.057799928872649176,0.010496999151429098,0.047566287187638,0.010496999151429098,0.04718819103059635,0.032028777701266754,0.061689498382426065,0.00048731338268044074,0.0004114410943673413,0.010118902994387446,0.004439754879219135,0.016034078282885774,True,0.18197043501643748,0.06393329561253773,0.2947920274783057,0.00323293913521483,0.003878489838852415,0.001316023130732662,0.8245840403324098,0.6931468683286,0.9205318441792356,0.0012811970095687514,0.06393329561253773,0.2947920274783057,0.008721541498172503,0.044705710663472065,1.4064712340883565,0.2548517212696728,3.4310319526129415e-06,2000,2000,42,level,0,2918.0,363.0,0.12440027416038382,0.9226526068369156,4.7455864157551105e-05,0.8779468961734436,0.9139310653387431,-0.044705710663472065,-0.008721541498172503,2.2434191417865543,0.5146552585880423,1.2548517212696728,3.4310319526129415e-06
adult_income,Adult Income,False,9045,m30,sex,2,0,1,0.05768519018202545,0.041206329317672596,0.07277223833596007,0.057799928872649176,0.057799928872649176,0.010496999151429098,0.047566287187638,0.010496999151429098,0.04718819103059635,0.032028777701266754,0.061689498382426065,0.00048731338268044074,0.0004114410943673413,0.010118902994387446,0.004439754879219135,0.016034078282885774,True,0.18197043501643748,0.06393329561253773,0.2947920274783057,0.00323293913521483,0.003878489838852415,0.001316023130732662,0.8245840403324098,0.6931468683286,0.9205318441792356,0.0012811970095687514,0.06393329561253773,0.2947920274783057,0.008721541498172503,0.044705710663472065,1.4064712340883565,0.2548517212696728,3.4310319526129415e-06,2000,2000,42,level,1,6127.0,1879.0,0.3066753713073282,0.8649674166548902,2.1682297039127805e-05,0.8674498970220145,0.8663647781511051,0.0024824803671242845,0.0013973614962149439,3.1553044889259767,-0.019022896027862658,0.9923790101525639,0.8789420959245386
adult_income,Adult Income,False,9045,m30,sex,2,0,1,0.05768519018202545,0.041206329317672596,0.07277223833596007,0.057799928872649176,0.057799928872649176,0.010496999151429098,0.047566287187638,0.010496999151429098,0.04718819103059635,0.032028777701266754,0.061689498382426065,0.00048731338268044074,0.0004114410943673413,0.010118902994387446,0.004439754879219135,0.016034078282885774,True,0.18197043501643748,0.06393329561253773,0.2947920274783057,0.00323293913521483,0.003878489838852415,0.001316023130732662,0.8245840403324098,0.6931468683286,0.9205318441792356,0.0012811970095687514,0.06393329561253773,0.2947920274783057,0.008721541498172503,0.044705710663472065,1.4064712340883565,0.2548517212696728,3.4310319526129415e-06,2000,2000,42,partition,,,,,,,,,,,,,,
adult_income,Adult Income,False,9045,m30,race,5,0,1,0.08080979653560305,0.010595743861872873,0.14579622140106002,0.08109644447547672,0.09577333870970274,-0.02523565230178315,0.07916054982631204,0.026718723561564572,0.1060454488373862,0.04624278951823321,0.16867265669545511,0.0016818776085533998,0.0019002282354391507,0.001649246709291008,-0.013666245261470946,0.015889137517548703,True,-0.312284566768645,-2.9382686192369483,0.1525246364429182,0.5541129705099517,0.020399972421970013,0.3120107225588805,0.9795910052989134,0.7682537062873489,1.508533585636279,0.09107664579579199,-0.689853643574946,0.3689264037501724,0.00475727029969264,0.08873749816258869,1.7616019550411504,1.352102553472048,0.03391834517734662,2000,2000,42,level,0,90.0,13.0,0.14444444444444443,0.9530469530469531,0.0006234979945479972,0.8643094548843644,0.9554998302133325,-0.08873749816258869,0.00245287716637943,2.0208608610054677,0.8189995643125545,2.352102553472048,0.03391834517734662
adult_income,Adult Income,False,9045,m30,race,5,0,1,0.08080979653560305,0.010595743861872873,0.14579622140106002,0.08109644447547672,0.09577333870970274,-0.02523565230178315,0.07916054982631204,0.026718723561564572,0.1060454488373862,0.04624278951823321,0.16867265669545511,0.0016818776085533998,0.0019002282354391507,0.001649246709291008,-0.013666245261470946,0.015889137517548703,True,-0.312284566768645,-2.9382686192369483,0.1525246364429182,0.5541129705099517,0.020399972421970013,0.3120107225588805,0.9795910052989134,0.7682537062873489,1.508533585636279,0.09107664579579199,-0.689853643574946,0.3689264037501724,0.00475727029969264,0.08873749816258869,1.7616019550411504,1.352102553472048,0.03391834517734662,2000,2000,42,level,1,258.0,72.0,0.27906976744186046,0.87223715651135,0.0005604072325528021,0.8895451071861475,0.8763392803870205,0.017307950674797512,0.004102123875670438,3.410650540559726,0.13644114351611486,0.9235143353924687,0.4691577955214188
adult_income,Adult Income,False,9045,m30,race,5,0,1,0.08080979653560305,0.010595743861872873,0.14579622140106002,0.08109644447547672,0.09577333870970274,-0.02523565230178315,0.07916054982631204,0.026718723561564572,0.1060454488373862,0.04624278951823321,0.16867265669545511,0.0016818776085533998,0.0019002282354391507,0.001649246709291008,-0.013666245261470946,0.015889137517548703,True,-0.312284566768645,-2.9382686192369483,0.1525246364429182,0.5541129705099517,0.020399972421970013,0.3120107225588805,0.9795910052989134,0.7682537062873489,1.508533585636279,0.09107664579579199,-0.689853643574946,0.3689264037501724,0.00475727029969264,0.08873749816258869,1.7616019550411504,1.352102553472048,0.03391834517734662,2000,2000,42,level,2,838.0,111.0,0.1324582338902148,0.9200465940493452,0.00014385640878917247,0.891028178445929,0.9152893237496526,-0.029018415603416226,-0.00475727029969264,2.369349398567659,0.034606723715791515,1.1518419277581866,0.17218836161228648
adult_income,Adult Income,False,9045,m30,race,5,0,1,0.08080979653560305,0.010595743861872873,0.14579622140106002,0.08109644447547672,0.09577333870970274,-0.02523565230178315,0.07916054982631204,0.026718723561564572,0.1060454488373862,0.04624278951823321,0.16867265669545511,0.0016818776085533998,0.0019002282354391507,0.001649246709291008,-0.013666245261470946,0.015889137517548703,True,-0.312284566768645,-2.9382686192369483,0.1525246364429182,0.5541129705099517,0.020399972421970013,0.3120107225588805,0.9795910052989134,0.7682537062873489,1.508533585636279,0.09107664579579199,-0.689853643574946,0.3689264037501724,0.00475727029969264,0.08873749816258869,1.7616019550411504,1.352102553472048,0.03391834517734662,2000,2000,42,level,3,80.0,9.0,0.1125,0.9311424100156493,0.0014318916454736069,0.889686112494038,0.9275967784219626,-0.041456297521611396,-0.0035456315936867044,1.936107377037995,0.4585988916770783,1.3046837737784198,0.6986369878997827
adult_income,Adult Income,False,9045,m30,race,5,0,1,0.08080979653560305,0.010595743861872873,0.14579622140106002,0.08109644447547672,0.09577333870970274,-0.02523565230178315,0.07916054982631204,0.026718723561564572,0.1060454488373862,0.04624278951823321,0.16867265669545511,0.0016818776085533998,0.0019002282354391507,0.001649246709291008,-0.013666245261470946,0.015889137517548703,True,-0.312284566768645,-2.9382686192369483,0.1525246364429182,0.5541129705099517,0.020399972421970013,0.3120107225588805,0.9795910052989134,0.7682537062873489,1.508533585636279,0.09107664579579199,-0.689853643574946,0.3689264037501724,0.00475727029969264,0.08873749816258869,1.7616019550411504,1.352102553472048,0.03391834517734662,2000,2000,42,level,4,7779.0,2037.0,0.2618588507520247,0.8849379478600952,1.5039068450661871e-05,0.8819769913005401,0.8848984425484349,-0.0029609565595550835,-3.950531166030391e-05,3.03536575739145,0.033691240233183754,1.0206293866804916,0.6048171055496876
adult_income,Adult Income,False,9045,m30,race,5,0,1,0.08080979653560305,0.010595743861872873,0.14579622140106002,0.08109644447547672,0.09577333870970274,-0.02523565230178315,0.07916054982631204,0.026718723561564572,0.1060454488373862,0.04624278951823321,0.16867265669545511,0.0016818776085533998,0.0019002282354391507,0.001649246709291008,-0.013666245261470946,0.015889137517548703,True,-0.312284566768645,-2.9382686192369483,0.1525246364429182,0.5541129705099517,0.020399972421970013,0.3120107225588805,0.9795910052989134,0.7682537062873489,1.508533585636279,0.09107664579579199,-0.689853643574946,0.3689264037501724,0.00475727029969264,0.08873749816258869,1.7616019550411504,1.352102553472048,0.03391834517734662,2000,2000,42,partition,,,,,,,,,,,,,,
adult_income,Adult Income,False,9045,m30,age_group,2,1,0,0.06726777249691196,0.05238328080680843,0.08245928877497789,0.06709240331327701,0.06709240331327701,0.023126915604007925,0.06324516674380942,0.023126915604007925,0.044140856892904035,0.030576038339594762,0.057813274141017626,0.0004210888759389604,0.00042215056215658814,0.004022605753102537,0.0012488421390426385,0.006857095240180671,True,0.34380379705704694,0.26041523666394656,0.44669022342710146,0.0026045131166167195,0.0038273231025369604,0.001043163087547,0.9402001046892522,0.8959849212284886,0.9811878595413412,0.00047922953176239113,0.26041523666394656,0.44669022342710146,0.0021073503710772323,0.02608163572874911,1.3462294653620601,0.16889989884224232,1.1840709375834558e-05,2000,2000,42,level,0,3989.0,1430.0,0.35848583604913514,0.8449899846148379,3.717361410479268e-05,0.8630492057789928,0.8470973349859151,0.018059221164154926,0.0021073503710772323,3.3271487980675634,0.04572023580260345,0.9048354613782288,0.0012249395118725474
adult_income,Adult Income,False,9045,m30,age_group,2,1,0,0.06726777249691196,0.05238328080680843,0.08245928877497789,0.06709240331327701,0.06709240331327701,0.023126915604007925,0.06324516674380942,0.023126915604007925,0.044140856892904035,0.030576038339594762,0.057813274141017626,0.0004210888759389604,0.00042215056215658814,0.004022605753102537,0.0012488421390426385,0.006857095240180671,True,0.34380379705704694,0.26041523666394656,0.44669022342710146,0.0026045131166167195,0.0038273231025369604,0.001043163087547,0.9402001046892522,0.8959849212284886,0.9811878595413412,0.00047922953176239113,0.26041523666394656,0.44669022342710146,0.0021073503710772323,0.02608163572874911,1.3462294653620601,0.16889989884224232,1.1840709375834558e-05,2000,2000,42,level,1,5056.0,812.0,0.1606012658227848,0.9122577571117498,2.251860379070604e-05,0.8861761213830007,0.9103425017297245,-0.02608163572874911,-0.0019152553820253049,2.471457417679346,0.07160729980428687,1.1688998988422423,1.1840709375834558e-05
adult_income,Adult Income,False,9045,m30,age_group,2,1,0,0.06726777249691196,0.05238328080680843,0.08245928877497789,0.06709240331327701,0.06709240331327701,0.023126915604007925,0.06324516674380942,0.023126915604007925,0.044140856892904035,0.030576038339594762,0.057813274141017626,0.0004210888759389604,0.00042215056215658814,0.004022605753102537,0.0012488421390426385,0.006857095240180671,True,0.34380379705704694,0.26041523666394656,0.44669022342710146,0.0026045131166167195,0.0038273231025369604,0.001043163087547,0.9402001046892522,0.8959849212284886,0.9811878595413412,0.00047922953176239113,0.26041523666394656,0.44669022342710146,0.0021073503710772323,0.02608163572874911,1.3462294653620601,0.16889989884224232,1.1840709375834558e-05,2000,2000,42,partition,,,,,,,,,,,,,,
adult_income,Adult Income,False,9045,ev10,sex,2,0,1,0.05768519018202545,0.04106930735416424,0.07307929939180331,0.05752173542604436,0.05752173542604436,0.010496999151429098,0.047566287187638,0.010496999151429098,0.04718819103059635,0.03183359703050597,0.061597342204955975,0.0006252516515841533,0.00046749119708133763,0.010118902994387446,0.004377636340222646,0.015760005882181415,True,0.18197043501643748,0.07232771883166937,0.30018130997227577,0.0035165407784917453,0.0035418947030608212,0.0013132139737597147,0.8245840403324098,0.700952776021983,0.9234492976720196,0.001287337581661064,0.07232771883166937,0.30018130997227577,0.008721541498172503,0.044705710663472065,1.4064712340883565,0.2548517212696728,3.4310319526129415e-06,2000,2000,42,level,0,2918.0,363.0,0.12440027416038382,0.9226526068369156,4.7455864157551105e-05,0.8779468961734436,0.9139310653387431,-0.044705710663472065,-0.008721541498172503,2.2434191417865543,0.5146552585880423,1.2548517212696728,3.4310319526129415e-06
adult_income,Adult Income,False,9045,ev10,sex,2,0,1,0.05768519018202545,0.04106930735416424,0.07307929939180331,0.05752173542604436,0.05752173542604436,0.010496999151429098,0.047566287187638,0.010496999151429098,0.04718819103059635,0.03183359703050597,0.061597342204955975,0.0006252516515841533,0.00046749119708133763,0.010118902994387446,0.004377636340222646,0.015760005882181415,True,0.18197043501643748,0.07232771883166937,0.30018130997227577,0.0035165407784917453,0.0035418947030608212,0.0013132139737597147,0.8245840403324098,0.700952776021983,0.9234492976720196,0.001287337581661064,0.07232771883166937,0.30018130997227577,0.008721541498172503,0.044705710663472065,1.4064712340883565,0.2548517212696728,3.4310319526129415e-06,2000,2000,42,level,1,6127.0,1879.0,0.3066753713073282,0.8649674166548902,2.1682297039127805e-05,0.8674498970220145,0.8663647781511051,0.0024824803671242845,0.0013973614962149439,3.1553044889259767,-0.019022896027862658,0.9923790101525639,0.8789420959245386
adult_income,Adult Income,False,9045,ev10,sex,2,0,1,0.05768519018202545,0.04106930735416424,0.07307929939180331,0.05752173542604436,0.05752173542604436,0.010496999151429098,0.047566287187638,0.010496999151429098,0.04718819103059635,0.03183359703050597,0.061597342204955975,0.0006252516515841533,0.00046749119708133763,0.010118902994387446,0.004377636340222646,0.015760005882181415,True,0.18197043501643748,0.07232771883166937,0.30018130997227577,0.0035165407784917453,0.0035418947030608212,0.0013132139737597147,0.8245840403324098,0.700952776021983,0.9234492976720196,0.001287337581661064,0.07232771883166937,0.30018130997227577,0.008721541498172503,0.044705710663472065,1.4064712340883565,0.2548517212696728,3.4310319526129415e-06,2000,2000,42,partition,,,,,,,,,,,,,,
adult_income,Adult Income,False,9045,ev10,race,4,0,1,0.08080979653560305,0.012875076685560542,0.14398238223843046,0.08072749237769397,0.08727506924562553,-0.02523565230178315,0.07916054982631204,0.026718723561564572,0.1060454488373862,0.04635898090942749,0.17033237017298347,0.002591766060259244,0.0017794572939535448,0.001649246709291008,-0.013099749497335835,0.017008930339374822,True,-0.312284566768645,-2.56046055391495,0.16752031770883538,0.23669674862604284,0.039944676087739266,0.06513535513215787,0.9795910052989134,0.7368989843113231,1.3790884531505265,0.01622567558460234,-0.9868417673001457,0.2871725384269876,0.00475727029969264,0.08873749816258869,1.6877216073464734,1.352102553472048,0.03391834517734662,2000,2000,42,level,0,90.0,13.0,0.14444444444444443,0.9530469530469531,0.0006234979945479972,0.8643094548843644,0.9554998302133325,-0.08873749816258869,0.00245287716637943,2.0208608610054677,0.8189995643125545,2.352102553472048,0.03391834517734662
adult_income,Adult Income,False,9045,ev10,race,4,0,1,0.08080979653560305,0.012875076685560542,0.14398238223843046,0.08072749237769397,0.08727506924562553,-0.02523565230178315,0.07916054982631204,0.026718723561564572,0.1060454488373862,0.04635898090942749,0.17033237017298347,0.002591766060259244,0.0017794572939535448,0.001649246709291008,-0.013099749497335835,0.017008930339374822,True,-0.312284566768645,-2.56046055391495,0.16752031770883538,0.23669674862604284,0.039944676087739266,0.06513535513215787,0.9795910052989134,0.7368989843113231,1.3790884531505265,0.01622567558460234,-0.9868417673001457,0.2871725384269876,0.00475727029969264,0.08873749816258869,1.6877216073464734,1.352102553472048,0.03391834517734662,2000,2000,42,level,1,258.0,72.0,0.27906976744186046,0.87223715651135,0.0005604072325528021,0.8895451071861475,0.8763392803870205,0.017307950674797512,0.004102123875670438,3.410650540559726,0.13644114351611486,0.9235143353924687,0.4691577955214188
adult_income,Adult Income,False,9045,ev10,race,4,0,1,0.08080979653560305,0.012875076685560542,0.14398238223843046,0.08072749237769397,0.08727506924562553,-0.02523565230178315,0.07916054982631204,0.026718723561564572,0.1060454488373862,0.04635898090942749,0.17033237017298347,0.002591766060259244,0.0017794572939535448,0.001649246709291008,-0.013099749497335835,0.017008930339374822,True,-0.312284566768645,-2.56046055391495,0.16752031770883538,0.23669674862604284,0.039944676087739266,0.06513535513215787,0.9795910052989134,0.7368989843113231,1.3790884531505265,0.01622567558460234,-0.9868417673001457,0.2871725384269876,0.00475727029969264,0.08873749816258869,1.6877216073464734,1.352102553472048,0.03391834517734662,2000,2000,42,level,2,838.0,111.0,0.1324582338902148,0.9200465940493452,0.00014385640878917247,0.891028178445929,0.9152893237496526,-0.029018415603416226,-0.00475727029969264,2.369349398567659,0.034606723715791515,1.1518419277581866,0.17218836161228648
adult_income,Adult Income,False,9045,ev10,race,4,0,1,0.08080979653560305,0.012875076685560542,0.14398238223843046,0.08072749237769397,0.08727506924562553,-0.02523565230178315,0.07916054982631204,0.026718723561564572,0.1060454488373862,0.04635898090942749,0.17033237017298347,0.002591766060259244,0.0017794572939535448,0.001649246709291008,-0.013099749497335835,0.017008930339374822,True,-0.312284566768645,-2.56046055391495,0.16752031770883538,0.23669674862604284,0.039944676087739266,0.06513535513215787,0.9795910052989134,0.7368989843113231,1.3790884531505265,0.01622567558460234,-0.9868417673001457,0.2871725384269876,0.00475727029969264,0.08873749816258869,1.6877216073464734,1.352102553472048,0.03391834517734662,2000,2000,42,level,4,7779.0,2037.0,0.2618588507520247,0.8849379478600952,1.5039068450661871e-05,0.8819769913005401,0.8848984425484349,-0.0029609565595550835,-3.950531166030391e-05,3.03536575739145,0.033691240233183754,1.0206293866804916,0.6048171055496876
adult_income,Adult Income,False,9045,ev10,race,4,0,1,0.08080979653560305,0.012875076685560542,0.14398238223843046,0.08072749237769397,0.08727506924562553,-0.02523565230178315,0.07916054982631204,0.026718723561564572,0.1060454488373862,0.04635898090942749,0.17033237017298347,0.002591766060259244,0.0017794572939535448,0.001649246709291008,-0.013099749497335835,0.017008930339374822,True,-0.312284566768645,-2.56046055391495,0.16752031770883538,0.23669674862604284,0.039944676087739266,0.06513535513215787,0.9795910052989134,0.7368989843113231,1.3790884531505265,0.01622567558460234,-0.9868417673001457,0.2871725384269876,0.00475727029969264,0.08873749816258869,1.6877216073464734,1.352102553472048,0.03391834517734662,2000,2000,42,partition,,,,,,,,,,,,,,
adult_income,Adult Income,False,9045,ev10,age_group,2,1,0,0.06726777249691196,0.051878134915945284,0.08277368441577468,0.06740175651329212,0.06740175651329212,0.023126915604007925,0.06324516674380942,0.023126915604007925,0.044140856892904035,0.030777260532129726,0.058043297794884,0.0003783497949141926,0.00046580276652131156,0.004022605753102537,0.0013445548373709482,0.006639821672373816,True,0.34380379705704694,0.26062391437814375,0.446484557866653,0.0026441244797810936,0.004063811907533772,0.0010396950293664773,0.9402001046892522,0.8967741907057399,0.9797992863054633,0.0004717668871003598,0.26062391437814375,0.446484557866653,0.0021073503710772323,0.02608163572874911,1.3462294653620601,0.16889989884224232,1.1840709375834558e-05,2000,2000,42,level,0,3989.0,1430.0,0.35848583604913514,0.8449899846148379,3.717361410479268e-05,0.8630492057789928,0.8470973349859151,0.018059221164154926,0.0021073503710772323,3.3271487980675634,0.04572023580260345,0.9048354613782288,0.0012249395118725474
adult_income,Adult Income,False,9045,ev10,age_group,2,1,0,0.06726777249691196,0.051878134915945284,0.08277368441577468,0.06740175651329212,0.06740175651329212,0.023126915604007925,0.06324516674380942,0.023126915604007925,0.044140856892904035,0.030777260532129726,0.058043297794884,0.0003783497949141926,0.00046580276652131156,0.004022605753102537,0.0013445548373709482,0.006639821672373816,True,0.34380379705704694,0.26062391437814375,0.446484557866653,0.0026441244797810936,0.004063811907533772,0.0010396950293664773,0.9402001046892522,0.8967741907057399,0.9797992863054633,0.0004717668871003598,0.26062391437814375,0.446484557866653,0.0021073503710772323,0.02608163572874911,1.3462294653620601,0.16889989884224232,1.1840709375834558e-05,2000,2000,42,level,1,5056.0,812.0,0.1606012658227848,0.9122577571117498,2.251860379070604e-05,0.8861761213830007,0.9103425017297245,-0.02608163572874911,-0.0019152553820253049,2.471457417679346,0.07160729980428687,1.1688998988422423,1.1840709375834558e-05
adult_income,Adult Income,False,9045,ev10,age_group,2,1,0,0.06726777249691196,0.051878134915945284,0.08277368441577468,0.06740175651329212,0.06740175651329212,0.023126915604007925,0.06324516674380942,0.023126915604007925,0.044140856892904035,0.030777260532129726,0.058043297794884,0.0003783497949141926,0.00046580276652131156,0.004022605753102537,0.0013445548373709482,0.006639821672373816,True,0.34380379705704694,0.26062391437814375,0.446484557866653,0.0026441244797810936,0.004063811907533772,0.0010396950293664773,0.9402001046892522,0.8967741907057399,0.9797992863054633,0.0004717668871003598,0.26062391437814375,0.446484557866653,0.0021073503710772323,0.02608163572874911,1.3462294653620601,0.16889989884224232,1.1840709375834558e-05,2000,2000,42,partition,,,,,,,,,,,,,,
nhis2023,NHIS 2023,True,5423,m30,age_group,4,0,3,0.1280132462576684,0.00923587420968956,0.21496087003213987,0.12889317039276163,0.13907741361058645,0.08146418558910362,0.1191547465779128,0.09659332589811476,0.04654906066856479,-0.07228090832544275,0.13453975841215693,0.00533583626190676,0.0013502092275383874,0.008858499679755605,-0.037551586171214575,0.049203219042358054,True,0.6363730939619356,0.32685711329261524,2.4362035711060748,0.37473086027841845,0.20204283514861426,0.26480140326502744,0.9308001324962497,0.5246158150696164,1.7458612310168118,0.06695454270858549,0.1001048399845125,1.0962840078533422,0.009843111336743093,0.048813495285554676,1.3480698335769468,0.16623883433285858,0.22058307391277043,2000,2000,42,level,0,1146.0,16.0,0.013961605584642234,0.865929203539823,0.002946515644895513,0.8453397145423508,0.8600865757004045,-0.02058948899747215,-0.005842627839418468,1.3139079675421068,0.1652188153445242,1.0649051905880595,0.9291512434696373
nhis2023,NHIS 2023,True,5423,m30,age_group,4,0,3,0.1280132462576684,0.00923587420968956,0.21496087003213987,0.12889317039276163,0.13907741361058645,0.08146418558910362,0.1191547465779128,0.09659332589811476,0.04654906066856479,-0.07228090832544275,0.13453975841215693,0.00533583626190676,0.0013502092275383874,0.008858499679755605,-0.037551586171214575,0.049203219042358054,True,0.6363730939619356,0.32685711329261524,2.4362035711060748,0.37473086027841845,0.20204283514861426,0.26480140326502744,0.9308001324962497,0.5246158150696164,1.7458612310168118,0.06695454270858549,0.1001048399845125,1.0962840078533422,0.009843111336743093,0.048813495285554676,1.3480698335769468,0.16623883433285858,0.22058307391277043,2000,2000,42,level,1,1167.0,67.0,0.05741216795201371,0.8116553595658073,0.0007196930919710458,0.8604688548513619,0.8214984709025503,0.048813495285554676,0.009843111336743093,1.5124117115138354,-0.3537273844363283,0.8337611656671414,0.22058307391277043
nhis2023,NHIS 2023,True,5423,m30,age_group,4,0,3,0.1280132462576684,0.00923587420968956,0.21496087003213987,0.12889317039276163,0.13907741361058645,0.08146418558910362,0.1191547465779128,0.09659332589811476,0.04654906066856479,-0.07228090832544275,0.13453975841215693,0.00533583626190676,0.0013502092275383874,0.008858499679755605,-0.037551586171214575,0.049203219042358054,True,0.6363730939619356,0.32685711329261524,2.4362035711060748,0.37473086027841845,0.20204283514861426,0.26480140326502744,0.9308001324962497,0.5246158150696164,1.7458612310168118,0.06695454270858549,0.1001048399845125,1.0962840078533422,0.009843111336743093,0.048813495285554676,1.3480698335769468,0.16623883433285858,0.22058307391277043,2000,2000,42,level,2,1299.0,168.0,0.12933025404157045,0.8252310429034567,0.00022327668264013754,0.8190201189705362,0.8235011666226897,-0.0062109239329205534,-0.0017298762807670398,1.5409858465802355,-0.06082100081529648,1.0243738199524348,0.56860560575613
nhis2023,NHIS 2023,True,5423,m30,age_group,4,0,3,0.1280132462576684,0.00923587420968956,0.21496087003213987,0.12889317039276163,0.13907741361058645,0.08146418558910362,0.1191547465779128,0.09659332589811476,0.04654906066856479,-0.07228090832544275,0.13453975841215693,0.00533583626190676,0.0013502092275383874,0.008858499679755605,-0.037551586171214575,0.049203219042358054,True,0.6363730939619356,0.32685711329261524,2.4362035711060748,0.37473086027841845,0.20204283514861426,0.26480140326502744,0.9308001324962497,0.5246158150696164,1.7458612310168118,0.06695454270858549,0.1001048399845125,1.0962840078533422,0.009843111336743093,0.048813495285554676,1.3480698335769468,0.16623883433285858,0.22058307391277043,2000,2000,42,level,3,1811.0,355.0,0.19602429596907786,0.7379159572821545,0.00020520642268032253,0.7638755289532472,0.7409318291224917,0.02595957167109264,0.0030158718403371365,1.1431053556709363,-0.13658288757573525,0.8813890463747199,0.2244734037922303
nhis2023,NHIS 2023,True,5423,m30,age_group,4,0,3,0.1280132462576684,0.00923587420968956,0.21496087003213987,0.12889317039276163,0.13907741361058645,0.08146418558910362,0.1191547465779128,0.09659332589811476,0.04654906066856479,-0.07228090832544275,0.13453975841215693,0.00533583626190676,0.0013502092275383874,0.008858499679755605,-0.037551586171214575,0.049203219042358054,True,0.6363730939619356,0.32685711329261524,2.4362035711060748,0.37473086027841845,0.20204283514861426,0.26480140326502744,0.9308001324962497,0.5246158150696164,1.7458612310168118,0.06695454270858549,0.1001048399845125,1.0962840078533422,0.009843111336743093,0.048813495285554676,1.3480698335769468,0.16623883433285858,0.22058307391277043,2000,2000,42,partition,,,,,,,,,,,,,,
nhis2023,NHIS 2023,True,5423,m30,sex,2,0,1,0.018805113976991583,-0.009267825136825721,0.048866293355599985,0.019477097897054353,0.02091972655633672,-0.0018351150627886614,0.017110751201700025,0.0018351150627886614,0.020640229039780245,-0.007452097408892094,0.0492734107069202,0.0010446705128003223,0.0008113868134782649,0.001694362775291558,-0.0017728306494547096,0.005334065644103535,False,-0.09758595800237956,,,,,,0.9098988297882883,,,,-2.030123217836605,1.3605120398709658,0.001918722609899004,0.022739206060541584,1.02175560948272,0.11801397479243914,0.1317013203149753,2000,2000,42,level,0,2972.0,316.0,0.1063257065948856,0.8473303816531951,0.00010670462920977307,0.8494293586739564,0.8475547414878025,0.002098977020761339,0.00022435983460744602,1.8589461255469764,-0.06057102647233785,0.9892062853507329,0.7754674814744629
nhis2023,NHIS 2023,True,5423,m30,sex,2,0,1,0.018805113976991583,-0.009267825136825721,0.048866293355599985,0.019477097897054353,0.02091972655633672,-0.0018351150627886614,0.017110751201700025,0.0018351150627886614,0.020640229039780245,-0.007452097408892094,0.0492734107069202,0.0010446705128003223,0.0008113868134782649,0.001694362775291558,-0.0017728306494547096,0.005334065644103535,False,-0.09758595800237956,,,,,,0.9098988297882883,,,,-2.030123217836605,1.3605120398709658,0.001918722609899004,0.022739206060541584,1.02175560948272,0.11801397479243914,0.1317013203149753,2000,2000,42,level,1,2451.0,290.0,0.11831905344757242,0.8285252676762035,0.00012174262173271176,0.8512644737367451,0.8304439902861025,0.022739206060541584,0.001918722609899004,1.899388631503792,-0.16966857297574311,0.8819860252075609,0.1317013203149753
nhis2023,NHIS 2023,True,5423,m30,sex,2,0,1,0.018805113976991583,-0.009267825136825721,0.048866293355599985,0.019477097897054353,0.02091972655633672,-0.0018351150627886614,0.017110751201700025,0.0018351150627886614,0.020640229039780245,-0.007452097408892094,0.0492734107069202,0.0010446705128003223,0.0008113868134782649,0.001694362775291558,-0.0017728306494547096,0.005334065644103535,False,-0.09758595800237956,,,,,,0.9098988297882883,,,,-2.030123217836605,1.3605120398709658,0.001918722609899004,0.022739206060541584,1.02175560948272,0.11801397479243914,0.1317013203149753,2000,2000,42,partition,,,,,,,,,,,,,,
nhis2023,NHIS 2023,True,5423,m30,race,7,5,1,0.12900378310214355,-0.039243379571248405,0.3286286254728879,0.12935693568726356,0.17367974741342088,0.03156853778796942,0.11585572633656704,0.04838381205492426,0.09743524531417413,-0.06640523520870092,0.27933644626691423,0.0048730325064558705,0.00554943671188935,0.01314805676557651,-0.03921242916140257,0.07315239427484758,False,0.24471017073176723,,,,,,0.898080068278571,,,,-0.3005247642041468,0.6147841195262096,0.016100897567680517,0.05521520871696106,1.1856833348739897,0.38236957438371033,0.045127556723610476,2000,2000,42,level,0,790.0,82.0,0.10379746835443038,0.8338500757888934,0.0004028328423252329,0.8713753420683045,0.8350513942101594,0.03752526627941111,0.0012013184212660288,1.9550944377381376,-0.11219091068415712,0.8084907778751521,0.045127556723610476
nhis2023,NHIS 2023,True,5423,m30,race,7,5,1,0.12900378310214355,-0.039243379571248405,0.3286286254728879,0.12935693568726356,0.17367974741342088,0.03156853778796942,0.11585572633656704,0.04838381205492426,0.09743524531417413,-0.06640523520870092,0.27933644626691423,0.0048730325064558705,0.00554943671188935,0.01314805676557651,-0.03921242916140257,0.07315239427484758,False,0.24471017073176723,,,,,,0.898080068278571,,,,-0.3005247642041468,0.6147841195262096,0.016100897567680517,0.05521520871696106,1.1856833348739897,0.38236957438371033,0.045127556723610476,2000,2000,42,level,1,31.0,5.0,0.16129032258064516,0.7923076923076924,0.008327810650887576,0.8475229010246534,0.8084085898753729,0.05521520871696106,0.016100897567680517,1.8280262477895595,-0.03346973047879051,0.7920372182521591,0.8097110908639716
nhis2023,NHIS 2023,True,5423,m30,race,7,5,1,0.12900378310214355,-0.039243379571248405,0.3286286254728879,0.12935693568726356,0.17367974741342088,0.03156853778796942,0.11585572633656704,0.04838381205492426,0.09743524531417413,-0.06640523520870092,0.27933644626691423,0.0048730325064558705,0.00554943671188935,0.01314805676557651,-0.03921242916140257,0.07315239427484758,False,0.24471017073176723,,,,,,0.898080068278571,,,,-0.3005247642041468,0.6147841195262096,0.016100897567680517,0.05521520871696106,1.1856833348739897,0.38236957438371033,0.045127556723610476,2000,2000,42,level,2,34.0,2.0,0.058823529411764705,0.828125,0.004583543346774193,0.8676277724808539,0.8331813606599728,0.039502772480853876,0.005056360659972836,2.1374825610201538,-1.3964972634464219,0.8375610012095884,0.16406941357031604
nhis2023,NHIS 2023,True,5423,m30,race,7,5,1,0.12900378310214355,-0.039243379571248405,0.3286286254728879,0.12935693568726356,0.17367974741342088,0.03156853778796942,0.11585572633656704,0.04838381205492426,0.09743524531417413,-0.06640523520870092,0.27933644626691423,0.0048730325064558705,0.00554943671188935,0.01314805676557651,-0.03921242916140257,0.07315239427484758,False,0.24471017073176723,,,,,,0.898080068278571,,,,-0.3005247642041468,0.6147841195262096,0.016100897567680517,0.05521520871696106,1.1856833348739897,0.38236957438371033,0.045127556723610476,2000,2000,42,level,3,304.0,22.0,0.07236842105263158,0.8560606060606062,0.001246806741141921,0.8891229238888965,0.8504761212542107,0.03306231782829028,-0.005584484806395507,1.8859258041785556,-0.3104668319203004,0.8091785736336292,0.5232522502346377
nhis2023,NHIS 2023,True,5423,m30,race,7,5,1,0.12900378310214355,-0.039243379571248405,0.3286286254728879,0.12935693568726356,0.17367974741342088,0.03156853778796942,0.11585572633656704,0.04838381205492426,0.09743524531417413,-0.06640523520870092,0.27933644626691423,0.0048730325064558705,0.00554943671188935,0.01314805676557651,-0.03921242916140257,0.07315239427484758,False,0.24471017073176723,,,,,,0.898080068278571,,,,-0.3005247642041468,0.6147841195262096,0.016100897567680517,0.05521520871696106,1.1856833348739897,0.38236957438371033,0.045127556723610476,2000,2000,42,level,4,593.0,106.0,0.178752107925801,0.8411820541629539,0.0003560608777688391,0.8423074259958586,0.8441418976963652,0.0011253718329047313,0.002959843533411277,1.9348545285468028,0.22550634891558635,1.0016403804458547,0.20086444238388396
nhis2023,NHIS 2023,True,5423,m30,race,7,5,1,0.12900378310214355,-0.039243379571248405,0.3286286254728879,0.12935693568726356,0.17367974741342088,0.03156853778796942,0.11585572633656704,0.04838381205492426,0.09743524531417413,-0.06640523520870092,0.27933644626691423,0.0048730325064558705,0.00554943671188935,0.01314805676557651,-0.03921242916140257,0.07315239427484758,False,0.24471017073176723,,,,,,0.898080068278571,,,,-0.3005247642041468,0.6147841195262096,0.016100897567680517,0.05521520871696106,1.1856833348739897,0.38236957438371033,0.045127556723610476,2000,2000,42,level,5,66.0,5.0,0.07575757575757576,0.9213114754098359,0.0014100152288811243,0.8790914388126229,0.9242643162119399,-0.04222003659721307,0.0029528408021040065,1.8871613722342058,0.9735942426053222,1.3823695743837103,0.6423817863829611
nhis2023,NHIS 2023,True,5423,m30,race,7,5,1,0.12900378310214355,-0.039243379571248405,0.3286286254728879,0.12935693568726356,0.17367974741342088,0.03156853778796942,0.11585572633656704,0.04838381205492426,0.09743524531417413,-0.06640523520870092,0.27933644626691423,0.0048730325064558705,0.00554943671188935,0.01314805676557651,-0.03921242916140257,0.07315239427484758,False,0.24471017073176723,,,,,,0.898080068278571,,,,-0.3005247642041468,0.6147841195262096,0.016100897567680517,0.05521520871696106,1.1856833348739897,0.38236957438371033,0.045127556723610476,2000,2000,42,level,6,3605.0,384.0,0.10651872399445216,0.8350590687415916,9.319908924008174e-05,0.8407391118339722,0.8353170503167647,0.005680043092380571,0.00025798157517309406,1.802743193019001,-0.16655853395012785,0.9698229870157263,0.08855839009904727
nhis2023,NHIS 2023,True,5423,m30,race,7,5,1,0.12900378310214355,-0.039243379571248405,0.3286286254728879,0.12935693568726356,0.17367974741342088,0.03156853778796942,0.11585572633656704,0.04838381205492426,0.09743524531417413,-0.06640523520870092,0.27933644626691423,0.0048730325064558705,0.00554943671188935,0.01314805676557651,-0.03921242916140257,0.07315239427484758,False,0.24471017073176723,,,,,,0.898080068278571,,,,-0.3005247642041468,0.6147841195262096,0.016100897567680517,0.05521520871696106,1.1856833348739897,0.38236957438371033,0.045127556723610476,2000,2000,42,partition,,,,,,,,,,,,,,
nhis2023,NHIS 2023,True,5423,m30,insured,2,1,0,0.018324985500436597,-0.06110064770705809,0.08984276054612016,0.019420274458692866,0.0350841447015196,0.04423959517987319,0.014582525032659777,0.04423959517987319,-0.025914609679436595,-0.09745884324416103,0.042400609741079266,0.002923583791694645,0.0022268592884088765,0.0037424604677768203,-0.014885453778177358,0.029049460306974365,False,2.4141680864532837,,,,,,0.7957728006012526,,,,-13.574835442862632,14.366313922870491,0.002996232125921816,0.03656406855117922,1.0366600353299058,0.18477661843450843,0.3551926297602521,2000,2000,42,level,0,5063.0,589.0,0.11633418921587992,0.8355594254067834,5.9930032374371396e-05,0.846208884278526,0.8363056537486384,0.010649458871742623,0.0007462283418550042,1.8563548752280408,-0.10330984578407425,0.942779135665126,0.3551926297602521
nhis2023,NHIS 2023,True,5423,m30,insured,2,1,0,0.018324985500436597,-0.06110064770705809,0.08984276054612016,0.019420274458692866,0.0350841447015196,0.04423959517987319,0.014582525032659777,0.04423959517987319,-0.025914609679436595,-0.09745884324416103,0.042400609741079266,0.002923583791694645,0.0022268592884088765,0.0037424604677768203,-0.014885453778177358,0.029049460306974365,False,2.4141680864532837,,,,,,0.7957728006012526,,,,-13.574835442862632,14.366313922870491,0.002996232125921816,0.03656406855117922,1.0366600353299058,0.18477661843450843,0.3551926297602521,2000,2000,42,level,1,360.0,17.0,0.04722222222222222,0.85388441090722,0.0014328788772783663,0.8904484794583992,0.8508881787812982,0.03656406855117922,-0.002996232125921816,1.790707475896161,-0.4858687896019758,0.8152233815654916,0.5256841574147946
nhis2023,NHIS 2023,True,5423,m30,insured,2,1,0,0.018324985500436597,-0.06110064770705809,0.08984276054612016,0.019420274458692866,0.0350841447015196,0.04423959517987319,0.014582525032659777,0.04423959517987319,-0.025914609679436595,-0.09745884324416103,0.042400609741079266,0.002923583791694645,0.0022268592884088765,0.0037424604677768203,-0.014885453778177358,0.029049460306974365,False,2.4141680864532837,,,,,,0.7957728006012526,,,,-13.574835442862632,14.366313922870491,0.002996232125921816,0.03656406855117922,1.0366600353299058,0.18477661843450843,0.3551926297602521,2000,2000,42,partition,,,,,,,,,,,,,,
nhis2023,NHIS 2023,True,5423,ev10,age_group,4,0,3,0.1280132462576684,0.011083595685755194,0.21669074019080442,0.12969821835839748,0.13974159551403165,0.08146418558910362,0.1191547465779128,0.09659332589811476,0.04654906066856479,-0.06971122400310109,0.13636914850310203,0.004218957325376832,0.0015923741744264142,0.008858499679755605,-0.03668561938357613,0.04802089936840388,True,0.6363730939619356,0.34675518402521927,3.683523527520444,0.008734001900482975,0.5080465121655833,0.22753163728777626,0.9308001324962497,0.5692769640012733,1.9600071784358521,0.07677435456862367,0.16312999194099528,1.1049779960374586,0.009843111336743093,0.048813495285554676,1.3480698335769468,0.16623883433285858,0.22058307391277043,2000,2000,42,level,0,1146.0,16.0,0.013961605584642234,0.865929203539823,0.002946515644895513,0.8453397145423508,0.8600865757004045,-0.02058948899747215,-0.005842627839418468,1.3139079675421068,0.1652188153445242,1.0649051905880595,0.9291512434696373
nhis2023,NHIS 2023,True,5423,ev10,age_group,4,0,3,0.1280132462576684,0.011083595685755194,0.21669074019080442,0.12969821835839748,0.13974159551403165,0.08146418558910362,0.1191547465779128,0.09659332589811476,0.04654906066856479,-0.06971122400310109,0.13636914850310203,0.004218957325376832,0.0015923741744264142,0.008858499679755605,-0.03668561938357613,0.04802089936840388,True,0.6363730939619356,0.34675518402521927,3.683523527520444,0.008734001900482975,0.5080465121655833,0.22753163728777626,0.9308001324962497,0.5692769640012733,1.9600071784358521,0.07677435456862367,0.16312999194099528,1.1049779960374586,0.009843111336743093,0.048813495285554676,1.3480698335769468,0.16623883433285858,0.22058307391277043,2000,2000,42,level,1,1167.0,67.0,0.05741216795201371,0.8116553595658073,0.0007196930919710458,0.8604688548513619,0.8214984709025503,0.048813495285554676,0.009843111336743093,1.5124117115138354,-0.3537273844363283,0.8337611656671414,0.22058307391277043
nhis2023,NHIS 2023,True,5423,ev10,age_group,4,0,3,0.1280132462576684,0.011083595685755194,0.21669074019080442,0.12969821835839748,0.13974159551403165,0.08146418558910362,0.1191547465779128,0.09659332589811476,0.04654906066856479,-0.06971122400310109,0.13636914850310203,0.004218957325376832,0.0015923741744264142,0.008858499679755605,-0.03668561938357613,0.04802089936840388,True,0.6363730939619356,0.34675518402521927,3.683523527520444,0.008734001900482975,0.5080465121655833,0.22753163728777626,0.9308001324962497,0.5692769640012733,1.9600071784358521,0.07677435456862367,0.16312999194099528,1.1049779960374586,0.009843111336743093,0.048813495285554676,1.3480698335769468,0.16623883433285858,0.22058307391277043,2000,2000,42,level,2,1299.0,168.0,0.12933025404157045,0.8252310429034567,0.00022327668264013754,0.8190201189705362,0.8235011666226897,-0.0062109239329205534,-0.0017298762807670398,1.5409858465802355,-0.06082100081529648,1.0243738199524348,0.56860560575613
nhis2023,NHIS 2023,True,5423,ev10,age_group,4,0,3,0.1280132462576684,0.011083595685755194,0.21669074019080442,0.12969821835839748,0.13974159551403165,0.08146418558910362,0.1191547465779128,0.09659332589811476,0.04654906066856479,-0.06971122400310109,0.13636914850310203,0.004218957325376832,0.0015923741744264142,0.008858499679755605,-0.03668561938357613,0.04802089936840388,True,0.6363730939619356,0.34675518402521927,3.683523527520444,0.008734001900482975,0.5080465121655833,0.22753163728777626,0.9308001324962497,0.5692769640012733,1.9600071784358521,0.07677435456862367,0.16312999194099528,1.1049779960374586,0.009843111336743093,0.048813495285554676,1.3480698335769468,0.16623883433285858,0.22058307391277043,2000,2000,42,level,3,1811.0,355.0,0.19602429596907786,0.7379159572821545,0.00020520642268032253,0.7638755289532472,0.7409318291224917,0.02595957167109264,0.0030158718403371365,1.1431053556709363,-0.13658288757573525,0.8813890463747199,0.2244734037922303
nhis2023,NHIS 2023,True,5423,ev10,age_group,4,0,3,0.1280132462576684,0.011083595685755194,0.21669074019080442,0.12969821835839748,0.13974159551403165,0.08146418558910362,0.1191547465779128,0.09659332589811476,0.04654906066856479,-0.06971122400310109,0.13636914850310203,0.004218957325376832,0.0015923741744264142,0.008858499679755605,-0.03668561938357613,0.04802089936840388,True,0.6363730939619356,0.34675518402521927,3.683523527520444,0.008734001900482975,0.5080465121655833,0.22753163728777626,0.9308001324962497,0.5692769640012733,1.9600071784358521,0.07677435456862367,0.16312999194099528,1.1049779960374586,0.009843111336743093,0.048813495285554676,1.3480698335769468,0.16623883433285858,0.22058307391277043,2000,2000,42,partition,,,,,,,,,,,,,,
nhis2023,NHIS 2023,True,5423,ev10,sex,2,0,1,0.018805113976991583,-0.01137274010385829,0.04833764544275467,0.01866181930540392,0.020275967797442992,-0.0018351150627886614,0.017110751201700025,0.0018351150627886614,0.020640229039780245,-0.008211163801411413,0.04755198380559722,0.0006757295354310603,0.0009576704891211047,0.001694362775291558,-0.0017137193587855315,0.005190258276325976,False,-0.09758595800237956,,,,,,0.9098988297882883,,,,-2.0760800783329576,1.8449742149351414,0.001918722609899004,0.022739206060541584,1.02175560948272,0.11801397479243914,0.1317013203149753,2000,2000,42,level,0,2972.0,316.0,0.1063257065948856,0.8473303816531951,0.00010670462920977307,0.8494293586739564,0.8475547414878025,0.002098977020761339,0.00022435983460744602,1.8589461255469764,-0.06057102647233785,0.9892062853507329,0.7754674814744629
nhis2023,NHIS 2023,True,5423,ev10,sex,2,0,1,0.018805113976991583,-0.01137274010385829,0.04833764544275467,0.01866181930540392,0.020275967797442992,-0.0018351150627886614,0.017110751201700025,0.0018351150627886614,0.020640229039780245,-0.008211163801411413,0.04755198380559722,0.0006757295354310603,0.0009576704891211047,0.001694362775291558,-0.0017137193587855315,0.005190258276325976,False,-0.09758595800237956,,,,,,0.9098988297882883,,,,-2.0760800783329576,1.8449742149351414,0.001918722609899004,0.022739206060541584,1.02175560948272,0.11801397479243914,0.1317013203149753,2000,2000,42,level,1,2451.0,290.0,0.11831905344757242,0.8285252676762035,0.00012174262173271176,0.8512644737367451,0.8304439902861025,0.022739206060541584,0.001918722609899004,1.899388631503792,-0.16966857297574311,0.8819860252075609,0.1317013203149753
nhis2023,NHIS 2023,True,5423,ev10,sex,2,0,1,0.018805113976991583,-0.01137274010385829,0.04833764544275467,0.01866181930540392,0.020275967797442992,-0.0018351150627886614,0.017110751201700025,0.0018351150627886614,0.020640229039780245,-0.008211163801411413,0.04755198380559722,0.0006757295354310603,0.0009576704891211047,0.001694362775291558,-0.0017137193587855315,0.005190258276325976,False,-0.09758595800237956,,,,,,0.9098988297882883,,,,-2.0760800783329576,1.8449742149351414,0.001918722609899004,0.022739206060541584,1.02175560948272,0.11801397479243914,0.1317013203149753,2000,2000,42,partition,,,,,,,,,,,,,,
nhis2023,NHIS 2023,True,5423,ev10,race,4,3,0,0.022210530271712825,-0.061012397254541585,0.09875059270459599,0.022859960612297517,0.05169026967122608,0.017747581820591996,0.01542472704405129,0.04838381205492426,0.0044629484511208295,-0.07609632004405376,0.07876063756052012,0.003366278285587779,0.0021413514296665815,0.006785803227661535,-0.007632248593399518,0.02394811305372986,False,0.7990615984164589,,,,,,0.6944781081474725,,,,-1.913397740467893,2.260603374895886,0.005584484806395507,0.03752526627941111,1.084510786288977,0.1915092221248479,0.045127556723610476,2000,2000,42,level,0,790.0,82.0,0.10379746835443038,0.8338500757888934,0.0004028328423252329,0.8713753420683045,0.8350513942101594,0.03752526627941111,0.0012013184212660288,1.9550944377381376,-0.11219091068415712,0.8084907778751521,0.045127556723610476
nhis2023,NHIS 2023,True,5423,ev10,race,4,3,0,0.022210530271712825,-0.061012397254541585,0.09875059270459599,0.022859960612297517,0.05169026967122608,0.017747581820591996,0.01542472704405129,0.04838381205492426,0.0044629484511208295,-0.07609632004405376,0.07876063756052012,0.003366278285587779,0.0021413514296665815,0.006785803227661535,-0.007632248593399518,0.02394811305372986,False,0.7990615984164589,,,,,,0.6944781081474725,,,,-1.913397740467893,2.260603374895886,0.005584484806395507,0.03752526627941111,1.084510786288977,0.1915092221248479,0.045127556723610476,2000,2000,42,level,3,304.0,22.0,0.07236842105263158,0.8560606060606062,0.001246806741141921,0.8891229238888965,0.8504761212542107,0.03306231782829028,-0.005584484806395507,1.8859258041785556,-0.3104668319203004,0.8091785736336292,0.5232522502346377
nhis2023,NHIS 2023,True,5423,ev10,race,4,3,0,0.022210530271712825,-0.061012397254541585,0.09875059270459599,0.022859960612297517,0.05169026967122608,0.017747581820591996,0.01542472704405129,0.04838381205492426,0.0044629484511208295,-0.07609632004405376,0.07876063756052012,0.003366278285587779,0.0021413514296665815,0.006785803227661535,-0.007632248593399518,0.02394811305372986,False,0.7990615984164589,,,,,,0.6944781081474725,,,,-1.913397740467893,2.260603374895886,0.005584484806395507,0.03752526627941111,1.084510786288977,0.1915092221248479,0.045127556723610476,2000,2000,42,level,4,593.0,106.0,0.178752107925801,0.8411820541629539,0.0003560608777688391,0.8423074259958586,0.8441418976963652,0.0011253718329047313,0.002959843533411277,1.9348545285468028,0.22550634891558635,1.0016403804458547,0.20086444238388396
nhis2023,NHIS 2023,True,5423,ev10,race,4,3,0,0.022210530271712825,-0.061012397254541585,0.09875059270459599,0.022859960612297517,0.05169026967122608,0.017747581820591996,0.01542472704405129,0.04838381205492426,0.0044629484511208295,-0.07609632004405376,0.07876063756052012,0.003366278285587779,0.0021413514296665815,0.006785803227661535,-0.007632248593399518,0.02394811305372986,False,0.7990615984164589,,,,,,0.6944781081474725,,,,-1.913397740467893,2.260603374895886,0.005584484806395507,0.03752526627941111,1.084510786288977,0.1915092221248479,0.045127556723610476,2000,2000,42,level,6,3605.0,384.0,0.10651872399445216,0.8350590687415916,9.319908924008174e-05,0.8407391118339722,0.8353170503167647,0.005680043092380571,0.00025798157517309406,1.802743193019001,-0.16655853395012785,0.9698229870157263,0.08855839009904727
nhis2023,NHIS 2023,True,5423,ev10,race,4,3,0,0.022210530271712825,-0.061012397254541585,0.09875059270459599,0.022859960612297517,0.05169026967122608,0.017747581820591996,0.01542472704405129,0.04838381205492426,0.0044629484511208295,-0.07609632004405376,0.07876063756052012,0.003366278285587779,0.0021413514296665815,0.006785803227661535,-0.007632248593399518,0.02394811305372986,False,0.7990615984164589,,,,,,0.6944781081474725,,,,-1.913397740467893,2.260603374895886,0.005584484806395507,0.03752526627941111,1.084510786288977,0.1915092221248479,0.045127556723610476,2000,2000,42,partition,,,,,,,,,,,,,,
nhis2023,NHIS 2023,True,5423,ev10,insured,2,1,0,0.018324985500436597,-0.05923820884077936,0.08858353281971898,0.019208986584430852,0.0343161076162757,0.04423959517987319,0.014582525032659777,0.04423959517987319,-0.025914609679436595,-0.09747277559292869,0.04153519457099442,0.0026762801454532103,0.0019251473732761865,0.0037424604677768203,-0.013613019353484343,0.027089817423169515,False,2.4141680864532837,,,,,,0.7957728006012526,,,,-17.356948366980035,16.455635788823837,0.002996232125921816,0.03656406855117922,1.0366600353299058,0.18477661843450843,0.3551926297602521,2000,2000,42,level,0,5063.0,589.0,0.11633418921587992,0.8355594254067834,5.9930032374371396e-05,0.846208884278526,0.8363056537486384,0.010649458871742623,0.0007462283418550042,1.8563548752280408,-0.10330984578407425,0.942779135665126,0.3551926297602521
nhis2023,NHIS 2023,True,5423,ev10,insured,2,1,0,0.018324985500436597,-0.05923820884077936,0.08858353281971898,0.019208986584430852,0.0343161076162757,0.04423959517987319,0.014582525032659777,0.04423959517987319,-0.025914609679436595,-0.09747277559292869,0.04153519457099442,0.0026762801454532103,0.0019251473732761865,0.0037424604677768203,-0.013613019353484343,0.027089817423169515,False,2.4141680864532837,,,,,,0.7957728006012526,,,,-17.356948366980035,16.455635788823837,0.002996232125921816,0.03656406855117922,1.0366600353299058,0.18477661843450843,0.3551926297602521,2000,2000,42,level,1,360.0,17.0,0.04722222222222222,0.85388441090722,0.0014328788772783663,0.8904484794583992,0.8508881787812982,0.03656406855117922,-0.002996232125921816,1.790707475896161,-0.4858687896019758,0.8152233815654916,0.5256841574147946
nhis2023,NHIS 2023,True,5423,ev10,insured,2,1,0,0.018324985500436597,-0.05923820884077936,0.08858353281971898,0.019208986584430852,0.0343161076162757,0.04423959517987319,0.014582525032659777,0.04423959517987319,-0.025914609679436595,-0.09747277559292869,0.04153519457099442,0.0026762801454532103,0.0019251473732761865,0.0037424604677768203,-0.013613019353484343,0.027089817423169515,False,2.4141680864532837,,,,,,0.7957728006012526,,,,-17.356948366980035,16.455635788823837,0.002996232125921816,0.03656406855117922,1.0366600353299058,0.18477661843450843,0.3551926297602521,2000,2000,42,partition,,,,,,,,,,,,,,
nhis2024,NHIS 2024,True,1950,m30,age_group,6,0,1,0.3279162152401589,0.10075049656915842,0.5649602744673167,0.3291310716865295,0.36320054167356614,-0.019967666819253216,0.3878682219668764,0.07510944965787092,0.3478838820594121,0.10876660603514385,0.6335568872077234,0.0037353230641080154,0.0056800039404970755,-0.05995200672671752,-0.15610547403814629,0.23420519717371835,True,-0.06089258746972704,-0.897761341889525,0.20689014236858766,0.028987576942384005,0.012339326691097365,0.005858197101338731,1.182827209940838,0.5525803671209527,2.332362742930611,0.011051432305315075,-0.38085803753502445,0.35916014179234296,0.08327861673373882,0.19740399242433015,1.362415052575245,1.587674826856889,0.001653691482887641,2000,2000,42,level,0,107.0,3.0,0.028037383177570093,0.9775641025641025,0.0004069244173799815,0.8270842129290206,0.9542374925570812,-0.15047988963508196,-0.023326610007021298,0.9295616951744491,10.636032124537032,2.587674826856889,0.0033634623235832793
nhis2024,NHIS 2024,True,1950,m30,age_group,6,0,1,0.3279162152401589,0.10075049656915842,0.5649602744673167,0.3291310716865295,0.36320054167356614,-0.019967666819253216,0.3878682219668764,0.07510944965787092,0.3478838820594121,0.10876660603514385,0.6335568872077234,0.0037353230641080154,0.0056800039404970755,-0.05995200672671752,-0.15610547403814629,0.23420519717371835,True,-0.06089258746972704,-0.897761341889525,0.20689014236858766,0.028987576942384005,0.012339326691097365,0.005858197101338731,1.182827209940838,0.5525803671209527,2.332362742930611,0.011051432305315075,-0.38085803753502445,0.35916014179234296,0.08327861673373882,0.19740399242433015,1.362415052575245,1.587674826856889,0.001653691482887641,2000,2000,42,level,1,286.0,2.0,0.006993006993006993,0.6496478873239436,0.03595856292885967,0.8470518797482738,0.5663692705902048,0.19740399242433015,-0.08327861673373882,1.0830546840992035,-3.6548714022546376,0.21290449653003385,0.24374814648643567
nhis2024,NHIS 2024,True,1950,m30,age_group,6,0,1,0.3279162152401589,0.10075049656915842,0.5649602744673167,0.3291310716865295,0.36320054167356614,-0.019967666819253216,0.3878682219668764,0.07510944965787092,0.3478838820594121,0.10876660603514385,0.6335568872077234,0.0037353230641080154,0.0056800039404970755,-0.05995200672671752,-0.15610547403814629,0.23420519717371835,True,-0.06089258746972704,-0.897761341889525,0.20689014236858766,0.028987576942384005,0.012339326691097365,0.005858197101338731,1.182827209940838,0.5525803671209527,2.332362742930611,0.011051432305315075,-0.38085803753502445,0.35916014179234296,0.08327861673373882,0.19740399242433015,1.362415052575245,1.587674826856889,0.001653691482887641,2000,2000,42,level,2,306.0,5.0,0.016339869281045753,0.9299003322259136,0.0006793567399918325,0.8437209312728967,0.8713713287326685,-0.0861794009530169,-0.05852900349324508,1.206584415700134,1.4412452059002758,1.1481050988913948,0.24862366210587172
nhis2024,NHIS 2024,True,1950,m30,age_group,6,0,1,0.3279162152401589,0.10075049656915842,0.5649602744673167,0.3291310716865295,0.36320054167356614,-0.019967666819253216,0.3878682219668764,0.07510944965787092,0.3478838820594121,0.10876660603514385,0.6335568872077234,0.0037353230641080154,0.0056800039404970755,-0.05995200672671752,-0.15610547403814629,0.23420519717371835,True,-0.06089258746972704,-0.897761341889525,0.20689014236858766,0.028987576942384005,0.012339326691097365,0.005858197101338731,1.182827209940838,0.5525803671209527,2.332362742930611,0.011051432305315075,-0.38085803753502445,0.35916014179234296,0.08327861673373882,0.19740399242433015,1.362415052575245,1.587674826856889,0.001653691482887641,2000,2000,42,level,3,288.0,11.0,0.03819444444444445,0.8841483426320971,0.0017679055208500894,0.834770586198644,0.8608568377129511,-0.0493777564334531,-0.023291504919146,1.2195406727527025,0.5237584991423602,1.1250241451770127,0.743992728198664
nhis2024,NHIS 2024,True,1950,m30,age_group,6,0,1,0.3279162152401589,0.10075049656915842,0.5649602744673167,0.3291310716865295,0.36320054167356614,-0.019967666819253216,0.3878682219668764,0.07510944965787092,0.3478838820594121,0.10876660603514385,0.6335568872077234,0.0037353230641080154,0.0056800039404970755,-0.05995200672671752,-0.15610547403814629,0.23420519717371835,True,-0.06089258746972704,-0.897761341889525,0.20689014236858766,0.028987576942384005,0.012339326691097365,0.005858197101338731,1.182827209940838,0.5525803671209527,2.332362742930611,0.011051432305315075,-0.38085803753502445,0.35916014179234296,0.08327861673373882,0.19740399242433015,1.362415052575245,1.587674826856889,0.001653691482887641,2000,2000,42,level,4,377.0,36.0,0.09549071618037135,0.7915037471489085,0.001357053937527523,0.8076494053894622,0.7939481489416029,0.016145658240553695,0.0024444017926944506,1.266448845803031,0.24000603431325943,0.9465030837173464,0.18654918636041012
nhis2024,NHIS 2024,True,1950,m30,age_group,6,0,1,0.3279162152401589,0.10075049656915842,0.5649602744673167,0.3291310716865295,0.36320054167356614,-0.019967666819253216,0.3878682219668764,0.07510944965787092,0.3478838820594121,0.10876660603514385,0.6335568872077234,0.0037353230641080154,0.0056800039404970755,-0.05995200672671752,-0.15610547403814629,0.23420519717371835,True,-0.06089258746972704,-0.897761341889525,0.20689014236858766,0.028987576942384005,0.012339326691097365,0.005858197101338731,1.182827209940838,0.5525803671209527,2.332362742930611,0.011051432305315075,-0.38085803753502445,0.35916014179234296,0.08327861673373882,0.19740399242433015,1.362415052575245,1.587674826856889,0.001653691482887641,2000,2000,42,level,5,586.0,89.0,0.15187713310580206,0.7032080121176498,0.0008556029675080234,0.7719424300904029,0.6887928548331657,0.06873441797275304,-0.01441515728448417,1.1802537934331687,-0.6865826324944166,0.6208773984472522,0.001653691482887641
nhis2024,NHIS 2024,True,1950,m30,age_group,6,0,1,0.3279162152401589,0.10075049656915842,0.5649602744673167,0.3291310716865295,0.36320054167356614,-0.019967666819253216,0.3878682219668764,0.07510944965787092,0.3478838820594121,0.10876660603514385,0.6335568872077234,0.0037353230641080154,0.0056800039404970755,-0.05995200672671752,-0.15610547403814629,0.23420519717371835,True,-0.06089258746972704,-0.897761341889525,0.20689014236858766,0.028987576942384005,0.012339326691097365,0.005858197101338731,1.182827209940838,0.5525803671209527,2.332362742930611,0.011051432305315075,-0.38085803753502445,0.35916014179234296,0.08327861673373882,0.19740399242433015,1.362415052575245,1.587674826856889,0.001653691482887641,2000,2000,42,partition,,,,,,,,,,,,,,
nhis2024,NHIS 2024,True,1950,m30,sex,2,0,1,0.003673389602495414,-0.06451199524603687,0.06626804521024994,0.0043074132808459155,0.026567560091945486,0.0010424872698182597,0.008839933969159275,0.0010424872698182597,0.002630902332677154,-0.06348366187949749,0.06426979758782701,0.0021811237661863215,0.0018317555276029854,-0.005166544366663861,-0.014822350873157936,0.0050723363614638495,False,0.28379436504912936,,,,,,2.4064787364656652,,,,-2.3737628618653073,1.7448142468509935,0.003919478108697416,0.0566592022559963,1.1449810617386968,0.3183187058926409,0.00037473005468520893,2000,2000,42,level,0,1069.0,47.0,0.04396632366697849,0.8214806178956573,0.0008458955286368534,0.8755089178189764,0.8227276841536237,0.054028299923319145,0.0012470662579664449,1.9287568638453902,-0.7239100310440671,0.7414548067832006,0.0414724967193773
nhis2024,NHIS 2024,True,1950,m30,sex,2,0,1,0.003673389602495414,-0.06451199524603687,0.06626804521024994,0.0043074132808459155,0.026567560091945486,0.0010424872698182597,0.008839933969159275,0.0010424872698182597,0.002630902332677154,-0.06348366187949749,0.06426979758782701,0.0021811237661863215,0.0018317555276029854,-0.005166544366663861,-0.014822350873157936,0.0050723363614638495,False,0.28379436504912936,,,,,,2.4064787364656652,,,,-2.3737628618653073,1.7448142468509935,0.003919478108697416,0.0566592022559963,1.1449810617386968,0.3183187058926409,0.00037473005468520893,2000,2000,42,level,1,881.0,99.0,0.11237230419977298,0.8178072282931619,0.0003252517497669231,0.8744664305491582,0.8138877501844645,0.0566592022559963,-0.003919478108697416,2.208390081801494,-0.33128712343166,0.6816812941073591,0.00037473005468520893
nhis2024,NHIS 2024,True,1950,m30,sex,2,0,1,0.003673389602495414,-0.06451199524603687,0.06626804521024994,0.0043074132808459155,0.026567560091945486,0.0010424872698182597,0.008839933969159275,0.0010424872698182597,0.002630902332677154,-0.06348366187949749,0.06426979758782701,0.0021811237661863215,0.0018317555276029854,-0.005166544366663861,-0.014822350873157936,0.0050723363614638495,False,0.28379436504912936,,,,,,2.4064787364656652,,,,-2.3737628618653073,1.7448142468509935,0.003919478108697416,0.0566592022559963,1.1449810617386968,0.3183187058926409,0.00037473005468520893,2000,2000,42,partition,,,,,,,,,,,,,,
nhis2024,NHIS 2024,True,1950,m30,race,4,3,6,0.10897400353584064,0.02666367827868856,0.17252578049662493,0.10857521948328513,0.13055025476426121,0.031566461773273935,0.10856752257878666,0.031566461773273935,0.0774075417625667,-0.0022992829562413324,0.1560181290221256,0.0023644960841909114,0.002272421261991141,0.00040648095705397846,-0.03580795138805457,0.034648281723794555,True,0.28966965284423996,-0.048951143401279075,0.9744405140823785,0.01934108780903495,0.06696794422115324,0.02364948809990936,0.996269927286646,0.6814126944879636,1.7852094373197553,0.0342885975617861,-0.10975712662592267,0.5647976661867202,0.014808899416659194,0.05520198554120992,1.0514257767093511,0.29459791805958857,0.00022407615897241761,2000,2000,42,level,0,298.0,11.0,0.03691275167785235,0.8815331010452963,0.0014675965392600442,0.8992794259711816,0.8667242016286371,0.01774632492588535,-0.014808899416659194,1.9824245481375942,-0.6257277836137121,0.8230541321209301,0.505672154471885
nhis2024,NHIS 2024,True,1950,m30,race,4,3,6,0.10897400353584064,0.02666367827868856,0.17252578049662493,0.10857521948328513,0.13055025476426121,0.031566461773273935,0.10856752257878666,0.031566461773273935,0.0774075417625667,-0.0022992829562413324,0.1560181290221256,0.0023644960841909114,0.002272421261991141,0.00040648095705397846,-0.03580795138805457,0.034648281723794555,True,0.28966965284423996,-0.048951143401279075,0.9744405140823785,0.01934108780903495,0.06696794422115324,0.02364948809990936,0.996269927286646,0.6814126944879636,1.7852094373197553,0.0342885975617861,-0.10975712662592267,0.5647976661867202,0.014808899416659194,0.05520198554120992,1.0514257767093511,0.29459791805958857,0.00022407615897241761,2000,2000,42,level,3,70.0,2.0,0.02857142857142857,0.9264705882352942,0.0011232763518049887,0.9042650320139374,0.9229681723502524,-0.02220555622135678,-0.003502415885041743,2.013647684083028,-0.23092001005452484,1.1592966836103031,0.759344520885695
nhis2024,NHIS 2024,True,1950,m30,race,4,3,6,0.10897400353584064,0.02666367827868856,0.17252578049662493,0.10857521948328513,0.13055025476426121,0.031566461773273935,0.10856752257878666,0.031566461773273935,0.0774075417625667,-0.0022992829562413324,0.1560181290221256,0.0023644960841909114,0.002272421261991141,0.00040648095705397846,-0.03580795138805457,0.034648281723794555,True,0.28966965284423996,-0.048951143401279075,0.9744405140823785,0.01934108780903495,0.06696794422115324,0.02364948809990936,0.996269927286646,0.6814126944879636,1.7852094373197553,0.0342885975617861,-0.10975712662592267,0.5647976661867202,0.014808899416659194,0.05520198554120992,1.0514257767093511,0.29459791805958857,0.00022407615897241761,2000,2000,42,level,4,202.0,10.0,0.04950495049504951,0.8432291666666668,0.0038731143525588202,0.8817888322814943,0.8337256146786249,0.03855966561482749,-0.00950355198804187,2.01187826846756,-0.83478033317939,0.7505128951547035,0.2948854417645135
nhis2024,NHIS 2024,True,1950,m30,race,4,3,6,0.10897400353584064,0.02666367827868856,0.17252578049662493,0.10857521948328513,0.13055025476426121,0.031566461773273935,0.10856752257878666,0.031566461773273935,0.0774075417625667,-0.0022992829562413324,0.1560181290221256,0.0023644960841909114,0.002272421261991141,0.00040648095705397846,-0.03580795138805457,0.034648281723794555,True,0.28966965284423996,-0.048951143401279075,0.9744405140823785,0.01934108780903495,0.06696794422115324,0.02364948809990936,0.996269927286646,0.6814126944879636,1.7852094373197553,0.0342885975617861,-0.10975712662592267,0.5647976661867202,0.014808899416659194,0.05520198554120992,1.0514257767093511,0.29459791805958857,0.00022407615897241761,2000,2000,42,level,6,1322.0,122.0,0.09228441754916793,0.8174965846994535,0.0003062022644104136,0.8726985702406634,0.8144006497714658,0.05520198554120992,-0.0030959349279877646,2.0843722702932546,-0.3746774714855355,0.7054020819404114,0.00022407615897241761
nhis2024,NHIS 2024,True,1950,m30,race,4,3,6,0.10897400353584064,0.02666367827868856,0.17252578049662493,0.10857521948328513,0.13055025476426121,0.031566461773273935,0.10856752257878666,0.031566461773273935,0.0774075417625667,-0.0022992829562413324,0.1560181290221256,0.0023644960841909114,0.002272421261991141,0.00040648095705397846,-0.03580795138805457,0.034648281723794555,True,0.28966965284423996,-0.048951143401279075,0.9744405140823785,0.01934108780903495,0.06696794422115324,0.02364948809990936,0.996269927286646,0.6814126944879636,1.7852094373197553,0.0342885975617861,-0.10975712662592267,0.5647976661867202,0.014808899416659194,0.05520198554120992,1.0514257767093511,0.29459791805958857,0.00022407615897241761,2000,2000,42,partition,,,,,,,,,,,,,,
nhis2024,NHIS 2024,True,1950,m30,income,5,2,1,0.09677440383788105,0.017988446443119418,0.17296861069553693,0.09708883513035892,0.11246403664038729,0.01581448152546372,0.09001962788470885,0.020752584492947812,0.08095992231241733,0.00516326517414942,0.1576326207099122,0.0019886560543822276,0.0024133947401321744,0.0067547759531721985,-0.00493066562785015,0.019792364126090072,True,0.16341595399498965,-0.04413129253156278,0.6728251385027928,0.013169540067705734,0.05130621825346453,0.020446861060013484,0.9302008001569508,0.6064844570666462,1.0870369370518607,0.00754972899291263,-0.17875518126831672,0.3967046568839754,0.01602722601519546,0.08842365218415804,1.1397181007631756,0.41029237184396594,0.0005487328728457491,2000,2000,42,level,0,255.0,20.0,0.0784313725490196,0.8406382978723406,0.0009297358961936884,0.8775666435397895,0.8451012398754351,0.03692834566744896,0.004462942003094494,2.259816012460193,-0.5344312212274184,0.806615221497892,0.36562458597298464
nhis2024,NHIS 2024,True,1950,m30,income,5,2,1,0.09677440383788105,0.017988446443119418,0.17296861069553693,0.09708883513035892,0.11246403664038729,0.01581448152546372,0.09001962788470885,0.020752584492947812,0.08095992231241733,0.00516326517414942,0.1576326207099122,0.0019886560543822276,0.0024133947401321744,0.0067547759531721985,-0.00493066562785015,0.019792364126090072,True,0.16341595399498965,-0.04413129253156278,0.6728251385027928,0.013169540067705734,0.05130621825346453,0.020446861060013484,0.9302008001569508,0.6064844570666462,1.0870369370518607,0.00754972899291263,-0.17875518126831672,0.3967046568839754,0.01602722601519546,0.08842365218415804,1.1397181007631756,0.41029237184396594,0.0005487328728457491,2000,2000,42,level,1,465.0,46.0,0.0989247311827957,0.7864480647504412,0.0010707542934966841,0.8748717169345992,0.7870258079884664,0.08842365218415804,0.0005777432380252856,2.1353016775078553,-0.486450180046642,0.5897076281560341,0.0005487328728457491
nhis2024,NHIS 2024,True,1950,m30,income,5,2,1,0.09677440383788105,0.017988446443119418,0.17296861069553693,0.09708883513035892,0.11246403664038729,0.01581448152546372,0.09001962788470885,0.020752584492947812,0.08095992231241733,0.00516326517414942,0.1576326207099122,0.0019886560543822276,0.0024133947401321744,0.0067547759531721985,-0.00493066562785015,0.019792364126090072,True,0.16341595399498965,-0.04413129253156278,0.6728251385027928,0.013169540067705734,0.05130621825346453,0.020446861060013484,0.9302008001569508,0.6064844570666462,1.0870369370518607,0.00754972899291263,-0.17875518126831672,0.3967046568839754,0.01602722601519546,0.08842365218415804,1.1397181007631756,0.41029237184396594,0.0005487328728457491,2000,2000,42,level,2,402.0,33.0,0.08208955223880597,0.8832224685883222,0.0005438740730253483,0.8906861984600629,0.8770454358731753,0.00746372987174071,-0.006177032715146913,2.040417501362199,0.19344214106321478,0.9204824060391934,0.24580984687929913
nhis2024,NHIS 2024,True,1950,m30,income,5,2,1,0.09677440383788105,0.017988446443119418,0.17296861069553693,0.09708883513035892,0.11246403664038729,0.01581448152546372,0.09001962788470885,0.020752584492947812,0.08095992231241733,0.00516326517414942,0.1576326207099122,0.0019886560543822276,0.0024133947401321744,0.0067547759531721985,-0.00493066562785015,0.019792364126090072,True,0.16341595399498965,-0.04413129253156278,0.6728251385027928,0.013169540067705734,0.05130621825346453,0.020446861060013484,0.9302008001569508,0.6064844570666462,1.0870369370518607,0.00754972899291263,-0.17875518126831672,0.3967046568839754,0.01602722601519546,0.08842365218415804,1.1397181007631756,0.41029237184396594,0.0005487328728457491,2000,2000,42,level,3,170.0,16.0,0.09411764705882353,0.8400974025974026,0.0016426543069018242,0.8699336139671151,0.8240701765822072,0.029836211369712484,-0.01602722601519546,2.131613406482864,-0.29282219720648106,0.7541273429597242,0.48042624528865185
nhis2024,NHIS 2024,True,1950,m30,income,5,2,1,0.09677440383788105,0.017988446443119418,0.17296861069553693,0.09708883513035892,0.11246403664038729,0.01581448152546372,0.09001962788470885,0.020752584492947812,0.08095992231241733,0.00516326517414942,0.1576326207099122,0.0019886560543822276,0.0024133947401321744,0.0067547759531721985,-0.00493066562785015,0.019792364126090072,True,0.16341595399498965,-0.04413129253156278,0.6728251385027928,0.013169540067705734,0.05130621825346453,0.020446861060013484,0.9302008001569508,0.6064844570666462,1.0870369370518607,0.00754972899291263,-0.17875518126831672,0.3967046568839754,0.01602722601519546,0.08842365218415804,1.1397181007631756,0.41029237184396594,0.0005487328728457491,2000,2000,42,level,4,658.0,31.0,0.04711246200607903,0.8388640222256522,0.0010326750942085527,0.8804236907294927,0.8303034388330587,0.04155966850384052,-0.008560583392593468,1.9827850509235398,-0.8064172784004333,0.7469569086798316,0.0412217482376481
nhis2024,NHIS 2024,True,1950,m30,income,5,2,1,0.09677440383788105,0.017988446443119418,0.17296861069553693,0.09708883513035892,0.11246403664038729,0.01581448152546372,0.09001962788470885,0.020752584492947812,0.08095992231241733,0.00516326517414942,0.1576326207099122,0.0019886560543822276,0.0024133947401321744,0.0067547759531721985,-0.00493066562785015,0.019792364126090072,True,0.16341595399498965,-0.04413129253156278,0.6728251385027928,0.013169540067705734,0.05130621825346453,0.020446861060013484,0.9302008001569508,0.6064844570666462,1.0870369370518607,0.00754972899291263,-0.17875518126831672,0.3967046568839754,0.01602722601519546,0.08842365218415804,1.1397181007631756,0.41029237184396594,0.0005487328728457491,2000,2000,42,partition,,,,,,,,,,,,,,
nhis2024,NHIS 2024,True,1950,m30,insurance,2,0,1,0.043906203020093404,-0.16071446796722375,0.3826564283092294,0.04402863429511425,0.11803724726265276,-0.01591473559293688,-0.001932112930588592,0.01591473559293688,0.05982093861303028,-0.15118551229625302,0.37940786724564596,0.0022930952228233446,0.008559612539452983,0.045838315950681996,-0.040954863747823526,0.11816263647645715,False,-0.36247123409085497,,,,,,-0.04400546614573737,,,,-2.0231016844974814,1.0427980682797746,0.04126150889869107,0.10428214500127153,1.3218570610626625,0.2567726044362104,0.0011721388992089732,2000,2000,42,level,0,1808.0,142.0,0.07853982300884955,0.831949681280963,0.0002154344909599853,0.8764108876692043,0.8273728742289721,0.04446120638824125,-0.004576807051990928,2.0837516159967637,-0.4281045840206634,0.7432273955637896,0.0011721388992089732
nhis2024,NHIS 2024,True,1950,m30,insurance,2,0,1,0.043906203020093404,-0.16071446796722375,0.3826564283092294,0.04402863429511425,0.11803724726265276,-0.01591473559293688,-0.001932112930588592,0.01591473559293688,0.05982093861303028,-0.15118551229625302,0.37940786724564596,0.0022930952228233446,0.008559612539452983,0.045838315950681996,-0.040954863747823526,0.11816263647645715,False,-0.36247123409085497,,,,,,-0.04400546614573737,,,,-2.0231016844974814,1.0427980682797746,0.04126150889869107,0.10428214500127153,1.3218570610626625,0.2567726044362104,0.0011721388992089732,2000,2000,42,level,1,142.0,4.0,0.028169014084507043,0.7880434782608696,0.027582989399372745,0.8923256232621412,0.8293049871595607,0.10428214500127153,0.04126150889869107,1.576381953372176,-0.15593323177037757,0.771033445003069,0.4844949701077965
nhis2024,NHIS 2024,True,1950,m30,insurance,2,0,1,0.043906203020093404,-0.16071446796722375,0.3826564283092294,0.04402863429511425,0.11803724726265276,-0.01591473559293688,-0.001932112930588592,0.01591473559293688,0.05982093861303028,-0.15118551229625302,0.37940786724564596,0.0022930952228233446,0.008559612539452983,0.045838315950681996,-0.040954863747823526,0.11816263647645715,False,-0.36247123409085497,,,,,,-0.04400546614573737,,,,-2.0231016844974814,1.0427980682797746,0.04126150889869107,0.10428214500127153,1.3218570610626625,0.2567726044362104,0.0011721388992089732,2000,2000,42,partition,,,,,,,,,,,,,,
nhis2024,NHIS 2024,True,1950,ev10,age_group,3,3,5,0.18094033051444725,0.0761475855201271,0.2713503719721931,0.18215549044999205,0.18422169144290346,0.0628281561082411,0.17206398287978542,0.0628281561082411,0.11811217440620614,0.017501981629702883,0.20986760429817905,0.002753168603015023,0.002579363924562739,0.00887634763466183,-0.02614934315727594,0.05059911921408887,True,0.34723135483177736,0.16926528695106624,0.7809719516684008,0.004748857469870811,0.028136660409089336,0.023494732022142906,0.9509432330015939,0.6145313909750709,1.1666428796084245,0.0037334430043534953,0.1519000295645556,0.6603110630974671,0.023291504919146,0.06873441797275304,1.0730309471144632,0.3791226015527478,0.001653691482887641,2000,2000,42,level,3,288.0,11.0,0.03819444444444445,0.8841483426320971,0.0017679055208500894,0.834770586198644,0.8608568377129511,-0.0493777564334531,-0.023291504919146,1.2195406727527025,0.5237584991423602,1.1250241451770127,0.743992728198664
nhis2024,NHIS 2024,True,1950,ev10,age_group,3,3,5,0.18094033051444725,0.0761475855201271,0.2713503719721931,0.18215549044999205,0.18422169144290346,0.0628281561082411,0.17206398287978542,0.0628281561082411,0.11811217440620614,0.017501981629702883,0.20986760429817905,0.002753168603015023,0.002579363924562739,0.00887634763466183,-0.02614934315727594,0.05059911921408887,True,0.34723135483177736,0.16926528695106624,0.7809719516684008,0.004748857469870811,0.028136660409089336,0.023494732022142906,0.9509432330015939,0.6145313909750709,1.1666428796084245,0.0037334430043534953,0.1519000295645556,0.6603110630974671,0.023291504919146,0.06873441797275304,1.0730309471144632,0.3791226015527478,0.001653691482887641,2000,2000,42,level,4,377.0,36.0,0.09549071618037135,0.7915037471489085,0.001357053937527523,0.8076494053894622,0.7939481489416029,0.016145658240553695,0.0024444017926944506,1.266448845803031,0.24000603431325943,0.9465030837173464,0.18654918636041012
nhis2024,NHIS 2024,True,1950,ev10,age_group,3,3,5,0.18094033051444725,0.0761475855201271,0.2713503719721931,0.18215549044999205,0.18422169144290346,0.0628281561082411,0.17206398287978542,0.0628281561082411,0.11811217440620614,0.017501981629702883,0.20986760429817905,0.002753168603015023,0.002579363924562739,0.00887634763466183,-0.02614934315727594,0.05059911921408887,True,0.34723135483177736,0.16926528695106624,0.7809719516684008,0.004748857469870811,0.028136660409089336,0.023494732022142906,0.9509432330015939,0.6145313909750709,1.1666428796084245,0.0037334430043534953,0.1519000295645556,0.6603110630974671,0.023291504919146,0.06873441797275304,1.0730309471144632,0.3791226015527478,0.001653691482887641,2000,2000,42,level,5,586.0,89.0,0.15187713310580206,0.7032080121176498,0.0008556029675080234,0.7719424300904029,0.6887928548331657,0.06873441797275304,-0.01441515728448417,1.1802537934331687,-0.6865826324944166,0.6208773984472522,0.001653691482887641
nhis2024,NHIS 2024,True,1950,ev10,age_group,3,3,5,0.18094033051444725,0.0761475855201271,0.2713503719721931,0.18215549044999205,0.18422169144290346,0.0628281561082411,0.17206398287978542,0.0628281561082411,0.11811217440620614,0.017501981629702883,0.20986760429817905,0.002753168603015023,0.002579363924562739,0.00887634763466183,-0.02614934315727594,0.05059911921408887,True,0.34723135483177736,0.16926528695106624,0.7809719516684008,0.004748857469870811,0.028136660409089336,0.023494732022142906,0.9509432330015939,0.6145313909750709,1.1666428796084245,0.0037334430043534953,0.1519000295645556,0.6603110630974671,0.023291504919146,0.06873441797275304,1.0730309471144632,0.3791226015527478,0.001653691482887641,2000,2000,42,partition,,,,,,,,,,,,,,
nhis2024,NHIS 2024,True,1950,ev10,sex,2,0,1,0.003673389602495414,-0.06742760903428147,0.06992459369520568,0.004541572494951674,0.028107517531066353,0.0010424872698182597,0.008839933969159275,0.0010424872698182597,0.002630902332677154,-0.0687652214340096,0.06845642540841392,0.002664121856104634,0.0014963942841170965,-0.005166544366663861,-0.01530671192508877,0.005064961935103128,False,0.28379436504912936,,,,,,2.4064787364656652,,,,-2.1157094697103287,2.2916510132867534,0.003919478108697416,0.0566592022559963,1.1449810617386968,0.3183187058926409,0.00037473005468520893,2000,2000,42,level,0,1069.0,47.0,0.04396632366697849,0.8214806178956573,0.0008458955286368534,0.8755089178189764,0.8227276841536237,0.054028299923319145,0.0012470662579664449,1.9287568638453902,-0.7239100310440671,0.7414548067832006,0.0414724967193773
nhis2024,NHIS 2024,True,1950,ev10,sex,2,0,1,0.003673389602495414,-0.06742760903428147,0.06992459369520568,0.004541572494951674,0.028107517531066353,0.0010424872698182597,0.008839933969159275,0.0010424872698182597,0.002630902332677154,-0.0687652214340096,0.06845642540841392,0.002664121856104634,0.0014963942841170965,-0.005166544366663861,-0.01530671192508877,0.005064961935103128,False,0.28379436504912936,,,,,,2.4064787364656652,,,,-2.1157094697103287,2.2916510132867534,0.003919478108697416,0.0566592022559963,1.1449810617386968,0.3183187058926409,0.00037473005468520893,2000,2000,42,level,1,881.0,99.0,0.11237230419977298,0.8178072282931619,0.0003252517497669231,0.8744664305491582,0.8138877501844645,0.0566592022559963,-0.003919478108697416,2.208390081801494,-0.33128712343166,0.6816812941073591,0.00037473005468520893
nhis2024,NHIS 2024,True,1950,ev10,sex,2,0,1,0.003673389602495414,-0.06742760903428147,0.06992459369520568,0.004541572494951674,0.028107517531066353,0.0010424872698182597,0.008839933969159275,0.0010424872698182597,0.002630902332677154,-0.0687652214340096,0.06845642540841392,0.002664121856104634,0.0014963942841170965,-0.005166544366663861,-0.01530671192508877,0.005064961935103128,False,0.28379436504912936,,,,,,2.4064787364656652,,,,-2.1157094697103287,2.2916510132867534,0.003919478108697416,0.0566592022559963,1.1449810617386968,0.3183187058926409,0.00037473005468520893,2000,2000,42,partition,,,,,,,,,,,,,,
nhis2024,NHIS 2024,True,1950,ev10,race,3,0,6,0.06403651634584273,-0.02518665577600139,0.13780928553903102,0.06300094159143702,0.0927750891074847,0.02658085573051816,0.0523235518571713,0.02658085573051816,0.03745566061532457,-0.0496076723207196,0.11269148662963109,0.0030025780494131863,0.002767255421206857,0.011712964488671429,-0.007674105167073758,0.033962831796345544,False,0.41508903430915317,,,,,,0.8170892928432726,,,,-0.40874259300927235,0.9231406047773051,0.014808899416659194,0.05520198554120992,1.0514257767093511,0.29459791805958857,0.00022407615897241761,2000,2000,42,level,0,298.0,11.0,0.03691275167785235,0.8815331010452963,0.0014675965392600442,0.8992794259711816,0.8667242016286371,0.01774632492588535,-0.014808899416659194,1.9824245481375942,-0.6257277836137121,0.8230541321209301,0.505672154471885
nhis2024,NHIS 2024,True,1950,ev10,race,3,0,6,0.06403651634584273,-0.02518665577600139,0.13780928553903102,0.06300094159143702,0.0927750891074847,0.02658085573051816,0.0523235518571713,0.02658085573051816,0.03745566061532457,-0.0496076723207196,0.11269148662963109,0.0030025780494131863,0.002767255421206857,0.011712964488671429,-0.007674105167073758,0.033962831796345544,False,0.41508903430915317,,,,,,0.8170892928432726,,,,-0.40874259300927235,0.9231406047773051,0.014808899416659194,0.05520198554120992,1.0514257767093511,0.29459791805958857,0.00022407615897241761,2000,2000,42,level,4,202.0,10.0,0.04950495049504951,0.8432291666666668,0.0038731143525588202,0.8817888322814943,0.8337256146786249,0.03855966561482749,-0.00950355198804187,2.01187826846756,-0.83478033317939,0.7505128951547035,0.2948854417645135
nhis2024,NHIS 2024,True,1950,ev10,race,3,0,6,0.06403651634584273,-0.02518665577600139,0.13780928553903102,0.06300094159143702,0.0927750891074847,0.02658085573051816,0.0523235518571713,0.02658085573051816,0.03745566061532457,-0.0496076723207196,0.11269148662963109,0.0030025780494131863,0.002767255421206857,0.011712964488671429,-0.007674105167073758,0.033962831796345544,False,0.41508903430915317,,,,,,0.8170892928432726,,,,-0.40874259300927235,0.9231406047773051,0.014808899416659194,0.05520198554120992,1.0514257767093511,0.29459791805958857,0.00022407615897241761,2000,2000,42,level,6,1322.0,122.0,0.09228441754916793,0.8174965846994535,0.0003062022644104136,0.8726985702406634,0.8144006497714658,0.05520198554120992,-0.0030959349279877646,2.0843722702932546,-0.3746774714855355,0.7054020819404114,0.00022407615897241761
nhis2024,NHIS 2024,True,1950,ev10,race,3,0,6,0.06403651634584273,-0.02518665577600139,0.13780928553903102,0.06300094159143702,0.0927750891074847,0.02658085573051816,0.0523235518571713,0.02658085573051816,0.03745566061532457,-0.0496076723207196,0.11269148662963109,0.0030025780494131863,0.002767255421206857,0.011712964488671429,-0.007674105167073758,0.033962831796345544,False,0.41508903430915317,,,,,,0.8170892928432726,,,,-0.40874259300927235,0.9231406047773051,0.014808899416659194,0.05520198554120992,1.0514257767093511,0.29459791805958857,0.00022407615897241761,2000,2000,42,partition,,,,,,,,,,,,,,
nhis2024,NHIS 2024,True,1950,ev10,income,5,2,1,0.09677440383788105,0.022828140752989744,0.17387553370480566,0.0967825051376974,0.11164355095779704,0.01581448152546372,0.09001962788470885,0.020752584492947812,0.08095992231241733,0.008121776786053823,0.15893639945493895,0.0026696240577294803,0.002720640298994215,0.0067547759531721985,-0.005833825870249792,0.01961463294292324,True,0.16341595399498965,-0.056567724641902656,0.613198891608246,0.014817816498596455,0.03742458797211226,0.16962536857560342,0.9302008001569508,0.6293689489163907,1.0796645535547655,0.18490068888187935,-0.2047686900523193,0.4143913466116402,0.01602722601519546,0.08842365218415804,1.1397181007631756,0.41029237184396594,0.0005487328728457491,2000,2000,42,level,0,255.0,20.0,0.0784313725490196,0.8406382978723406,0.0009297358961936884,0.8775666435397895,0.8451012398754351,0.03692834566744896,0.004462942003094494,2.259816012460193,-0.5344312212274184,0.806615221497892,0.36562458597298464
nhis2024,NHIS 2024,True,1950,ev10,income,5,2,1,0.09677440383788105,0.022828140752989744,0.17387553370480566,0.0967825051376974,0.11164355095779704,0.01581448152546372,0.09001962788470885,0.020752584492947812,0.08095992231241733,0.008121776786053823,0.15893639945493895,0.0026696240577294803,0.002720640298994215,0.0067547759531721985,-0.005833825870249792,0.01961463294292324,True,0.16341595399498965,-0.056567724641902656,0.613198891608246,0.014817816498596455,0.03742458797211226,0.16962536857560342,0.9302008001569508,0.6293689489163907,1.0796645535547655,0.18490068888187935,-0.2047686900523193,0.4143913466116402,0.01602722601519546,0.08842365218415804,1.1397181007631756,0.41029237184396594,0.0005487328728457491,2000,2000,42,level,1,465.0,46.0,0.0989247311827957,0.7864480647504412,0.0010707542934966841,0.8748717169345992,0.7870258079884664,0.08842365218415804,0.0005777432380252856,2.1353016775078553,-0.486450180046642,0.5897076281560341,0.0005487328728457491
nhis2024,NHIS 2024,True,1950,ev10,income,5,2,1,0.09677440383788105,0.022828140752989744,0.17387553370480566,0.0967825051376974,0.11164355095779704,0.01581448152546372,0.09001962788470885,0.020752584492947812,0.08095992231241733,0.008121776786053823,0.15893639945493895,0.0026696240577294803,0.002720640298994215,0.0067547759531721985,-0.005833825870249792,0.01961463294292324,True,0.16341595399498965,-0.056567724641902656,0.613198891608246,0.014817816498596455,0.03742458797211226,0.16962536857560342,0.9302008001569508,0.6293689489163907,1.0796645535547655,0.18490068888187935,-0.2047686900523193,0.4143913466116402,0.01602722601519546,0.08842365218415804,1.1397181007631756,0.41029237184396594,0.0005487328728457491,2000,2000,42,level,2,402.0,33.0,0.08208955223880597,0.8832224685883222,0.0005438740730253483,0.8906861984600629,0.8770454358731753,0.00746372987174071,-0.006177032715146913,2.040417501362199,0.19344214106321478,0.9204824060391934,0.24580984687929913
nhis2024,NHIS 2024,True,1950,ev10,income,5,2,1,0.09677440383788105,0.022828140752989744,0.17387553370480566,0.0967825051376974,0.11164355095779704,0.01581448152546372,0.09001962788470885,0.020752584492947812,0.08095992231241733,0.008121776786053823,0.15893639945493895,0.0026696240577294803,0.002720640298994215,0.0067547759531721985,-0.005833825870249792,0.01961463294292324,True,0.16341595399498965,-0.056567724641902656,0.613198891608246,0.014817816498596455,0.03742458797211226,0.16962536857560342,0.9302008001569508,0.6293689489163907,1.0796645535547655,0.18490068888187935,-0.2047686900523193,0.4143913466116402,0.01602722601519546,0.08842365218415804,1.1397181007631756,0.41029237184396594,0.0005487328728457491,2000,2000,42,level,3,170.0,16.0,0.09411764705882353,0.8400974025974026,0.0016426543069018242,0.8699336139671151,0.8240701765822072,0.029836211369712484,-0.01602722601519546,2.131613406482864,-0.29282219720648106,0.7541273429597242,0.48042624528865185
nhis2024,NHIS 2024,True,1950,ev10,income,5,2,1,0.09677440383788105,0.022828140752989744,0.17387553370480566,0.0967825051376974,0.11164355095779704,0.01581448152546372,0.09001962788470885,0.020752584492947812,0.08095992231241733,0.008121776786053823,0.15893639945493895,0.0026696240577294803,0.002720640298994215,0.0067547759531721985,-0.005833825870249792,0.01961463294292324,True,0.16341595399498965,-0.056567724641902656,0.613198891608246,0.014817816498596455,0.03742458797211226,0.16962536857560342,0.9302008001569508,0.6293689489163907,1.0796645535547655,0.18490068888187935,-0.2047686900523193,0.4143913466116402,0.01602722601519546,0.08842365218415804,1.1397181007631756,0.41029237184396594,0.0005487328728457491,2000,2000,42,level,4,658.0,31.0,0.04711246200607903,0.8388640222256522,0.0010326750942085527,0.8804236907294927,0.8303034388330587,0.04155966850384052,-0.008560583392593468,1.9827850509235398,-0.8064172784004333,0.7469569086798316,0.0412217482376481
nhis2024,NHIS 2024,True,1950,ev10,income,5,2,1,0.09677440383788105,0.022828140752989744,0.17387553370480566,0.0967825051376974,0.11164355095779704,0.01581448152546372,0.09001962788470885,0.020752584492947812,0.08095992231241733,0.008121776786053823,0.15893639945493895,0.0026696240577294803,0.002720640298994215,0.0067547759531721985,-0.005833825870249792,0.01961463294292324,True,0.16341595399498965,-0.056567724641902656,0.613198891608246,0.014817816498596455,0.03742458797211226,0.16962536857560342,0.9302008001569508,0.6293689489163907,1.0796645535547655,0.18490068888187935,-0.2047686900523193,0.4143913466116402,0.01602722601519546,0.08842365218415804,1.1397181007631756,0.41029237184396594,0.0005487328728457491,2000,2000,42,partition,,,,,,,,,,,,,,
acs_income,ACS-Income,False,4000,m30,sex,2,0,1,0.004002557629306791,-0.01888394847461788,0.026846831083667828,0.004031167631247934,0.009667915125842473,-0.0344724496169877,0.006967886261974088,0.0344724496169877,0.03847500724629449,0.017167177491767435,0.06004032269877153,0.0007031926279057217,0.000702554775289028,-0.0029653286326672967,-0.007077926864141071,0.0010977747830197445,False,-8.612605441225847,,,,,,1.7408584478472247,,,,-60.37552396135072,47.231835954379235,0.004703415767070562,0.03252002474451532,1.140702675820348,0.20748375778289696,0.0010809250031399273,2000,2000,42,level,0,1898.0,669.0,0.35247629083245524,0.8667752775781105,6.875445236470201e-05,0.8342552528335951,0.8650371904437072,-0.03252002474451532,-0.0017380871344032656,1.758316055329918,0.0788826703922044,1.207483757782897,0.0010809250031399273
acs_income,ACS-Income,False,4000,m30,sex,2,0,1,0.004002557629306791,-0.01888394847461788,0.026846831083667828,0.004031167631247934,0.009667915125842473,-0.0344724496169877,0.006967886261974088,0.0344724496169877,0.03847500724629449,0.017167177491767435,0.06004032269877153,0.0007031926279057217,0.000702554775289028,-0.0029653286326672967,-0.007077926864141071,0.0010977747830197445,False,-8.612605441225847,,,,,,1.7408584478472247,,,,-60.37552396135072,47.231835954379235,0.004703415767070562,0.03252002474451532,1.140702675820348,0.20748375778289696,0.0010809250031399273,2000,2000,42,level,1,2102.0,973.0,0.46289248334919125,0.8627727199488037,6.401197824843104e-05,0.8687277024505828,0.8580693041817331,0.005954982501779171,-0.004703415767070562,2.0057158292527166,-0.014704197349237811,0.9382589089125201,0.32670498433608847
acs_income,ACS-Income,False,4000,m30,sex,2,0,1,0.004002557629306791,-0.01888394847461788,0.026846831083667828,0.004031167631247934,0.009667915125842473,-0.0344724496169877,0.006967886261974088,0.0344724496169877,0.03847500724629449,0.017167177491767435,0.06004032269877153,0.0007031926279057217,0.000702554775289028,-0.0029653286326672967,-0.007077926864141071,0.0010977747830197445,False,-8.612605441225847,,,,,,1.7408584478472247,,,,-60.37552396135072,47.231835954379235,0.004703415767070562,0.03252002474451532,1.140702675820348,0.20748375778289696,0.0010809250031399273,2000,2000,42,partition,,,,,,,,,,,,,,
acs_income,ACS-Income,False,4000,m30,race,2,1,0,0.009738611883558956,-0.01345704204777797,0.033540523247669374,0.009845512316398176,0.012705569313700201,0.00422018995242579,0.010994849287106256,0.00422018995242579,0.005518421931133166,-0.01719544140507568,0.028368650463161765,0.0007453691970717659,0.0007443582519206326,-0.0012562374035473,-0.006522406302709016,0.003396542545623789,False,0.43334614859746623,,,,,,1.128995530222138,,,,-3.4778044478311485,3.8264051593587527,0.004263707414369655,0.011011007462370825,1.0226712617797018,0.050168091547637905,0.45142477601999054,2000,2000,42,level,0,1484.0,527.0,0.3551212938005391,0.8580220843519935,9.886808470126873e-05,0.8525294988207558,0.8537583769376238,-0.005492585531237659,-0.004263707414369655,1.8826644656838016,-0.03854338391340697,1.0081707747899573,0.8227456809551734
acs_income,ACS-Income,False,4000,m30,race,2,1,0,0.009738611883558956,-0.01345704204777797,0.033540523247669374,0.009845512316398176,0.012705569313700201,0.00422018995242579,0.010994849287106256,0.00422018995242579,0.005518421931133166,-0.01719544140507568,0.028368650463161765,0.0007453691970717659,0.0007443582519206326,-0.0012562374035473,-0.006522406302709016,0.003396542545623789,False,0.43334614859746623,,,,,,1.128995530222138,,,,-3.4778044478311485,3.8264051593587527,0.004263707414369655,0.011011007462370825,1.0226712617797018,0.050168091547637905,0.45142477601999054,2000,2000,42,level,1,2516.0,1115.0,0.4431637519872814,0.8677606962355524,5.033014648073205e-05,0.8567496887731816,0.86475322622473,-0.011011007462370825,-0.003007470010822355,1.9253468446286615,0.02638797515205128,1.050168091547638,0.45142477601999054
acs_income,ACS-Income,False,4000,m30,race,2,1,0,0.009738611883558956,-0.01345704204777797,0.033540523247669374,0.009845512316398176,0.012705569313700201,0.00422018995242579,0.010994849287106256,0.00422018995242579,0.005518421931133166,-0.01719544140507568,0.028368650463161765,0.0007453691970717659,0.0007443582519206326,-0.0012562374035473,-0.006522406302709016,0.003396542545623789,False,0.43334614859746623,,,,,,1.128995530222138,,,,-3.4778044478311485,3.8264051593587527,0.004263707414369655,0.011011007462370825,1.0226712617797018,0.050168091547637905,0.45142477601999054,2000,2000,42,partition,,,,,,,,,,,,,,
acs_income,ACS-Income,False,4000,m30,age_group,2,1,0,0.052729798215596535,0.02874364484010702,0.07615519351008096,0.05283788208579636,0.05283788208579636,0.012050077091723566,0.05871330664998475,0.012050077091723566,0.04067972112387297,0.018247696977734974,0.06264832538577403,0.0008770618358914603,0.0007086015682965419,-0.005983508434388218,-0.011593911312976855,-0.0004537079851855964,True,0.22852499913719312,0.07233748580746635,0.4448683026793516,0.005104027084486041,0.008702053936553534,0.0020888488296656074,1.113474897247348,1.0102741539368154,1.251580981810281,0.0014105970002668705,0.07233748580746635,0.4448683026793516,0.008869268564676958,0.03614280027003758,1.0117649862850997,0.22282445552337427,0.0005841438999100635,2000,2000,42,level,0,2179.0,1130.0,0.5185865075722809,0.8328408007626311,7.433496064696078e-05,0.8373777216164665,0.8239715321979542,0.004536920853835391,-0.008869268564676958,1.788470419917272,0.011512699840831088,0.9247662836245825,0.22642710404673688
acs_income,ACS-Income,False,4000,m30,age_group,2,1,0,0.052729798215596535,0.02874364484010702,0.07615519351008096,0.05283788208579636,0.05283788208579636,0.012050077091723566,0.05871330664998475,0.012050077091723566,0.04067972112387297,0.018247696977734974,0.06264832538577403,0.0008770618358914603,0.0007086015682965419,-0.005983508434388218,-0.011593911312976855,-0.0004537079851855964,True,0.22852499913719312,0.07233748580746635,0.4448683026793516,0.005104027084486041,0.008702053936553534,0.0020888488296656074,1.113474897247348,1.0102741539368154,1.251580981810281,0.0014105970002668705,0.07233748580746635,0.4448683026793516,0.008869268564676958,0.03614280027003758,1.0117649862850997,0.22282445552337427,0.0005841438999100635,2000,2000,42,level,1,1821.0,512.0,0.2811641954969797,0.8855705989782277,7.108912388650465e-05,0.8494277987081901,0.8826848388479389,-0.03614280027003758,-0.0028857601302887392,1.767673762346732,0.1165163364835257,1.2228244555233743,0.0005841438999100635
acs_income,ACS-Income,False,4000,m30,age_group,2,1,0,0.052729798215596535,0.02874364484010702,0.07615519351008096,0.05283788208579636,0.05283788208579636,0.012050077091723566,0.05871330664998475,0.012050077091723566,0.04067972112387297,0.018247696977734974,0.06264832538577403,0.0008770618358914603,0.0007086015682965419,-0.005983508434388218,-0.011593911312976855,-0.0004537079851855964,True,0.22852499913719312,0.07233748580746635,0.4448683026793516,0.005104027084486041,0.008702053936553534,0.0020888488296656074,1.113474897247348,1.0102741539368154,1.251580981810281,0.0014105970002668705,0.07233748580746635,0.4448683026793516,0.008869268564676958,0.03614280027003758,1.0117649862850997,0.22282445552337427,0.0005841438999100635,2000,2000,42,partition,,,,,,,,,,,,,,
acs_income,ACS-Income,False,4000,ev10,sex,2,0,1,0.004002557629306791,-0.018367242482702394,0.027051449514416674,0.003832223417745842,0.009653178550683528,-0.0344724496169877,0.006967886261974088,0.0344724496169877,0.03847500724629449,0.016989364470336752,0.05996073724295153,0.000505486491643963,0.0006266150575357542,-0.0029653286326672967,-0.006904217159887885,0.0011484284599329441,False,-8.612605441225847,,,,,,1.7408584478472247,,,,-48.78972559960281,45.74071294047399,0.004703415767070562,0.03252002474451532,1.140702675820348,0.20748375778289696,0.0010809250031399273,2000,2000,42,level,0,1898.0,669.0,0.35247629083245524,0.8667752775781105,6.875445236470201e-05,0.8342552528335951,0.8650371904437072,-0.03252002474451532,-0.0017380871344032656,1.758316055329918,0.0788826703922044,1.207483757782897,0.0010809250031399273
acs_income,ACS-Income,False,4000,ev10,sex,2,0,1,0.004002557629306791,-0.018367242482702394,0.027051449514416674,0.003832223417745842,0.009653178550683528,-0.0344724496169877,0.006967886261974088,0.0344724496169877,0.03847500724629449,0.016989364470336752,0.05996073724295153,0.000505486491643963,0.0006266150575357542,-0.0029653286326672967,-0.006904217159887885,0.0011484284599329441,False,-8.612605441225847,,,,,,1.7408584478472247,,,,-48.78972559960281,45.74071294047399,0.004703415767070562,0.03252002474451532,1.140702675820348,0.20748375778289696,0.0010809250031399273,2000,2000,42,level,1,2102.0,973.0,0.46289248334919125,0.8627727199488037,6.401197824843104e-05,0.8687277024505828,0.8580693041817331,0.005954982501779171,-0.004703415767070562,2.0057158292527166,-0.014704197349237811,0.9382589089125201,0.32670498433608847
acs_income,ACS-Income,False,4000,ev10,sex,2,0,1,0.004002557629306791,-0.018367242482702394,0.027051449514416674,0.003832223417745842,0.009653178550683528,-0.0344724496169877,0.006967886261974088,0.0344724496169877,0.03847500724629449,0.016989364470336752,0.05996073724295153,0.000505486491643963,0.0006266150575357542,-0.0029653286326672967,-0.006904217159887885,0.0011484284599329441,False,-8.612605441225847,,,,,,1.7408584478472247,,,,-48.78972559960281,45.74071294047399,0.004703415767070562,0.03252002474451532,1.140702675820348,0.20748375778289696,0.0010809250031399273,2000,2000,42,partition,,,,,,,,,,,,,,
acs_income,ACS-Income,False,4000,ev10,race,2,1,0,0.009738611883558956,-0.014080002375846517,0.03454249189498715,0.010011932517327626,0.012988307024325319,0.00422018995242579,0.010994849287106256,0.00422018995242579,0.005518421931133166,-0.01705262676547275,0.029939580111920296,0.0005921460233064666,0.0008450713098746053,-0.0012562374035473,-0.006884365032427684,0.003415603204739411,False,0.43334614859746623,,,,,,1.128995530222138,,,,-4.130977629635364,4.0911252748328035,0.004263707414369655,0.011011007462370825,1.0226712617797018,0.050168091547637905,0.45142477601999054,2000,2000,42,level,0,1484.0,527.0,0.3551212938005391,0.8580220843519935,9.886808470126873e-05,0.8525294988207558,0.8537583769376238,-0.005492585531237659,-0.004263707414369655,1.8826644656838016,-0.03854338391340697,1.0081707747899573,0.8227456809551734
acs_income,ACS-Income,False,4000,ev10,race,2,1,0,0.009738611883558956,-0.014080002375846517,0.03454249189498715,0.010011932517327626,0.012988307024325319,0.00422018995242579,0.010994849287106256,0.00422018995242579,0.005518421931133166,-0.01705262676547275,0.029939580111920296,0.0005921460233064666,0.0008450713098746053,-0.0012562374035473,-0.006884365032427684,0.003415603204739411,False,0.43334614859746623,,,,,,1.128995530222138,,,,-4.130977629635364,4.0911252748328035,0.004263707414369655,0.011011007462370825,1.0226712617797018,0.050168091547637905,0.45142477601999054,2000,2000,42,level,1,2516.0,1115.0,0.4431637519872814,0.8677606962355524,5.033014648073205e-05,0.8567496887731816,0.86475322622473,-0.011011007462370825,-0.003007470010822355,1.9253468446286615,0.02638797515205128,1.050168091547638,0.45142477601999054
acs_income,ACS-Income,False,4000,ev10,race,2,1,0,0.009738611883558956,-0.014080002375846517,0.03454249189498715,0.010011932517327626,0.012988307024325319,0.00422018995242579,0.010994849287106256,0.00422018995242579,0.005518421931133166,-0.01705262676547275,0.029939580111920296,0.0005921460233064666,0.0008450713098746053,-0.0012562374035473,-0.006884365032427684,0.003415603204739411,False,0.43334614859746623,,,,,,1.128995530222138,,,,-4.130977629635364,4.0911252748328035,0.004263707414369655,0.011011007462370825,1.0226712617797018,0.050168091547637905,0.45142477601999054,2000,2000,42,partition,,,,,,,,,,,,,,
acs_income,ACS-Income,False,4000,ev10,age_group,2,1,0,0.052729798215596535,0.03031211891262842,0.07528964742485647,0.052440492864265296,0.052440492864265296,0.012050077091723566,0.05871330664998475,0.012050077091723566,0.04067972112387297,0.018274086666512916,0.06281744861874883,0.0006565533563149195,0.0008922540768702907,-0.005983508434388218,-0.011544324284682387,-0.0005103520992457237,True,0.22852499913719312,0.06879266643448566,0.4480734279365462,0.0046689376924358246,0.00951193076540608,0.0022221948452701337,1.113474897247348,1.0095011079915333,1.2595792993895996,0.0014601192752168913,0.06879266643448566,0.4480734279365462,0.008869268564676958,0.03614280027003758,1.0117649862850997,0.22282445552337427,0.0005841438999100635,2000,2000,42,level,0,2179.0,1130.0,0.5185865075722809,0.8328408007626311,7.433496064696078e-05,0.8373777216164665,0.8239715321979542,0.004536920853835391,-0.008869268564676958,1.788470419917272,0.011512699840831088,0.9247662836245825,0.22642710404673688
acs_income,ACS-Income,False,4000,ev10,age_group,2,1,0,0.052729798215596535,0.03031211891262842,0.07528964742485647,0.052440492864265296,0.052440492864265296,0.012050077091723566,0.05871330664998475,0.012050077091723566,0.04067972112387297,0.018274086666512916,0.06281744861874883,0.0006565533563149195,0.0008922540768702907,-0.005983508434388218,-0.011544324284682387,-0.0005103520992457237,True,0.22852499913719312,0.06879266643448566,0.4480734279365462,0.0046689376924358246,0.00951193076540608,0.0022221948452701337,1.113474897247348,1.0095011079915333,1.2595792993895996,0.0014601192752168913,0.06879266643448566,0.4480734279365462,0.008869268564676958,0.03614280027003758,1.0117649862850997,0.22282445552337427,0.0005841438999100635,2000,2000,42,level,1,1821.0,512.0,0.2811641954969797,0.8855705989782277,7.108912388650465e-05,0.8494277987081901,0.8826848388479389,-0.03614280027003758,-0.0028857601302887392,1.767673762346732,0.1165163364835257,1.2228244555233743,0.0005841438999100635
acs_income,ACS-Income,False,4000,ev10,age_group,2,1,0,0.052729798215596535,0.03031211891262842,0.07528964742485647,0.052440492864265296,0.052440492864265296,0.012050077091723566,0.05871330664998475,0.012050077091723566,0.04067972112387297,0.018274086666512916,0.06281744861874883,0.0006565533563149195,0.0008922540768702907,-0.005983508434388218,-0.011544324284682387,-0.0005103520992457237,True,0.22852499913719312,0.06879266643448566,0.4480734279365462,0.0046689376924358246,0.00951193076540608,0.0022221948452701337,1.113474897247348,1.0095011079915333,1.2595792993895996,0.0014601192752168913,0.06879266643448566,0.4480734279365462,0.008869268564676958,0.03614280027003758,1.0117649862850997,0.22282445552337427,0.0005841438999100635,2000,2000,42,partition,,,,,,,,,,,,,,
synthetic,Synthetic baseline,False,2000,m30,age_group,3,1,3,0.03983572373105482,0.0123121830361683,0.0663168711946176,0.03982733917491318,0.04494646222476146,0.029074732855675633,0.03593228127017856,0.029074732855675633,0.010760990875379184,-0.01300012735667668,0.03472553490675429,0.0007731031773284331,0.0007263925150346271,0.003903442460876261,-0.0006684806557687856,0.010103185952187189,True,0.7298658122033762,0.4135134115923273,1.9126452310457076,0.008456559488758801,0.0930598777500535,0.01751880217163125,0.9020115088850954,0.5134686632305683,1.0195644554454273,0.0047077016578061575,0.21344333681750285,1.1853577772460722,0.0031912485348757347,0.03035229260402461,1.1280208544765087,0.262583132946022,0.12577789415559046,2000,2000,42,level,1,491.0,56.0,0.11405295315682282,0.9626436781609194,7.775285738269866e-05,0.9322913855568948,0.9594524296260437,-0.03035229260402461,-0.0031912485348757347,2.138984659659566,0.2439600511775759,1.262583132946022,0.15125385525158946
synthetic,Synthetic baseline,False,2000,m30,age_group,3,1,3,0.03983572373105482,0.0123121830361683,0.0663168711946176,0.03982733917491318,0.04494646222476146,0.029074732855675633,0.03593228127017856,0.029074732855675633,0.010760990875379184,-0.01300012735667668,0.03472553490675429,0.0007731031773284331,0.0007263925150346271,0.003903442460876261,-0.0006684806557687856,0.010103185952187189,True,0.7298658122033762,0.4135134115923273,1.9126452310457076,0.008456559488758801,0.0930598777500535,0.01751880217163125,0.9020115088850954,0.5134686632305683,1.0195644554454273,0.0047077016578061575,0.21344333681750285,1.1853577772460722,0.0031912485348757347,0.03035229260402461,1.1280208544765087,0.262583132946022,0.12577789415559046,2000,2000,42,level,2,564.0,195.0,0.34574468085106386,0.9244944757139879,0.00011454167477471821,0.9146191758501386,0.9223629677025195,-0.009875299863849274,-0.0021315080114684415,2.4128193035013275,0.08929830303627996,1.0646687882186996,0.6887808616490219
synthetic,Synthetic baseline,False,2000,m30,age_group,3,1,3,0.03983572373105482,0.0123121830361683,0.0663168711946176,0.03982733917491318,0.04494646222476146,0.029074732855675633,0.03593228127017856,0.029074732855675633,0.010760990875379184,-0.01300012735667668,0.03472553490675429,0.0007731031773284331,0.0007263925150346271,0.003903442460876261,-0.0006684806557687856,0.010103185952187189,True,0.7298658122033762,0.4135134115923273,1.9126452310457076,0.008456559488758801,0.0930598777500535,0.01751880217163125,0.9020115088850954,0.5134686632305683,1.0195644554454273,0.0047077016578061575,0.21344333681750285,1.1853577772460722,0.0031912485348757347,0.03035229260402461,1.1280208544765087,0.262583132946022,0.12577789415559046,2000,2000,42,level,3,574.0,348.0,0.6062717770034843,0.9228079544298646,0.00010993597739516388,0.9032166527012192,0.9235201483558652,-0.019591301728645427,0.0007121939260005261,2.3611637458509818,-0.15374131242717667,1.1641347352150961,0.12577789415559046
synthetic,Synthetic baseline,False,2000,m30,age_group,3,1,3,0.03983572373105482,0.0123121830361683,0.0663168711946176,0.03982733917491318,0.04494646222476146,0.029074732855675633,0.03593228127017856,0.029074732855675633,0.010760990875379184,-0.01300012735667668,0.03472553490675429,0.0007731031773284331,0.0007263925150346271,0.003903442460876261,-0.0006684806557687856,0.010103185952187189,True,0.7298658122033762,0.4135134115923273,1.9126452310457076,0.008456559488758801,0.0930598777500535,0.01751880217163125,0.9020115088850954,0.5134686632305683,1.0195644554454273,0.0047077016578061575,0.21344333681750285,1.1853577772460722,0.0031912485348757347,0.03035229260402461,1.1280208544765087,0.262583132946022,0.12577789415559046,2000,2000,42,partition,,,,,,,,,,,,,,
synthetic,Synthetic baseline,False,2000,m30,sex,2,0,1,0.008320825913630814,-0.006326682839716752,0.024340406386265456,0.008644095184196602,0.009640950871689981,0.0016868178578191007,0.007614943646926053,0.0016868178578191007,0.006634008055811713,-0.006523356429568924,0.01990631475734752,0.0004946417930458485,0.00044376387478682546,0.0007058822667047604,-0.0008861388321893149,0.0023086982882158046,False,0.20272240704565508,,,,,,0.9151668026669787,,,,-2.8022155413968792,2.901391303607817,0.0003931382643940218,0.01308833149340527,1.0045856592162579,0.1796657979678562,0.038924461458740935,2000,2000,42,level,0,1079.0,335.0,0.31047265987025024,0.9648210560102713,2.165419626762262e-05,0.9517327245168661,0.9644279177458773,-0.01308833149340527,-0.0003931382643940218,3.3673656513770474,0.14387194764769748,1.1796657979678562,0.038924461458740935
synthetic,Synthetic baseline,False,2000,m30,sex,2,0,1,0.008320825913630814,-0.006326682839716752,0.024340406386265456,0.008644095184196602,0.009640950871689981,0.0016868178578191007,0.007614943646926053,0.0016868178578191007,0.006634008055811713,-0.006523356429568924,0.01990631475734752,0.0004946417930458485,0.00044376387478682546,0.0007058822667047604,-0.0008861388321893149,0.0023086982882158046,False,0.20272240704565508,,,,,,0.9151668026669787,,,,-2.8022155413968792,2.901391303607817,0.0003931382643940218,0.01308833149340527,1.0045856592162579,0.1796657979678562,0.038924461458740935,2000,2000,42,level,1,921.0,265.0,0.28773072747014117,0.9565002300966405,3.5261355037382936e-05,0.950045906659047,0.9568129740989513,-0.0064543234375935565,0.0003127440023107386,3.351994546691167,-0.16717664320491046,1.079207630186962,0.17433827075310823
synthetic,Synthetic baseline,False,2000,m30,sex,2,0,1,0.008320825913630814,-0.006326682839716752,0.024340406386265456,0.008644095184196602,0.009640950871689981,0.0016868178578191007,0.007614943646926053,0.0016868178578191007,0.006634008055811713,-0.006523356429568924,0.01990631475734752,0.0004946417930458485,0.00044376387478682546,0.0007058822667047604,-0.0008861388321893149,0.0023086982882158046,False,0.20272240704565508,,,,,,0.9151668026669787,,,,-2.8022155413968792,2.901391303607817,0.0003931382643940218,0.01308833149340527,1.0045856592162579,0.1796657979678562,0.038924461458740935,2000,2000,42,partition,,,,,,,,,,,,,,
synthetic,Synthetic baseline,False,2000,m30,race,5,3,0,0.03093760142810764,-0.00892983203505355,0.07334190400843858,0.031460560694579635,0.04061671132270287,0.0023823207332678287,0.04228489434112903,0.014291941433762667,0.028555280694839813,-0.003803803256028243,0.06746512610328803,0.0010293124092822794,0.0014661596923872472,-0.01134729291302139,-0.02714164714517886,0.001252775533901536,False,0.07700405407328786,,,,,,1.3667799825849483,,,,-0.4287276030687807,0.881844111969481,0.00863541910727783,0.01856182288252095,1.0965010106509443,0.48406418018397623,0.015285682689896574,2000,2000,42,level,0,109.0,30.0,0.27522935779816515,0.9506329113924051,0.00032668683536968344,0.960626369204724,0.9419974922851273,0.009993457812318862,-0.00863541910727783,3.3216961207613283,0.18875922763800781,0.851584391726452,0.4748479965919573
synthetic,Synthetic baseline,False,2000,m30,race,5,3,0,0.03093760142810764,-0.00892983203505355,0.07334190400843858,0.031460560694579635,0.04061671132270287,0.0023823207332678287,0.04228489434112903,0.014291941433762667,0.028555280694839813,-0.003803803256028243,0.06746512610328803,0.0010293124092822794,0.0014661596923872472,-0.01134729291302139,-0.02714164714517886,0.001252775533901536,False,0.07700405407328786,,,,,,1.3667799825849483,,,,-0.4287276030687807,0.881844111969481,0.00863541910727783,0.01856182288252095,1.0965010106509443,0.48406418018397623,0.015285682689896574,2000,2000,42,level,1,271.0,81.0,0.2988929889298893,0.957504873294347,0.00010722617828866834,0.955931184550707,0.9582242049644133,-0.001573688743639945,0.0007193316700663255,3.473367921468697,-0.12435529715537245,1.027560807286105,0.8256293595192497
synthetic,Synthetic baseline,False,2000,m30,race,5,3,0,0.03093760142810764,-0.00892983203505355,0.07334190400843858,0.031460560694579635,0.04061671132270287,0.0023823207332678287,0.04228489434112903,0.014291941433762667,0.028555280694839813,-0.003803803256028243,0.06746512610328803,0.0010293124092822794,0.0014661596923872472,-0.01134729291302139,-0.02714164714517886,0.001252775533901536,False,0.07700405407328786,,,,,,1.3667799825849483,,,,-0.4287276030687807,0.881844111969481,0.00863541910727783,0.01856182288252095,1.0965010106509443,0.48406418018397623,0.015285682689896574,2000,2000,42,level,2,272.0,72.0,0.2647058823529412,0.9586805555555556,0.00012728858562613974,0.9490013489505754,0.956989772588266,-0.009679206604980228,-0.001690782967289639,3.233814532520672,-0.4436322403277051,1.0741300949042634,0.11046858669935385
synthetic,Synthetic baseline,False,2000,m30,race,5,3,0,0.03093760142810764,-0.00892983203505355,0.07334190400843858,0.031460560694579635,0.04061671132270287,0.0023823207332678287,0.04228489434112903,0.014291941433762667,0.028555280694839813,-0.003803803256028243,0.06746512610328803,0.0010293124092822794,0.0014661596923872472,-0.01134729291302139,-0.02714164714517886,0.001252775533901536,False,0.07700405407328786,,,,,,1.3667799825849483,,,,-0.4287276030687807,0.881844111969481,0.00863541910727783,0.01856182288252095,1.0965010106509443,0.48406418018397623,0.015285682689896574,2000,2000,42,level,3,74.0,26.0,0.35135135135135137,0.9815705128205128,0.00012728166484815418,0.9630086899379918,0.9842823866262563,-0.01856182288252095,0.0027118738057435587,3.545880903166628,0.5485449245149187,1.4840641801839762,0.27605442440874806
synthetic,Synthetic baseline,False,2000,m30,race,5,3,0,0.03093760142810764,-0.00892983203505355,0.07334190400843858,0.031460560694579635,0.04061671132270287,0.0023823207332678287,0.04228489434112903,0.014291941433762667,0.028555280694839813,-0.003803803256028243,0.06746512610328803,0.0010293124092822794,0.0014661596923872472,-0.01134729291302139,-0.02714164714517886,0.001252775533901536,False,0.07700405407328786,,,,,,1.3667799825849483,,,,-0.4287276030687807,0.881844111969481,0.00863541910727783,0.01856182288252095,1.0965010106509443,0.48406418018397623,0.015285682689896574,2000,2000,42,level,4,1274.0,391.0,0.3069073783359498,0.9629373242231059,2.0256899395529993e-05,0.9487167485042292,0.9630532693176062,-0.014220575718876693,0.00011594509450030266,3.3563783588778398,0.0725390205406494,1.1989056581753739,0.015285682689896574
synthetic,Synthetic baseline,False,2000,m30,race,5,3,0,0.03093760142810764,-0.00892983203505355,0.07334190400843858,0.031460560694579635,0.04061671132270287,0.0023823207332678287,0.04228489434112903,0.014291941433762667,0.028555280694839813,-0.003803803256028243,0.06746512610328803,0.0010293124092822794,0.0014661596923872472,-0.01134729291302139,-0.02714164714517886,0.001252775533901536,False,0.07700405407328786,,,,,,1.3667799825849483,,,,-0.4287276030687807,0.881844111969481,0.00863541910727783,0.01856182288252095,1.0965010106509443,0.48406418018397623,0.015285682689896574,2000,2000,42,partition,,,,,,,,,,,,,,
synthetic,Synthetic baseline,False,2000,m30,insurance,4,2,1,0.04555480059793182,0.029102382020801083,0.0630781946980381,0.04561259642254366,0.048481701909935525,0.04287494183207641,0.04285798936507079,0.04287494183207641,0.002679858765855414,-0.012317711907939895,0.017515143092853378,0.0003766352940430818,0.00047985173770127306,0.0026968112328610294,0.00033003731826550253,0.006125688304455375,True,0.9411728570714657,0.7017349733017321,1.3826584903100327,0.0058283625139847065,0.01838327680362148,0.003851208165564885,0.9408007235798664,0.8405558339744545,0.9928999012621934,0.0008736255178600599,0.36399942994843426,1.2620567834287184,0.002427210448395778,0.015620031872633056,1.1033158459732166,0.23600697456229702,0.07178229420780974,2000,2000,42,level,0,267.0,38.0,0.14232209737827714,0.9701218110779131,9.782842942593905e-05,0.9592123335958802,0.9705113529975583,-0.010909477482032859,0.0003895419196452421,2.865517168012066,0.05843347972333041,1.156713381942783,0.6531449545591602
synthetic,Synthetic baseline,False,2000,m30,insurance,4,2,1,0.04555480059793182,0.029102382020801083,0.0630781946980381,0.04561259642254366,0.048481701909935525,0.04287494183207641,0.04285798936507079,0.04287494183207641,0.002679858765855414,-0.012317711907939895,0.017515143092853378,0.0003766352940430818,0.00047985173770127306,0.0026968112328610294,0.00033003731826550253,0.006125688304455375,True,0.9411728570714657,0.7017349733017321,1.3826584903100327,0.0058283625139847065,0.01838327680362148,0.003851208165564885,0.9408007235798664,0.8405558339744545,0.9928999012621934,0.0008736255178600599,0.36399942994843426,1.2620567834287184,0.002427210448395778,0.015620031872633056,1.1033158459732166,0.23600697456229702,0.07178229420780974,2000,2000,42,level,1,964.0,451.0,0.4678423236514523,0.933736163517935,5.395483919292223e-05,0.9207959904111573,0.9340057643024002,-0.012940173106777642,0.0002696007844652515,2.6487612769655415,-0.08321653960298636,1.113411958212187,0.15153805843691168
synthetic,Synthetic baseline,False,2000,m30,insurance,4,2,1,0.04555480059793182,0.029102382020801083,0.0630781946980381,0.04561259642254366,0.048481701909935525,0.04287494183207641,0.04285798936507079,0.04287494183207641,0.002679858765855414,-0.012317711907939895,0.017515143092853378,0.0003766352940430818,0.00047985173770127306,0.0026968112328610294,0.00033003731826550253,0.006125688304455375,True,0.9411728570714657,0.7017349733017321,1.3826584903100327,0.0058283625139847065,0.01838327680362148,0.003851208165564885,0.9408007235798664,0.8405558339744545,0.9928999012621934,0.0008736255178600599,0.36399942994843426,1.2620567834287184,0.002427210448395778,0.015620031872633056,1.1033158459732166,0.23600697456229702,0.07178229420780974,2000,2000,42,level,2,604.0,90.0,0.1490066225165563,0.9792909641158668,2.2094112074929804e-05,0.9636709322432337,0.976863753667471,-0.015620031872633056,-0.002427210448395778,2.9224202890763338,0.44155876095249347,1.236006974562297,0.07178229420780974
synthetic,Synthetic baseline,False,2000,m30,insurance,4,2,1,0.04555480059793182,0.029102382020801083,0.0630781946980381,0.04561259642254366,0.048481701909935525,0.04287494183207641,0.04285798936507079,0.04287494183207641,0.002679858765855414,-0.012317711907939895,0.017515143092853378,0.0003766352940430818,0.00047985173770127306,0.0026968112328610294,0.00033003731826550253,0.006125688304455375,True,0.9411728570714657,0.7017349733017321,1.3826584903100327,0.0058283625139847065,0.01838327680362148,0.003851208165564885,0.9408007235798664,0.8405558339744545,0.9928999012621934,0.0008736255178600599,0.36399942994843426,1.2620567834287184,0.002427210448395778,0.015620031872633056,1.1033158459732166,0.23600697456229702,0.07178229420780974,2000,2000,42,level,3,165.0,21.0,0.12727272727272726,0.9672619047619048,0.0002568680768085531,0.9536384004705358,0.969479850817345,-0.013623504291368937,0.002217946055440234,2.7262231407271775,-0.2704512809860348,1.1780835822253348,0.440598566017949
synthetic,Synthetic baseline,False,2000,m30,insurance,4,2,1,0.04555480059793182,0.029102382020801083,0.0630781946980381,0.04561259642254366,0.048481701909935525,0.04287494183207641,0.04285798936507079,0.04287494183207641,0.002679858765855414,-0.012317711907939895,0.017515143092853378,0.0003766352940430818,0.00047985173770127306,0.0026968112328610294,0.00033003731826550253,0.006125688304455375,True,0.9411728570714657,0.7017349733017321,1.3826584903100327,0.0058283625139847065,0.01838327680362148,0.003851208165564885,0.9408007235798664,0.8405558339744545,0.9928999012621934,0.0008736255178600599,0.36399942994843426,1.2620567834287184,0.002427210448395778,0.015620031872633056,1.1033158459732166,0.23600697456229702,0.07178229420780974,2000,2000,42,partition,,,,,,,,,,,,,,
synthetic,Synthetic baseline,False,2000,ev10,age_group,3,1,3,0.03983572373105482,0.013293381359257032,0.06718480716974015,0.03980126167952688,0.04472618032893577,0.029074732855675633,0.03593228127017856,0.029074732855675633,0.010760990875379184,-0.012190618465761388,0.03433625476353691,0.0006240139637236357,0.0006586269997011248,0.003903442460876261,-0.0007065489387667517,0.010205718629394962,True,0.7298658122033762,0.4150545297327097,1.828989270902015,0.008331280235675016,0.08926605870584366,0.0236933803788579,0.9020115088850954,0.556385322115427,1.016792593302828,0.009736835641469438,0.20783035706053632,1.1771768223268806,0.0031912485348757347,0.03035229260402461,1.1280208544765087,0.262583132946022,0.12577789415559046,2000,2000,42,level,1,491.0,56.0,0.11405295315682282,0.9626436781609194,7.775285738269866e-05,0.9322913855568948,0.9594524296260437,-0.03035229260402461,-0.0031912485348757347,2.138984659659566,0.2439600511775759,1.262583132946022,0.15125385525158946
synthetic,Synthetic baseline,False,2000,ev10,age_group,3,1,3,0.03983572373105482,0.013293381359257032,0.06718480716974015,0.03980126167952688,0.04472618032893577,0.029074732855675633,0.03593228127017856,0.029074732855675633,0.010760990875379184,-0.012190618465761388,0.03433625476353691,0.0006240139637236357,0.0006586269997011248,0.003903442460876261,-0.0007065489387667517,0.010205718629394962,True,0.7298658122033762,0.4150545297327097,1.828989270902015,0.008331280235675016,0.08926605870584366,0.0236933803788579,0.9020115088850954,0.556385322115427,1.016792593302828,0.009736835641469438,0.20783035706053632,1.1771768223268806,0.0031912485348757347,0.03035229260402461,1.1280208544765087,0.262583132946022,0.12577789415559046,2000,2000,42,level,2,564.0,195.0,0.34574468085106386,0.9244944757139879,0.00011454167477471821,0.9146191758501386,0.9223629677025195,-0.009875299863849274,-0.0021315080114684415,2.4128193035013275,0.08929830303627996,1.0646687882186996,0.6887808616490219
synthetic,Synthetic baseline,False,2000,ev10,age_group,3,1,3,0.03983572373105482,0.013293381359257032,0.06718480716974015,0.03980126167952688,0.04472618032893577,0.029074732855675633,0.03593228127017856,0.029074732855675633,0.010760990875379184,-0.012190618465761388,0.03433625476353691,0.0006240139637236357,0.0006586269997011248,0.003903442460876261,-0.0007065489387667517,0.010205718629394962,True,0.7298658122033762,0.4150545297327097,1.828989270902015,0.008331280235675016,0.08926605870584366,0.0236933803788579,0.9020115088850954,0.556385322115427,1.016792593302828,0.009736835641469438,0.20783035706053632,1.1771768223268806,0.0031912485348757347,0.03035229260402461,1.1280208544765087,0.262583132946022,0.12577789415559046,2000,2000,42,level,3,574.0,348.0,0.6062717770034843,0.9228079544298646,0.00010993597739516388,0.9032166527012192,0.9235201483558652,-0.019591301728645427,0.0007121939260005261,2.3611637458509818,-0.15374131242717667,1.1641347352150961,0.12577789415559046
synthetic,Synthetic baseline,False,2000,ev10,age_group,3,1,3,0.03983572373105482,0.013293381359257032,0.06718480716974015,0.03980126167952688,0.04472618032893577,0.029074732855675633,0.03593228127017856,0.029074732855675633,0.010760990875379184,-0.012190618465761388,0.03433625476353691,0.0006240139637236357,0.0006586269997011248,0.003903442460876261,-0.0007065489387667517,0.010205718629394962,True,0.7298658122033762,0.4150545297327097,1.828989270902015,0.008331280235675016,0.08926605870584366,0.0236933803788579,0.9020115088850954,0.556385322115427,1.016792593302828,0.009736835641469438,0.20783035706053632,1.1771768223268806,0.0031912485348757347,0.03035229260402461,1.1280208544765087,0.262583132946022,0.12577789415559046,2000,2000,42,partition,,,,,,,,,,,,,,
synthetic,Synthetic baseline,False,2000,ev10,sex,2,0,1,0.008320825913630814,-0.007133540426772178,0.02300392609086165,0.008417622856502643,0.009481620781570823,0.0016868178578191007,0.007614943646926053,0.0016868178578191007,0.006634008055811713,-0.0060025626851101434,0.01953072030374883,0.00042248189796851627,0.00031971891556561684,0.0007058822667047604,-0.0009123493915487307,0.002257766744807366,False,0.20272240704565508,,,,,,0.9151668026669787,,,,-2.6489975766195926,3.4347562005402335,0.0003931382643940218,0.01308833149340527,1.0045856592162579,0.1796657979678562,0.038924461458740935,2000,2000,42,level,0,1079.0,335.0,0.31047265987025024,0.9648210560102713,2.165419626762262e-05,0.9517327245168661,0.9644279177458773,-0.01308833149340527,-0.0003931382643940218,3.3673656513770474,0.14387194764769748,1.1796657979678562,0.038924461458740935
synthetic,Synthetic baseline,False,2000,ev10,sex,2,0,1,0.008320825913630814,-0.007133540426772178,0.02300392609086165,0.008417622856502643,0.009481620781570823,0.0016868178578191007,0.007614943646926053,0.0016868178578191007,0.006634008055811713,-0.0060025626851101434,0.01953072030374883,0.00042248189796851627,0.00031971891556561684,0.0007058822667047604,-0.0009123493915487307,0.002257766744807366,False,0.20272240704565508,,,,,,0.9151668026669787,,,,-2.6489975766195926,3.4347562005402335,0.0003931382643940218,0.01308833149340527,1.0045856592162579,0.1796657979678562,0.038924461458740935,2000,2000,42,level,1,921.0,265.0,0.28773072747014117,0.9565002300966405,3.5261355037382936e-05,0.950045906659047,0.9568129740989513,-0.0064543234375935565,0.0003127440023107386,3.351994546691167,-0.16717664320491046,1.079207630186962,0.17433827075310823
synthetic,Synthetic baseline,False,2000,ev10,sex,2,0,1,0.008320825913630814,-0.007133540426772178,0.02300392609086165,0.008417622856502643,0.009481620781570823,0.0016868178578191007,0.007614943646926053,0.0016868178578191007,0.006634008055811713,-0.0060025626851101434,0.01953072030374883,0.00042248189796851627,0.00031971891556561684,0.0007058822667047604,-0.0009123493915487307,0.002257766744807366,False,0.20272240704565508,,,,,,0.9151668026669787,,,,-2.6489975766195926,3.4347562005402335,0.0003931382643940218,0.01308833149340527,1.0045856592162579,0.1796657979678562,0.038924461458740935,2000,2000,42,partition,,,,,,,,,,,,,,
synthetic,Synthetic baseline,False,2000,ev10,race,5,3,0,0.03093760142810764,-0.01019651695877962,0.07740146259331375,0.031050638997078824,0.040299176243189516,0.0023823207332678287,0.04228489434112903,0.014291941433762667,0.028555280694839813,-0.005852166183716962,0.06805202790304882,0.0010872002268405617,0.00121603915121974,-0.01134729291302139,-0.026749706807663275,0.0015713514034767912,False,0.07700405407328786,,,,,,1.3667799825849483,,,,-0.48389481267710605,0.8955980616249025,0.00863541910727783,0.01856182288252095,1.0965010106509443,0.48406418018397623,0.015285682689896574,2000,2000,42,level,0,109.0,30.0,0.27522935779816515,0.9506329113924051,0.00032668683536968344,0.960626369204724,0.9419974922851273,0.009993457812318862,-0.00863541910727783,3.3216961207613283,0.18875922763800781,0.851584391726452,0.4748479965919573
synthetic,Synthetic baseline,False,2000,ev10,race,5,3,0,0.03093760142810764,-0.01019651695877962,0.07740146259331375,0.031050638997078824,0.040299176243189516,0.0023823207332678287,0.04228489434112903,0.014291941433762667,0.028555280694839813,-0.005852166183716962,0.06805202790304882,0.0010872002268405617,0.00121603915121974,-0.01134729291302139,-0.026749706807663275,0.0015713514034767912,False,0.07700405407328786,,,,,,1.3667799825849483,,,,-0.48389481267710605,0.8955980616249025,0.00863541910727783,0.01856182288252095,1.0965010106509443,0.48406418018397623,0.015285682689896574,2000,2000,42,level,1,271.0,81.0,0.2988929889298893,0.957504873294347,0.00010722617828866834,0.955931184550707,0.9582242049644133,-0.001573688743639945,0.0007193316700663255,3.473367921468697,-0.12435529715537245,1.027560807286105,0.8256293595192497
synthetic,Synthetic baseline,False,2000,ev10,race,5,3,0,0.03093760142810764,-0.01019651695877962,0.07740146259331375,0.031050638997078824,0.040299176243189516,0.0023823207332678287,0.04228489434112903,0.014291941433762667,0.028555280694839813,-0.005852166183716962,0.06805202790304882,0.0010872002268405617,0.00121603915121974,-0.01134729291302139,-0.026749706807663275,0.0015713514034767912,False,0.07700405407328786,,,,,,1.3667799825849483,,,,-0.48389481267710605,0.8955980616249025,0.00863541910727783,0.01856182288252095,1.0965010106509443,0.48406418018397623,0.015285682689896574,2000,2000,42,level,2,272.0,72.0,0.2647058823529412,0.9586805555555556,0.00012728858562613974,0.9490013489505754,0.956989772588266,-0.009679206604980228,-0.001690782967289639,3.233814532520672,-0.4436322403277051,1.0741300949042634,0.11046858669935385
synthetic,Synthetic baseline,False,2000,ev10,race,5,3,0,0.03093760142810764,-0.01019651695877962,0.07740146259331375,0.031050638997078824,0.040299176243189516,0.0023823207332678287,0.04228489434112903,0.014291941433762667,0.028555280694839813,-0.005852166183716962,0.06805202790304882,0.0010872002268405617,0.00121603915121974,-0.01134729291302139,-0.026749706807663275,0.0015713514034767912,False,0.07700405407328786,,,,,,1.3667799825849483,,,,-0.48389481267710605,0.8955980616249025,0.00863541910727783,0.01856182288252095,1.0965010106509443,0.48406418018397623,0.015285682689896574,2000,2000,42,level,3,74.0,26.0,0.35135135135135137,0.9815705128205128,0.00012728166484815418,0.9630086899379918,0.9842823866262563,-0.01856182288252095,0.0027118738057435587,3.545880903166628,0.5485449245149187,1.4840641801839762,0.27605442440874806
synthetic,Synthetic baseline,False,2000,ev10,race,5,3,0,0.03093760142810764,-0.01019651695877962,0.07740146259331375,0.031050638997078824,0.040299176243189516,0.0023823207332678287,0.04228489434112903,0.014291941433762667,0.028555280694839813,-0.005852166183716962,0.06805202790304882,0.0010872002268405617,0.00121603915121974,-0.01134729291302139,-0.026749706807663275,0.0015713514034767912,False,0.07700405407328786,,,,,,1.3667799825849483,,,,-0.48389481267710605,0.8955980616249025,0.00863541910727783,0.01856182288252095,1.0965010106509443,0.48406418018397623,0.015285682689896574,2000,2000,42,level,4,1274.0,391.0,0.3069073783359498,0.9629373242231059,2.0256899395529993e-05,0.9487167485042292,0.9630532693176062,-0.014220575718876693,0.00011594509450030266,3.3563783588778398,0.0725390205406494,1.1989056581753739,0.015285682689896574
synthetic,Synthetic baseline,False,2000,ev10,race,5,3,0,0.03093760142810764,-0.01019651695877962,0.07740146259331375,0.031050638997078824,0.040299176243189516,0.0023823207332678287,0.04228489434112903,0.014291941433762667,0.028555280694839813,-0.005852166183716962,0.06805202790304882,0.0010872002268405617,0.00121603915121974,-0.01134729291302139,-0.026749706807663275,0.0015713514034767912,False,0.07700405407328786,,,,,,1.3667799825849483,,,,-0.48389481267710605,0.8955980616249025,0.00863541910727783,0.01856182288252095,1.0965010106509443,0.48406418018397623,0.015285682689896574,2000,2000,42,partition,,,,,,,,,,,,,,
synthetic,Synthetic baseline,False,2000,ev10,insurance,4,2,1,0.04555480059793182,0.028678527784197914,0.06215227678165932,0.04541186558269627,0.048354455619160235,0.04287494183207641,0.04285798936507079,0.04287494183207641,0.002679858765855414,-0.011966812901270479,0.017400985496494277,0.00041222839668868965,0.0005263626074776032,0.0026968112328610294,0.00012413390757021469,0.0058173049324636095,True,0.9411728570714657,0.7075719803008664,1.3808040066248903,0.005180562992312801,0.015950495557402397,0.0039393961893671335,0.9408007235798664,0.8411495423481089,0.9970354210252723,0.0008850902247382409,0.3868848182780378,1.2713192307272148,0.002427210448395778,0.015620031872633056,1.1033158459732166,0.23600697456229702,0.07178229420780974,2000,2000,42,level,0,267.0,38.0,0.14232209737827714,0.9701218110779131,9.782842942593905e-05,0.9592123335958802,0.9705113529975583,-0.010909477482032859,0.0003895419196452421,2.865517168012066,0.05843347972333041,1.156713381942783,0.6531449545591602
synthetic,Synthetic baseline,False,2000,ev10,insurance,4,2,1,0.04555480059793182,0.028678527784197914,0.06215227678165932,0.04541186558269627,0.048354455619160235,0.04287494183207641,0.04285798936507079,0.04287494183207641,0.002679858765855414,-0.011966812901270479,0.017400985496494277,0.00041222839668868965,0.0005263626074776032,0.0026968112328610294,0.00012413390757021469,0.0058173049324636095,True,0.9411728570714657,0.7075719803008664,1.3808040066248903,0.005180562992312801,0.015950495557402397,0.0039393961893671335,0.9408007235798664,0.8411495423481089,0.9970354210252723,0.0008850902247382409,0.3868848182780378,1.2713192307272148,0.002427210448395778,0.015620031872633056,1.1033158459732166,0.23600697456229702,0.07178229420780974,2000,2000,42,level,1,964.0,451.0,0.4678423236514523,0.933736163517935,5.395483919292223e-05,0.9207959904111573,0.9340057643024002,-0.012940173106777642,0.0002696007844652515,2.6487612769655415,-0.08321653960298636,1.113411958212187,0.15153805843691168
synthetic,Synthetic baseline,False,2000,ev10,insurance,4,2,1,0.04555480059793182,0.028678527784197914,0.06215227678165932,0.04541186558269627,0.048354455619160235,0.04287494183207641,0.04285798936507079,0.04287494183207641,0.002679858765855414,-0.011966812901270479,0.017400985496494277,0.00041222839668868965,0.0005263626074776032,0.0026968112328610294,0.00012413390757021469,0.0058173049324636095,True,0.9411728570714657,0.7075719803008664,1.3808040066248903,0.005180562992312801,0.015950495557402397,0.0039393961893671335,0.9408007235798664,0.8411495423481089,0.9970354210252723,0.0008850902247382409,0.3868848182780378,1.2713192307272148,0.002427210448395778,0.015620031872633056,1.1033158459732166,0.23600697456229702,0.07178229420780974,2000,2000,42,level,2,604.0,90.0,0.1490066225165563,0.9792909641158668,2.2094112074929804e-05,0.9636709322432337,0.976863753667471,-0.015620031872633056,-0.002427210448395778,2.9224202890763338,0.44155876095249347,1.236006974562297,0.07178229420780974
synthetic,Synthetic baseline,False,2000,ev10,insurance,4,2,1,0.04555480059793182,0.028678527784197914,0.06215227678165932,0.04541186558269627,0.048354455619160235,0.04287494183207641,0.04285798936507079,0.04287494183207641,0.002679858765855414,-0.011966812901270479,0.017400985496494277,0.00041222839668868965,0.0005263626074776032,0.0026968112328610294,0.00012413390757021469,0.0058173049324636095,True,0.9411728570714657,0.7075719803008664,1.3808040066248903,0.005180562992312801,0.015950495557402397,0.0039393961893671335,0.9408007235798664,0.8411495423481089,0.9970354210252723,0.0008850902247382409,0.3868848182780378,1.2713192307272148,0.002427210448395778,0.015620031872633056,1.1033158459732166,0.23600697456229702,0.07178229420780974,2000,2000,42,level,3,165.0,21.0,0.12727272727272726,0.9672619047619048,0.0002568680768085531,0.9536384004705358,0.969479850817345,-0.013623504291368937,0.002217946055440234,2.7262231407271775,-0.2704512809860348,1.1780835822253348,0.440598566017949
synthetic,Synthetic baseline,False,2000,ev10,insurance,4,2,1,0.04555480059793182,0.028678527784197914,0.06215227678165932,0.04541186558269627,0.048354455619160235,0.04287494183207641,0.04285798936507079,0.04287494183207641,0.002679858765855414,-0.011966812901270479,0.017400985496494277,0.00041222839668868965,0.0005263626074776032,0.0026968112328610294,0.00012413390757021469,0.0058173049324636095,True,0.9411728570714657,0.7075719803008664,1.3808040066248903,0.005180562992312801,0.015950495557402397,0.0039393961893671335,0.9408007235798664,0.8411495423481089,0.9970354210252723,0.0008850902247382409,0.3868848182780378,1.2713192307272148,0.002427210448395778,0.015620031872633056,1.1033158459732166,0.23600697456229702,0.07178229420780974,2000,2000,42,partition,,,,,,,,,,,,,,
nhanes2123,NHANES 21-23,True,820,m30,age_group,4,0,3,0.07484407484407474,0.02597267597267594,0.13484555984555985,0.0737836352836353,0.07742334819339448,0.020609591801145632,0.06477812807145977,0.020609591801145632,0.054234483042929105,0.006796864495287797,0.11101007454310083,0.0010329775239761294,0.0020322766128886907,0.010065946772614964,-0.010060752649834429,0.03292016637284802,True,0.27536704600975176,0.08975548311445394,0.7653929051142832,0.005818326326953323,0.024964988314025355,0.003878920104600216,0.865507766732561,0.665962860300114,1.2465524064810878,0.003318896927666271,0.028927465924077057,0.5491164851103378,0.010065946772614853,0.029115781613893832,1.60152271596277,0.1672135374662327,0.057951259320553575,2000,2000,42,level,0,198.0,9.0,0.045454545454545456,1.0,0.0,0.9708842183861062,0.9999999999999999,-0.029115781613893832,-1.1102230246251565e-16,1.8562453058666586,,,
nhanes2123,NHANES 21-23,True,820,m30,age_group,4,0,3,0.07484407484407474,0.02597267597267594,0.13484555984555985,0.0737836352836353,0.07742334819339448,0.020609591801145632,0.06477812807145977,0.020609591801145632,0.054234483042929105,0.006796864495287797,0.11101007454310083,0.0010329775239761294,0.0020322766128886907,0.010065946772614964,-0.010060752649834429,0.03292016637284802,True,0.27536704600975176,0.08975548311445394,0.7653929051142832,0.005818326326953323,0.024964988314025355,0.003878920104600216,0.865507766732561,0.665962860300114,1.2465524064810878,0.003318896927666271,0.028927465924077057,0.5491164851103378,0.010065946772614853,0.029115781613893832,1.60152271596277,0.1672135374662327,0.057951259320553575,2000,2000,42,level,1,149.0,12.0,0.08053691275167785,0.9653284671532846,0.0006173388783422382,0.9656922920388299,0.962883354864661,0.00036382488554531633,-0.002445112288623541,2.2483152155396278,0.3057458550074091,1.0048556224245815,0.8239802093706894
nhanes2123,NHANES 21-23,True,820,m30,age_group,4,0,3,0.07484407484407474,0.02597267597267594,0.13484555984555985,0.0737836352836353,0.07742334819339448,0.020609591801145632,0.06477812807145977,0.020609591801145632,0.054234483042929105,0.006796864495287797,0.11101007454310083,0.0010329775239761294,0.0020322766128886907,0.010065946772614964,-0.010060752649834429,0.03292016637284802,True,0.27536704600975176,0.08975548311445394,0.7653929051142832,0.005818326326953323,0.024964988314025355,0.003878920104600216,0.865507766732561,0.665962860300114,1.2465524064810878,0.003318896927666271,0.028927465924077057,0.5491164851103378,0.010065946772614853,0.029115781613893832,1.60152271596277,0.1672135374662327,0.057951259320553575,2000,2000,42,level,2,254.0,49.0,0.19291338582677164,0.9630662020905922,0.00021040360200703524,0.9615319926646851,0.9652464493751093,-0.001534209425907096,0.002180247284517045,2.972819023744714,-0.39923451545522326,0.9904084531368291,0.37508089331371247
nhanes2123,NHANES 21-23,True,820,m30,age_group,4,0,3,0.07484407484407474,0.02597267597267594,0.13484555984555985,0.0737836352836353,0.07742334819339448,0.020609591801145632,0.06477812807145977,0.020609591801145632,0.054234483042929105,0.006796864495287797,0.11101007454310083,0.0010329775239761294,0.0020322766128886907,0.010065946772614964,-0.010060752649834429,0.03292016637284802,True,0.27536704600975176,0.08975548311445394,0.7653929051142832,0.005818326326953323,0.024964988314025355,0.003878920104600216,0.865507766732561,0.665962860300114,1.2465524064810878,0.003318896927666271,0.028927465924077057,0.5491164851103378,0.010065946772614853,0.029115781613893832,1.60152271596277,0.1672135374662327,0.057951259320553575,2000,2000,42,level,3,219.0,37.0,0.1689497716894977,0.9251559251559253,0.0008295424672201543,0.9502746265849605,0.9352218719285401,0.025118701429035273,0.010065946772614853,2.682379802623114,-0.6335263781126133,0.8327864625337673,0.057951259320553575
nhanes2123,NHANES 21-23,True,820,m30,age_group,4,0,3,0.07484407484407474,0.02597267597267594,0.13484555984555985,0.0737836352836353,0.07742334819339448,0.020609591801145632,0.06477812807145977,0.020609591801145632,0.054234483042929105,0.006796864495287797,0.11101007454310083,0.0010329775239761294,0.0020322766128886907,0.010065946772614964,-0.010060752649834429,0.03292016637284802,True,0.27536704600975176,0.08975548311445394,0.7653929051142832,0.005818326326953323,0.024964988314025355,0.003878920104600216,0.865507766732561,0.665962860300114,1.2465524064810878,0.003318896927666271,0.028927465924077057,0.5491164851103378,0.010065946772614853,0.029115781613893832,1.60152271596277,0.1672135374662327,0.057951259320553575,2000,2000,42,partition,,,,,,,,,,,,,,
nhanes2123,NHANES 21-23,True,820,m30,sex,2,1,0,0.020325548619559597,-0.016164434489184948,0.057720137545455116,0.019791800774593436,0.02234756475350623,0.0008634436758327979,0.013429066012979662,0.0008634436758327979,0.0194621049437268,-0.014633481967220752,0.053752397362759684,0.0012333474627001704,0.0013582945454048121,0.0068964826065799345,-0.005682661278934592,0.0196538348274103,False,0.04248070701530252,,,,,,0.6606988211898329,,,,-1.7122160595293754,1.8395851961829612,0.005589017310496103,0.01314340386612789,1.089801412991661,0.09709111144519222,0.39151003843187643,2000,2000,42,level,0,427.0,50.0,0.117096018735363,0.9527320954907161,0.0002542878113574677,0.965875499356844,0.9583211128012122,0.01314340386612789,0.005589017310496103,2.736013497547178,-0.3114061209091116,0.9029088885548078,0.44233664008047224
nhanes2123,NHANES 21-23,True,820,m30,sex,2,1,0,0.020325548619559597,-0.016164434489184948,0.057720137545455116,0.019791800774593436,0.02234756475350623,0.0008634436758327979,0.013429066012979662,0.0008634436758327979,0.0194621049437268,-0.014633481967220752,0.053752397362759684,0.0012333474627001704,0.0013582945454048121,0.0068964826065799345,-0.005682661278934592,0.0196538348274103,False,0.04248070701530252,,,,,,0.6606988211898329,,,,-1.7122160595293754,1.8395851961829612,0.005589017310496103,0.01314340386612789,1.089801412991661,0.09709111144519222,0.39151003843187643,2000,2000,42,level,1,393.0,57.0,0.1450381679389313,0.9730576441102757,9.3167299220918e-05,0.9667389430326768,0.9717501788141919,-0.006318701077598909,-0.0013074652960838318,2.9817113755911704,-0.3190968915187382,1.0272483924741056,0.39151003843187643
nhanes2123,NHANES 21-23,True,820,m30,sex,2,1,0,0.020325548619559597,-0.016164434489184948,0.057720137545455116,0.019791800774593436,0.02234756475350623,0.0008634436758327979,0.013429066012979662,0.0008634436758327979,0.0194621049437268,-0.014633481967220752,0.053752397362759684,0.0012333474627001704,0.0013582945454048121,0.0068964826065799345,-0.005682661278934592,0.0196538348274103,False,0.04248070701530252,,,,,,0.6606988211898329,,,,-1.7122160595293754,1.8395851961829612,0.005589017310496103,0.01314340386612789,1.089801412991661,0.09709111144519222,0.39151003843187643,2000,2000,42,partition,,,,,,,,,,,,,,
nhanes2123,NHANES 21-23,True,820,m30,race,5,2,1,0.0464975845410629,-0.0002475845410628199,0.10906400966183563,0.04681346618357489,0.06090973820384954,0.006644615681608235,0.03615452183968215,0.021397874423914498,0.03985296885945466,-0.00597900005252123,0.10256650074376984,0.001013997707777313,0.0024221868464059833,0.010343062701380745,-0.004707770476488673,0.029059970221031923,False,0.14290238400965213,,,,,,0.7775569891755003,,,,-0.09646052805254667,0.695494276602695,0.008601717308042156,0.023295730302989925,1.316005146392062,1.0133996370034786,0.09340260816628088,2000,2000,42,level,0,51.0,8.0,0.1568627450980392,0.9912790697674418,9.416286795951485e-05,0.9785636270375919,0.9940399326256496,-0.012715442729849924,0.0027608628582077577,3.3929078448913765,-2.521398278180197,2.0133996370034786,0.09340260816628088
nhanes2123,NHANES 21-23,True,820,m30,race,5,2,1,0.0464975845410629,-0.0002475845410628199,0.10906400966183563,0.04681346618357489,0.06090973820384954,0.006644615681608235,0.03615452183968215,0.021397874423914498,0.03985296885945466,-0.00597900005252123,0.10256650074376984,0.001013997707777313,0.0024221868464059833,0.010343062701380745,-0.004707770476488673,0.029059970221031923,False,0.14290238400965213,,,,,,0.7775569891755003,,,,-0.09646052805254667,0.695494276602695,0.008601717308042156,0.023295730302989925,1.316005146392062,1.0133996370034786,0.09340260816628088,2000,2000,42,level,1,93.0,24.0,0.25806451612903225,0.946256038647343,0.0008152886431201127,0.9695517689503329,0.9548577559553851,0.023295730302989925,0.008601717308042156,3.1733513680016943,0.28588347096690675,0.8853644061697227,0.552885971368821
nhanes2123,NHANES 21-23,True,820,m30,race,5,2,1,0.0464975845410629,-0.0002475845410628199,0.10906400966183563,0.04681346618357489,0.06090973820384954,0.006644615681608235,0.03615452183968215,0.021397874423914498,0.03985296885945466,-0.00597900005252123,0.10256650074376984,0.001013997707777313,0.0024221868464059833,0.010343062701380745,-0.004707770476488673,0.029059970221031923,False,0.14290238400965213,,,,,,0.7775569891755003,,,,-0.09646052805254667,0.695494276602695,0.008601717308042156,0.023295730302989925,1.316005146392062,1.0133996370034786,0.09340260816628088,2000,2000,42,level,2,79.0,10.0,0.12658227848101267,0.9927536231884059,4.798656842839358e-05,0.9761963846319411,0.9910122777950673,-0.016557238556464737,-0.0017413453933385892,3.112496418202102,0.30739643528216304,1.3654813172728075,0.6731838470739301
nhanes2123,NHANES 21-23,True,820,m30,race,5,2,1,0.0464975845410629,-0.0002475845410628199,0.10906400966183563,0.04681346618357489,0.06090973820384954,0.006644615681608235,0.03615452183968215,0.021397874423914498,0.03985296885945466,-0.00597900005252123,0.10256650074376984,0.001013997707777313,0.0024221868464059833,0.010343062701380745,-0.004707770476488673,0.029059970221031923,False,0.14290238400965213,,,,,,0.7775569891755003,,,,-0.09646052805254667,0.695494276602695,0.008601717308042156,0.023295730302989925,1.316005146392062,1.0133996370034786,0.09340260816628088,2000,2000,42,level,3,517.0,51.0,0.09864603481624758,0.952453084237987,0.00022798422574475278,0.9577726464059323,0.9540879993493445,0.005319562167945269,0.0016349151113574933,2.5781873681826526,-0.46842315426248426,0.9206870616774507,0.15214891867954194
nhanes2123,NHANES 21-23,True,820,m30,race,5,2,1,0.0464975845410629,-0.0002475845410628199,0.10906400966183563,0.04681346618357489,0.06090973820384954,0.006644615681608235,0.03615452183968215,0.021397874423914498,0.03985296885945466,-0.00597900005252123,0.10256650074376984,0.001013997707777313,0.0024221868464059833,0.010343062701380745,-0.004707770476488673,0.029059970221031923,False,0.14290238400965213,,,,,,0.7775569891755003,,,,-0.09646052805254667,0.695494276602695,0.008601717308042156,0.023295730302989925,1.316005146392062,1.0133996370034786,0.09340260816628088,2000,2000,42,level,4,80.0,14.0,0.175,0.9805194805194805,0.00023245153115282992,0.9791705208298468,0.9799763905711257,-0.0013489596896336664,-0.0005430899483547247,3.331919871899728,-0.06837561059591073,1.0050241986377642,0.9926147624926063
nhanes2123,NHANES 21-23,True,820,m30,race,5,2,1,0.0464975845410629,-0.0002475845410628199,0.10906400966183563,0.04681346618357489,0.06090973820384954,0.006644615681608235,0.03615452183968215,0.021397874423914498,0.03985296885945466,-0.00597900005252123,0.10256650074376984,0.001013997707777313,0.0024221868464059833,0.010343062701380745,-0.004707770476488673,0.029059970221031923,False,0.14290238400965213,,,,,,0.7775569891755003,,,,-0.09646052805254667,0.695494276602695,0.008601717308042156,0.023295730302989925,1.316005146392062,1.0133996370034786,0.09340260816628088,2000,2000,42,partition,,,,,,,,,,,,,,
nhanes2123,NHANES 21-23,True,820,m30,insured,2,1,0,0.032843606941339476,0.008044744566622544,0.0558475346382563,0.03286898868458274,0.03296685031406366,-0.0027932360536203626,0.0327731088545391,0.0027932360536203626,0.03563684299495984,0.016022890386736773,0.06255884580817385,0.0005505758488432502,0.0008145536561700685,7.049808680037462e-05,-0.008677324647582724,0.007890965042087751,True,-0.08504656807668046,-1.7334156432650927,0.2663332896143556,0.1314324935319422,0.015119753411359519,0.047123969584772524,0.9978535217850375,0.7766106865273698,1.6225262641214109,0.023168367232571787,-1.7334156432650927,0.2663332896143556,0.0014396432583353436,0.030641265753742042,1.139703464064713,1.5004134805448839,0.18470267953218392,2000,2000,42,level,0,752.0,101.0,0.13430851063829788,0.961780048972639,9.402362446301177e-05,0.9667756262138568,0.9632196922309744,0.004995577241217797,0.0014396432583353436,2.8878092237105024,-0.30747419751115496,0.9325273150122183,0.26430447562418535
nhanes2123,NHANES 21-23,True,820,m30,insured,2,1,0,0.032843606941339476,0.008044744566622544,0.0558475346382563,0.03286898868458274,0.03296685031406366,-0.0027932360536203626,0.0327731088545391,0.0027932360536203626,0.03563684299495984,0.016022890386736773,0.06255884580817385,0.0005505758488432502,0.0008145536561700685,7.049808680037462e-05,-0.008677324647582724,0.007890965042087751,True,-0.08504656807668046,-1.7334156432650927,0.2663332896143556,0.1314324935319422,0.015119753411359519,0.047123969584772524,0.9978535217850375,0.7766106865273698,1.6225262641214109,0.023168367232571787,-1.7334156432650927,0.2663332896143556,0.0014396432583353436,0.030641265753742042,1.139703464064713,1.5004134805448839,0.18470267953218392,2000,2000,42,level,1,68.0,6.0,0.08823529411764706,0.9946236559139785,4.312068674669103e-05,0.9639823901602365,0.9959928010855135,-0.030641265753742042,0.001369145171534969,2.5338250823694355,-0.5034095391575342,2.500413480544884,0.18470267953218392
nhanes2123,NHANES 21-23,True,820,m30,insured,2,1,0,0.032843606941339476,0.008044744566622544,0.0558475346382563,0.03286898868458274,0.03296685031406366,-0.0027932360536203626,0.0327731088545391,0.0027932360536203626,0.03563684299495984,0.016022890386736773,0.06255884580817385,0.0005505758488432502,0.0008145536561700685,7.049808680037462e-05,-0.008677324647582724,0.007890965042087751,True,-0.08504656807668046,-1.7334156432650927,0.2663332896143556,0.1314324935319422,0.015119753411359519,0.047123969584772524,0.9978535217850375,0.7766106865273698,1.6225262641214109,0.023168367232571787,-1.7334156432650927,0.2663332896143556,0.0014396432583353436,0.030641265753742042,1.139703464064713,1.5004134805448839,0.18470267953218392,2000,2000,42,partition,,,,,,,,,,,,,,
nhanes2123,NHANES 21-23,True,820,ev10,age_group,3,1,3,0.04017254199735931,-0.0355950023377032,0.1140442660515652,0.03952303829858574,0.053563904828784405,0.015417665453869356,0.027661482936120918,0.015417665453869356,0.024754876543489956,-0.04471117993299129,0.09481351677348683,0.0025789065490703315,0.0030362020207305813,0.012511059061238394,-0.013380197694658804,0.04969800620692952,False,0.3837861556005795,,,,,,0.6885669056725165,,,,-0.44676474352291834,0.9959180323070048,0.010065946772614853,0.025118701429035273,1.3222429858578326,0.1672135374662327,0.057951259320553575,2000,2000,42,level,1,149.0,12.0,0.08053691275167785,0.9653284671532846,0.0006173388783422382,0.9656922920388299,0.962883354864661,0.00036382488554531633,-0.002445112288623541,2.2483152155396278,0.3057458550074091,1.0048556224245815,0.8239802093706894
nhanes2123,NHANES 21-23,True,820,ev10,age_group,3,1,3,0.04017254199735931,-0.0355950023377032,0.1140442660515652,0.03952303829858574,0.053563904828784405,0.015417665453869356,0.027661482936120918,0.015417665453869356,0.024754876543489956,-0.04471117993299129,0.09481351677348683,0.0025789065490703315,0.0030362020207305813,0.012511059061238394,-0.013380197694658804,0.04969800620692952,False,0.3837861556005795,,,,,,0.6885669056725165,,,,-0.44676474352291834,0.9959180323070048,0.010065946772614853,0.025118701429035273,1.3222429858578326,0.1672135374662327,0.057951259320553575,2000,2000,42,level,2,254.0,49.0,0.19291338582677164,0.9630662020905922,0.00021040360200703524,0.9615319926646851,0.9652464493751093,-0.001534209425907096,0.002180247284517045,2.972819023744714,-0.39923451545522326,0.9904084531368291,0.37508089331371247
nhanes2123,NHANES 21-23,True,820,ev10,age_group,3,1,3,0.04017254199735931,-0.0355950023377032,0.1140442660515652,0.03952303829858574,0.053563904828784405,0.015417665453869356,0.027661482936120918,0.015417665453869356,0.024754876543489956,-0.04471117993299129,0.09481351677348683,0.0025789065490703315,0.0030362020207305813,0.012511059061238394,-0.013380197694658804,0.04969800620692952,False,0.3837861556005795,,,,,,0.6885669056725165,,,,-0.44676474352291834,0.9959180323070048,0.010065946772614853,0.025118701429035273,1.3222429858578326,0.1672135374662327,0.057951259320553575,2000,2000,42,level,3,219.0,37.0,0.1689497716894977,0.9251559251559253,0.0008295424672201543,0.9502746265849605,0.9352218719285401,0.025118701429035273,0.010065946772614853,2.682379802623114,-0.6335263781126133,0.8327864625337673,0.057951259320553575
nhanes2123,NHANES 21-23,True,820,ev10,age_group,3,1,3,0.04017254199735931,-0.0355950023377032,0.1140442660515652,0.03952303829858574,0.053563904828784405,0.015417665453869356,0.027661482936120918,0.015417665453869356,0.024754876543489956,-0.04471117993299129,0.09481351677348683,0.0025789065490703315,0.0030362020207305813,0.012511059061238394,-0.013380197694658804,0.04969800620692952,False,0.3837861556005795,,,,,,0.6885669056725165,,,,-0.44676474352291834,0.9959180323070048,0.010065946772614853,0.025118701429035273,1.3222429858578326,0.1672135374662327,0.057951259320553575,2000,2000,42,partition,,,,,,,,,,,,,,
nhanes2123,NHANES 21-23,True,820,ev10,sex,2,1,0,0.020325548619559597,-0.015670002814286047,0.059530116460470364,0.020282355809395292,0.022712859948833188,0.0008634436758327979,0.013429066012979662,0.0008634436758327979,0.0194621049437268,-0.015451934375239335,0.055194775777913374,0.0009426441535871541,0.0011466118084305632,0.0068964826065799345,-0.005177984158283483,0.018937939757995202,False,0.04248070701530252,,,,,,0.6606988211898329,,,,-1.8944225012445706,1.6779470703213488,0.005589017310496103,0.01314340386612789,1.089801412991661,0.09709111144519222,0.39151003843187643,2000,2000,42,level,0,427.0,50.0,0.117096018735363,0.9527320954907161,0.0002542878113574677,0.965875499356844,0.9583211128012122,0.01314340386612789,0.005589017310496103,2.736013497547178,-0.3114061209091116,0.9029088885548078,0.44233664008047224
nhanes2123,NHANES 21-23,True,820,ev10,sex,2,1,0,0.020325548619559597,-0.015670002814286047,0.059530116460470364,0.020282355809395292,0.022712859948833188,0.0008634436758327979,0.013429066012979662,0.0008634436758327979,0.0194621049437268,-0.015451934375239335,0.055194775777913374,0.0009426441535871541,0.0011466118084305632,0.0068964826065799345,-0.005177984158283483,0.018937939757995202,False,0.04248070701530252,,,,,,0.6606988211898329,,,,-1.8944225012445706,1.6779470703213488,0.005589017310496103,0.01314340386612789,1.089801412991661,0.09709111144519222,0.39151003843187643,2000,2000,42,level,1,393.0,57.0,0.1450381679389313,0.9730576441102757,9.3167299220918e-05,0.9667389430326768,0.9717501788141919,-0.006318701077598909,-0.0013074652960838318,2.9817113755911704,-0.3190968915187382,1.0272483924741056,0.39151003843187643
nhanes2123,NHANES 21-23,True,820,ev10,sex,2,1,0,0.020325548619559597,-0.015670002814286047,0.059530116460470364,0.020282355809395292,0.022712859948833188,0.0008634436758327979,0.013429066012979662,0.0008634436758327979,0.0194621049437268,-0.015451934375239335,0.055194775777913374,0.0009426441535871541,0.0011466118084305632,0.0068964826065799345,-0.005177984158283483,0.018937939757995202,False,0.04248070701530252,,,,,,0.6606988211898329,,,,-1.8944225012445706,1.6779470703213488,0.005589017310496103,0.01314340386612789,1.089801412991661,0.09709111144519222,0.39151003843187643,2000,2000,42,partition,,,,,,,,,,,,,,
nhanes2123,NHANES 21-23,True,820,ev10,race,4,2,1,0.0464975845410629,-0.004347826086956608,0.10725241545893728,0.04592004830917875,0.05812193792070087,0.006644615681608235,0.03615452183968215,0.021397874423914498,0.03985296885945466,-0.011003802717319145,0.10047781603729553,0.001092207790602003,0.0020013118455712896,0.010343062701380745,-0.0038052709425498905,0.029027681746624925,False,0.14290238400965213,,,,,,0.7775569891755003,,,,-0.13008200849507318,0.7614381335896696,0.008601717308042156,0.023295730302989925,1.2923497776068837,0.3654813172728075,0.15214891867954194,2000,2000,42,level,1,93.0,24.0,0.25806451612903225,0.946256038647343,0.0008152886431201127,0.9695517689503329,0.9548577559553851,0.023295730302989925,0.008601717308042156,3.1733513680016943,0.28588347096690675,0.8853644061697227,0.552885971368821
nhanes2123,NHANES 21-23,True,820,ev10,race,4,2,1,0.0464975845410629,-0.004347826086956608,0.10725241545893728,0.04592004830917875,0.05812193792070087,0.006644615681608235,0.03615452183968215,0.021397874423914498,0.03985296885945466,-0.011003802717319145,0.10047781603729553,0.001092207790602003,0.0020013118455712896,0.010343062701380745,-0.0038052709425498905,0.029027681746624925,False,0.14290238400965213,,,,,,0.7775569891755003,,,,-0.13008200849507318,0.7614381335896696,0.008601717308042156,0.023295730302989925,1.2923497776068837,0.3654813172728075,0.15214891867954194,2000,2000,42,level,2,79.0,10.0,0.12658227848101267,0.9927536231884059,4.798656842839358e-05,0.9761963846319411,0.9910122777950673,-0.016557238556464737,-0.0017413453933385892,3.112496418202102,0.30739643528216304,1.3654813172728075,0.6731838470739301
nhanes2123,NHANES 21-23,True,820,ev10,race,4,2,1,0.0464975845410629,-0.004347826086956608,0.10725241545893728,0.04592004830917875,0.05812193792070087,0.006644615681608235,0.03615452183968215,0.021397874423914498,0.03985296885945466,-0.011003802717319145,0.10047781603729553,0.001092207790602003,0.0020013118455712896,0.010343062701380745,-0.0038052709425498905,0.029027681746624925,False,0.14290238400965213,,,,,,0.7775569891755003,,,,-0.13008200849507318,0.7614381335896696,0.008601717308042156,0.023295730302989925,1.2923497776068837,0.3654813172728075,0.15214891867954194,2000,2000,42,level,3,517.0,51.0,0.09864603481624758,0.952453084237987,0.00022798422574475278,0.9577726464059323,0.9540879993493445,0.005319562167945269,0.0016349151113574933,2.5781873681826526,-0.46842315426248426,0.9206870616774507,0.15214891867954194
nhanes2123,NHANES 21-23,True,820,ev10,race,4,2,1,0.0464975845410629,-0.004347826086956608,0.10725241545893728,0.04592004830917875,0.05812193792070087,0.006644615681608235,0.03615452183968215,0.021397874423914498,0.03985296885945466,-0.011003802717319145,0.10047781603729553,0.001092207790602003,0.0020013118455712896,0.010343062701380745,-0.0038052709425498905,0.029027681746624925,False,0.14290238400965213,,,,,,0.7775569891755003,,,,-0.13008200849507318,0.7614381335896696,0.008601717308042156,0.023295730302989925,1.2923497776068837,0.3654813172728075,0.15214891867954194,2000,2000,42,level,4,80.0,14.0,0.175,0.9805194805194805,0.00023245153115282992,0.9791705208298468,0.9799763905711257,-0.0013489596896336664,-0.0005430899483547247,3.331919871899728,-0.06837561059591073,1.0050241986377642,0.9926147624926063
nhanes2123,NHANES 21-23,True,820,ev10,race,4,2,1,0.0464975845410629,-0.004347826086956608,0.10725241545893728,0.04592004830917875,0.05812193792070087,0.006644615681608235,0.03615452183968215,0.021397874423914498,0.03985296885945466,-0.011003802717319145,0.10047781603729553,0.001092207790602003,0.0020013118455712896,0.010343062701380745,-0.0038052709425498905,0.029027681746624925,False,0.14290238400965213,,,,,,0.7775569891755003,,,,-0.13008200849507318,0.7614381335896696,0.008601717308042156,0.023295730302989925,1.2923497776068837,0.3654813172728075,0.15214891867954194,2000,2000,42,partition,,,,,,,,,,,,,,
german_credit,German Credit,False,200,m30,sex,2,1,0,0.028000000000000136,-0.15151249999999997,0.2247999999999995,0.028471874999999997,0.078494875,0.022797156764224114,0.043076231127439746,0.022797156764224114,0.005202843235776022,-0.1751173426706726,0.20467298008571186,0.005700902175320554,0.007298608307529755,-0.01507623112743961,-0.06656972461619844,0.05703558068595251,False,0.8141841701508572,,,,,,1.5384368259799834,,,,-4.438580722053827,4.55752011360543,0.009673694800264698,0.01626858179485058,1.157365088277686,0.1910909567885163,0.7910910818361243,2000,2000,42,level,0,60.0,40.0,0.6666666666666666,0.635,0.006288394062078272,0.6512685817948506,0.6253263051997353,0.01626858179485058,-0.009673694800264698,0.5795301892628926,0.25690968645512385,0.8089090432114837,0.7910910818361243
german_credit,German Credit,False,200,m30,sex,2,1,0,0.028000000000000136,-0.15151249999999997,0.2247999999999995,0.028471874999999997,0.078494875,0.022797156764224114,0.043076231127439746,0.022797156764224114,0.005202843235776022,-0.1751173426706726,0.20467298008571186,0.005700902175320554,0.007298608307529755,-0.01507623112743961,-0.06656972461619844,0.05703558068595251,False,0.8141841701508572,,,,,,1.5384368259799834,,,,-4.438580722053827,4.55752011360543,0.009673694800264698,0.01626858179485058,1.157365088277686,0.1910909567885163,0.7910910818361243,2000,2000,42,level,1,140.0,100.0,0.7142857142857143,0.6630000000000001,0.0026452610722610724,0.6740657385590747,0.6684025363271751,0.011065738559074556,0.005402536327174912,0.6707280086558317,-0.04638542268730693,0.9634050324768814,0.9137715888318196
german_credit,German Credit,False,200,m30,sex,2,1,0,0.028000000000000136,-0.15151249999999997,0.2247999999999995,0.028471874999999997,0.078494875,0.022797156764224114,0.043076231127439746,0.022797156764224114,0.005202843235776022,-0.1751173426706726,0.20467298008571186,0.005700902175320554,0.007298608307529755,-0.01507623112743961,-0.06656972461619844,0.05703558068595251,False,0.8141841701508572,,,,,,1.5384368259799834,,,,-4.438580722053827,4.55752011360543,0.009673694800264698,0.01626858179485058,1.157365088277686,0.1910909567885163,0.7910910818361243,2000,2000,42,partition,,,,,,,,,,,,,,
german_credit,German Credit,False,200,m30,age_group,2,0,1,0.02913943691975729,-0.14012520529683012,0.19976508545158408,0.03207965035974186,0.07419892798977466,0.01419445221163107,0.049315050477974576,0.01419445221163107,0.014944984708126219,-0.1500036419309737,0.17934608756261416,0.005154650636665517,0.006350906606808176,-0.020175613558217287,-0.06594599893791984,0.0248257730255794,False,0.48712170556757967,,,,,,1.6923817235650735,,,,-3.249483640558548,2.8001047001704955,0.010793875072201864,0.014586788442396359,1.050664586688737,0.17781041343734572,0.2370932030555353,2000,2000,42,level,0,68.0,45.0,0.6617647058823529,0.693719806763285,0.004762771593269388,0.6791330183208887,0.7031015452493005,-0.014586788442396359,0.009381738486015423,0.6821242874671428,-0.6425426115842183,1.1778104134373457,0.2370932030555353
german_credit,German Credit,False,200,m30,age_group,2,0,1,0.02913943691975729,-0.14012520529683012,0.19976508545158408,0.03207965035974186,0.07419892798977466,0.01419445221163107,0.049315050477974576,0.01419445221163107,0.014944984708126219,-0.1500036419309737,0.17934608756261416,0.005154650636665517,0.006350906606808176,-0.020175613558217287,-0.06594599893791984,0.0248257730255794,False,0.48712170556757967,,,,,,1.6923817235650735,,,,-3.249483640558548,2.8001047001704955,0.010793875072201864,0.014586788442396359,1.050664586688737,0.17781041343734572,0.2370932030555353,2000,2000,42,level,1,132.0,95.0,0.7196969696969697,0.6645803698435278,0.002865672679604015,0.6649385661092576,0.6537864947713259,0.00035819626572985985,-0.010793875072201864,0.6492312543024965,0.2760998330044938,0.9221860519387614,0.5095476520573865
german_credit,German Credit,False,200,m30,age_group,2,0,1,0.02913943691975729,-0.14012520529683012,0.19976508545158408,0.03207965035974186,0.07419892798977466,0.01419445221163107,0.049315050477974576,0.01419445221163107,0.014944984708126219,-0.1500036419309737,0.17934608756261416,0.005154650636665517,0.006350906606808176,-0.020175613558217287,-0.06594599893791984,0.0248257730255794,False,0.48712170556757967,,,,,,1.6923817235650735,,,,-3.249483640558548,2.8001047001704955,0.010793875072201864,0.014586788442396359,1.050664586688737,0.17781041343734572,0.2370932030555353,2000,2000,42,partition,,,,,,,,,,,,,,
german_credit,German Credit,False,200,ev10,sex,2,1,0,0.028000000000000136,-0.15280624999999995,0.21126875000000006,0.028941124999999995,0.07882187499999999,0.022797156764224114,0.043076231127439746,0.022797156764224114,0.005202843235776022,-0.17621415161681803,0.19040694429024896,0.005142788245165509,0.004088343463934853,-0.01507623112743961,-0.06786822177611335,0.055789603157730565,False,0.8141841701508572,,,,,,1.5384368259799834,,,,-3.2938295776813455,4.185617188398292,0.009673694800264698,0.01626858179485058,1.157365088277686,0.1910909567885163,0.7910910818361243,2000,2000,42,level,0,60.0,40.0,0.6666666666666666,0.635,0.006288394062078272,0.6512685817948506,0.6253263051997353,0.01626858179485058,-0.009673694800264698,0.5795301892628926,0.25690968645512385,0.8089090432114837,0.7910910818361243
german_credit,German Credit,False,200,ev10,sex,2,1,0,0.028000000000000136,-0.15280624999999995,0.21126875000000006,0.028941124999999995,0.07882187499999999,0.022797156764224114,0.043076231127439746,0.022797156764224114,0.005202843235776022,-0.17621415161681803,0.19040694429024896,0.005142788245165509,0.004088343463934853,-0.01507623112743961,-0.06786822177611335,0.055789603157730565,False,0.8141841701508572,,,,,,1.5384368259799834,,,,-3.2938295776813455,4.185617188398292,0.009673694800264698,0.01626858179485058,1.157365088277686,0.1910909567885163,0.7910910818361243,2000,2000,42,level,1,140.0,100.0,0.7142857142857143,0.6630000000000001,0.0026452610722610724,0.6740657385590747,0.6684025363271751,0.011065738559074556,0.005402536327174912,0.6707280086558317,-0.04638542268730693,0.9634050324768814,0.9137715888318196
german_credit,German Credit,False,200,ev10,sex,2,1,0,0.028000000000000136,-0.15280624999999995,0.21126875000000006,0.028941124999999995,0.07882187499999999,0.022797156764224114,0.043076231127439746,0.022797156764224114,0.005202843235776022,-0.17621415161681803,0.19040694429024896,0.005142788245165509,0.004088343463934853,-0.01507623112743961,-0.06786822177611335,0.055789603157730565,False,0.8141841701508572,,,,,,1.5384368259799834,,,,-3.2938295776813455,4.185617188398292,0.009673694800264698,0.01626858179485058,1.157365088277686,0.1910909567885163,0.7910910818361243,2000,2000,42,partition,,,,,,,,,,,,,,
german_credit,German Credit,False,200,ev10,age_group,2,0,1,0.02913943691975729,-0.1445599947773862,0.19616306237587694,0.03041640381800562,0.07273176036448348,0.01419445221163107,0.049315050477974576,0.01419445221163107,0.014944984708126219,-0.1534977333180696,0.17752169608446752,0.005803630895570186,0.00497159931221177,-0.020175613558217287,-0.06570395747633358,0.02526874391853339,False,0.48712170556757967,,,,,,1.6923817235650735,,,,-3.343736682947246,2.522931954249601,0.010793875072201864,0.014586788442396359,1.050664586688737,0.17781041343734572,0.2370932030555353,2000,2000,42,level,0,68.0,45.0,0.6617647058823529,0.693719806763285,0.004762771593269388,0.6791330183208887,0.7031015452493005,-0.014586788442396359,0.009381738486015423,0.6821242874671428,-0.6425426115842183,1.1778104134373457,0.2370932030555353
german_credit,German Credit,False,200,ev10,age_group,2,0,1,0.02913943691975729,-0.1445599947773862,0.19616306237587694,0.03041640381800562,0.07273176036448348,0.01419445221163107,0.049315050477974576,0.01419445221163107,0.014944984708126219,-0.1534977333180696,0.17752169608446752,0.005803630895570186,0.00497159931221177,-0.020175613558217287,-0.06570395747633358,0.02526874391853339,False,0.48712170556757967,,,,,,1.6923817235650735,,,,-3.343736682947246,2.522931954249601,0.010793875072201864,0.014586788442396359,1.050664586688737,0.17781041343734572,0.2370932030555353,2000,2000,42,level,1,132.0,95.0,0.7196969696969697,0.6645803698435278,0.002865672679604015,0.6649385661092576,0.6537864947713259,0.00035819626572985985,-0.010793875072201864,0.6492312543024965,0.2760998330044938,0.9221860519387614,0.5095476520573865
german_credit,German Credit,False,200,ev10,age_group,2,0,1,0.02913943691975729,-0.1445599947773862,0.19616306237587694,0.03041640381800562,0.07273176036448348,0.01419445221163107,0.049315050477974576,0.01419445221163107,0.014944984708126219,-0.1534977333180696,0.17752169608446752,0.005803630895570186,0.00497159931221177,-0.020175613558217287,-0.06570395747633358,0.02526874391853339,False,0.48712170556757967,,,,,,1.6923817235650735,,,,-3.343736682947246,2.522931954249601,0.010793875072201864,0.014586788442396359,1.050664586688737,0.17781041343734572,0.2370932030555353,2000,2000,42,partition,,,,,,,,,,,,,,
