cohort,cohort_label,is_clinical,rule,partition,partition_key,model_class,is_published_class,seed,spec_id,n_train,n_test,train_prevalence,test_prevalence,n_levels_admissible,partition_sd_ratio,partition_iqr_ratio,partition_min_lp_sd,partition_max_lp_sd,partition_observed_auc_gap,partition_level_prevalence_ratio,overall_auc,frac_lp_clipped,fit_runtime_s,induced_flag_rate_permutation_null,induced_flag_rate_mc_se_permutation_null,induced_flag_rate_extrapolated_permutation_null,induced_flag_rate_diciccio2020,induced_flag_rate_mc_se_diciccio2020,induced_flag_rate_extrapolated_diciccio2020,induced_flag_rate_lum2022,induced_flag_rate_mc_se_lum2022,induced_flag_rate_extrapolated_lum2022,induced_flag_rate_fixed_threshold_005,induced_flag_rate_mc_se_fixed_threshold_005,induced_flag_rate_extrapolated_fixed_threshold_005,induced_flag_rate_four_fifths,induced_flag_rate_mc_se_four_fifths,induced_flag_rate_extrapolated_four_fifths
diabetes130,Diabetes 130,True,m30,race,diabetes130|race,published,False,,published,79602,19890,0.11134142358232205,0.1159376571141277,5,1.2400488097604687,1.1726030814317538,0.4599193106798152,0.57032239379436,0.1235725710459753,1.8250182550673548,0.6391657548413877,0.0,0.011089999985415488,0.17903142056670196,0.012064939210440905,False,0.176899022658231,0.011994157969027051,False,0.21947742405258364,0.013025147698772763,False,0.5299652216124665,0.015754995985359392,False,0.0,0.0,False
diabetes130,Diabetes 130,True,m30,gender,diabetes130|gender,published,False,,published,79602,19890,0.11134142358232205,0.1159376571141277,2,1.0215101992692017,1.0041151678932327,0.5075539051739006,0.5184714908140527,0.01348071459925726,1.0108980592786774,0.6391657548413877,0.0,0.011089999985415488,0.05836612191961219,0.007407487887138655,False,0.05801142789768824,0.007382645320449318,False,0.08221510199269202,0.00868649649592247,False,0.2988718358684563,0.01447352145379689,False,0.0,0.0,False
diabetes130,Diabetes 130,True,m30,age_group,diabetes130|age_group,published,False,,published,79602,19890,0.11134142358232205,0.1159376571141277,9,3.3035828296356273,3.940040701723781,0.33927920812373075,1.1208369664099294,0.21604857190810656,2.0162252445717015,0.6391657548413877,0.0,0.011089999985415488,1.0,0.0,True,1.0,0.0,True,1.0,0.0,True,1.0,0.0,True,0.806,0.0125045591685592,True
diabetes130,Diabetes 130,True,ev10,race,diabetes130|race,published,False,,published,79602,19890,0.11134142358232205,0.1159376571141277,4,1.2298992804437154,1.1726030814317538,0.46371471458102054,0.57032239379436,0.0831307890960411,1.8250182550673548,0.6391657548413877,0.0,0.011089999985415488,0.15764491236354328,0.011469124547627794,False,0.15333761531576803,0.011326151310330651,False,0.1944660839505845,0.012457449137192354,False,0.5074912638396557,0.015784929073821986,False,0.0,0.0,False
diabetes130,Diabetes 130,True,ev10,gender,diabetes130|gender,published,False,,published,79602,19890,0.11134142358232205,0.1159376571141277,2,1.0215101992692017,1.0041151678932327,0.5075539051739006,0.5184714908140527,0.01348071459925726,1.0108980592786774,0.6391657548413877,0.0,0.011089999985415488,0.05836612191961219,0.007407487887138655,False,0.05801142789768824,0.007382645320449318,False,0.08221510199269202,0.00868649649592247,False,0.2988718358684563,0.01447352145379689,False,0.0,0.0,False
diabetes130,Diabetes 130,True,ev10,age_group,diabetes130|age_group,published,False,,published,79602,19890,0.11134142358232205,0.1159376571141277,9,3.3035828296356273,3.940040701723781,0.33927920812373075,1.1208369664099294,0.21604857190810656,2.0162252445717015,0.6391657548413877,0.0,0.011089999985415488,1.0,0.0,True,1.0,0.0,True,1.0,0.0,True,1.0,0.0,True,0.806,0.0125045591685592,True
diabetes130,Diabetes 130,True,m30,race,diabetes130|race,xgb_published,True,42,xgb_published|s42,79602,19890,0.11134142358232205,0.1159376571141277,5,1.240789469357846,1.1862247666909107,0.4585616210485351,0.5689784304486856,0.14083423225710456,1.8250182550673548,0.6397046130007016,0.0,0.5299609999638051,0.18059209614688995,0.012108418650176327,False,0.17861841100928555,0.012042905603270423,False,0.22130262091754924,0.013066575372404661,False,0.5316052535780877,0.015752811625025325,False,0.0,0.0,False
diabetes130,Diabetes 130,True,m30,gender,diabetes130|gender,xgb_published,True,42,xgb_published|s42,79602,19890,0.11134142358232205,0.1159376571141277,2,1.0232193749683842,1.0045035145357157,0.5054623542692237,0.5171988742054031,0.011698051713659119,1.0108980592786774,0.6397046130007016,0.0,0.5299609999638051,0.05855413124652226,0.0074183518599544515,False,0.058250712495573786,0.0073964136652151895,False,0.08223219374968385,0.008687316687957112,False,0.29917948749430917,0.014477667862682123,False,0.0,0.0,False
diabetes130,Diabetes 130,True,m30,age_group,diabetes130|age_group,xgb_published,True,42,xgb_published|s42,79602,19890,0.11134142358232205,0.1159376571141277,9,3.3097603284899724,4.025056695380713,0.3362303311374182,1.1128418112336733,0.2231903797849082,2.0162252445717015,0.6397046130007016,0.0,0.5299609999638051,1.0,0.0,True,1.0,0.0,True,1.0,0.0,True,1.0,0.0,True,0.806,0.0125045591685592,True
diabetes130,Diabetes 130,True,ev10,race,diabetes130|race,xgb_published,True,42,xgb_published|s42,79602,19890,0.11134142358232205,0.1159376571141277,4,1.231363016638416,1.1862247666909107,0.462072047609469,0.5689784304486856,0.08408810248108356,1.8250182550673548,0.6397046130007016,0.0,0.5299609999638051,0.16072921363094794,0.011555051240391103,False,0.15673557433917995,0.011422489327012952,False,0.19807314814466795,0.01253932100595902,False,0.510732393985064,0.015780612209104962,False,0.0,0.0,False
diabetes130,Diabetes 130,True,ev10,gender,diabetes130|gender,xgb_published,True,42,xgb_published|s42,79602,19890,0.11134142358232205,0.1159376571141277,2,1.0232193749683842,1.0045035145357157,0.5054623542692237,0.5171988742054031,0.011698051713659119,1.0108980592786774,0.6397046130007016,0.0,0.5299609999638051,0.05855413124652226,0.0074183518599544515,False,0.058250712495573786,0.0073964136652151895,False,0.08223219374968385,0.008687316687957112,False,0.29917948749430917,0.014477667862682123,False,0.0,0.0,False
diabetes130,Diabetes 130,True,ev10,age_group,diabetes130|age_group,xgb_published,True,42,xgb_published|s42,79602,19890,0.11134142358232205,0.1159376571141277,9,3.3097603284899724,4.025056695380713,0.3362303311374182,1.1128418112336733,0.2231903797849082,2.0162252445717015,0.6397046130007016,0.0,0.5299609999638051,1.0,0.0,True,1.0,0.0,True,1.0,0.0,True,1.0,0.0,True,0.806,0.0125045591685592,True
diabetes130,Diabetes 130,True,m30,race,diabetes130|race,xgb_published,True,43,xgb_published|s43,79512,19980,0.11137941442801087,0.11576576576576576,5,1.326009444571914,1.3429931693361643,0.3966580332238216,0.5259722983201075,0.10087837823813817,1.8631264023934182,0.6443101151873624,0.0,0.53355819999706,0.27372916123475644,0.014017654176160051,False,0.26764840566900333,0.013930195154072398,False,0.3253301056919478,0.014730452160582901,False,0.6105272723203737,0.015383943271653723,False,0.0007600944457191388,0.0007597143034368915,False
diabetes130,Diabetes 130,True,m30,gender,diabetes130|gender,xgb_published,True,43,xgb_published|s43,79512,19980,0.11137941442801087,0.11576576576576576,2,1.0260240471657913,1.0002750632636381,0.4898712874224991,0.5026197209115492,0.0073564013246277815,1.0145738951747647,0.6443101151873624,0.0,0.53355819999706,0.05886264518823704,0.007436179098268466,False,0.05864336660321078,0.007419006833247958,False,0.08226024047165792,0.008688662582236559,False,0.29968432848984244,0.014484471913152214,False,0.0,0.0,False
diabetes130,Diabetes 130,True,m30,age_group,diabetes130|age_group,xgb_published,True,43,xgb_published|s43,79512,19980,0.11137941442801087,0.11576576576576576,10,2.4934314983675208,3.2648784265782638,0.3748934269628053,0.9347710793200024,0.20283254071316748,2.9254658385093166,0.6443101151873624,0.0,0.53355819999706,0.9945007938759316,0.0022990292466142114,False,0.9944482458628717,0.002304085967944892,False,0.9956058899020512,0.002056985707374744,False,0.9999737259934701,2.626086624075638e-05,False,0.4290604867723756,0.015619073056781898,False
diabetes130,Diabetes 130,True,ev10,race,diabetes130|race,xgb_published,True,43,xgb_published|s43,79512,19980,0.11137941442801087,0.11576576576576576,4,1.072967237112135,1.1538503472494166,0.49020350307782834,0.5259722983201075,0.10087837823813817,1.0700545027370632,0.6443101151873624,0.0,0.53355819999706,0.06402639608233485,0.0077345624298988825,False,0.0652154131956989,0.0077971598949257,False,0.08272967237112136,0.008711189482480433,False,0.30813410268018426,0.014598354681312192,False,0.0,0.0,False
diabetes130,Diabetes 130,True,ev10,gender,diabetes130|gender,xgb_published,True,43,xgb_published|s43,79512,19980,0.11137941442801087,0.11576576576576576,2,1.0260240471657913,1.0002750632636381,0.4898712874224991,0.5026197209115492,0.0073564013246277815,1.0145738951747647,0.6443101151873624,0.0,0.53355819999706,0.05886264518823704,0.007436179098268466,False,0.05864336660321078,0.007419006833247958,False,0.08226024047165792,0.008688662582236559,False,0.29968432848984244,0.014484471913152214,False,0.0,0.0,False
diabetes130,Diabetes 130,True,ev10,age_group,diabetes130|age_group,xgb_published,True,43,xgb_published|s43,79512,19980,0.11137941442801087,0.11576576576576576,8,2.4819775807806512,2.6312140610270403,0.376623498358108,0.9347710793200024,0.18700490510315704,1.4307132148211608,0.6443101151873624,0.0,0.53355819999706,0.9936302961393295,0.0024185790031298715,False,0.9934861167855747,0.002432453453772667,False,0.9949186548468391,0.002163337385864851,False,0.9999279103231226,7.2053623023234e-05,False,0.4204471407470497,0.015524977607936107,False
diabetes130,Diabetes 130,True,m30,race,diabetes130|race,xgb_published,True,44,xgb_published|s44,79513,19979,0.1110258699835247,0.11717303168326743,5,1.3580687907115745,1.3176193194278174,0.4152672879021234,0.563961543503312,0.2072720291343103,1.7686231360441438,0.6442992729718015,0.0,0.5075718000298366,0.30571429396850036,0.014536242115602583,False,0.29771429396850035,0.014426339503416843,False,0.3615701158321624,0.015150148959620514,False,0.6411031860673616,0.015102197488594853,False,0.001,0.0009994998749374,False
diabetes130,Diabetes 130,True,m30,gender,diabetes130|gender,xgb_published,True,44,xgb_published|s44,79513,19979,0.1110258699835247,0.11717303168326743,2,1.0284695128729822,1.0404422010200054,0.5096644751483602,0.5241743744844981,0.006028437467250236,1.0344607719983587,0.6442992729718015,0.0,0.5075718000298366,0.059131646416028034,0.007451723125121638,False,0.0589857318022175,0.007438706396602284,False,0.08228469512872982,0.008689836102018633,False,0.30012451231713677,0.01449040453947125,False,0.0,0.0,False
diabetes130,Diabetes 130,True,m30,age_group,diabetes130|age_group,xgb_published,True,44,xgb_published|s44,79513,19979,0.1110258699835247,0.11717303168326743,10,3.391684188169221,4.242785808614971,0.33669546252985944,1.1419646764908467,0.2063259805795551,7.906899418121363,0.6442992729718015,0.0,0.5075718000298366,1.0,0.0,True,1.0,0.0,True,1.0,0.0,True,1.0,0.0,True,0.806,0.0125045591685592,True
diabetes130,Diabetes 130,True,ev10,race,diabetes130|race,xgb_published,True,44,xgb_published|s44,79513,19979,0.1110258699835247,0.11717303168326743,4,1.1561347887688058,1.3176193194278174,0.4877991294629992,0.563961543503312,0.2072720291343103,1.272660034402135,0.6442992729718015,0.0,0.5075718000298366,0.10104897023681662,0.009332313734786327,False,0.0993680004814851,0.009299271264762786,False,0.12533115218631255,0.01023862921419605,False,0.39444145583671003,0.015190447625318198,False,0.0,0.0,False
diabetes130,Diabetes 130,True,ev10,gender,diabetes130|gender,xgb_published,True,44,xgb_published|s44,79513,19979,0.1110258699835247,0.11717303168326743,2,1.0284695128729822,1.0404422010200054,0.5096644751483602,0.5241743744844981,0.006028437467250236,1.0344607719983587,0.6442992729718015,0.0,0.5075718000298366,0.059131646416028034,0.007451723125121638,False,0.0589857318022175,0.007438706396602284,False,0.08228469512872982,0.008689836102018633,False,0.30012451231713677,0.01449040453947125,False,0.0,0.0,False
diabetes130,Diabetes 130,True,ev10,age_group,diabetes130|age_group,xgb_published,True,44,xgb_published|s44,79513,19979,0.1110258699835247,0.11717303168326743,8,3.391684188169221,4.242785808614971,0.33669546252985944,1.1419646764908467,0.17024246328742854,2.06342150665632,0.6442992729718015,0.0,0.5075718000298366,1.0,0.0,True,1.0,0.0,True,1.0,0.0,True,1.0,0.0,True,0.806,0.0125045591685592,True
diabetes130,Diabetes 130,True,m30,race,diabetes130|race,xgb_published,True,45,xgb_published|s45,79888,19604,0.11241988784298017,0.11160987553560497,5,1.1072306636536153,1.3261357871588537,0.496811107323181,0.5500844920719332,0.20682818996544505,1.157543795841668,0.6449685967178891,0.0,0.5245164000079967,0.07138581238006171,0.00809006159455403,False,0.07291167050113613,0.008180359067460188,False,0.08845263160764429,0.008919238813984529,False,0.3234903890712287,0.014731754849118072,False,0.0,0.0,False
diabetes130,Diabetes 130,True,m30,gender,diabetes130|gender,xgb_published,True,45,xgb_published|s45,79888,19604,0.11241988784298017,0.11160987553560497,2,1.0799261676671321,1.0025412036902401,0.48537280433711344,0.5241667924776277,0.022194699103852966,1.078927075538933,0.6449685967178891,0.0,0.5245164000079967,0.06479187844338453,0.007778795233122483,False,0.0661896634733985,0.00785321788541128,False,0.08279926167667133,0.00871452890476076,False,0.3093867101800838,0.014615236837721715,False,0.0,0.0,False
diabetes130,Diabetes 130,True,m30,age_group,diabetes130|age_group,xgb_published,True,45,xgb_published|s45,79888,19604,0.11241988784298017,0.11160987553560497,10,3.006637629446794,3.254282267326861,0.36198271450638375,1.0883508506441892,0.26003466327108105,3.0257879656160456,0.6449685967178891,0.0,0.5245164000079967,1.0,0.0,False,1.0,0.0,False,1.0,0.0,False,1.0,0.0,False,0.7570270604897394,0.01355698983843058,False
diabetes130,Diabetes 130,True,ev10,race,diabetes130|race,xgb_published,True,45,xgb_published|s45,79888,19604,0.11241988784298017,0.11160987553560497,5,1.1072306636536153,1.3261357871588537,0.496811107323181,0.5500844920719332,0.20682818996544505,1.157543795841668,0.6449685967178891,0.0,0.5245164000079967,0.07138581238006171,0.00809006159455403,False,0.07291167050113613,0.008180359067460188,False,0.08845263160764429,0.008919238813984529,False,0.3234903890712287,0.014731754849118072,False,0.0,0.0,False
diabetes130,Diabetes 130,True,ev10,gender,diabetes130|gender,xgb_published,True,45,xgb_published|s45,79888,19604,0.11241988784298017,0.11160987553560497,2,1.0799261676671321,1.0025412036902401,0.48537280433711344,0.5241667924776277,0.022194699103852966,1.078927075538933,0.6449685967178891,0.0,0.5245164000079967,0.06479187844338453,0.007778795233122483,False,0.0661896634733985,0.00785321788541128,False,0.08279926167667133,0.00871452890476076,False,0.3093867101800838,0.014615236837721715,False,0.0,0.0,False
diabetes130,Diabetes 130,True,ev10,age_group,diabetes130|age_group,xgb_published,True,45,xgb_published|s45,79888,19604,0.11241988784298017,0.11160987553560497,9,3.006637629446794,3.254282267326861,0.36198271450638375,1.0883508506441892,0.24843008646988052,2.184951713891542,0.6449685967178891,0.0,0.5245164000079967,1.0,0.0,False,1.0,0.0,False,1.0,0.0,False,1.0,0.0,False,0.7570270604897394,0.01355698983843058,False
diabetes130,Diabetes 130,True,m30,race,diabetes130|race,xgb_published,True,46,xgb_published|s46,79763,19729,0.11259606584506601,0.11090273201885549,5,1.3031582058895859,1.324903560011874,0.41470109981446074,0.5404211412146507,0.2615971070573062,1.5206422018348624,0.6438019278312382,0.0,0.5090364000061527,0.25156345971289823,0.013606219582042311,False,0.24731080324173138,0.013545053963358719,False,0.3008792803018568,0.014385110721986765,False,0.5929318185349811,0.015486672250967235,False,0.0005315820588958582,0.0005313162013853757,False
diabetes130,Diabetes 130,True,m30,gender,diabetes130|gender,xgb_published,True,46,xgb_published|s46,79763,19729,0.11259606584506601,0.11090273201885549,2,1.016480621572645,1.047906603283872,0.4873558582795823,0.49538778575109965,0.009530516689856161,1.0007963117368854,0.6438019278312382,0.0,0.5090364000061527,0.05781286837299095,0.007375518560991284,False,0.057307287020170294,0.007342129322131501,False,0.08216480621572646,0.008684082923364476,False,0.2979665118830761,0.014461319849444603,False,0.0,0.0,False
diabetes130,Diabetes 130,True,m30,age_group,diabetes130|age_group,xgb_published,True,46,xgb_published|s46,79763,19729,0.11259606584506601,0.11090273201885549,9,2.9610754545111324,3.3633121406109066,0.3211051913811761,0.9508167005149002,0.24696670544173116,2.4210946863763483,0.6438019278312382,0.0,0.5090364000061527,0.9993772072721782,0.00031077294714167603,False,0.9993772072721782,0.00031077294714167603,False,1.0,0.0,False,1.0,0.0,False,0.7370947090751209,0.013846302559713938,False
diabetes130,Diabetes 130,True,ev10,race,diabetes130|race,xgb_published,True,46,xgb_published|s46,79763,19729,0.11259606584506601,0.11090273201885549,4,1.1461478084275063,1.2312893590144192,0.4715108620729281,0.5404211412146507,0.10610474176101936,1.423165137614679,0.6438019278312382,0.0,0.5090364000061527,0.09499129363635625,0.009078626593380263,False,0.09396520783783126,0.009070772051418709,False,0.11779998668303751,0.009969189244492577,False,0.3799521482923656,0.015096775450878584,False,0.0,0.0,False
diabetes130,Diabetes 130,True,ev10,gender,diabetes130|gender,xgb_published,True,46,xgb_published|s46,79763,19729,0.11259606584506601,0.11090273201885549,2,1.016480621572645,1.047906603283872,0.4873558582795823,0.49538778575109965,0.009530516689856161,1.0007963117368854,0.6438019278312382,0.0,0.5090364000061527,0.05781286837299095,0.007375518560991284,False,0.057307287020170294,0.007342129322131501,False,0.08216480621572646,0.008684082923364476,False,0.2979665118830761,0.014461319849444603,False,0.0,0.0,False
diabetes130,Diabetes 130,True,ev10,age_group,diabetes130|age_group,xgb_published,True,46,xgb_published|s46,79763,19729,0.11259606584506601,0.11090273201885549,8,2.9610754545111324,3.3633121406109066,0.3211051913811761,0.9508167005149002,0.2308919087297746,1.313857898209445,0.6438019278312382,0.0,0.5090364000061527,0.9993772072721782,0.00031077294714167603,False,0.9993772072721782,0.00031077294714167603,False,1.0,0.0,False,1.0,0.0,False,0.7370947090751209,0.013846302559713938,False
diabetes130,Diabetes 130,True,m30,race,diabetes130|race,xgb_published,True,47,xgb_published|s47,79572,19920,0.11253958678932288,0.11114457831325301,5,1.2479493037736848,1.2917397928418721,0.4359730571542906,0.5440722731397818,0.11092638882212502,1.4859375,0.6418046883601484,0.0,0.5041633999790065,0.19567889009455022,0.012528727237415847,False,0.19523945518891128,0.012514140959677464,False,0.23894649858515193,0.013467049874440565,False,0.5474591726417308,0.015731695773219954,False,0.0,0.0,False
diabetes130,Diabetes 130,True,m30,gender,diabetes130|gender,xgb_published,True,47,xgb_published|s47,79572,19920,0.11253958678932288,0.11114457831325301,2,1.0503862305447544,1.039200712016256,0.4978655980761374,0.5229511688811037,0.0007621862090781972,1.010094738450008,0.6418046883601484,0.0,0.5041633999790065,0.06154248535992299,0.007591031579548818,False,0.062054072276265616,0.0076152575406336215,False,0.08250386230544755,0.008700353404171074,False,0.3040695214980558,0.01454357383794234,False,0.0,0.0,False
diabetes130,Diabetes 130,True,m30,age_group,diabetes130|age_group,xgb_published,True,47,xgb_published|s47,79572,19920,0.11253958678932288,0.11114457831325301,9,3.0730521350113347,3.214087600270731,0.37227856568620143,1.1440314411009387,0.2300208578720062,2.852852852852853,0.6418046883601484,0.0,0.5041633999790065,1.0,0.0,False,1.0,0.0,False,1.0,0.0,False,1.0,0.0,False,0.7773093346441801,0.01312112285580029,False
diabetes130,Diabetes 130,True,ev10,race,diabetes130|race,xgb_published,True,47,xgb_published|s47,79572,19920,0.11253958678932288,0.11114457831325301,4,1.1673401358045055,1.243933531021332,0.46607861449466825,0.5440722731397818,0.11092638882212502,1.4859375,0.6418046883601484,0.0,0.5041633999790065,0.10784565614371641,0.009616949566719853,False,0.10542990953358491,0.009555646354670249,False,0.13378108601651229,0.010540939648645444,False,0.4106983937491595,0.015295547383835182,False,0.0,0.0,False
diabetes130,Diabetes 130,True,ev10,gender,diabetes130|gender,xgb_published,True,47,xgb_published|s47,79572,19920,0.11253958678932288,0.11114457831325301,2,1.0503862305447544,1.039200712016256,0.4978655980761374,0.5229511688811037,0.0007621862090781972,1.010094738450008,0.6418046883601484,0.0,0.5041633999790065,0.06154248535992299,0.007591031579548818,False,0.062054072276265616,0.0076152575406336215,False,0.08250386230544755,0.008700353404171074,False,0.3040695214980558,0.01454357383794234,False,0.0,0.0,False
diabetes130,Diabetes 130,True,ev10,age_group,diabetes130|age_group,xgb_published,True,47,xgb_published|s47,79572,19920,0.11253958678932288,0.11114457831325301,8,3.0730521350113347,3.214087600270731,0.37227856568620143,1.1440314411009387,0.2048765764388243,1.610139551316022,0.6418046883601484,0.0,0.5041633999790065,1.0,0.0,False,1.0,0.0,False,1.0,0.0,False,1.0,0.0,False,0.7773093346441801,0.01312112285580029,False
diabetes130,Diabetes 130,True,m30,race,diabetes130|race,logreg_l2,False,42,logreg_l2|s42,79602,19890,0.11134142358232205,0.1159376571141277,5,1.4869567581563392,1.3575365591632846,0.3079841419525764,0.4579591012813648,0.10184961315280461,1.8250182550673548,0.6328715709384941,0.0,0.04852119996212423,0.46117427239763575,0.01572781343404346,False,0.45317427239763575,0.015705871363467412,False,0.5344785965820019,0.01574287302026536,False,0.8152176229932125,0.012243495352593293,False,0.005434810978760719,0.002209445691373081,False
diabetes130,Diabetes 130,True,m30,gender,diabetes130|gender,logreg_l2,False,42,logreg_l2|s42,79602,19890,0.11134142358232205,0.1159376571141277,2,1.0869278695304567,1.0207555288270047,0.39490648135965345,0.4292348604480172,0.010954741050043015,1.0108980592786774,0.6328715709384941,0.0,0.04852119996212423,0.06556206564835024,0.007823299902094695,False,0.06716990173426393,0.007909620422171082,False,0.08286927869530457,0.008717888851956354,False,0.3106470165154822,0.014632222756039957,False,0.0,0.0,False
diabetes130,Diabetes 130,True,m30,age_group,diabetes130|age_group,logreg_l2,False,42,logreg_l2|s42,79602,19890,0.11134142358232205,0.1159376571141277,9,3.3859522145364878,2.298649829901169,0.2877283080549333,0.9742343018434382,0.2544166249099835,2.0162252445717015,0.6328715709384941,0.0,0.04852119996212423,1.0,0.0,True,1.0,0.0,True,1.0,0.0,True,1.0,0.0,True,0.806,0.0125045591685592,True
diabetes130,Diabetes 130,True,ev10,race,diabetes130|race,logreg_l2,False,42,logreg_l2|s42,79602,19890,0.11134142358232205,0.1159376571141277,4,1.4237541721468616,1.2055277419354669,0.3216560205690662,0.4579591012813648,0.057716755513607554,1.8250182550673548,0.6328715709384941,0.0,0.04852119996212423,0.3766545059186104,0.015241550333898466,False,0.3686545059186104,0.015173659692087631,False,0.4476179655123885,0.015615285256031713,False,0.7396312582202922,0.013686575728796196,False,0.001,0.0009994998749374,False
diabetes130,Diabetes 130,True,ev10,gender,diabetes130|gender,logreg_l2,False,42,logreg_l2|s42,79602,19890,0.11134142358232205,0.1159376571141277,2,1.0869278695304567,1.0207555288270047,0.39490648135965345,0.4292348604480172,0.010954741050043015,1.0108980592786774,0.6328715709384941,0.0,0.04852119996212423,0.06556206564835024,0.007823299902094695,False,0.06716990173426393,0.007909620422171082,False,0.08286927869530457,0.008717888851956354,False,0.3106470165154822,0.014632222756039957,False,0.0,0.0,False
diabetes130,Diabetes 130,True,ev10,age_group,diabetes130|age_group,logreg_l2,False,42,logreg_l2|s42,79602,19890,0.11134142358232205,0.1159376571141277,9,3.3859522145364878,2.298649829901169,0.2877283080549333,0.9742343018434382,0.2544166249099835,2.0162252445717015,0.6328715709384941,0.0,0.04852119996212423,1.0,0.0,True,1.0,0.0,True,1.0,0.0,True,1.0,0.0,True,0.806,0.0125045591685592,True
diabetes130,Diabetes 130,True,m30,race,diabetes130|race,logreg_l2,False,43,logreg_l2|s43,79512,19980,0.11137941442801087,0.11576576576576576,5,1.6933934866443328,1.5584928168097563,0.24838704464803632,0.42061700357381976,0.10897350829291186,1.8631264023934182,0.6425183569083724,0.0,0.0506114000454545,0.7209780817973571,0.013903526118181084,False,0.7226948072174948,0.013826129618053337,False,0.7735256169114461,0.01297063172088623,False,0.9330741200778708,0.007589829144648693,False,0.020075088130206583,0.004243104832982271,False
diabetes130,Diabetes 130,True,m30,gender,diabetes130|gender,logreg_l2,False,43,logreg_l2|s43,79512,19980,0.11137941442801087,0.11576576576576576,2,1.0985016681503261,1.0692944200843328,0.3955621675329482,0.43452570089210235,0.005126320171848886,1.0145738951747647,0.6425183569083724,0.0,0.0506114000454545,0.06683518349653587,0.00789686602735724,False,0.06879023354104566,0.008002853698144609,False,0.08298501668150327,0.008723442837683582,False,0.31273030026705867,0.014660300443697387,False,0.0,0.0,False
diabetes130,Diabetes 130,True,m30,age_group,diabetes130|age_group,logreg_l2,False,43,logreg_l2|s43,79512,19980,0.11137941442801087,0.11576576576576576,10,6.388246388109738,4.127094152425919,0.14761557331185193,0.9430046530381864,0.23879345468541657,2.9254658385093166,0.6425183569083724,0.0,0.0506114000454545,1.0,0.0,True,1.0,0.0,True,1.0,0.0,True,1.0,0.0,True,0.806,0.0125045591685592,True
diabetes130,Diabetes 130,True,ev10,race,diabetes130|race,logreg_l2,False,43,logreg_l2|s43,79512,19980,0.11137941442801087,0.11576576576576576,4,1.0491988687538774,1.2555177223602478,0.40089349702919735,0.42061700357381976,0.10897350829291186,1.0700545027370632,0.6425183569083724,0.0,0.0506114000454545,0.06141187556292651,0.007583484393952408,False,0.061887841625542825,0.007605692692206138,False,0.08249198868753878,0.008699783617996615,False,0.30385579637569793,0.01454069333391807,False,0.0,0.0,False
diabetes130,Diabetes 130,True,ev10,gender,diabetes130|gender,logreg_l2,False,43,logreg_l2|s43,79512,19980,0.11137941442801087,0.11576576576576576,2,1.0985016681503261,1.0692944200843328,0.3955621675329482,0.43452570089210235,0.005126320171848886,1.0145738951747647,0.6425183569083724,0.0,0.0506114000454545,0.06683518349653587,0.00789686602735724,False,0.06879023354104566,0.008002853698144609,False,0.08298501668150327,0.008723442837683582,False,0.31273030026705867,0.014660300443697387,False,0.0,0.0,False
diabetes130,Diabetes 130,True,ev10,age_group,diabetes130|age_group,logreg_l2,False,43,logreg_l2|s43,79512,19980,0.11137941442801087,0.11576576576576576,8,2.674636302139932,1.2580495847653768,0.3525730404106547,0.9430046530381864,0.21274872349314766,1.4307132148211608,0.6425183569083724,0.0,0.0506114000454545,0.9956985452085597,0.002066679547028821,False,0.9956985452085597,0.002066679547028821,False,0.9987941808342389,0.000601702555477918,False,1.0,0.0,False,0.5779003129633041,0.015327882002750938,False
diabetes130,Diabetes 130,True,m30,race,diabetes130|race,logreg_l2,False,44,logreg_l2|s44,79513,19979,0.1110258699835247,0.11717303168326743,5,1.601372690173476,1.4427396113995774,0.27125817645493616,0.43438543576119254,0.22286471100863126,1.7686231360441438,0.6367233399945819,0.0,0.05207059998065233,0.6185282617264698,0.015350820805268143,False,0.6116563794759942,0.015400521780587366,False,0.6833452363700064,0.014700899719288237,False,0.8876771938189147,0.00997594917147518,False,0.00719217662428662,0.002660089040289092,False
diabetes130,Diabetes 130,True,m30,gender,diabetes130|gender,logreg_l2,False,44,logreg_l2|s44,79513,19979,0.1110258699835247,0.11717303168326743,2,1.0805921493834543,1.013320667141539,0.40810593320290744,0.4409960675358702,0.006408410433156986,1.0344607719983587,0.6367233399945819,0.0,0.05207059998065233,0.06486513643217996,0.007783028389061572,False,0.06628290091368359,0.007858582732268438,False,0.08280592149383455,0.00871484849326135,False,0.3095065868890218,0.014616852489352662,False,0.0,0.0,False
diabetes130,Diabetes 130,True,m30,age_group,diabetes130|age_group,logreg_l2,False,44,logreg_l2|s44,79513,19979,0.1110258699835247,0.11717303168326743,10,5.358731391448707,4.788763826204826,0.1835117216578955,0.9833900235469623,0.18179430535427465,7.906899418121363,0.6367233399945819,0.0,0.05207059998065233,1.0,0.0,True,1.0,0.0,True,1.0,0.0,True,1.0,0.0,True,0.806,0.0125045591685592,True
diabetes130,Diabetes 130,True,ev10,race,diabetes130|race,logreg_l2,False,44,logreg_l2|s44,79513,19979,0.1110258699835247,0.11717303168326743,4,1.291041543715056,1.07527385333889,0.3364612377315297,0.43438543576119254,0.22286471100863126,1.272660034402135,0.6367233399945819,0.0,0.05207059998065233,0.23981029740360427,0.013388060117991252,False,0.2365269739063998,0.01334083633812413,False,0.2879144517751098,0.014201996554544651,False,0.5836019886605931,0.015541143361053654,False,0.00041041543715055937,0.00041021017810436236,False
diabetes130,Diabetes 130,True,ev10,gender,diabetes130|gender,logreg_l2,False,44,logreg_l2|s44,79513,19979,0.1110258699835247,0.11717303168326743,2,1.0805921493834543,1.013320667141539,0.40810593320290744,0.4409960675358702,0.006408410433156986,1.0344607719983587,0.6367233399945819,0.0,0.05207059998065233,0.06486513643217996,0.007783028389061572,False,0.06628290091368359,0.007858582732268438,False,0.08280592149383455,0.00871484849326135,False,0.3095065868890218,0.014616852489352662,False,0.0,0.0,False
diabetes130,Diabetes 130,True,ev10,age_group,diabetes130|age_group,logreg_l2,False,44,logreg_l2|s44,79513,19979,0.1110258699835247,0.11717303168326743,8,3.149455830847695,2.347519498325365,0.3122412493977656,0.9833900235469623,0.18179430535427465,2.06342150665632,0.6367233399945819,0.0,0.05207059998065233,1.0,0.0,False,1.0,0.0,False,1.0,0.0,False,1.0,0.0,False,0.8006421998397154,0.0126196985346686,False
diabetes130,Diabetes 130,True,m30,race,diabetes130|race,logreg_l2,False,45,logreg_l2|s45,79888,19604,0.11241988784298017,0.11160987553560497,5,1.1064828542260348,1.2028732189409768,0.3979292954158449,0.44030194257187905,0.20822515900947258,1.157543795841668,0.6339267606999888,0.0,0.056112199963536114,0.07093222305513579,0.008071065899207069,False,0.07250711785998598,0.008163249404669842,False,0.08788870974422287,0.00889906357155634,False,0.32240545244268964,0.01472474082358142,False,0.0,0.0,False
diabetes130,Diabetes 130,True,m30,gender,diabetes130|gender,logreg_l2,False,45,logreg_l2|s45,79888,19604,0.11241988784298017,0.11160987553560497,2,1.1908028814264,1.0547181468739284,0.38918504117284664,0.46344266843667786,0.022354916358643173,1.078927075538933,0.6339267606999888,0.0,0.056112199963536114,0.12207715758650492,0.010212945219353889,False,0.11812287027985574,0.01009246716879808,False,0.15147430402646556,0.011173943945588011,False,0.4447386066596131,0.01551561454383926,False,0.0,0.0,False
diabetes130,Diabetes 130,True,m30,age_group,diabetes130|age_group,logreg_l2,False,45,logreg_l2|s45,79888,19604,0.11241988784298017,0.11160987553560497,10,6.24750179411979,4.986767018375273,0.18146262631852728,1.1336880834906882,0.25877369835880015,3.0257879656160456,0.6339267606999888,0.0,0.056112199963536114,1.0,0.0,True,1.0,0.0,True,1.0,0.0,True,1.0,0.0,True,0.806,0.0125045591685592,True
diabetes130,Diabetes 130,True,ev10,race,diabetes130|race,logreg_l2,False,45,logreg_l2|s45,79888,19604,0.11241988784298017,0.11160987553560497,5,1.1064828542260348,1.2028732189409768,0.3979292954158449,0.44030194257187905,0.20822515900947258,1.157543795841668,0.6339267606999888,0.0,0.056112199963536114,0.07093222305513579,0.008071065899207069,False,0.07250711785998598,0.008163249404669842,False,0.08788870974422287,0.00889906357155634,False,0.32240545244268964,0.01472474082358142,False,0.0,0.0,False
diabetes130,Diabetes 130,True,ev10,gender,diabetes130|gender,logreg_l2,False,45,logreg_l2|s45,79888,19604,0.11241988784298017,0.11160987553560497,2,1.1908028814264,1.0547181468739284,0.38918504117284664,0.46344266843667786,0.022354916358643173,1.078927075538933,0.6339267606999888,0.0,0.056112199963536114,0.12207715758650492,0.010212945219353889,False,0.11812287027985574,0.01009246716879808,False,0.15147430402646556,0.011173943945588011,False,0.4447386066596131,0.01551561454383926,False,0.0,0.0,False
diabetes130,Diabetes 130,True,ev10,age_group,diabetes130|age_group,logreg_l2,False,45,logreg_l2|s45,79888,19604,0.11241988784298017,0.11160987553560497,9,3.311177780250827,2.3983080117294726,0.3423821246483508,1.1336880834906882,0.2544713452898437,2.184951713891542,0.6339267606999888,0.0,0.056112199963536114,1.0,0.0,True,1.0,0.0,True,1.0,0.0,True,1.0,0.0,True,0.806,0.0125045591685592,True
diabetes130,Diabetes 130,True,m30,race,diabetes130|race,logreg_l2,False,46,logreg_l2|s46,79763,19729,0.11259606584506601,0.11090273201885549,5,1.452972709690221,1.260247355128531,0.2960827417064191,0.4302001435096855,0.3093675142804496,1.5206422018348624,0.6373288718090299,0.0,0.05451690003974363,0.40951851872913564,0.015539814442702998,False,0.40151851872913563,0.01549105618336605,False,0.48622124776011355,0.015796452412931285,False,0.7819132554964164,0.013050358205642418,False,0.0013567251628264973,0.0010968249064768208,False
diabetes130,Diabetes 130,True,m30,gender,diabetes130|gender,logreg_l2,False,46,logreg_l2|s46,79763,19729,0.11259606584506601,0.11090273201885549,2,1.0496645167927325,1.0177549741615335,0.3938343603344237,0.41339395353680775,0.02559259773345257,1.0007963117368854,0.6373288718090299,0.0,0.05451690003974363,0.061463096847200575,0.007586444176049866,False,0.061953032350982554,0.007609443741756853,False,0.08249664516792733,0.008700007071215965,False,0.30393961302269185,0.01454182298206754,False,0.0,0.0,False
diabetes130,Diabetes 130,True,m30,age_group,diabetes130|age_group,logreg_l2,False,46,logreg_l2|s46,79763,19729,0.11259606584506601,0.11090273201885549,9,3.3414441320372252,1.5071156503659064,0.2713514322102778,0.9067056508789296,0.38519832479836225,2.4210946863763483,0.6373288718090299,0.0,0.05451690003974363,1.0,0.0,True,1.0,0.0,True,1.0,0.0,True,1.0,0.0,True,0.806,0.0125045591685592,True
diabetes130,Diabetes 130,True,ev10,race,diabetes130|race,logreg_l2,False,46,logreg_l2|s46,79763,19729,0.11259606584506601,0.11090273201885549,4,1.3046110577041488,1.1310211856238668,0.3297535621587867,0.4302001435096855,0.11959606648502663,1.423165137614679,0.6373288718090299,0.0,0.05451690003974363,0.2529727259730242,0.013632378054453706,False,0.24860384135669233,0.013569540735632645,False,0.30243383174343913,0.014407067078168724,False,0.5940505144321946,0.015480140877063236,False,0.0005461105770414871,0.0005458374534549576,False
diabetes130,Diabetes 130,True,ev10,gender,diabetes130|gender,logreg_l2,False,46,logreg_l2|s46,79763,19729,0.11259606584506601,0.11090273201885549,2,1.0496645167927325,1.0177549741615335,0.3938343603344237,0.41339395353680775,0.02559259773345257,1.0007963117368854,0.6373288718090299,0.0,0.05451690003974363,0.061463096847200575,0.007586444176049866,False,0.061953032350982554,0.007609443741756853,False,0.08249664516792733,0.008700007071215965,False,0.30393961302269185,0.01454182298206754,False,0.0,0.0,False
diabetes130,Diabetes 130,True,ev10,age_group,diabetes130|age_group,logreg_l2,False,46,logreg_l2|s46,79763,19729,0.11259606584506601,0.11090273201885549,8,3.3414441320372252,1.5071156503659064,0.2713514322102778,0.9067056508789296,0.2899454651086374,1.313857898209445,0.6373288718090299,0.0,0.05451690003974363,1.0,0.0,True,1.0,0.0,True,1.0,0.0,True,1.0,0.0,True,0.806,0.0125045591685592,True
diabetes130,Diabetes 130,True,m30,race,diabetes130|race,logreg_l2,False,47,logreg_l2|s47,79572,19920,0.11253958678932288,0.11114457831325301,5,1.445647770839968,1.3526514080244392,0.29706900365719685,0.42945714292267695,0.16072051573758062,1.4859375,0.634176927352315,0.0,0.05273449997184798,0.40029959250716524,0.015476636661311105,False,0.39229959250716523,0.015422749032036642,False,0.47629857980035784,0.015770319864778826,False,0.7724716562599517,0.01321473474937226,False,0.001,0.0009994998749374,False
diabetes130,Diabetes 130,True,m30,gender,diabetes130|gender,logreg_l2,False,47,logreg_l2|s47,79572,19920,0.11253958678932288,0.11114457831325301,2,1.1216625477796556,1.0160748071630716,0.3940536782958501,0.44199525275926793,0.00221728223997375,1.010094738450008,0.634176927352315,0.0,0.05273449997184798,0.08013957816143039,0.008456657232466571,False,0.08071908322505954,0.00851055639009194,False,0.09933569176826482,0.009308598389030847,False,0.3444284504672051,0.014867117683643368,False,0.0,0.0,False
diabetes130,Diabetes 130,True,m30,age_group,diabetes130|age_group,logreg_l2,False,47,logreg_l2|s47,79572,19920,0.11253958678932288,0.11114457831325301,9,3.338858525406985,1.7477486353150111,0.30309119134297724,1.0119786081912594,0.21313444738908527,2.852852852852853,0.634176927352315,0.0,0.05273449997184798,1.0,0.0,True,1.0,0.0,True,1.0,0.0,True,1.0,0.0,True,0.806,0.0125045591685592,True
diabetes130,Diabetes 130,True,ev10,race,diabetes130|race,logreg_l2,False,47,logreg_l2|s47,79572,19920,0.11253958678932288,0.11114457831325301,4,1.3681226165565454,1.3468565115835236,0.3139025243246004,0.42945714292267695,0.14114590625711576,1.4859375,0.634176927352315,0.0,0.05273449997184798,0.31657242588106893,0.014644196820878362,False,0.3085724258810689,0.014540724574541522,False,0.37474062768907435,0.015221342872422864,False,0.656183924834818,0.014885521961645396,False,0.001,0.0009994998749374,False
diabetes130,Diabetes 130,True,ev10,gender,diabetes130|gender,logreg_l2,False,47,logreg_l2|s47,79572,19920,0.11253958678932288,0.11114457831325301,2,1.1216625477796556,1.0160748071630716,0.3940536782958501,0.44199525275926793,0.00221728223997375,1.010094738450008,0.634176927352315,0.0,0.05273449997184798,0.08013957816143039,0.008456657232466571,False,0.08071908322505954,0.00851055639009194,False,0.09933569176826482,0.009308598389030847,False,0.3444284504672051,0.014867117683643368,False,0.0,0.0,False
diabetes130,Diabetes 130,True,ev10,age_group,diabetes130|age_group,logreg_l2,False,47,logreg_l2|s47,79572,19920,0.11253958678932288,0.11114457831325301,8,3.2689930461440113,1.5007989599803557,0.3095689081948197,1.0119786081912594,0.21209102723845252,1.610139551316022,0.634176927352315,0.0,0.05273449997184798,1.0,0.0,True,1.0,0.0,True,1.0,0.0,True,1.0,0.0,True,0.806,0.0125045591685592,True
diabetes130,Diabetes 130,True,m30,race,diabetes130|race,random_forest,False,42,random_forest|s42,79602,19890,0.11134142358232205,0.1159376571141277,5,1.1639443260930467,1.1653359767901232,0.5774316120799704,0.6720982485872427,0.12285966519604363,1.8250182550673548,0.618030997982081,0.0,4.464229200035334,0.10578590271217582,0.009530689933775904,False,0.10359283214869736,0.009477951213474693,False,0.13122031148000238,0.010449323681205262,False,0.4057716862169611,0.01526369662727165,False,0.0,0.0,False
diabetes130,Diabetes 130,True,m30,gender,diabetes130|gender,random_forest,False,42,random_forest|s42,79602,19890,0.11134142358232205,0.1159376571141277,2,1.0237874787665664,1.0145156297976403,0.6115978714803187,0.6261462428618341,0.01469290935476053,1.0108980592786774,0.618030997982081,0.0,4.464229200035334,0.058616622664322306,0.00742196287795743,False,0.058330247027319294,0.007400990051925996,False,0.08223787478766567,0.008687589307214654,False,0.2992817461779819,0.01447904606542491,False,0.0,0.0,False
diabetes130,Diabetes 130,True,m30,age_group,diabetes130|age_group,random_forest,False,42,random_forest|s42,79602,19890,0.11134142358232205,0.1159376571141277,9,2.212591092553716,2.5727805623849704,0.48895782403049187,1.0818637260843136,0.2376383533590557,2.0162252445717015,0.618030997982081,0.0,4.464229200035334,0.9673211334724621,0.0054138877946781,False,0.965171497842677,0.0055989236093110266,False,0.9745656679192392,0.004812392816065766,False,0.9973540080723635,0.001365172603580851,False,0.2263977324981472,0.013090903914618507,False
diabetes130,Diabetes 130,True,ev10,race,diabetes130|race,random_forest,False,42,random_forest|s42,79602,19890,0.11134142358232205,0.1159376571141277,4,1.112159423630204,1.1653359767901232,0.6043182607700649,0.6720982485872427,0.12285966519604363,1.8250182550673548,0.618030997982081,0.0,4.464229200035334,0.07437538810356627,0.00821526090269392,False,0.07557804884912668,0.008293127666068014,False,0.09216940142605537,0.00905221243497745,False,0.33064113100447606,0.014777983804069425,False,0.0,0.0,False
diabetes130,Diabetes 130,True,ev10,gender,diabetes130|gender,random_forest,False,42,random_forest|s42,79602,19890,0.11134142358232205,0.1159376571141277,2,1.0237874787665664,1.0145156297976403,0.6115978714803187,0.6261462428618341,0.01469290935476053,1.0108980592786774,0.618030997982081,0.0,4.464229200035334,0.058616622664322306,0.00742196287795743,False,0.058330247027319294,0.007400990051925996,False,0.08223787478766567,0.008687589307214654,False,0.2992817461779819,0.01447904606542491,False,0.0,0.0,False
diabetes130,Diabetes 130,True,ev10,age_group,diabetes130|age_group,random_forest,False,42,random_forest|s42,79602,19890,0.11134142358232205,0.1159376571141277,9,2.212591092553716,2.5727805623849704,0.48895782403049187,1.0818637260843136,0.2376383533590557,2.0162252445717015,0.618030997982081,0.0,4.464229200035334,0.9673211334724621,0.0054138877946781,False,0.965171497842677,0.0055989236093110266,False,0.9745656679192392,0.004812392816065766,False,0.9973540080723635,0.001365172603580851,False,0.2263977324981472,0.013090903914618507,False
diabetes130,Diabetes 130,True,m30,race,diabetes130|race,random_forest,False,43,random_forest|s43,79512,19980,0.11137941442801087,0.11576576576576576,5,1.1619193797588228,1.1397195795317616,0.566131433130617,0.6577990836450999,0.09130943633937127,1.8631264023934182,0.6286583291590979,0.0,4.817116899997927,0.10455765657502361,0.009479252679523422,False,0.10249736937772377,0.009431621028711966,False,0.12969330276894828,0.010394692405254093,False,0.4028338542402592,0.015244703786616314,False,0.0,0.0,False
diabetes130,Diabetes 130,True,m30,gender,diabetes130|gender,random_forest,False,43,random_forest|s43,79512,19980,0.11137941442801087,0.11576576576576576,2,1.0185379349640529,1.023178817653475,0.5986257378281822,0.6097230228238492,0.007587766424572373,1.0145738951747647,0.6286583291590979,0.0,4.817116899997927,0.05803917284604582,0.00738859538906023,False,0.0575953108949674,0.007358702106356023,False,0.08218537934964053,0.00868507017824834,False,0.2983368282935295,0.014466310829909585,False,0.0,0.0,False
diabetes130,Diabetes 130,True,m30,age_group,diabetes130|age_group,random_forest,False,43,random_forest|s43,79512,19980,0.11137941442801087,0.11576576576576576,10,2.105172284563756,2.103408573448141,0.4664313576696677,0.9819183668176289,0.2173849708659834,2.9254658385093166,0.6286583291590979,0.0,4.817116899997927,0.9423999700187914,0.007062267886796988,False,0.9398206591570465,0.007225982480518476,False,0.9560896329449661,0.006234066694979606,False,0.9926275805208052,0.002415193342136729,False,0.17011027711140825,0.01157376731098491,False
diabetes130,Diabetes 130,True,ev10,race,diabetes130|race,random_forest,False,43,random_forest|s43,79512,19980,0.11137941442801087,0.11576576576576576,4,1.1057525676960016,1.1397195795317616,0.5948881357930926,0.6577990836450999,0.09130943633937127,1.0700545027370632,0.6286583291590979,0.0,4.817116899997927,0.07048926237298453,0.008052515316760708,False,0.07211204481914837,0.008146540660692618,False,0.0873380018691159,0.008879361081534077,False,0.3213459383786252,0.014717891152820652,False,0.0,0.0,False
diabetes130,Diabetes 130,True,ev10,gender,diabetes130|gender,random_forest,False,43,random_forest|s43,79512,19980,0.11137941442801087,0.11576576576576576,2,1.0185379349640529,1.023178817653475,0.5986257378281822,0.6097230228238492,0.007587766424572373,1.0145738951747647,0.6286583291590979,0.0,4.817116899997927,0.05803917284604582,0.00738859538906023,False,0.0575953108949674,0.007358702106356023,False,0.08218537934964053,0.00868507017824834,False,0.2983368282935295,0.014466310829909585,False,0.0,0.0,False
diabetes130,Diabetes 130,True,ev10,age_group,diabetes130|age_group,random_forest,False,43,random_forest|s43,79512,19980,0.11137941442801087,0.11576576576576576,8,2.105172284563756,1.9946540163214694,0.4664313576696677,0.9819183668176289,0.19697680760067726,1.4307132148211608,0.6286583291590979,0.0,4.817116899997927,0.9423999700187914,0.007062267886796988,False,0.9398206591570465,0.007225982480518476,False,0.9560896329449661,0.006234066694979606,False,0.9926275805208052,0.002415193342136729,False,0.17011027711140825,0.01157376731098491,False
diabetes130,Diabetes 130,True,m30,race,diabetes130|race,random_forest,False,44,random_forest|s44,79513,19979,0.1110258699835247,0.11717303168326743,5,1.1641523655716541,1.1445980529801363,0.5688490656029044,0.6622269853748463,0.20297693102468878,1.7686231360441438,0.6277597168824892,0.0,4.461695300007705,0.10591209059264264,0.009535974508174162,False,0.10370537809614075,0.00948271109640044,False,0.13137719370977194,0.01045493640385991,False,0.4060735139851047,0.015265647918819692,False,0.0,0.0,False
diabetes130,Diabetes 130,True,m30,gender,diabetes130|gender,random_forest,False,44,random_forest|s44,79513,19979,0.1110258699835247,0.11717303168326743,2,1.0129886239101022,1.0048369481914865,0.6106640151338265,0.6185957003618328,0.004979231060017519,1.0344607719983587,0.6277597168824892,0.0,4.461695300007705,0.05742874863011125,0.007353322500225365,False,0.056818407347414314,0.007313999371674973,False,0.08212988623910103,0.00868240719823617,False,0.2973379523038184,0.014452848368050324,False,0.0,0.0,False
diabetes130,Diabetes 130,True,m30,age_group,diabetes130|age_group,random_forest,False,44,random_forest|s44,79513,19979,0.1110258699835247,0.11717303168326743,10,2.500556123033375,2.8746942549435084,0.4416440985466928,1.1043558548224879,0.18449900604021707,7.906899418121363,0.6277597168824892,0.0,4.461695300007705,0.9950022244921335,0.0022299492149483956,False,0.9950022244921335,0.0022299492149483956,False,0.996008897968534,0.001991555914597243,False,1.0,0.0,False,0.434458245379501,0.015671935042328167,False
diabetes130,Diabetes 130,True,ev10,race,diabetes130|race,random_forest,False,44,random_forest|s44,79513,19979,0.1110258699835247,0.11717303168326743,4,1.0938400845447926,1.1445980529801363,0.6054148085553434,0.6622269853748463,0.20297693102468878,1.272660034402135,0.6277597168824892,0.0,4.461695300007705,0.06632240929992719,0.007867235768985735,False,0.06813761183627097,0.007965302093434445,False,0.08293840084544793,0.008721205856579818,False,0.3118912152180627,0.014648991581951645,False,0.0,0.0,False
diabetes130,Diabetes 130,True,ev10,gender,diabetes130|gender,random_forest,False,44,random_forest|s44,79513,19979,0.1110258699835247,0.11717303168326743,2,1.0129886239101022,1.0048369481914865,0.6106640151338265,0.6185957003618328,0.004979231060017519,1.0344607719983587,0.6277597168824892,0.0,4.461695300007705,0.05742874863011125,0.007353322500225365,False,0.056818407347414314,0.007313999371674973,False,0.08212988623910103,0.00868240719823617,False,0.2973379523038184,0.014452848368050324,False,0.0,0.0,False
diabetes130,Diabetes 130,True,ev10,age_group,diabetes130|age_group,random_forest,False,44,random_forest|s44,79513,19979,0.1110258699835247,0.11717303168326743,8,2.500556123033375,2.8746942549435084,0.4416440985466928,1.1043558548224879,0.15085043062720083,2.06342150665632,0.6277597168824892,0.0,4.461695300007705,0.9950022244921335,0.0022299492149483956,False,0.9950022244921335,0.0022299492149483956,False,0.996008897968534,0.001991555914597243,False,1.0,0.0,False,0.434458245379501,0.015671935042328167,False
diabetes130,Diabetes 130,True,m30,race,diabetes130|race,random_forest,False,45,random_forest|s45,79888,19604,0.11241988784298017,0.11160987553560497,5,1.1176067237161798,1.154298400751928,0.5931143781464354,0.662868616949197,0.10049428054656162,1.157543795841668,0.6207332411558768,0.0,4.400821199989878,0.07767948815571554,0.008353632055932057,False,0.07852494889563819,0.00841776031196873,False,0.0962772014908896,0.00919917581329327,False,0.3385441811292115,0.014829076369233326,False,0.0,0.0,False
diabetes130,Diabetes 130,True,m30,gender,diabetes130|gender,random_forest,False,45,random_forest|s45,79888,19604,0.11241988784298017,0.11160987553560497,2,1.0664119391980034,1.0175916055182814,0.5861148030147434,0.6250398236756083,0.030827811192731147,1.078927075538933,0.6207332411558768,0.0,4.400821199989878,0.06330531331178037,0.007692895222500233,False,0.06429767148772046,0.007744353386052486,False,0.08266411939198004,0.008708043753731506,False,0.3069541490556406,0.014582451725560188,False,0.0,0.0,False
diabetes130,Diabetes 130,True,m30,age_group,diabetes130|age_group,random_forest,False,45,random_forest|s45,79888,19604,0.11241988784298017,0.11160987553560497,10,2.1524832233857767,2.371286815050554,0.48211875760233835,1.0377525374186272,0.3108994765138654,3.0257879656160456,0.6207332411558768,0.0,4.400821199989878,0.9533761078255002,0.006336264581109939,False,0.9509860407190434,0.006509369774085201,False,0.9642271144223535,0.005607912605497957,False,0.9947092618289741,0.0019527280825304858,False,0.19490120905414698,0.01224196646886298,False
diabetes130,Diabetes 130,True,ev10,race,diabetes130|race,random_forest,False,45,random_forest|s45,79888,19604,0.11241988784298017,0.11160987553560497,5,1.1176067237161798,1.154298400751928,0.5931143781464354,0.662868616949197,0.10049428054656162,1.157543795841668,0.6207332411558768,0.0,4.400821199989878,0.07767948815571554,0.008353632055932057,False,0.07852494889563819,0.00841776031196873,False,0.0962772014908896,0.00919917581329327,False,0.3385441811292115,0.014829076369233326,False,0.0,0.0,False
diabetes130,Diabetes 130,True,ev10,gender,diabetes130|gender,random_forest,False,45,random_forest|s45,79888,19604,0.11241988784298017,0.11160987553560497,2,1.0664119391980034,1.0175916055182814,0.5861148030147434,0.6250398236756083,0.030827811192731147,1.078927075538933,0.6207332411558768,0.0,4.400821199989878,0.06330531331178037,0.007692895222500233,False,0.06429767148772046,0.007744353386052486,False,0.08266411939198004,0.008708043753731506,False,0.3069541490556406,0.014582451725560188,False,0.0,0.0,False
diabetes130,Diabetes 130,True,ev10,age_group,diabetes130|age_group,random_forest,False,45,random_forest|s45,79888,19604,0.11241988784298017,0.11160987553560497,9,2.1524832233857767,2.371286815050554,0.48211875760233835,1.0377525374186272,0.2736578766994723,2.184951713891542,0.6207332411558768,0.0,4.400821199989878,0.9533761078255002,0.006336264581109939,False,0.9509860407190434,0.006509369774085201,False,0.9642271144223535,0.005607912605497957,False,0.9947092618289741,0.0019527280825304858,False,0.19490120905414698,0.01224196646886298,False
diabetes130,Diabetes 130,True,m30,race,diabetes130|race,random_forest,False,46,random_forest|s46,79763,19729,0.11259606584506601,0.11090273201885549,5,1.162218332822825,1.282615951333566,0.5689812162145083,0.6612804005163292,0.09085658095936744,1.5206422018348624,0.6199720175046669,0.0,4.524715700012166,0.10473898876138567,0.009486846621398697,False,0.10265909808447912,0.009438460988100774,False,0.12991874278442542,0.010402757896699434,False,0.4032675812265576,0.015247507795696485,False,0.0,0.0,False
diabetes130,Diabetes 130,True,m30,gender,diabetes130|gender,random_forest,False,46,random_forest|s46,79763,19729,0.11259606584506601,0.11090273201885549,2,1.0154895305417255,1.04891361058947,0.5930893732435354,0.602276049204364,0.007305291654579715,1.0007963117368854,0.6199720175046669,0.0,4.524715700012166,0.05770384835958981,0.007369218924258187,False,0.05716853427584157,0.007334145541988483,False,0.08215489530541725,0.008683607322775518,False,0.29778811549751055,0.014458915492386025,False,0.0,0.0,False
diabetes130,Diabetes 130,True,m30,age_group,diabetes130|age_group,random_forest,False,46,random_forest|s46,79763,19729,0.11259606584506601,0.11090273201885549,9,2.1386698254976797,2.272981106617434,0.46127699068739497,0.9865191811795058,0.2849761728961805,2.4210946863763483,0.6199720175046669,0.0,4.524715700012166,0.9501713995154617,0.00654823612044581,False,0.9477260788174524,0.0067185995355758255,False,0.9618512099856009,0.005790731120467763,False,0.9941014723218979,0.0020877542899873916,False,0.18766298856078417,0.012046872034762148,False
diabetes130,Diabetes 130,True,ev10,race,diabetes130|race,random_forest,False,46,random_forest|s46,79763,19729,0.11259606584506601,0.11090273201885549,4,1.155800980625505,1.282615951333566,0.5721403698398426,0.6612804005163292,0.037136653850680434,1.423165137614679,0.6199720175046669,0.0,4.524715700012166,0.1008464964449784,0.009323834411631772,False,0.09918741574822398,0.009291633831269833,False,0.12507942801267585,0.010229623363283756,False,0.39395716041569157,0.015187316695491558,False,0.0,0.0,False
diabetes130,Diabetes 130,True,ev10,gender,diabetes130|gender,random_forest,False,46,random_forest|s46,79763,19729,0.11259606584506601,0.11090273201885549,2,1.0154895305417255,1.04891361058947,0.5930893732435354,0.602276049204364,0.007305291654579715,1.0007963117368854,0.6199720175046669,0.0,4.524715700012166,0.05770384835958981,0.007369218924258187,False,0.05716853427584157,0.007334145541988483,False,0.08215489530541725,0.008683607322775518,False,0.29778811549751055,0.014458915492386025,False,0.0,0.0,False
diabetes130,Diabetes 130,True,ev10,age_group,diabetes130|age_group,random_forest,False,46,random_forest|s46,79763,19729,0.11259606584506601,0.11090273201885549,8,2.1386698254976797,2.272981106617434,0.46127699068739497,0.9865191811795058,0.2044600814894606,1.313857898209445,0.6199720175046669,0.0,4.524715700012166,0.9501713995154617,0.00654823612044581,False,0.9477260788174524,0.0067185995355758255,False,0.9618512099856009,0.005790731120467763,False,0.9941014723218979,0.0020877542899873916,False,0.18766298856078417,0.012046872034762148,False
diabetes130,Diabetes 130,True,m30,race,diabetes130|race,random_forest,False,47,random_forest|s47,79572,19920,0.11253958678932288,0.11114457831325301,5,1.1268148687573851,1.2061603341050795,0.5796642389751053,0.6531742833640828,0.08231910119447139,1.4859375,0.62118723553665,0.0,4.415190100029577,0.0832647564593975,0.00858753538940471,False,0.0835064044097329,0.008628439999558844,False,0.10322104857114284,0.009447603489741937,False,0.35190353909882915,0.01491544351316352,False,0.0,0.0,False
diabetes130,Diabetes 130,True,m30,gender,diabetes130|gender,random_forest,False,47,random_forest|s47,79572,19920,0.11253958678932288,0.11114457831325301,2,1.0186288336218532,1.0156207648839322,0.6084943336504105,0.6198298733518244,0.008226915850002015,1.010094738450008,0.62118723553665,0.0,4.415190100029577,0.05804917169840385,0.007389173164971627,False,0.05760803670705945,0.007359434344744358,False,0.08218628833621854,0.008685113798313335,False,0.29835319005193356,0.01446653134732189,False,0.0,0.0,False
diabetes130,Diabetes 130,True,m30,age_group,diabetes130|age_group,random_forest,False,47,random_forest|s47,79572,19920,0.11253958678932288,0.11114457831325301,9,2.2346299481106247,2.2151521603269555,0.48555820866249993,1.0850429146281702,0.2262539261876716,2.852852852852853,0.62118723553665,0.0,4.415190100029577,0.9724341479616649,0.00507569366058859,False,0.9703726677541074,0.00526510389825559,False,0.9783563510750274,0.0045207114443143615,False,0.9983237177168675,0.0011497424026522163,False,0.2379460928099673,0.013402171141403456,False
diabetes130,Diabetes 130,True,ev10,race,diabetes130|race,random_forest,False,47,random_forest|s47,79572,19920,0.11253958678932288,0.11114457831325301,4,1.093902368707262,1.2061603341050795,0.5971047344343744,0.6531742833640828,0.08231910119447139,1.4859375,0.62118723553665,0.0,4.415190100029577,0.06632926055779881,0.007867631663596362,False,0.06814633161901668,0.007965803826417626,False,0.08293902368707262,0.008721235745241333,False,0.31190242636730714,0.014649142681458147,False,0.0,0.0,False
diabetes130,Diabetes 130,True,ev10,gender,diabetes130|gender,random_forest,False,47,random_forest|s47,79572,19920,0.11253958678932288,0.11114457831325301,2,1.0186288336218532,1.0156207648839322,0.6084943336504105,0.6198298733518244,0.008226915850002015,1.010094738450008,0.62118723553665,0.0,4.415190100029577,0.05804917169840385,0.007389173164971627,False,0.05760803670705945,0.007359434344744358,False,0.08218628833621854,0.008685113798313335,False,0.29835319005193356,0.01446653134732189,False,0.0,0.0,False
diabetes130,Diabetes 130,True,ev10,age_group,diabetes130|age_group,random_forest,False,47,random_forest|s47,79572,19920,0.11253958678932288,0.11114457831325301,8,2.2346299481106247,2.2151521603269555,0.48555820866249993,1.0850429146281702,0.21298785558238953,1.610139551316022,0.62118723553665,0.0,4.415190100029577,0.9724341479616649,0.00507569366058859,False,0.9703726677541074,0.00526510389825559,False,0.9783563510750274,0.0045207114443143615,False,0.9983237177168675,0.0011497424026522163,False,0.2379460928099673,0.013402171141403456,False
diabetes130,Diabetes 130,True,m30,race,diabetes130|race,hgb_deep,False,42,hgb_deep|s42,79602,19890,0.11134142358232205,0.1159376571141277,5,1.185089679236588,1.3155601338255936,0.622225412356749,0.7373929143427134,0.16844126618062782,1.8250182550673548,0.6166518047037952,0.0,2.905917599971872,0.11861177265170086,0.010067819677670915,False,0.11503212155421969,0.009961750759890257,False,0.1471659876210335,0.01101980676174206,False,0.43644978053177097,0.015462027968734096,False,0.0,0.0,False
diabetes130,Diabetes 130,True,m30,gender,diabetes130|gender,hgb_deep,False,42,hgb_deep|s42,79602,19890,0.11134142358232205,0.1159376571141277,2,1.0318890144879376,1.014872171118526,0.6833670884084225,0.7051589913912584,0.009216176175411372,1.0108980592786774,0.6166518047037952,0.0,2.905917599971872,0.05950779159367313,0.007473458381834107,False,0.05946446202831126,0.007466252351757555,False,0.08231889014487938,0.008691477038049011,False,0.3007400226078287,0.0144987001476326,False,0.0,0.0,False
diabetes130,Diabetes 130,True,m30,age_group,diabetes130|age_group,hgb_deep,False,42,hgb_deep|s42,79602,19890,0.11134142358232205,0.1159376571141277,9,2.449685131549831,3.1446711252914823,0.5650501677034754,1.3841949944029424,0.20341291801071293,2.0162252445717015,0.6166518047037952,0.0,2.905917599971872,0.9911760699977872,0.0027556300089153934,False,0.9907735510501858,0.002794364606663577,False,0.9929811078929899,0.002463178567033407,False,0.9997987405261993,0.000201158818893742,False,0.396163218925473,0.015259690863758092,False
diabetes130,Diabetes 130,True,ev10,race,diabetes130|race,hgb_deep,False,42,hgb_deep|s42,79602,19890,0.11134142358232205,0.1159376571141277,4,1.078561237724679,1.1221342512029036,0.6836820094687526,0.7373929143427134,0.05955004417799281,1.8250182550673548,0.6166518047037952,0.0,2.905917599971872,0.06464173614971468,0.007770119377388418,False,0.06599857328145504,0.007842222628435685,False,0.0827856123772468,0.008713873907929725,False,0.3091410227904422,0.014611925558697673,False,0.0,0.0,False
diabetes130,Diabetes 130,True,ev10,gender,diabetes130|gender,hgb_deep,False,42,hgb_deep|s42,79602,19890,0.11134142358232205,0.1159376571141277,2,1.0318890144879376,1.014872171118526,0.6833670884084225,0.7051589913912584,0.009216176175411372,1.0108980592786774,0.6166518047037952,0.0,2.905917599971872,0.05950779159367313,0.007473458381834107,False,0.05946446202831126,0.007466252351757555,False,0.08231889014487938,0.008691477038049011,False,0.3007400226078287,0.0144987001476326,False,0.0,0.0,False
diabetes130,Diabetes 130,True,ev10,age_group,diabetes130|age_group,hgb_deep,False,42,hgb_deep|s42,79602,19890,0.11134142358232205,0.1159376571141277,9,2.449685131549831,3.1446711252914823,0.5650501677034754,1.3841949944029424,0.20341291801071293,2.0162252445717015,0.6166518047037952,0.0,2.905917599971872,0.9911760699977872,0.0027556300089153934,False,0.9907735510501858,0.002794364606663577,False,0.9929811078929899,0.002463178567033407,False,0.9997987405261993,0.000201158818893742,False,0.396163218925473,0.015259690863758092,False
diabetes130,Diabetes 130,True,m30,race,diabetes130|race,hgb_deep,False,43,hgb_deep|s43,79512,19980,0.11137941442801087,0.11576576576576576,5,1.1135544472521641,1.1428678915989547,0.65370693912862,0.7279382692662746,0.12954977244259647,1.8631264023934182,0.6170718556542419,0.0,1.5912167000351474,0.07522154997262409,0.008250696994761261,False,0.07633273375936744,0.008325045401892137,False,0.09322138645245158,0.009089848948677414,False,0.3326650587183036,0.014791068329281041,False,0.0,0.0,False
diabetes130,Diabetes 130,True,m30,gender,diabetes130|gender,hgb_deep,False,43,hgb_deep|s43,79512,19980,0.11137941442801087,0.11576576576576576,2,1.005778168666727,1.0199188986415124,0.6946030810604725,0.6986166148192683,0.003707987403571922,1.0145738951747647,0.6170718556542419,0.0,1.5912167000351474,0.05663559855333998,0.0073074909395549155,False,0.055808943613341794,0.007255915212300861,False,0.08205778168666727,0.008678947075347929,False,0.29604007036001084,0.01443535602030515,False,0.0,0.0,False
diabetes130,Diabetes 130,True,m30,age_group,diabetes130|age_group,hgb_deep,False,43,hgb_deep|s43,79512,19980,0.11137941442801087,0.11576576576576576,10,1.9993308996103427,2.3463128360112435,0.5775722370947121,1.1547580203805288,0.16074790419224472,2.9254658385093166,0.6170718556542419,0.0,1.5912167000351474,0.9176788318129645,0.008689279768175984,False,0.9146989048246542,0.008831163308179265,False,0.937685522816861,0.007640921635928494,False,0.9878929439376548,0.0034551217158755895,False,0.11472566884024052,0.010076245986546398,False
diabetes130,Diabetes 130,True,ev10,race,diabetes130|race,hgb_deep,False,43,hgb_deep|s43,79512,19980,0.11137941442801087,0.11576576576576576,4,1.0545133726867542,1.094620293899787,0.6903072906620317,0.7279382692662746,0.08634688662300694,1.0700545027370632,0.6170718556542419,0.0,1.5912167000351474,0.06199647099554295,0.007617264786619955,False,0.06263187217614558,0.007648503927143791,False,0.08254513372686755,0.008702333919756645,False,0.30481240708361573,0.014553586160757593,False,0.0,0.0,False
diabetes130,Diabetes 130,True,ev10,gender,diabetes130|gender,hgb_deep,False,43,hgb_deep|s43,79512,19980,0.11137941442801087,0.11576576576576576,2,1.005778168666727,1.0199188986415124,0.6946030810604725,0.6986166148192683,0.003707987403571922,1.0145738951747647,0.6170718556542419,0.0,1.5912167000351474,0.05663559855333998,0.0073074909395549155,False,0.055808943613341794,0.007255915212300861,False,0.08205778168666727,0.008678947075347929,False,0.29604007036001084,0.01443535602030515,False,0.0,0.0,False
diabetes130,Diabetes 130,True,ev10,age_group,diabetes130|age_group,hgb_deep,False,43,hgb_deep|s43,79512,19980,0.11137941442801087,0.11576576576576576,8,1.9993308996103427,2.3463128360112435,0.5775722370947121,1.1547580203805288,0.15015866637325337,1.4307132148211608,0.6170718556542419,0.0,1.5912167000351474,0.9176788318129645,0.008689279768175984,False,0.9146989048246542,0.008831163308179265,False,0.937685522816861,0.007640921635928494,False,0.9878929439376548,0.0034551217158755895,False,0.11472566884024052,0.010076245986546398,False
diabetes130,Diabetes 130,True,m30,race,diabetes130|race,hgb_deep,False,44,hgb_deep|s44,79513,19979,0.1110258699835247,0.11717303168326743,5,1.1751621535694725,1.2021046152083128,0.6737895690087856,0.7918120009690112,0.23187404962214136,1.7686231360441438,0.6216741609546668,0.0,1.4708032999769785,0.11259015872246692,0.009815642791198929,False,0.10966149291463267,0.009734611852245844,False,0.139679656790094,0.01075197082699845,False,0.422046730998333,0.015368913445198069,False,0.0,0.0,False
diabetes130,Diabetes 130,True,m30,gender,diabetes130|gender,hgb_deep,False,44,hgb_deep|s44,79513,19979,0.1110258699835247,0.11717303168326743,2,1.031656736484299,1.0128995436266408,0.7169863493450028,0.7396837972690572,0.009256603639634431,1.0344607719983587,0.6216741609546668,0.0,1.4708032999769785,0.05948224101327289,0.0074719819614061525,False,0.05943194310780186,0.007464381225437918,False,0.082316567364843,0.008691365573459094,False,0.30069821256717383,0.014498136648175761,False,0.0,0.0,False
diabetes130,Diabetes 130,True,m30,age_group,diabetes130|age_group,hgb_deep,False,44,hgb_deep|s44,79513,19979,0.1110258699835247,0.11717303168326743,10,2.474196712717484,3.092578296125708,0.5832626256770453,1.4431064711011141,0.17618450257240936,7.906899418121363,0.6216741609546668,0.0,1.4708032999769785,0.9930389501665288,0.0024997914682429825,False,0.9928325238682687,0.0025196559731946143,False,0.994451802763049,0.002235584140946842,False,0.9998967868508699,0.00010316152964739338,False,0.4145959279635481,0.015461056747037571,False
diabetes130,Diabetes 130,True,ev10,race,diabetes130|race,hgb_deep,False,44,hgb_deep|s44,79513,19979,0.1110258699835247,0.11717303168326743,4,1.098965579945032,1.1151533999605692,0.7205066431731338,0.7918120009690112,0.21303810841777898,1.272660034402135,0.6216741609546668,0.0,1.4708032999769785,0.06688621379395351,0.007899814773427653,False,0.06885518119230447,0.008006590761299393,False,0.08298965579945032,0.008723665457721403,False,0.31281380439010575,0.014661425879770724,False,0.0,0.0,False
diabetes130,Diabetes 130,True,ev10,gender,diabetes130|gender,hgb_deep,False,44,hgb_deep|s44,79513,19979,0.1110258699835247,0.11717303168326743,2,1.031656736484299,1.0128995436266408,0.7169863493450028,0.7396837972690572,0.009256603639634431,1.0344607719983587,0.6216741609546668,0.0,1.4708032999769785,0.05948224101327289,0.0074719819614061525,False,0.05943194310780186,0.007464381225437918,False,0.082316567364843,0.008691365573459094,False,0.30069821256717383,0.014498136648175761,False,0.0,0.0,False
diabetes130,Diabetes 130,True,ev10,age_group,diabetes130|age_group,hgb_deep,False,44,hgb_deep|s44,79513,19979,0.1110258699835247,0.11717303168326743,8,2.474196712717484,3.092578296125708,0.5832626256770453,1.4431064711011141,0.12511884393481143,2.06342150665632,0.6216741609546668,0.0,1.4708032999769785,0.9930389501665288,0.0024997914682429825,False,0.9928325238682687,0.0025196559731946143,False,0.994451802763049,0.002235584140946842,False,0.9998967868508699,0.00010316152964739338,False,0.4145959279635481,0.015461056747037571,False
diabetes130,Diabetes 130,True,m30,race,diabetes130|race,hgb_deep,False,45,hgb_deep|s45,79888,19604,0.11241988784298017,0.11160987553560497,5,1.0890936089557801,1.2998411634327658,0.6888628688549078,0.7502361479168237,0.1902018243194714,1.157543795841668,0.6240500497976602,0.0,1.4595851000049151,0.06580029698513581,0.007837065914713564,False,0.06747310525380922,0.007927066637381814,False,0.0828909360895578,0.008718928137868629,False,0.3110368496120404,0.014637476774804998,False,0.0,0.0,False
diabetes130,Diabetes 130,True,m30,gender,diabetes130|gender,hgb_deep,False,45,hgb_deep|s45,79888,19604,0.11241988784298017,0.11160987553560497,2,1.0308584906432663,1.0065670977942105,0.6873769301166798,0.7085883446830825,0.013203929737165443,1.078927075538933,0.6240500497976602,0.0,1.4595851000049151,0.05939443397075929,0.007466908099706944,False,0.05932018869005728,0.00745795091873948,False,0.08230858490643267,0.008690982514607499,False,0.30055452831578794,0.014496200127752823,False,0.0,0.0,False
diabetes130,Diabetes 130,True,m30,age_group,diabetes130|age_group,hgb_deep,False,45,hgb_deep|s45,79888,19604,0.11241988784298017,0.11160987553560497,10,2.308433996755502,2.740421347109276,0.5710357738854205,1.3181983938006923,0.24098181730461277,3.0257879656160456,0.6240500497976602,0.0,1.4595851000049151,0.9804409837534181,0.0042299324599458605,False,0.9789084557274621,0.004377408391146034,False,0.9845060398053301,0.0037747206800332724,False,0.999233735987022,0.0007658807851405328,False,0.2899423655601376,0.014099294097529719,False
diabetes130,Diabetes 130,True,ev10,race,diabetes130|race,hgb_deep,False,45,hgb_deep|s45,79888,19604,0.11241988784298017,0.11160987553560497,5,1.0890936089557801,1.2998411634327658,0.6888628688549078,0.7502361479168237,0.1902018243194714,1.157543795841668,0.6240500497976602,0.0,1.4595851000049151,0.06580029698513581,0.007837065914713564,False,0.06747310525380922,0.007927066637381814,False,0.0828909360895578,0.008718928137868629,False,0.3110368496120404,0.014637476774804998,False,0.0,0.0,False
diabetes130,Diabetes 130,True,ev10,gender,diabetes130|gender,hgb_deep,False,45,hgb_deep|s45,79888,19604,0.11241988784298017,0.11160987553560497,2,1.0308584906432663,1.0065670977942105,0.6873769301166798,0.7085883446830825,0.013203929737165443,1.078927075538933,0.6240500497976602,0.0,1.4595851000049151,0.05939443397075929,0.007466908099706944,False,0.05932018869005728,0.00745795091873948,False,0.08230858490643267,0.008690982514607499,False,0.30055452831578794,0.014496200127752823,False,0.0,0.0,False
diabetes130,Diabetes 130,True,ev10,age_group,diabetes130|age_group,hgb_deep,False,45,hgb_deep|s45,79888,19604,0.11241988784298017,0.11160987553560497,9,2.308433996755502,2.740421347109276,0.5710357738854205,1.3181983938006923,0.24098181730461277,2.184951713891542,0.6240500497976602,0.0,1.4595851000049151,0.9804409837534181,0.0042299324599458605,False,0.9789084557274621,0.004377408391146034,False,0.9845060398053301,0.0037747206800332724,False,0.999233735987022,0.0007658807851405328,False,0.2899423655601376,0.014099294097529719,False
diabetes130,Diabetes 130,True,m30,race,diabetes130|race,hgb_deep,False,46,hgb_deep|s46,79763,19729,0.11259606584506601,0.11090273201885549,5,1.0891785696186733,1.193547034126466,0.6722378277127901,0.7321870356317809,0.19764219028315222,1.5206422018348624,0.6170928788723458,0.0,1.5791440999601036,0.06580964265805406,0.007837605947158752,False,0.06748499974661426,0.007927751041974514,False,0.08289178569618674,0.008718968908433643,False,0.31105214253136115,0.014637682886820097,False,0.0,0.0,False
diabetes130,Diabetes 130,True,m30,gender,diabetes130|gender,hgb_deep,False,46,hgb_deep|s46,79763,19729,0.11259606584506601,0.11090273201885549,2,1.0138864381895587,1.0419667912841113,0.6837682664301395,0.6932633721979035,0.0029991593493912116,1.0007963117368854,0.6170928788723458,0.0,1.5791440999601036,0.05752750820085146,0.007359029245254747,False,0.05694410134653822,0.007321231756584957,False,0.08213886438189559,0.008682838037570565,False,0.29749955887412055,0.014455026438512833,False,0.0,0.0,False
diabetes130,Diabetes 130,True,m30,age_group,diabetes130|age_group,hgb_deep,False,46,hgb_deep|s46,79763,19729,0.11259606584506601,0.11090273201885549,9,2.1262094494854553,2.5263890960819255,0.555732902996237,1.1816045497405832,0.18504001587576768,2.4210946863763483,0.6170928788723458,0.0,1.5791440999601036,0.9472805922806257,0.006739445054367197,False,0.9447854300785674,0.0069073352487031316,False,0.9597080253114982,0.005955642567815789,False,0.99355321577736,0.0022095546847959308,False,0.18113375153037858,0.011870887094164497,False
diabetes130,Diabetes 130,True,ev10,race,diabetes130|race,hgb_deep,False,46,hgb_deep|s46,79763,19729,0.11259606584506601,0.11090273201885549,4,1.0854706899572013,1.0977152528018748,0.6745341374999726,0.7321870356317809,0.10160698607801344,1.423165137614679,0.6170928788723458,0.0,1.5791440999601036,0.06540177589529214,0.007814037683307504,False,0.06696589659400817,0.007897882043980961,False,0.08285470689957201,0.008717189586761091,False,0.31038472419229624,0.014628687682183701,False,0.0,0.0,False
diabetes130,Diabetes 130,True,ev10,gender,diabetes130|gender,hgb_deep,False,46,hgb_deep|s46,79763,19729,0.11259606584506601,0.11090273201885549,2,1.0138864381895587,1.0419667912841113,0.6837682664301395,0.6932633721979035,0.0029991593493912116,1.0007963117368854,0.6170928788723458,0.0,1.5791440999601036,0.05752750820085146,0.007359029245254747,False,0.05694410134653822,0.007321231756584957,False,0.08213886438189559,0.008682838037570565,False,0.29749955887412055,0.014455026438512833,False,0.0,0.0,False
diabetes130,Diabetes 130,True,ev10,age_group,diabetes130|age_group,hgb_deep,False,46,hgb_deep|s46,79763,19729,0.11259606584506601,0.11090273201885549,8,2.1262094494854553,2.5263890960819255,0.555732902996237,1.1816045497405832,0.18504001587576768,1.313857898209445,0.6170928788723458,0.0,1.5791440999601036,0.9472805922806257,0.006739445054367197,False,0.9447854300785674,0.0069073352487031316,False,0.9597080253114982,0.005955642567815789,False,0.99355321577736,0.0022095546847959308,False,0.18113375153037858,0.011870887094164497,False
diabetes130,Diabetes 130,True,m30,race,diabetes130|race,hgb_deep,False,47,hgb_deep|s47,79572,19920,0.11253958678932288,0.11114457831325301,5,1.114405248637288,1.2196740543229045,0.6889009942486048,0.7677148837820913,0.061428016934099494,1.4859375,0.6175022481521174,0.0,1.4898944000015035,0.07573760982917462,0.008272308869814607,False,0.07679300336115574,0.0083445114907968,False,0.0938629743822171,0.00911280282378253,False,0.3338994181049177,0.014799048360585518,False,0.0,0.0,False
diabetes130,Diabetes 130,True,m30,gender,diabetes130|gender,hgb_deep,False,47,hgb_deep|s47,79572,19920,0.11253958678932288,0.11114457831325301,2,1.0151826064592364,1.0212496379105567,0.7021971355858179,0.7128583183522205,0.0035133404519512856,1.010094738450008,0.6175022481521174,0.0,1.4898944000015035,0.057670086710516,0.007367268033609396,False,0.057125564904293095,0.007331673100690213,False,0.08215182606459237,0.008683460037339726,False,0.29773286916266256,0.014458170903785022,False,0.0,0.0,False
diabetes130,Diabetes 130,True,m30,age_group,diabetes130|age_group,hgb_deep,False,47,hgb_deep|s47,79572,19920,0.11253958678932288,0.11114457831325301,9,2.50222816181616,2.5644539792438774,0.5662591954169056,1.4169097056595417,0.23777728700431877,2.852852852852853,0.6175022481521174,0.0,1.4898944000015035,0.9950089126472647,0.0022283810110424996,False,0.9950089126472647,0.0022283810110424996,False,0.9960356505890585,0.001978206383761747,False,1.0,0.0,False,0.43583600533651595,0.015668630415526536,False
diabetes130,Diabetes 130,True,ev10,race,diabetes130|race,hgb_deep,False,47,hgb_deep|s47,79572,19920,0.11253958678932288,0.11114457831325301,4,1.114405248637288,1.2196740543229045,0.6889009942486048,0.7677148837820913,0.02314945668370816,1.4859375,0.6175022481521174,0.0,1.4898944000015035,0.07573760982917462,0.008272308869814607,False,0.07679300336115574,0.0083445114907968,False,0.0938629743822171,0.00911280282378253,False,0.3338994181049177,0.014799048360585518,False,0.0,0.0,False
diabetes130,Diabetes 130,True,ev10,gender,diabetes130|gender,hgb_deep,False,47,hgb_deep|s47,79572,19920,0.11253958678932288,0.11114457831325301,2,1.0151826064592364,1.0212496379105567,0.7021971355858179,0.7128583183522205,0.0035133404519512856,1.010094738450008,0.6175022481521174,0.0,1.4898944000015035,0.057670086710516,0.007367268033609396,False,0.057125564904293095,0.007331673100690213,False,0.08215182606459237,0.008683460037339726,False,0.29773286916266256,0.014458170903785022,False,0.0,0.0,False
diabetes130,Diabetes 130,True,ev10,age_group,diabetes130|age_group,hgb_deep,False,47,hgb_deep|s47,79572,19920,0.11253958678932288,0.11114457831325301,8,2.50222816181616,2.5644539792438774,0.5662591954169056,1.4169097056595417,0.20482223645214537,1.610139551316022,0.6175022481521174,0.0,1.4898944000015035,0.9950089126472647,0.0022283810110424996,False,0.9950089126472647,0.0022283810110424996,False,0.9960356505890585,0.001978206383761747,False,1.0,0.0,False,0.43583600533651595,0.015668630415526536,False
brfss2024,BRFSS 2024,True,m30,age_group,brfss2024|age_group,published,False,,published,35910,8978,0.21080478975215816,0.21073735798618845,5,1.2846866285651966,1.312562953531384,0.8331377612329777,1.0703209416087498,0.06838591095467761,7.172785729101846,0.767387074474338,0.0,0.007207199989352375,0.23364602970824064,0.013273640415336048,False,0.23087109942302492,0.013233728814469665,False,0.2811146925647603,0.014105957316999684,False,0.5787087039952014,0.01556971222578981,False,0.0003468662856519652,0.0003466928091291397,False
brfss2024,BRFSS 2024,True,m30,sex,brfss2024|sex,published,False,,published,35910,8978,0.21080478975215816,0.21073735798618845,2,1.1130054617947456,1.1041511661013177,1.0430292324062809,1.1608972324797717,0.013565099277883408,1.5395772619167252,0.767387074474338,0.0,0.007207199989352375,0.07488855879353416,0.008236751783435463,False,0.0760357416266656,0.008312484773867396,False,0.09280739741898841,0.009075037802569234,False,0.3318685798169668,0.014785919159083973,False,0.0,0.0,False
brfss2024,BRFSS 2024,True,m30,race,brfss2024|race,published,False,,published,35910,8978,0.21080478975215816,0.21073735798618845,8,1.334656893362393,1.723754476164806,1.054069908715807,1.4068216697534202,0.22373194766285132,3.4741784037558685,0.767387074474338,0.0,0.007207199989352375,0.2821171865615211,0.014173350750543835,False,0.2753446350925297,0.014075941683181839,False,0.3345828758977604,0.014861137522851684,False,0.6171858078890425,0.015345068197953723,False,0.0008465689336239295,0.0008461455432830054,False
brfss2024,BRFSS 2024,True,m30,income,brfss2024|income,published,False,,published,35910,8978,0.21080478975215816,0.21073735798618845,7,1.0626965192521916,1.1045255570973649,1.0938004652670696,1.1623779471957425,0.04617875962570894,2.5451983524821156,0.767387074474338,0.0,0.007207199989352375,0.06289661711774107,0.007669279030607338,False,0.06377751269530682,0.00771442364694585,False,0.08262696519252193,0.00870626081365907,False,0.3062853734653945,0.014573438228420572,False,0.0,0.0,False
brfss2024,BRFSS 2024,True,m30,health_plan,brfss2024|health_plan,published,False,,published,35910,8978,0.21080478975215816,0.21073735798618845,2,1.0289989608655234,1.1956087105317936,1.1499481003914724,1.1832954003521077,0.010874280680572168,1.4588557863938318,0.767387074474338,0.0,0.007207199989352375,0.05918988569520758,0.00745508843659962,False,0.05905985452117328,0.007442971389663204,False,0.08228998960865523,0.008690090171291001,False,0.3002198129557942,0.014491688964391165,False,0.0,0.0,False
brfss2024,BRFSS 2024,True,ev10,age_group,brfss2024|age_group,published,False,,published,35910,8978,0.21080478975215816,0.21073735798618845,4,1.2846866285651966,1.2383223713469038,0.8331377612329777,1.0703209416087498,0.06838591095467761,5.267514519809168,0.767387074474338,0.0,0.007207199989352375,0.23364602970824064,0.013273640415336048,False,0.23087109942302492,0.013233728814469665,False,0.2811146925647603,0.014105957316999684,False,0.5787087039952014,0.01556971222578981,False,0.0003468662856519652,0.0003466928091291397,False
brfss2024,BRFSS 2024,True,ev10,sex,brfss2024|sex,published,False,,published,35910,8978,0.21080478975215816,0.21073735798618845,2,1.1130054617947456,1.1041511661013177,1.0430292324062809,1.1608972324797717,0.013565099277883408,1.5395772619167252,0.767387074474338,0.0,0.007207199989352375,0.07488855879353416,0.008236751783435463,False,0.0760357416266656,0.008312484773867396,False,0.09280739741898841,0.009075037802569234,False,0.3318685798169668,0.014785919159083973,False,0.0,0.0,False
brfss2024,BRFSS 2024,True,ev10,race,brfss2024|race,published,False,,published,35910,8978,0.21080478975215816,0.21073735798618845,8,1.334656893362393,1.723754476164806,1.054069908715807,1.4068216697534202,0.22373194766285132,3.4741784037558685,0.767387074474338,0.0,0.007207199989352375,0.2821171865615211,0.014173350750543835,False,0.2753446350925297,0.014075941683181839,False,0.3345828758977604,0.014861137522851684,False,0.6171858078890425,0.015345068197953723,False,0.0008465689336239295,0.0008461455432830054,False
brfss2024,BRFSS 2024,True,ev10,income,brfss2024|income,published,False,,published,35910,8978,0.21080478975215816,0.21073735798618845,7,1.0626965192521916,1.1045255570973649,1.0938004652670696,1.1623779471957425,0.04617875962570894,2.5451983524821156,0.767387074474338,0.0,0.007207199989352375,0.06289661711774107,0.007669279030607338,False,0.06377751269530682,0.00771442364694585,False,0.08262696519252193,0.00870626081365907,False,0.3062853734653945,0.014573438228420572,False,0.0,0.0,False
brfss2024,BRFSS 2024,True,ev10,health_plan,brfss2024|health_plan,published,False,,published,35910,8978,0.21080478975215816,0.21073735798618845,2,1.0289989608655234,1.1956087105317936,1.1499481003914724,1.1832954003521077,0.010874280680572168,1.4588557863938318,0.767387074474338,0.0,0.007207199989352375,0.05918988569520758,0.00745508843659962,False,0.05905985452117328,0.007442971389663204,False,0.08228998960865523,0.008690090171291001,False,0.3002198129557942,0.014491688964391165,False,0.0,0.0,False
brfss2024,BRFSS 2024,True,m30,age_group,brfss2024|age_group,xgb_published,True,42,xgb_published|s42,35910,8978,0.21080478975215816,0.21073735798618845,6,1.592254434552991,1.1899506463247091,0.8417168806972666,1.3402274359283335,0.09486930440979735,9.126277110593296,0.7540532682435485,0.0,0.3454590999754146,0.6064660309920676,0.015405527135991188,False,0.5993885753375976,0.015452225224231026,False,0.6720082205733583,0.014803825165320889,False,0.8824301163862647,0.010160434340489771,False,0.007,0.0026364749192814,False
brfss2024,BRFSS 2024,True,m30,sex,brfss2024|sex,xgb_published,True,42,xgb_published|s42,35910,8978,0.21080478975215816,0.21073735798618845,2,1.0657774696050641,1.0542827183482715,1.1129711646377858,1.1861795915910607,0.03830154267572139,1.5380977848087043,0.7540532682435485,0.0,0.3454590999754146,0.06323552165655705,0.007688862365952226,False,0.06420884574470898,0.007739242386578746,False,0.08265777469605065,0.008707739287135943,False,0.3068399445289115,0.014580912521393622,False,0.0,0.0,False
brfss2024,BRFSS 2024,True,m30,race,brfss2024|race,xgb_published,True,42,xgb_published|s42,35910,8978,0.21080478975215816,0.21073735798618845,8,1.4796847634497992,1.5563944810399915,0.9200076204849946,1.361321258289352,0.2801997245179064,1.85480093676815,0.7540532682435485,0.0,0.3454590999754146,0.4501208404436948,0.015687584922975225,False,0.4421208404436948,0.0156599046548765,False,0.5241523640987149,0.01575433807747403,False,0.8080910681808032,0.012416149955594077,False,0.004562171613975906,0.0019713642142289243,False
brfss2024,BRFSS 2024,True,m30,income,brfss2024|income,xgb_published,True,42,xgb_published|s42,35910,8978,0.21080478975215816,0.21073735798618845,7,1.1095308290560357,1.2000714524984173,1.1066975795897829,1.22791508299656,0.07790278746492929,2.5324174127817227,0.7540532682435485,0.0,0.3454590999754146,0.0727809946733331,0.008148489904789918,False,0.07415602227621601,0.008232986184672069,False,0.09018718256684656,0.008981295258992059,False,0.32682751428621565,0.014753329087521694,False,0.0,0.0,False
brfss2024,BRFSS 2024,True,m30,health_plan,brfss2024|health_plan,xgb_published,True,42,xgb_published|s42,35910,8978,0.21080478975215816,0.21073735798618845,2,1.0122781883340022,1.1014971778005462,1.1818668771945156,1.1963780612984287,0.0066816090063405165,1.4111329175180127,0.7540532682435485,0.0,0.3454590999754146,0.05735060071674024,0.007348806783795617,False,0.0567189463667603,0.00730827642467171,False,0.08212278188334003,0.008682066277404612,False,0.2972100739001204,0.014451124872691401,False,0.0,0.0,False
brfss2024,BRFSS 2024,True,ev10,age_group,brfss2024|age_group,xgb_published,True,42,xgb_published|s42,35910,8978,0.21080478975215816,0.21073735798618845,4,1.181785001786043,1.0681500161343538,0.8417168806972666,0.9947283853581618,0.05212546242093141,5.173668730859001,0.7540532682435485,0.0,0.3454590999754146,0.11660729616530473,0.009983874966952806,False,0.11324434522851504,0.009886140698390208,False,0.14467393577308157,0.01093064946276627,False,0.43165528947647214,0.015431031980754227,False,0.0,0.0,False
brfss2024,BRFSS 2024,True,ev10,sex,brfss2024|sex,xgb_published,True,42,xgb_published|s42,35910,8978,0.21080478975215816,0.21073735798618845,2,1.0657774696050641,1.0542827183482715,1.1129711646377858,1.1861795915910607,0.03830154267572139,1.5380977848087043,0.7540532682435485,0.0,0.3454590999754146,0.06323552165655705,0.007688862365952226,False,0.06420884574470898,0.007739242386578746,False,0.08265777469605065,0.008707739287135943,False,0.3068399445289115,0.014580912521393622,False,0.0,0.0,False
brfss2024,BRFSS 2024,True,ev10,race,brfss2024|race,xgb_published,True,42,xgb_published|s42,35910,8978,0.21080478975215816,0.21073735798618845,8,1.4796847634497992,1.5563944810399915,0.9200076204849946,1.361321258289352,0.2801997245179064,1.85480093676815,0.7540532682435485,0.0,0.3454590999754146,0.4501208404436948,0.015687584922975225,False,0.4421208404436948,0.0156599046548765,False,0.5241523640987149,0.01575433807747403,False,0.8080910681808032,0.012416149955594077,False,0.004562171613975906,0.0019713642142289243,False
brfss2024,BRFSS 2024,True,ev10,income,brfss2024|income,xgb_published,True,42,xgb_published|s42,35910,8978,0.21080478975215816,0.21073735798618845,7,1.1095308290560357,1.2000714524984173,1.1066975795897829,1.22791508299656,0.07790278746492929,2.5324174127817227,0.7540532682435485,0.0,0.3454590999754146,0.0727809946733331,0.008148489904789918,False,0.07415602227621601,0.008232986184672069,False,0.09018718256684656,0.008981295258992059,False,0.32682751428621565,0.014753329087521694,False,0.0,0.0,False
brfss2024,BRFSS 2024,True,ev10,health_plan,brfss2024|health_plan,xgb_published,True,42,xgb_published|s42,35910,8978,0.21080478975215816,0.21073735798618845,2,1.0122781883340022,1.1014971778005462,1.1818668771945156,1.1963780612984287,0.0066816090063405165,1.4111329175180127,0.7540532682435485,0.0,0.3454590999754146,0.05735060071674024,0.007348806783795617,False,0.0567189463667603,0.00730827642467171,False,0.08212278188334003,0.008682066277404612,False,0.2972100739001204,0.014451124872691401,False,0.0,0.0,False
brfss2024,BRFSS 2024,True,m30,age_group,brfss2024|age_group,xgb_published,True,43,xgb_published|s43,35910,8978,0.21080478975215816,0.21073735798618845,6,1.563514571285901,1.4825827870662684,0.848405433732432,1.3264942579987924,0.18517019586617378,9.578141171600082,0.7660228324439281,0.0,0.30967640003655106,0.5673798169488256,0.015528406721551074,False,0.5600149626616845,0.015556927766444257,False,0.6349337969588125,0.015089958831233041,False,0.8654735970586817,0.010712893304906594,False,0.007,0.0026364749192814,False
brfss2024,BRFSS 2024,True,m30,sex,brfss2024|sex,xgb_published,True,43,xgb_published|s43,35910,8978,0.21080478975215816,0.21073735798618845,2,1.06880996592273,1.1019683477667646,1.1008627944522706,1.1766131258241326,0.013024366311534363,1.6171101877010179,0.7660228324439281,0.0,0.30967640003655106,0.06356909625150028,0.0077081377146333944,False,0.06463339522918218,0.007763670802465322,False,0.0826880996592273,0.008709194508694512,False,0.3073857938660914,0.014588269266333314,False,0.0,0.0,False
brfss2024,BRFSS 2024,True,m30,race,brfss2024|race,xgb_published,True,43,xgb_published|s43,35910,8978,0.21080478975215816,0.21073735798618845,8,1.1867378473934997,1.272658680584213,1.1174155955926932,1.3260793785575982,0.1079642212092542,2.7379679144385025,0.7660228324439281,0.0,0.30967640003655106,0.11961148120589328,0.010109686093143309,False,0.11592375350795889,0.00999946036924592,False,0.14840886852624569,0.011064272892953727,False,0.4388409753167988,0.015477486845173615,False,0.0,0.0,False
brfss2024,BRFSS 2024,True,m30,income,brfss2024|income,xgb_published,True,43,xgb_published|s43,35910,8978,0.21080478975215816,0.21073735798618845,7,1.123567753948696,1.3042536739276487,1.1278019091637612,1.2671618579781783,0.10461101374334059,2.2227919227392445,0.7660228324439281,0.0,0.30967640003655106,0.08129519501806141,0.008505052872619615,False,0.08174976852962235,0.008554146954607596,False,0.10077240461704932,0.009359999180353353,False,0.3471925610567145,0.014884987429904083,False,0.0,0.0,False
brfss2024,BRFSS 2024,True,m30,health_plan,brfss2024|health_plan,xgb_published,True,43,xgb_published|s43,35910,8978,0.21080478975215816,0.21073735798618845,2,1.0102288704996694,1.047525350917036,1.1923270846690643,1.2045232440113924,0.038575318275810955,2.254745026297736,0.7660228324439281,0.0,0.30967640003655106,0.057125175754963634,0.007335780777602241,False,0.05643204186995371,0.007291768049031078,False,0.0821022887049967,0.008681082859394998,False,0.29684119668994047,0.014446153289207614,False,0.0,0.0,False
brfss2024,BRFSS 2024,True,ev10,age_group,brfss2024|age_group,xgb_published,True,43,xgb_published|s43,35910,8978,0.21080478975215816,0.21073735798618845,4,1.247486285422403,1.1592767844037997,0.848405433732432,1.0583741430590543,0.04370326907316002,5.677085489546678,0.7660228324439281,0.0,0.30967640003655106,0.19470324428292046,0.012501546358949893,False,0.19416459115914964,0.012483666704950755,False,0.23780548907663576,0.013441151643714318,False,0.5464339177210351,0.015733061311348488,False,0.0,0.0,False
brfss2024,BRFSS 2024,True,ev10,sex,brfss2024|sex,xgb_published,True,43,xgb_published|s43,35910,8978,0.21080478975215816,0.21073735798618845,2,1.06880996592273,1.1019683477667646,1.1008627944522706,1.1766131258241326,0.013024366311534363,1.6171101877010179,0.7660228324439281,0.0,0.30967640003655106,0.06356909625150028,0.0077081377146333944,False,0.06463339522918218,0.007763670802465322,False,0.0826880996592273,0.008709194508694512,False,0.3073857938660914,0.014588269266333314,False,0.0,0.0,False
brfss2024,BRFSS 2024,True,ev10,race,brfss2024|race,xgb_published,True,43,xgb_published|s43,35910,8978,0.21080478975215816,0.21073735798618845,7,1.1867378473934997,1.269273699254125,1.1174155955926932,1.3260793785575982,0.0330892967429145,2.7379679144385025,0.7660228324439281,0.0,0.30967640003655106,0.11961148120589328,0.010109686093143309,False,0.11592375350795889,0.00999946036924592,False,0.14840886852624569,0.011064272892953727,False,0.4388409753167988,0.015477486845173615,False,0.0,0.0,False
brfss2024,BRFSS 2024,True,ev10,income,brfss2024|income,xgb_published,True,43,xgb_published|s43,35910,8978,0.21080478975215816,0.21073735798618845,7,1.123567753948696,1.3042536739276487,1.1278019091637612,1.2671618579781783,0.10461101374334059,2.2227919227392445,0.7660228324439281,0.0,0.30967640003655106,0.08129519501806141,0.008505052872619615,False,0.08174976852962235,0.008554146954607596,False,0.10077240461704932,0.009359999180353353,False,0.3471925610567145,0.014884987429904083,False,0.0,0.0,False
brfss2024,BRFSS 2024,True,ev10,health_plan,brfss2024|health_plan,xgb_published,True,43,xgb_published|s43,35910,8978,0.21080478975215816,0.21073735798618845,2,1.0102288704996694,1.047525350917036,1.1923270846690643,1.2045232440113924,0.038575318275810955,2.254745026297736,0.7660228324439281,0.0,0.30967640003655106,0.057125175754963634,0.007335780777602241,False,0.05643204186995371,0.007291768049031078,False,0.0821022887049967,0.008681082859394998,False,0.29684119668994047,0.014446153289207614,False,0.0,0.0,False
brfss2024,BRFSS 2024,True,m30,age_group,brfss2024|age_group,xgb_published,True,44,xgb_published|s44,35910,8978,0.21080478975215816,0.21073735798618845,5,1.1997845565709868,1.4090685500456592,0.8408309943797138,1.0088160417430068,0.26241459044866644,9.370963270963271,0.7542450005638967,0.0,0.3198514999821782,0.1275250589037133,0.010441095812886712,False,0.12298180929250108,0.010297965290844356,False,0.1582473705289409,0.011416261662870011,False,0.457769397648071,0.015599857529421645,False,0.0,0.0,False
brfss2024,BRFSS 2024,True,m30,sex,brfss2024|sex,xgb_published,True,44,xgb_published|s44,35910,8978,0.21080478975215816,0.21073735798618845,2,1.0433457267623822,1.0725218060718582,1.0991365468537029,1.1467794192881717,0.04357687034867641,1.5978420378595888,0.7542450005638967,0.0,0.3198514999821782,0.060768029943862045,0.007546280275316149,False,0.06106840174673351,0.007558542433200554,False,0.08243345726762383,0.008696974836874021,False,0.3028022308172288,0.01452649378733449,False,0.0,0.0,False
brfss2024,BRFSS 2024,True,m30,race,brfss2024|race,xgb_published,True,44,xgb_published|s44,35910,8978,0.21080478975215816,0.21073735798618845,8,1.185069681069957,1.4521334179848941,1.1400574390847442,1.3510475057375897,0.10387810768481598,2.6187683284457477,0.7542450005638967,0.0,0.3198514999821782,0.11859964261620343,0.010067311688513774,False,0.11502130287391119,0.009961293207638493,False,0.14715090703636102,0.0110192672287474,False,0.43642076679821634,0.01546184039734724,False,0.0,0.0,False
brfss2024,BRFSS 2024,True,m30,income,brfss2024|income,xgb_published,True,44,xgb_published|s44,35910,8978,0.21080478975215816,0.21073735798618845,7,1.157400848502252,1.2191183904477152,1.0913849840926864,1.263169906631492,0.05875484256668417,1.982332707942464,0.7542450005638967,0.0,0.3198514999821782,0.10181690810792332,0.009364473913704381,False,0.10005291804220189,0.009328238344225507,False,0.12628588575579658,0.01027278639530232,False,0.39627828020408684,0.0152023225428758,False,0.0,0.0,False
brfss2024,BRFSS 2024,True,m30,health_plan,brfss2024|health_plan,xgb_published,True,44,xgb_published|s44,35910,8978,0.21080478975215816,0.21073735798618845,2,1.087713251105349,1.1103444117854253,1.0776029417507125,1.1721229991723556,0.0038633800858293155,1.5273996110284864,0.7542450005638967,0.0,0.3198514999821782,0.0656484576215884,0.007828291995115757,False,0.06727985515474887,0.007915947100172092,False,0.0828771325110535,0.008718265737558104,False,0.31078838519896285,0.014634128068139813,False,0.0,0.0,False
brfss2024,BRFSS 2024,True,ev10,age_group,brfss2024|age_group,xgb_published,True,44,xgb_published|s44,35910,8978,0.21080478975215816,0.21073735798618845,4,1.1997845565709868,1.097435162436369,0.8408309943797138,1.0088160417430068,0.08751382072031055,4.543497343497344,0.7542450005638967,0.0,0.3198514999821782,0.1275250589037133,0.010441095812886712,False,0.12298180929250108,0.010297965290844356,False,0.1582473705289409,0.011416261662870011,False,0.457769397648071,0.015599857529421645,False,0.0,0.0,False
brfss2024,BRFSS 2024,True,ev10,sex,brfss2024|sex,xgb_published,True,44,xgb_published|s44,35910,8978,0.21080478975215816,0.21073735798618845,2,1.0433457267623822,1.0725218060718582,1.0991365468537029,1.1467794192881717,0.04357687034867641,1.5978420378595888,0.7542450005638967,0.0,0.3198514999821782,0.060768029943862045,0.007546280275316149,False,0.06106840174673351,0.007558542433200554,False,0.08243345726762383,0.008696974836874021,False,0.3028022308172288,0.01452649378733449,False,0.0,0.0,False
brfss2024,BRFSS 2024,True,ev10,race,brfss2024|race,xgb_published,True,44,xgb_published|s44,35910,8978,0.21080478975215816,0.21073735798618845,8,1.185069681069957,1.4521334179848941,1.1400574390847442,1.3510475057375897,0.10387810768481598,2.6187683284457477,0.7542450005638967,0.0,0.3198514999821782,0.11859964261620343,0.010067311688513774,False,0.11502130287391119,0.009961293207638493,False,0.14715090703636102,0.0110192672287474,False,0.43642076679821634,0.01546184039734724,False,0.0,0.0,False
brfss2024,BRFSS 2024,True,ev10,income,brfss2024|income,xgb_published,True,44,xgb_published|s44,35910,8978,0.21080478975215816,0.21073735798618845,7,1.157400848502252,1.2191183904477152,1.0913849840926864,1.263169906631492,0.05875484256668417,1.982332707942464,0.7542450005638967,0.0,0.3198514999821782,0.10181690810792332,0.009364473913704381,False,0.10005291804220189,0.009328238344225507,False,0.12628588575579658,0.01027278639530232,False,0.39627828020408684,0.0152023225428758,False,0.0,0.0,False
brfss2024,BRFSS 2024,True,ev10,health_plan,brfss2024|health_plan,xgb_published,True,44,xgb_published|s44,35910,8978,0.21080478975215816,0.21073735798618845,2,1.087713251105349,1.1103444117854253,1.0776029417507125,1.1721229991723556,0.0038633800858293155,1.5273996110284864,0.7542450005638967,0.0,0.3198514999821782,0.0656484576215884,0.007828291995115757,False,0.06727985515474887,0.007915947100172092,False,0.0828771325110535,0.008718265737558104,False,0.31078838519896285,0.014634128068139813,False,0.0,0.0,False
brfss2024,BRFSS 2024,True,m30,age_group,brfss2024|age_group,xgb_published,True,45,xgb_published|s45,35910,8978,0.21080478975215816,0.21073735798618845,5,1.2189427963910175,1.5218608576080104,0.8394427284875147,1.0232326668726768,0.08880679391387813,7.062404870624048,0.7604029608452839,0.0,0.31655280000995845,0.1391456305978303,0.010927749328586235,False,0.13334610296563246,0.010736300260808315,False,0.17269456777027553,0.011933134168900123,False,0.48556454886237793,0.015779550882271915,False,0.0,0.0,False
brfss2024,BRFSS 2024,True,m30,sex,brfss2024|sex,xgb_published,True,45,xgb_published|s45,35910,8978,0.21080478975215816,0.21073735798618845,2,1.0790648078649276,1.0609304287913994,1.0913884044198563,1.177678818921322,0.03168610958893758,1.574169884251969,0.7604029608452839,0.0,0.31655280000995845,0.06469712886514203,0.007773320202392615,False,0.06606907310108986,0.007846279161247412,False,0.08279064807864928,0.008714115559047346,False,0.309231665415687,0.014613147204725558,False,0.0,0.0,False
brfss2024,BRFSS 2024,True,m30,race,brfss2024|race,xgb_published,True,45,xgb_published|s45,35910,8978,0.21080478975215816,0.21073735798618845,8,1.1926943285997422,1.3195918097410597,1.1483513995159507,1.369632201442251,0.12214571165977794,2.308771929824562,0.7604029608452839,0.0,0.31655280000995845,0.12322442882279445,0.010260991356437136,False,0.11914611219330318,0.010135742931483154,False,0.15290064123914987,0.011224973531275044,False,0.4474827554274948,0.01553335523857478,False,0.0,0.0,False
brfss2024,BRFSS 2024,True,m30,income,brfss2024|income,xgb_published,True,45,xgb_published|s45,35910,8978,0.21080478975215816,0.21073735798618845,7,1.0865321316715228,1.1193702658402827,1.1258504258373825,1.223272663128383,0.05658103565203154,2.134070796460177,0.7604029608452839,0.0,0.31655280000995845,0.0655185344838675,0.007820784487591848,False,0.0671144984340132,0.007906432537343725,False,0.08286532131671523,0.00871769894693965,False,0.3105757837008741,0.014631262707886165,False,0.0,0.0,False
brfss2024,BRFSS 2024,True,m30,health_plan,brfss2024|health_plan,xgb_published,True,45,xgb_published|s45,35910,8978,0.21080478975215816,0.21073735798618845,2,1.0397448330412553,1.0278155266074165,1.137955074301207,1.1831829087377579,0.04801365854710726,1.5150312929379999,0.7604029608452839,0.0,0.31655280000995845,0.060371931634538085,0.007523392042399191,False,0.060564276625775744,0.007529535265452117,False,0.08239744833041256,0.008695246855163844,False,0.30215406994742594,0.01451775812737443,False,0.0,0.0,False
brfss2024,BRFSS 2024,True,ev10,age_group,brfss2024|age_group,xgb_published,True,45,xgb_published|s45,35910,8978,0.21080478975215816,0.21073735798618845,4,1.2119811594210186,1.174862594669349,0.8442644994262867,1.0232326668726768,0.08546734957334345,6.2188398444106205,0.7604029608452839,0.0,0.31655280000995845,0.13492299833733915,0.010750911313283202,False,0.12957997149005923,0.010577020026255976,False,0.16744480874371892,0.011745315309727418,False,0.475464468996068,0.01571425470160935,False,0.0,0.0,False
brfss2024,BRFSS 2024,True,ev10,sex,brfss2024|sex,xgb_published,True,45,xgb_published|s45,35910,8978,0.21080478975215816,0.21073735798618845,2,1.0790648078649276,1.0609304287913994,1.0913884044198563,1.177678818921322,0.03168610958893758,1.574169884251969,0.7604029608452839,0.0,0.31655280000995845,0.06469712886514203,0.007773320202392615,False,0.06606907310108986,0.007846279161247412,False,0.08279064807864928,0.008714115559047346,False,0.309231665415687,0.014613147204725558,False,0.0,0.0,False
brfss2024,BRFSS 2024,True,ev10,race,brfss2024|race,xgb_published,True,45,xgb_published|s45,35910,8978,0.21080478975215816,0.21073735798618845,8,1.1926943285997422,1.3195918097410597,1.1483513995159507,1.369632201442251,0.12214571165977794,2.308771929824562,0.7604029608452839,0.0,0.31655280000995845,0.12322442882279445,0.010260991356437136,False,0.11914611219330318,0.010135742931483154,False,0.15290064123914987,0.011224973531275044,False,0.4474827554274948,0.01553335523857478,False,0.0,0.0,False
brfss2024,BRFSS 2024,True,ev10,income,brfss2024|income,xgb_published,True,45,xgb_published|s45,35910,8978,0.21080478975215816,0.21073735798618845,7,1.0865321316715228,1.1193702658402827,1.1258504258373825,1.223272663128383,0.05658103565203154,2.134070796460177,0.7604029608452839,0.0,0.31655280000995845,0.0655185344838675,0.007820784487591848,False,0.0671144984340132,0.007906432537343725,False,0.08286532131671523,0.00871769894693965,False,0.3105757837008741,0.014631262707886165,False,0.0,0.0,False
brfss2024,BRFSS 2024,True,ev10,health_plan,brfss2024|health_plan,xgb_published,True,45,xgb_published|s45,35910,8978,0.21080478975215816,0.21073735798618845,2,1.0397448330412553,1.0278155266074165,1.137955074301207,1.1831829087377579,0.04801365854710726,1.5150312929379999,0.7604029608452839,0.0,0.31655280000995845,0.060371931634538085,0.007523392042399191,False,0.060564276625775744,0.007529535265452117,False,0.08239744833041256,0.008695246855163844,False,0.30215406994742594,0.01451775812737443,False,0.0,0.0,False
brfss2024,BRFSS 2024,True,m30,age_group,brfss2024|age_group,xgb_published,True,46,xgb_published|s46,35910,8978,0.21080478975215816,0.21073735798618845,6,1.194811289800723,1.9218760561176143,0.8464268877137148,1.0113204014312354,0.1598758970205898,8.722725786799012,0.7552131723274133,0.0,0.30389199999626726,0.12450848725617626,0.010314765952680556,False,0.12029135349875181,0.010184178389707067,False,0.1544970382103813,0.011282087287622087,False,0.4505540843830162,0.015553211126152742,False,0.0,0.0,False
brfss2024,BRFSS 2024,True,m30,sex,brfss2024|sex,xgb_published,True,46,xgb_published|s46,35910,8978,0.21080478975215816,0.21073735798618845,2,1.0452724774673867,1.067499160162807,1.1197943671515298,1.170490232406504,0.011240374600525627,1.5102841084703371,0.7552131723274133,0.0,0.30389199999626726,0.06097997252141254,0.007558527212416879,False,0.061338146845434136,0.0075740634635996385,False,0.08245272477467387,0.008697899437885926,False,0.3031490459441296,0.014531168026645686,False,0.0,0.0,False
brfss2024,BRFSS 2024,True,m30,race,brfss2024|race,xgb_published,True,46,xgb_published|s46,35910,8978,0.21080478975215816,0.21073735798618845,8,1.2765910335447395,1.6170368892339035,1.1093880369652143,1.4162348207115925,0.14276923076923076,2.9712423312883436,0.7552131723274133,0.0,0.30389199999626726,0.22579330253839724,0.013127879920787486,False,0.2236660198548181,0.01309728338369633,False,0.2724524058928712,0.013983611895400355,False,0.5724750958294494,0.01560610641102189,False,0.00026591033544739437,0.00026577734702423273,False
brfss2024,BRFSS 2024,True,m30,income,brfss2024|income,xgb_published,True,46,xgb_published|s46,35910,8978,0.21080478975215816,0.21073735798618845,7,1.08001581730354,1.1009946335057588,1.1210297796650008,1.2107298937065032,0.10541098321229248,2.1679716629381063,0.7552131723274133,0.0,0.30389199999626726,0.06480173990338939,0.007779365069923549,False,0.06620221442249558,0.007853940062249383,False,0.0828001581730354,0.008714571925450632,False,0.30940284711463717,0.014615454325045655,False,0.0,0.0,False
brfss2024,BRFSS 2024,True,m30,health_plan,brfss2024|health_plan,xgb_published,True,46,xgb_published|s46,35910,8978,0.21080478975215816,0.21073735798618845,2,1.0544977623630631,1.0449237093218242,1.1330137626756547,1.1947604774680325,0.02831660350620746,1.3161747440593594,0.7552131723274133,0.0,0.30389199999626726,0.06199475385993694,0.007617165563273691,False,0.06262968673082883,0.007648378177451358,False,0.08254497762363064,0.00870232642874027,False,0.30480959722535134,0.014553548290581413,False,0.0,0.0,False
brfss2024,BRFSS 2024,True,ev10,age_group,brfss2024|age_group,xgb_published,True,46,xgb_published|s46,35910,8978,0.21080478975215816,0.21073735798618845,4,1.194811289800723,1.1031846763707718,0.8464268877137148,1.0113204014312354,0.06201345653985413,4.283032756716967,0.7552131723274133,0.0,0.30389199999626726,0.12450848725617626,0.010314765952680556,False,0.12029135349875181,0.010184178389707067,False,0.1544970382103813,0.011282087287622087,False,0.4505540843830162,0.015553211126152742,False,0.0,0.0,False
brfss2024,BRFSS 2024,True,ev10,sex,brfss2024|sex,xgb_published,True,46,xgb_published|s46,35910,8978,0.21080478975215816,0.21073735798618845,2,1.0452724774673867,1.067499160162807,1.1197943671515298,1.170490232406504,0.011240374600525627,1.5102841084703371,0.7552131723274133,0.0,0.30389199999626726,0.06097997252141254,0.007558527212416879,False,0.061338146845434136,0.0075740634635996385,False,0.08245272477467387,0.008697899437885926,False,0.3031490459441296,0.014531168026645686,False,0.0,0.0,False
brfss2024,BRFSS 2024,True,ev10,race,brfss2024|race,xgb_published,True,46,xgb_published|s46,35910,8978,0.21080478975215816,0.21073735798618845,8,1.2765910335447395,1.6170368892339035,1.1093880369652143,1.4162348207115925,0.14276923076923076,2.9712423312883436,0.7552131723274133,0.0,0.30389199999626726,0.22579330253839724,0.013127879920787486,False,0.2236660198548181,0.01309728338369633,False,0.2724524058928712,0.013983611895400355,False,0.5724750958294494,0.01560610641102189,False,0.00026591033544739437,0.00026577734702423273,False
brfss2024,BRFSS 2024,True,ev10,income,brfss2024|income,xgb_published,True,46,xgb_published|s46,35910,8978,0.21080478975215816,0.21073735798618845,7,1.08001581730354,1.1009946335057588,1.1210297796650008,1.2107298937065032,0.10541098321229248,2.1679716629381063,0.7552131723274133,0.0,0.30389199999626726,0.06480173990338939,0.007779365069923549,False,0.06620221442249558,0.007853940062249383,False,0.0828001581730354,0.008714571925450632,False,0.30940284711463717,0.014615454325045655,False,0.0,0.0,False
brfss2024,BRFSS 2024,True,ev10,health_plan,brfss2024|health_plan,xgb_published,True,46,xgb_published|s46,35910,8978,0.21080478975215816,0.21073735798618845,2,1.0544977623630631,1.0449237093218242,1.1330137626756547,1.1947604774680325,0.02831660350620746,1.3161747440593594,0.7552131723274133,0.0,0.30389199999626726,0.06199475385993694,0.007617165563273691,False,0.06262968673082883,0.007648378177451358,False,0.08254497762363064,0.00870232642874027,False,0.30480959722535134,0.014553548290581413,False,0.0,0.0,False
brfss2024,BRFSS 2024,True,m30,age_group,brfss2024|age_group,xgb_published,True,47,xgb_published|s47,35910,8978,0.21080478975215816,0.21073735798618845,6,1.1676655803135985,1.7276064751000966,0.838207847884692,0.9787464531236914,0.3405249910104279,7.660377358490567,0.7623368802134334,0.0,0.29800650000106543,0.10804305691152691,0.009625216438624736,False,0.10560596967784834,0.009563092430638515,False,0.13402650318730375,0.010549719856042824,False,0.4111705550451387,0.01529859986754741,False,0.0,0.0,False
brfss2024,BRFSS 2024,True,m30,sex,brfss2024|sex,xgb_published,True,47,xgb_published|s47,35910,8978,0.21080478975215816,0.21073735798618845,2,1.0488668261858645,1.0848176621707173,1.0773599870514738,1.1300071502783233,0.017422009618418,1.4606842268988418,0.7623368802134334,0.0,0.29800650000106543,0.06137535088044509,0.007581373843565865,False,0.061841355666021024,0.00760301790777319,False,0.08248866826185865,0.008699624278807803,False,0.30379602871345557,0.014539887808625999,False,0.0,0.0,False
brfss2024,BRFSS 2024,True,m30,race,brfss2024|race,xgb_published,True,47,xgb_published|s47,35910,8978,0.21080478975215816,0.21073735798618845,8,1.1850789269254223,1.3917746357018157,1.1067190016634765,1.3115493668993274,0.1176965735789266,1.9445628997867805,0.7623368802134334,0.0,0.29800650000106543,0.11860525075804301,0.010067546549759384,False,0.11502630473014647,0.009961504750129647,False,0.14715787932081023,0.011019516673818012,False,0.436434180867211,0.01546192711819342,False,0.0,0.0,False
brfss2024,BRFSS 2024,True,m30,income,brfss2024|income,xgb_published,True,47,xgb_published|s47,35910,8978,0.21080478975215816,0.21073735798618845,7,1.1377100335138262,1.2531345250582049,1.0853410129188803,1.2348033601818693,0.07601124988103869,2.1775055895790807,0.7623368802134334,0.0,0.29800650000106543,0.08987329901658304,0.008864292037335589,False,0.08940050993370921,0.008877718208889626,False,0.11143707445304919,0.009741545478367884,False,0.36771045845858374,0.015017633938971535,False,0.0,0.0,False
brfss2024,BRFSS 2024,True,m30,health_plan,brfss2024|health_plan,xgb_published,True,47,xgb_published|s47,35910,8978,0.21080478975215816,0.21073735798618845,2,1.062852077201636,1.1458240440444833,1.152024226358145,1.2244313419713622,0.1026578005826857,1.3378817228805835,0.7623368802134334,0.0,0.29800650000106543,0.06291372849217997,0.007670267798078614,False,0.06379929080822905,0.007715676751281495,False,0.08262852077201636,0.008706335462152562,False,0.3063133738962945,0.014573815607331385,False,0.0,0.0,False
brfss2024,BRFSS 2024,True,ev10,age_group,brfss2024|age_group,xgb_published,True,47,xgb_published|s47,35910,8978,0.21080478975215816,0.21073735798618845,5,1.1676655803135985,1.4352538554377627,0.838207847884692,0.9787464531236914,0.18975621563276135,5.909433962264151,0.7623368802134334,0.0,0.29800650000106543,0.10804305691152691,0.009625216438624736,False,0.10560596967784834,0.009563092430638515,False,0.13402650318730375,0.010549719856042824,False,0.4111705550451387,0.01529859986754741,False,0.0,0.0,False
brfss2024,BRFSS 2024,True,ev10,sex,brfss2024|sex,xgb_published,True,47,xgb_published|s47,35910,8978,0.21080478975215816,0.21073735798618845,2,1.0488668261858645,1.0848176621707173,1.0773599870514738,1.1300071502783233,0.017422009618418,1.4606842268988418,0.7623368802134334,0.0,0.29800650000106543,0.06137535088044509,0.007581373843565865,False,0.061841355666021024,0.00760301790777319,False,0.08248866826185865,0.008699624278807803,False,0.30379602871345557,0.014539887808625999,False,0.0,0.0,False
brfss2024,BRFSS 2024,True,ev10,race,brfss2024|race,xgb_published,True,47,xgb_published|s47,35910,8978,0.21080478975215816,0.21073735798618845,8,1.1850789269254223,1.3917746357018157,1.1067190016634765,1.3115493668993274,0.1176965735789266,1.9445628997867805,0.7623368802134334,0.0,0.29800650000106543,0.11860525075804301,0.010067546549759384,False,0.11502630473014647,0.009961504750129647,False,0.14715787932081023,0.011019516673818012,False,0.436434180867211,0.01546192711819342,False,0.0,0.0,False
brfss2024,BRFSS 2024,True,ev10,income,brfss2024|income,xgb_published,True,47,xgb_published|s47,35910,8978,0.21080478975215816,0.21073735798618845,7,1.1377100335138262,1.2531345250582049,1.0853410129188803,1.2348033601818693,0.07601124988103869,2.1775055895790807,0.7623368802134334,0.0,0.29800650000106543,0.08987329901658304,0.008864292037335589,False,0.08940050993370921,0.008877718208889626,False,0.11143707445304919,0.009741545478367884,False,0.36771045845858374,0.015017633938971535,False,0.0,0.0,False
brfss2024,BRFSS 2024,True,ev10,health_plan,brfss2024|health_plan,xgb_published,True,47,xgb_published|s47,35910,8978,0.21080478975215816,0.21073735798618845,2,1.062852077201636,1.1458240440444833,1.152024226358145,1.2244313419713622,0.1026578005826857,1.3378817228805835,0.7623368802134334,0.0,0.29800650000106543,0.06291372849217997,0.007670267798078614,False,0.06379929080822905,0.007715676751281495,False,0.08262852077201636,0.008706335462152562,False,0.3063133738962945,0.014573815607331385,False,0.0,0.0,False
brfss2024,BRFSS 2024,True,m30,age_group,brfss2024|age_group,logreg_l2,False,42,logreg_l2|s42,35910,8978,0.21080478975215816,0.21073735798618845,6,1.3036677805260315,1.305680567023062,0.671892952288053,0.8759251938604489,0.20318035426731074,9.126277110593296,0.7532849217615774,0.0,0.03775180003140122,0.25205774711025053,0.013615394429700825,False,0.24776432466816797,0.013553642477310479,False,0.3014245251628536,0.01439281171537573,False,0.5933241910050442,0.015484381430630804,False,0.0005366778052603145,0.0005364093992393626,False
brfss2024,BRFSS 2024,True,m30,sex,brfss2024|sex,logreg_l2,False,42,logreg_l2|s42,35910,8978,0.21080478975215816,0.21073735798618845,2,1.102403215550374,1.1338816855636888,0.983436099485373,1.0841431183609926,0.032691879906432075,1.5380977848087043,0.7532849217615774,0.0,0.03775180003140122,0.06845768812071862,0.007967435788980645,False,0.07030010021577607,0.008069908455127606,False,0.08481226090683935,0.008788998498470584,False,0.316486632396854,0.01468647614170388,False,0.0,0.0,False
brfss2024,BRFSS 2024,True,m30,race,brfss2024|race,logreg_l2,False,42,logreg_l2|s42,35910,8978,0.21080478975215816,0.21073735798618845,8,1.371964881776833,1.5682006869944127,0.8498214406919842,1.165925172410396,0.30513085399449047,1.85480093676815,0.7532849217615774,0.0,0.03775180003140122,0.3207220723189796,0.014685453812579189,False,0.3127220723189796,0.01458443905570317,False,0.37977399512765114,0.015248551011819222,False,0.6619473226652495,0.014802715191951664,False,0.001,0.0009994998749374,False
brfss2024,BRFSS 2024,True,m30,income,brfss2024|income,logreg_l2,False,42,logreg_l2|s42,35910,8978,0.21080478975215816,0.21073735798618845,7,1.0742391670205644,1.113313004800601,1.0276821028578416,1.1039763661359496,0.07461133417092314,2.5324174127817227,0.7532849217615774,0.0,0.03775180003140122,0.06416630837226209,0.007742647152818465,False,0.06539348338287901,0.007807405985778533,False,0.08274239167020565,0.008711799850846903,False,0.30836305006370157,0.014601440345048358,False,0.0,0.0,False
brfss2024,BRFSS 2024,True,m30,health_plan,brfss2024|health_plan,logreg_l2,False,42,logreg_l2|s42,35910,8978,0.21080478975215816,0.21073735798618845,2,1.0255613900979874,1.1248935884549094,1.0910268016436435,1.1189149633278161,0.005350595864687335,1.4111329175180127,0.7532849217615774,0.0,0.03775180003140122,0.058811752910778614,0.007433238327574112,False,0.058578594613718234,0.007415279877604405,False,0.08225561390097988,0.008688440564311797,False,0.2996010502176377,0.014483349521008637,False,0.0,0.0,False
brfss2024,BRFSS 2024,True,ev10,age_group,brfss2024|age_group,logreg_l2,False,42,logreg_l2|s42,35910,8978,0.21080478975215816,0.21073735798618845,4,1.1020465151010728,1.1539523464697063,0.7948168991579403,0.8759251938604489,0.05742598496432816,5.173668730859001,0.7532849217615774,0.0,0.03775180003140122,0.06824132883179819,0.007958374960358875,False,0.07010713112025244,0.008061747252313602,False,0.08454327368277612,0.008779375033221983,False,0.3159691243679497,0.014683130495115245,False,0.0,0.0,False
brfss2024,BRFSS 2024,True,ev10,sex,brfss2024|sex,logreg_l2,False,42,logreg_l2|s42,35910,8978,0.21080478975215816,0.21073735798618845,2,1.102403215550374,1.1338816855636888,0.983436099485373,1.0841431183609926,0.032691879906432075,1.5380977848087043,0.7532849217615774,0.0,0.03775180003140122,0.06845768812071862,0.007967435788980645,False,0.07030010021577607,0.008069908455127606,False,0.08481226090683935,0.008788998498470584,False,0.316486632396854,0.01468647614170388,False,0.0,0.0,False
brfss2024,BRFSS 2024,True,ev10,race,brfss2024|race,logreg_l2,False,42,logreg_l2|s42,35910,8978,0.21080478975215816,0.21073735798618845,8,1.371964881776833,1.5682006869944127,0.8498214406919842,1.165925172410396,0.30513085399449047,1.85480093676815,0.7532849217615774,0.0,0.03775180003140122,0.3207220723189796,0.014685453812579189,False,0.3127220723189796,0.01458443905570317,False,0.37977399512765114,0.015248551011819222,False,0.6619473226652495,0.014802715191951664,False,0.001,0.0009994998749374,False
brfss2024,BRFSS 2024,True,ev10,income,brfss2024|income,logreg_l2,False,42,logreg_l2|s42,35910,8978,0.21080478975215816,0.21073735798618845,7,1.0742391670205644,1.113313004800601,1.0276821028578416,1.1039763661359496,0.07461133417092314,2.5324174127817227,0.7532849217615774,0.0,0.03775180003140122,0.06416630837226209,0.007742647152818465,False,0.06539348338287901,0.007807405985778533,False,0.08274239167020565,0.008711799850846903,False,0.30836305006370157,0.014601440345048358,False,0.0,0.0,False
brfss2024,BRFSS 2024,True,ev10,health_plan,brfss2024|health_plan,logreg_l2,False,42,logreg_l2|s42,35910,8978,0.21080478975215816,0.21073735798618845,2,1.0255613900979874,1.1248935884549094,1.0910268016436435,1.1189149633278161,0.005350595864687335,1.4111329175180127,0.7532849217615774,0.0,0.03775180003140122,0.058811752910778614,0.007433238327574112,False,0.058578594613718234,0.007415279877604405,False,0.08225561390097988,0.008688440564311797,False,0.2996010502176377,0.014483349521008637,False,0.0,0.0,False
brfss2024,BRFSS 2024,True,m30,age_group,brfss2024|age_group,logreg_l2,False,43,logreg_l2|s43,35910,8978,0.21080478975215816,0.21073735798618845,6,1.3563638424783893,1.6703719623876598,0.657425333585903,0.8917079516052123,0.14707001233519368,9.578141171600082,0.7647926650471795,0.0,0.033781099948100746,0.3038729498766603,0.014517934937135189,False,0.2958729498766603,0.014406941850431404,False,0.3593366336466898,0.01513807575110093,False,0.6385457637175838,0.015138941765106441,False,0.001,0.0009994998749374,False
brfss2024,BRFSS 2024,True,m30,sex,brfss2024|sex,logreg_l2,False,43,logreg_l2|s43,35910,8978,0.21080478975215816,0.21073735798618845,2,1.077628692554023,1.096122652874518,0.987641200022205,1.0643104950924152,0.015067074040087003,1.6171101877010179,0.7647926650471795,0.0,0.033781099948100746,0.06453915618094253,0.007764191873628358,False,0.06586801695756322,0.007834710467207625,False,0.08277628692554023,0.008713426402081566,False,0.30897316465972413,0.014609663232136782,False,0.0,0.0,False
brfss2024,BRFSS 2024,True,m30,race,brfss2024|race,logreg_l2,False,43,logreg_l2|s43,35910,8978,0.21080478975215816,0.21073735798618845,8,1.1824345943999335,1.2677708548230384,1.0121085850514175,1.1967522042539636,0.1354906682721252,2.7379679144385025,0.7647926650471795,0.0,0.033781099948100746,0.11700131135733668,0.01000037577977757,False,0.11359576418357056,0.009901003188972501,False,0.1451637924983105,0.010948174901710258,False,0.4325977312195756,0.015437124788646459,False,0.0,0.0,False
brfss2024,BRFSS 2024,True,m30,income,brfss2024|income,logreg_l2,False,43,logreg_l2|s43,35910,8978,0.21080478975215816,0.21073735798618845,7,1.0572677004566966,1.0531390590249368,1.0375327226496287,1.0969498358243486,0.11076907011265003,2.2227919227392445,0.7647926650471795,0.0,0.033781099948100746,0.06229944705023662,0.007634772022437055,False,0.06301747806393752,0.007670691543287011,False,0.08257267700456697,0.008703655654964315,False,0.3053081860822054,0.014560268077159514,False,0.0,0.0,False
brfss2024,BRFSS 2024,True,m30,health_plan,brfss2024|health_plan,logreg_l2,False,43,logreg_l2|s43,35910,8978,0.21080478975215816,0.21073735798618845,2,1.0630593830700552,1.0315300223426713,1.0265413302145256,1.0912743931937674,0.02362544891032714,2.254745026297736,0.7647926650471795,0.0,0.033781099948100746,0.06293653213770607,0.00767158548901006,False,0.06382831362980773,0.007717346713398174,False,0.08263059383070055,0.008706434943219425,False,0.3063506889526099,0.014574318525138597,False,0.0,0.0,False
brfss2024,BRFSS 2024,True,ev10,age_group,brfss2024|age_group,logreg_l2,False,43,logreg_l2|s43,35910,8978,0.21080478975215816,0.21073735798618845,4,1.0757232315610326,1.0994466875320918,0.8095065295938926,0.8708049799844987,0.04195109743366998,5.677085489546678,0.7647926650471795,0.0,0.033781099948100746,0.06432955547171358,0.007752080259568254,False,0.06560125241854456,0.007819360937079177,False,0.08275723231561033,0.00871251201748698,False,0.3086301816809858,0.014605040641027174,False,0.0,0.0,False
brfss2024,BRFSS 2024,True,ev10,sex,brfss2024|sex,logreg_l2,False,43,logreg_l2|s43,35910,8978,0.21080478975215816,0.21073735798618845,2,1.077628692554023,1.096122652874518,0.987641200022205,1.0643104950924152,0.015067074040087003,1.6171101877010179,0.7647926650471795,0.0,0.033781099948100746,0.06453915618094253,0.007764191873628358,False,0.06586801695756322,0.007834710467207625,False,0.08277628692554023,0.008713426402081566,False,0.30897316465972413,0.014609663232136782,False,0.0,0.0,False
brfss2024,BRFSS 2024,True,ev10,race,brfss2024|race,logreg_l2,False,43,logreg_l2|s43,35910,8978,0.21080478975215816,0.21073735798618845,7,1.1824345943999335,1.1859631973093256,1.0121085850514175,1.1967522042539636,0.05305043721963454,2.7379679144385025,0.7647926650471795,0.0,0.033781099948100746,0.11700131135733668,0.01000037577977757,False,0.11359576418357056,0.009901003188972501,False,0.1451637924983105,0.010948174901710258,False,0.4325977312195756,0.015437124788646459,False,0.0,0.0,False
brfss2024,BRFSS 2024,True,ev10,income,brfss2024|income,logreg_l2,False,43,logreg_l2|s43,35910,8978,0.21080478975215816,0.21073735798618845,7,1.0572677004566966,1.0531390590249368,1.0375327226496287,1.0969498358243486,0.11076907011265003,2.2227919227392445,0.7647926650471795,0.0,0.033781099948100746,0.06229944705023662,0.007634772022437055,False,0.06301747806393752,0.007670691543287011,False,0.08257267700456697,0.008703655654964315,False,0.3053081860822054,0.014560268077159514,False,0.0,0.0,False
brfss2024,BRFSS 2024,True,ev10,health_plan,brfss2024|health_plan,logreg_l2,False,43,logreg_l2|s43,35910,8978,0.21080478975215816,0.21073735798618845,2,1.0630593830700552,1.0315300223426713,1.0265413302145256,1.0912743931937674,0.02362544891032714,2.254745026297736,0.7647926650471795,0.0,0.033781099948100746,0.06293653213770607,0.00767158548901006,False,0.06382831362980773,0.007717346713398174,False,0.08263059383070055,0.008706434943219425,False,0.3063506889526099,0.014574318525138597,False,0.0,0.0,False
brfss2024,BRFSS 2024,True,m30,age_group,brfss2024|age_group,logreg_l2,False,44,logreg_l2|s44,35910,8978,0.21080478975215816,0.21073735798618845,5,1.1721396677085534,1.4357365528943056,0.7292221943818599,0.8547502606084554,0.26125159647694374,9.370963270963271,0.7538127916822558,0.0,0.02851509995525703,0.11075684762649957,0.009738866250964241,False,0.10802637761282395,0.009665458252462775,False,0.13740040515726976,0.010670426809591356,False,0.4176616490525733,0.015340564253237165,False,0.0,0.0,False
brfss2024,BRFSS 2024,True,m30,sex,brfss2024|sex,logreg_l2,False,44,logreg_l2|s44,35910,8978,0.21080478975215816,0.21073735798618845,2,1.0946724264928838,1.1040781220278493,0.9770278181014628,1.069525412392176,0.035190270018457315,1.5978420378595888,0.7538127916822558,0.0,0.02851509995525703,0.0664139669142172,0.007872526354559725,False,0.06825413970900372,0.007972007062917627,False,0.08294672426492884,0.008721605277327639,False,0.3120410367687191,0.014651010818505714,False,0.0,0.0,False
brfss2024,BRFSS 2024,True,m30,race,brfss2024|race,logreg_l2,False,44,logreg_l2|s44,35910,8978,0.21080478975215816,0.21073735798618845,8,1.2191322194909284,1.3869049092752637,1.0418431711968281,1.2701445776626563,0.11321909424724608,2.6187683284457477,0.7538127916822558,0.0,0.02851509995525703,0.1392605265764648,0.010932561013709308,False,0.13344857775738753,0.010740634206389429,False,0.17283741141938866,0.011938244637986565,False,0.4858393676220847,0.01578132756281512,False,0.0,0.0,False
brfss2024,BRFSS 2024,True,m30,income,brfss2024|income,logreg_l2,False,44,logreg_l2|s44,35910,8978,0.21080478975215816,0.21073735798618845,7,1.0445021340116956,1.0593845366191283,1.0394654560302579,1.0857238870550445,0.058305523690003636,1.982332707942464,0.7538127916822558,0.0,0.02851509995525703,0.06089523474128651,0.007553630705658997,False,0.061230298761637374,0.007567857925871035,False,0.08244502134011696,0.00869752976871347,False,0.3030103841221052,0.014529299196571116,False,0.0,0.0,False
brfss2024,BRFSS 2024,True,m30,health_plan,brfss2024|health_plan,logreg_l2,False,44,logreg_l2|s44,35910,8978,0.21080478975215816,0.21073735798618845,2,1.113410088642824,1.1389529660474205,0.9712489236996086,1.0813983502306286,0.00489317884588647,1.5273996110284864,0.7538127916822558,0.0,0.02851509995525703,0.07513398819318827,0.008247030028201869,False,0.07625463811824901,0.008321742518783691,False,0.09311252586180163,0.009085954280019041,False,0.3324556204080314,0.014789714327933901,False,0.0,0.0,False
brfss2024,BRFSS 2024,True,ev10,age_group,brfss2024|age_group,logreg_l2,False,44,logreg_l2|s44,35910,8978,0.21080478975215816,0.21073735798618845,4,1.0324889894721208,1.156921450808929,0.8278541169194089,0.8547502606084554,0.10265875253927204,4.543497343497344,0.7538127916822558,0.0,0.02851509995525703,0.05957378884193328,0.00747727198152514,False,0.0595484585260969,0.007471085478297492,False,0.08232488989472121,0.008691764951517035,False,0.30084801810498174,0.014500155668914891,False,0.0,0.0,False
brfss2024,BRFSS 2024,True,ev10,sex,brfss2024|sex,logreg_l2,False,44,logreg_l2|s44,35910,8978,0.21080478975215816,0.21073735798618845,2,1.0946724264928838,1.1040781220278493,0.9770278181014628,1.069525412392176,0.035190270018457315,1.5978420378595888,0.7538127916822558,0.0,0.02851509995525703,0.0664139669142172,0.007872526354559725,False,0.06825413970900372,0.007972007062917627,False,0.08294672426492884,0.008721605277327639,False,0.3120410367687191,0.014651010818505714,False,0.0,0.0,False
brfss2024,BRFSS 2024,True,ev10,race,brfss2024|race,logreg_l2,False,44,logreg_l2|s44,35910,8978,0.21080478975215816,0.21073735798618845,8,1.2191322194909284,1.3869049092752637,1.0418431711968281,1.2701445776626563,0.11321909424724608,2.6187683284457477,0.7538127916822558,0.0,0.02851509995525703,0.1392605265764648,0.010932561013709308,False,0.13344857775738753,0.010740634206389429,False,0.17283741141938866,0.011938244637986565,False,0.4858393676220847,0.01578132756281512,False,0.0,0.0,False
brfss2024,BRFSS 2024,True,ev10,income,brfss2024|income,logreg_l2,False,44,logreg_l2|s44,35910,8978,0.21080478975215816,0.21073735798618845,7,1.0445021340116956,1.0593845366191283,1.0394654560302579,1.0857238870550445,0.058305523690003636,1.982332707942464,0.7538127916822558,0.0,0.02851509995525703,0.06089523474128651,0.007553630705658997,False,0.061230298761637374,0.007567857925871035,False,0.08244502134011696,0.00869752976871347,False,0.3030103841221052,0.014529299196571116,False,0.0,0.0,False
brfss2024,BRFSS 2024,True,ev10,health_plan,brfss2024|health_plan,logreg_l2,False,44,logreg_l2|s44,35910,8978,0.21080478975215816,0.21073735798618845,2,1.113410088642824,1.1389529660474205,0.9712489236996086,1.0813983502306286,0.00489317884588647,1.5273996110284864,0.7538127916822558,0.0,0.02851509995525703,0.07513398819318827,0.008247030028201869,False,0.07625463811824901,0.008321742518783691,False,0.09311252586180163,0.009085954280019041,False,0.3324556204080314,0.014789714327933901,False,0.0,0.0,False
brfss2024,BRFSS 2024,True,m30,age_group,brfss2024|age_group,logreg_l2,False,45,logreg_l2|s45,35910,8978,0.21080478975215816,0.21073735798618845,5,1.4061582686978582,1.397128621238349,0.625310632908709,0.8792857169692723,0.09815183291295326,7.062404870624048,0.7598121746778778,0.0,0.03145339997718111,0.3576509301936867,0.015052611257352952,False,0.3496509301936867,0.014973466382739229,False,0.42456733199419405,0.015490683812248641,False,0.7132374030467872,0.014065794715752462,False,0.001,0.0009994998749374,False
brfss2024,BRFSS 2024,True,m30,sex,brfss2024|sex,logreg_l2,False,45,logreg_l2|s45,35910,8978,0.21080478975215816,0.21073735798618845,2,1.089419663590235,1.1061120884145363,0.9899794297198038,1.0785030572866012,0.0215338222094984,1.574169884251969,0.7598121746778778,0.0,0.03145339997718111,0.06583616299492584,0.007839138404210622,False,0.06751875290263287,0.007929693185735989,False,0.08289419663590235,0.008719084603593111,False,0.31109553944624224,0.014638267773550196,False,0.0,0.0,False
brfss2024,BRFSS 2024,True,m30,race,brfss2024|race,logreg_l2,False,45,logreg_l2|s45,35910,8978,0.21080478975215816,0.21073735798618845,8,1.1970066068731033,1.3150229417135655,1.0649575008883794,1.274761164602459,0.1148188028539413,2.308771929824562,0.7598121746778778,0.0,0.03145339997718111,0.12584007302139055,0.010370530928032418,False,0.12147898404610509,0.01023440660754037,False,0.15615252321578282,0.01134131501665101,False,0.45373909357819087,0.015573801947074245,False,0.0,0.0,False
brfss2024,BRFSS 2024,True,m30,income,brfss2024|income,logreg_l2,False,45,logreg_l2|s45,35910,8978,0.21080478975215816,0.21073735798618845,7,1.1406065482460395,1.1232545101056783,0.9674827155386891,1.1035171206582892,0.05722450155358094,2.134070796460177,0.7598121746778778,0.0,0.03145339997718111,0.09163020139513867,0.008937868685866383,False,0.09096747691998854,0.008943989625787614,False,0.11362133146422644,0.009819690905215861,False,0.37191277901269654,0.015044801593656983,False,0.0,0.0,False
brfss2024,BRFSS 2024,True,m30,health_plan,brfss2024|health_plan,logreg_l2,False,45,logreg_l2|s45,35910,8978,0.21080478975215816,0.21073735798618845,2,1.0948967497364896,1.0210927399054457,0.99621699880311,1.0907547540217655,0.05500530408530091,1.5150312929379999,0.7598121746778778,0.0,0.03145339997718111,0.06643864247101386,0.007873952212428901,False,0.06828554496310854,0.007973814109295856,False,0.0829489674973649,0.008721712924620822,False,0.31208141495256814,0.014651555019953754,False,0.0,0.0,False
brfss2024,BRFSS 2024,True,ev10,age_group,brfss2024|age_group,logreg_l2,False,45,logreg_l2|s45,35910,8978,0.21080478975215816,0.21073735798618845,4,1.1295446770857778,1.1120144548627227,0.7784426192311641,0.8792857169692723,0.06864204038694155,6.2188398444106205,0.7598121746778778,0.0,0.03145339997718111,0.08492054183891434,0.008656877397474217,False,0.08498318596443713,0.008690897222292963,False,0.10527959255648811,0.009521251324038435,False,0.35586399872280866,0.014941047556947053,False,0.0,0.0,False
brfss2024,BRFSS 2024,True,ev10,sex,brfss2024|sex,logreg_l2,False,45,logreg_l2|s45,35910,8978,0.21080478975215816,0.21073735798618845,2,1.089419663590235,1.1061120884145363,0.9899794297198038,1.0785030572866012,0.0215338222094984,1.574169884251969,0.7598121746778778,0.0,0.03145339997718111,0.06583616299492584,0.007839138404210622,False,0.06751875290263287,0.007929693185735989,False,0.08289419663590235,0.008719084603593111,False,0.31109553944624224,0.014638267773550196,False,0.0,0.0,False
brfss2024,BRFSS 2024,True,ev10,race,brfss2024|race,logreg_l2,False,45,logreg_l2|s45,35910,8978,0.21080478975215816,0.21073735798618845,8,1.1970066068731033,1.3150229417135655,1.0649575008883794,1.274761164602459,0.1148188028539413,2.308771929824562,0.7598121746778778,0.0,0.03145339997718111,0.12584007302139055,0.010370530928032418,False,0.12147898404610509,0.01023440660754037,False,0.15615252321578282,0.01134131501665101,False,0.45373909357819087,0.015573801947074245,False,0.0,0.0,False
brfss2024,BRFSS 2024,True,ev10,income,brfss2024|income,logreg_l2,False,45,logreg_l2|s45,35910,8978,0.21080478975215816,0.21073735798618845,7,1.1406065482460395,1.1232545101056783,0.9674827155386891,1.1035171206582892,0.05722450155358094,2.134070796460177,0.7598121746778778,0.0,0.03145339997718111,0.09163020139513867,0.008937868685866383,False,0.09096747691998854,0.008943989625787614,False,0.11362133146422644,0.009819690905215861,False,0.37191277901269654,0.015044801593656983,False,0.0,0.0,False
brfss2024,BRFSS 2024,True,ev10,health_plan,brfss2024|health_plan,logreg_l2,False,45,logreg_l2|s45,35910,8978,0.21080478975215816,0.21073735798618845,2,1.0948967497364896,1.0210927399054457,0.99621699880311,1.0907547540217655,0.05500530408530091,1.5150312929379999,0.7598121746778778,0.0,0.03145339997718111,0.06643864247101386,0.007873952212428901,False,0.06828554496310854,0.007973814109295856,False,0.0829489674973649,0.008721712924620822,False,0.31208141495256814,0.014651555019953754,False,0.0,0.0,False
brfss2024,BRFSS 2024,True,m30,age_group,brfss2024|age_group,logreg_l2,False,46,logreg_l2|s46,35910,8978,0.21080478975215816,0.21073735798618845,6,1.322621019293134,1.7039268909518903,0.6576487845383455,0.8698201057429973,0.12887871935545325,8.722725786799012,0.754868568818365,0.0,0.028688899998087436,0.27044238871433995,0.013956645869404616,False,0.2646327071708892,0.013873085683349358,False,0.3217044906436533,0.014679244273053622,False,0.6079181848557131,0.015399176120743796,False,0.0007262101929313397,0.000725846997013139,False
brfss2024,BRFSS 2024,True,m30,sex,brfss2024|sex,logreg_l2,False,46,logreg_l2|s46,35910,8978,0.21080478975215816,0.21073735798618845,2,1.0697032366016312,1.1104844269218026,0.9984466134936701,1.0680415740281168,0.006359944520082927,1.5102841084703371,0.754868568818365,0.0,0.028688899998087436,0.06366735602617943,0.0077138155793358785,False,0.06475845312422837,0.007770866586188575,False,0.08269703236601632,0.008709623167665012,False,0.3075465825882936,0.014590436314157412,False,0.0,0.0,False
brfss2024,BRFSS 2024,True,m30,race,brfss2024|race,logreg_l2,False,46,logreg_l2|s46,35910,8978,0.21080478975215816,0.21073735798618845,8,1.1751178713467105,1.4566934168620715,1.0245021605175446,1.203910798057483,0.12538461538461543,2.9712423312883436,0.754868568818365,0.0,0.028688899998087436,0.1125632990135785,0.009814517943635033,False,0.1096375369580565,0.009733598687833736,False,0.13964626363850302,0.010750776131469707,False,0.42198248547842426,0.015368498103227487,False,0.0,0.0,False
brfss2024,BRFSS 2024,True,m30,income,brfss2024|income,logreg_l2,False,46,logreg_l2|s46,35910,8978,0.21080478975215816,0.21073735798618845,7,1.1196906255486088,1.0993160231310235,1.0056046517773065,1.1259661016031233,0.11009314959776562,2.1679716629381063,0.754868568818365,0.0,0.028688899998087436,0.07894349418522167,0.008406566885157021,False,0.07965230562465717,0.008465439381429515,False,0.0978486684464918,0.009255397656874232,False,0.34156754690248964,0.014848622178806524,False,0.0,0.0,False
brfss2024,BRFSS 2024,True,m30,health_plan,brfss2024|health_plan,logreg_l2,False,46,logreg_l2|s46,35910,8978,0.21080478975215816,0.21073735798618845,2,1.0009268579191688,1.090008850379651,1.0886989898158839,1.0897080590961858,0.03336455672133498,1.3161747440593594,0.754868568818365,0.0,0.028688899998087436,0.05610195437110857,0.007276654725286447,False,0.05512976010868363,0.007216835251726469,False,0.08200926857919169,0.008676619048782473,False,0.2951668344254504,0.014423586886214184,False,0.0,0.0,False
brfss2024,BRFSS 2024,True,ev10,age_group,brfss2024|age_group,logreg_l2,False,46,logreg_l2|s46,35910,8978,0.21080478975215816,0.21073735798618845,4,1.0885231725341404,1.1351077942076173,0.7990827643273861,0.8698201057429973,0.06845174249513364,4.283032756716967,0.754868568818365,0.0,0.028688899998087436,0.06573754897875544,0.007833440069938918,False,0.06739324415477965,0.007922471460113671,False,0.0828852317253414,0.00871865439924157,False,0.3109341710561453,0.0146360929131878,False,0.0,0.0,False
brfss2024,BRFSS 2024,True,ev10,sex,brfss2024|sex,logreg_l2,False,46,logreg_l2|s46,35910,8978,0.21080478975215816,0.21073735798618845,2,1.0697032366016312,1.1104844269218026,0.9984466134936701,1.0680415740281168,0.006359944520082927,1.5102841084703371,0.754868568818365,0.0,0.028688899998087436,0.06366735602617943,0.0077138155793358785,False,0.06475845312422837,0.007770866586188575,False,0.08269703236601632,0.008709623167665012,False,0.3075465825882936,0.014590436314157412,False,0.0,0.0,False
brfss2024,BRFSS 2024,True,ev10,race,brfss2024|race,logreg_l2,False,46,logreg_l2|s46,35910,8978,0.21080478975215816,0.21073735798618845,8,1.1751178713467105,1.4566934168620715,1.0245021605175446,1.203910798057483,0.12538461538461543,2.9712423312883436,0.754868568818365,0.0,0.028688899998087436,0.1125632990135785,0.009814517943635033,False,0.1096375369580565,0.009733598687833736,False,0.13964626363850302,0.010750776131469707,False,0.42198248547842426,0.015368498103227487,False,0.0,0.0,False
brfss2024,BRFSS 2024,True,ev10,income,brfss2024|income,logreg_l2,False,46,logreg_l2|s46,35910,8978,0.21080478975215816,0.21073735798618845,7,1.1196906255486088,1.0993160231310235,1.0056046517773065,1.1259661016031233,0.11009314959776562,2.1679716629381063,0.754868568818365,0.0,0.028688899998087436,0.07894349418522167,0.008406566885157021,False,0.07965230562465717,0.008465439381429515,False,0.0978486684464918,0.009255397656874232,False,0.34156754690248964,0.014848622178806524,False,0.0,0.0,False
brfss2024,BRFSS 2024,True,ev10,health_plan,brfss2024|health_plan,logreg_l2,False,46,logreg_l2|s46,35910,8978,0.21080478975215816,0.21073735798618845,2,1.0009268579191688,1.090008850379651,1.0886989898158839,1.0897080590961858,0.03336455672133498,1.3161747440593594,0.754868568818365,0.0,0.028688899998087436,0.05610195437110857,0.007276654725286447,False,0.05512976010868363,0.007216835251726469,False,0.08200926857919169,0.008676619048782473,False,0.2951668344254504,0.014423586886214184,False,0.0,0.0,False
brfss2024,BRFSS 2024,True,m30,age_group,brfss2024|age_group,logreg_l2,False,47,logreg_l2|s47,35910,8978,0.21080478975215816,0.21073735798618845,6,1.1850178162125973,1.3601421905576807,0.7347529341672111,0.8706953175026267,0.3863358504135205,7.660377358490567,0.7609087149779901,0.0,0.024107600038405508,0.11856818360436228,0.01006599422848548,False,0.11499324483632312,0.009960106554746237,False,0.14711179583245038,0.011017867960388185,False,0.43634552024286655,0.015461353934592748,False,0.0,0.0,False
brfss2024,BRFSS 2024,True,m30,sex,brfss2024|sex,logreg_l2,False,47,logreg_l2|s47,35910,8978,0.21080478975215816,0.21073735798618845,2,1.0818163387443285,1.0890496122051418,0.9641951453110633,1.0430820619354704,0.014414017790401301,1.4606842268988418,0.7609087149779901,0.0,0.024107600038405508,0.06499979726187613,0.0077908096604336645,False,0.06645428742420598,0.007868444246908092,False,0.08281816338744329,0.008715435952094964,False,0.3097269409739791,0.01461982233595507,False,0.0,0.0,False
brfss2024,BRFSS 2024,True,m30,race,brfss2024|race,logreg_l2,False,47,logreg_l2|s47,35910,8978,0.21080478975215816,0.21073735798618845,8,1.215302010363693,1.2866402456538641,0.9693506273326936,1.1780537661447295,0.15501832045949693,1.9445628997867805,0.7609087149779901,0.0,0.024107600038405508,0.13693728497469898,0.010835266859593715,False,0.13137649740986668,0.010653000132564594,False,0.1699490569955717,0.011834908955334565,False,0.48028242487191514,0.0157454023877126,False,0.0,0.0,False
brfss2024,BRFSS 2024,True,m30,income,brfss2024|income,logreg_l2,False,47,logreg_l2|s47,35910,8978,0.21080478975215816,0.21073735798618845,7,1.0500922234254526,1.0635533424419388,1.0188052403875039,1.0698394601160166,0.08206664553025833,2.1775055895790807,0.7609087149779901,0.0,0.024107600038405508,0.061510144576799784,0.007589162792534543,False,0.06201291127956336,0.007612889152536303,False,0.08250092223425452,0.008700212317273165,False,0.30401660021658145,0.01454286058550587,False,0.0,0.0,False
brfss2024,BRFSS 2024,True,m30,health_plan,brfss2024|health_plan,logreg_l2,False,47,logreg_l2|s47,35910,8978,0.21080478975215816,0.21073735798618845,2,1.005854217107397,1.030585041074892,1.061484642264739,1.0676988038167246,0.1024943672127333,1.3378817228805835,0.7609087149779901,0.0,0.024107600038405508,0.05664396388181367,0.007307974323558395,False,0.055819590395035576,0.0072565278240707045,False,0.08205854217107397,0.008678983569153283,False,0.29605375907933146,0.014435540511536948,False,0.0,0.0,False
brfss2024,BRFSS 2024,True,ev10,age_group,brfss2024|age_group,logreg_l2,False,47,logreg_l2|s47,35910,8978,0.21080478975215816,0.21073735798618845,5,1.1740104721836462,1.3601421905576807,0.7416418661778572,0.8706953175026267,0.1894694019011558,5.909433962264151,0.7609087149779901,0.0,0.024107600038405508,0.11189159788188374,0.009786388026635846,False,0.10903845216492333,0.009708261716199608,False,0.13881117574504465,0.010720899473386,False,0.42037584898774893,0.015358111331247183,False,0.0,0.0,False
brfss2024,BRFSS 2024,True,ev10,sex,brfss2024|sex,logreg_l2,False,47,logreg_l2|s47,35910,8978,0.21080478975215816,0.21073735798618845,2,1.0818163387443285,1.0890496122051418,0.9641951453110633,1.0430820619354704,0.014414017790401301,1.4606842268988418,0.7609087149779901,0.0,0.024107600038405508,0.06499979726187613,0.0077908096604336645,False,0.06645428742420598,0.007868444246908092,False,0.08281816338744329,0.008715435952094964,False,0.3097269409739791,0.01461982233595507,False,0.0,0.0,False
brfss2024,BRFSS 2024,True,ev10,race,brfss2024|race,logreg_l2,False,47,logreg_l2|s47,35910,8978,0.21080478975215816,0.21073735798618845,8,1.215302010363693,1.2866402456538641,0.9693506273326936,1.1780537661447295,0.15501832045949693,1.9445628997867805,0.7609087149779901,0.0,0.024107600038405508,0.13693728497469898,0.010835266859593715,False,0.13137649740986668,0.010653000132564594,False,0.1699490569955717,0.011834908955334565,False,0.48028242487191514,0.0157454023877126,False,0.0,0.0,False
brfss2024,BRFSS 2024,True,ev10,income,brfss2024|income,logreg_l2,False,47,logreg_l2|s47,35910,8978,0.21080478975215816,0.21073735798618845,7,1.0500922234254526,1.0635533424419388,1.0188052403875039,1.0698394601160166,0.08206664553025833,2.1775055895790807,0.7609087149779901,0.0,0.024107600038405508,0.061510144576799784,0.007589162792534543,False,0.06201291127956336,0.007612889152536303,False,0.08250092223425452,0.008700212317273165,False,0.30401660021658145,0.01454286058550587,False,0.0,0.0,False
brfss2024,BRFSS 2024,True,ev10,health_plan,brfss2024|health_plan,logreg_l2,False,47,logreg_l2|s47,35910,8978,0.21080478975215816,0.21073735798618845,2,1.005854217107397,1.030585041074892,1.061484642264739,1.0676988038167246,0.1024943672127333,1.3378817228805835,0.7609087149779901,0.0,0.024107600038405508,0.05664396388181367,0.007307974323558395,False,0.055819590395035576,0.0072565278240707045,False,0.08205854217107397,0.008678983569153283,False,0.29605375907933146,0.014435540511536948,False,0.0,0.0,False
brfss2024,BRFSS 2024,True,m30,age_group,brfss2024|age_group,random_forest,False,42,random_forest|s42,35910,8978,0.21080478975215816,0.21073735798618845,6,1.6355102531330834,1.4984191944872185,0.8071378262962075,1.320082190598997,0.09792680108420715,9.126277110593296,0.7489383675878172,0.0,1.927183200023137,0.6565347484881661,0.01481390833117119,False,0.6528490387805872,0.014816459116136951,False,0.7168000480704217,0.014059010765945509,False,0.9045183915456545,0.00909075445713942,False,0.011971435438631668,0.0032473508698064118,False
brfss2024,BRFSS 2024,True,m30,sex,brfss2024|sex,random_forest,False,42,random_forest|s42,35910,8978,0.21080478975215816,0.21073735798618845,2,1.1941302875903244,1.128226085580616,1.066380166690288,1.2733968551304915,0.0326344500763035,1.5380977848087043,0.7489383675878172,0.0,1.927183200023137,0.12409542034167215,0.010297467279994397,False,0.11992294246689679,0.010168597256667465,False,0.15398349555991672,0.011263714445314685,False,0.449566072979405,0.015546823714175727,False,0.0,0.0,False
brfss2024,BRFSS 2024,True,m30,race,brfss2024|race,random_forest,False,42,random_forest|s42,35910,8978,0.21080478975215816,0.21073735798618845,8,1.6500036684477803,1.8566951309079298,0.8481381987665858,1.3994311393155592,0.28544536271808985,1.85480093676815,0.7489383675878172,0.0,1.927183200023137,0.672670750871862,0.01458595721808394,False,0.6703377599269882,0.014568489957480123,False,0.7310035950788247,0.013786490926210022,False,0.9116684764342383,0.008714936926039646,False,0.014000513582689241,0.0034966782633211227,False
brfss2024,BRFSS 2024,True,m30,income,brfss2024|income,random_forest,False,42,random_forest|s42,35910,8978,0.21080478975215816,0.21073735798618845,7,1.3252488164976162,1.3037406216841485,1.0370979309690433,1.3744128056088512,0.06612990802814811,2.5324174127817227,0.7489383675878172,0.0,1.927183200023137,0.2729913520026876,0.014003959132868359,False,0.2669714466828783,0.013917375315012566,False,0.3245162336524492,0.014718957099108717,False,0.6099415887031644,0.01538736271629723,False,0.000752488164976161,0.0007521118267855465,False
brfss2024,BRFSS 2024,True,m30,health_plan,brfss2024|health_plan,random_forest,False,42,random_forest|s42,35910,8978,0.21080478975215816,0.21073735798618845,2,1.1648758090586795,1.0332870771791085,1.048669212372364,1.2215693971971857,0.006884270862190456,1.4111329175180127,0.7489383675878172,0.0,1.927183200023137,0.10635090057657606,0.009554351265103716,False,0.10409674916289217,0.009499263273538568,False,0.13192274125736483,0.010474454274584077,False,0.40712310002775626,0.015272433405743463,False,0.0,0.0,False
brfss2024,BRFSS 2024,True,ev10,age_group,brfss2024|age_group,random_forest,False,42,random_forest|s42,35910,8978,0.21080478975215816,0.21073735798618845,4,1.6355102531330834,1.4984191944872185,0.8071378262962075,1.320082190598997,0.058287151843232854,5.173668730859001,0.7489383675878172,0.0,1.927183200023137,0.6565347484881661,0.01481390833117119,False,0.6528490387805872,0.014816459116136951,False,0.7168000480704217,0.014059010765945509,False,0.9045183915456545,0.00909075445713942,False,0.011971435438631668,0.0032473508698064118,False
brfss2024,BRFSS 2024,True,ev10,sex,brfss2024|sex,random_forest,False,42,random_forest|s42,35910,8978,0.21080478975215816,0.21073735798618845,2,1.1941302875903244,1.128226085580616,1.066380166690288,1.2733968551304915,0.0326344500763035,1.5380977848087043,0.7489383675878172,0.0,1.927183200023137,0.12409542034167215,0.010297467279994397,False,0.11992294246689679,0.010168597256667465,False,0.15398349555991672,0.011263714445314685,False,0.449566072979405,0.015546823714175727,False,0.0,0.0,False
brfss2024,BRFSS 2024,True,ev10,race,brfss2024|race,random_forest,False,42,random_forest|s42,35910,8978,0.21080478975215816,0.21073735798618845,8,1.6500036684477803,1.8566951309079298,0.8481381987665858,1.3994311393155592,0.28544536271808985,1.85480093676815,0.7489383675878172,0.0,1.927183200023137,0.672670750871862,0.01458595721808394,False,0.6703377599269882,0.014568489957480123,False,0.7310035950788247,0.013786490926210022,False,0.9116684764342383,0.008714936926039646,False,0.014000513582689241,0.0034966782633211227,False
brfss2024,BRFSS 2024,True,ev10,income,brfss2024|income,random_forest,False,42,random_forest|s42,35910,8978,0.21080478975215816,0.21073735798618845,7,1.3252488164976162,1.3037406216841485,1.0370979309690433,1.3744128056088512,0.06612990802814811,2.5324174127817227,0.7489383675878172,0.0,1.927183200023137,0.2729913520026876,0.014003959132868359,False,0.2669714466828783,0.013917375315012566,False,0.3245162336524492,0.014718957099108717,False,0.6099415887031644,0.01538736271629723,False,0.000752488164976161,0.0007521118267855465,False
brfss2024,BRFSS 2024,True,ev10,health_plan,brfss2024|health_plan,random_forest,False,42,random_forest|s42,35910,8978,0.21080478975215816,0.21073735798618845,2,1.1648758090586795,1.0332870771791085,1.048669212372364,1.2215693971971857,0.006884270862190456,1.4111329175180127,0.7489383675878172,0.0,1.927183200023137,0.10635090057657606,0.009554351265103716,False,0.10409674916289217,0.009499263273538568,False,0.13192274125736483,0.010474454274584077,False,0.40712310002775626,0.015272433405743463,False,0.0,0.0,False
brfss2024,BRFSS 2024,True,m30,age_group,brfss2024|age_group,random_forest,False,43,random_forest|s43,35910,8978,0.21080478975215816,0.21073735798618845,6,1.5241532010249876,1.62548082392711,0.8341872287149287,1.271429134900022,0.17463851047742995,9.578141171600082,0.7584023584604486,0.0,1.8556193999829702,0.5138483533939834,0.015696699410342983,False,0.5060898854042333,0.015700325648786765,False,0.5841576293222343,0.015481840068224785,False,0.8422503886047428,0.011469526753377876,False,0.007,0.0026364749192814,False
brfss2024,BRFSS 2024,True,m30,sex,brfss2024|sex,random_forest,False,43,random_forest|s43,35910,8978,0.21080478975215816,0.21073735798618845,2,1.1414112349006287,1.1792946631224945,1.0645780572602237,1.2151213549855042,0.009101094199398085,1.6171101877010179,0.7584023584604486,0.0,1.8556193999829702,0.09211829002169278,0.008958309164384816,False,0.0914027992085368,0.008962400623033873,False,0.11422814435129372,0.009841400645339882,False,0.37308023424107595,0.015052349095114076,False,0.0,0.0,False
brfss2024,BRFSS 2024,True,m30,race,brfss2024|race,random_forest,False,43,random_forest|s43,35910,8978,0.21080478975215816,0.21073735798618845,8,1.1724975968958664,1.4273331895412693,1.1186553956943708,1.3116207632062442,0.08747680890538034,2.7379679144385025,0.7584023584604486,0.0,1.8556193999829702,0.11097395221552551,0.009747958291726526,False,0.10822001143546871,0.009673647568446075,False,0.13767031897065335,0.010680083425113748,False,0.418180939758757,0.015343921424686914,False,0.0,0.0,False
brfss2024,BRFSS 2024,True,m30,income,brfss2024|income,random_forest,False,43,random_forest|s43,35910,8978,0.21080478975215816,0.21073735798618845,7,1.316905342702824,1.4770903880473716,1.0241149776402876,1.348662485596478,0.09928686209325699,2.2227919227392445,0.7584023584604486,0.0,1.8556193999829702,0.26489818242173935,0.013853735602231177,False,0.2595457550055134,0.013776752065801147,False,0.3155887166920217,0.014592865586817485,False,0.6035171138811746,0.015424871253964858,False,0.0006690534270282405,0.0006687188166411652,False
brfss2024,BRFSS 2024,True,m30,health_plan,brfss2024|health_plan,random_forest,False,43,random_forest|s43,35910,8978,0.21080478975215816,0.21073735798618845,2,1.1538148887826518,1.0220817453146567,1.0332800590184628,1.1922139163777195,0.046172824198694395,2.254745026297736,0.7584023584604486,0.0,1.8556193999829702,0.09964181778619861,0.009273384130869755,False,0.0981129726201231,0.009246192625999374,False,0.12358171940986856,0.010176040347429232,False,0.391075699299421,0.015168688287784827,False,0.0,0.0,False
brfss2024,BRFSS 2024,True,ev10,age_group,brfss2024|age_group,random_forest,False,43,random_forest|s43,35910,8978,0.21080478975215816,0.21073735798618845,4,1.5241532010249876,1.62548082392711,0.8341872287149287,1.271429134900022,0.053524377715218674,5.677085489546678,0.7584023584604486,0.0,1.8556193999829702,0.5138483533939834,0.015696699410342983,False,0.5060898854042333,0.015700325648786765,False,0.5841576293222343,0.015481840068224785,False,0.8422503886047428,0.011469526753377876,False,0.007,0.0026364749192814,False
brfss2024,BRFSS 2024,True,ev10,sex,brfss2024|sex,random_forest,False,43,random_forest|s43,35910,8978,0.21080478975215816,0.21073735798618845,2,1.1414112349006287,1.1792946631224945,1.0645780572602237,1.2151213549855042,0.009101094199398085,1.6171101877010179,0.7584023584604486,0.0,1.8556193999829702,0.09211829002169278,0.008958309164384816,False,0.0914027992085368,0.008962400623033873,False,0.11422814435129372,0.009841400645339882,False,0.37308023424107595,0.015052349095114076,False,0.0,0.0,False
brfss2024,BRFSS 2024,True,ev10,race,brfss2024|race,random_forest,False,43,random_forest|s43,35910,8978,0.21080478975215816,0.21073735798618845,7,1.1724975968958664,1.4273331895412693,1.1186553956943708,1.3116207632062442,0.05216057881685676,2.7379679144385025,0.7584023584604486,0.0,1.8556193999829702,0.11097395221552551,0.009747958291726526,False,0.10822001143546871,0.009673647568446075,False,0.13767031897065335,0.010680083425113748,False,0.418180939758757,0.015343921424686914,False,0.0,0.0,False
brfss2024,BRFSS 2024,True,ev10,income,brfss2024|income,random_forest,False,43,random_forest|s43,35910,8978,0.21080478975215816,0.21073735798618845,7,1.316905342702824,1.4770903880473716,1.0241149776402876,1.348662485596478,0.09928686209325699,2.2227919227392445,0.7584023584604486,0.0,1.8556193999829702,0.26489818242173935,0.013853735602231177,False,0.2595457550055134,0.013776752065801147,False,0.3155887166920217,0.014592865586817485,False,0.6035171138811746,0.015424871253964858,False,0.0006690534270282405,0.0006687188166411652,False
brfss2024,BRFSS 2024,True,ev10,health_plan,brfss2024|health_plan,random_forest,False,43,random_forest|s43,35910,8978,0.21080478975215816,0.21073735798618845,2,1.1538148887826518,1.0220817453146567,1.0332800590184628,1.1922139163777195,0.046172824198694395,2.254745026297736,0.7584023584604486,0.0,1.8556193999829702,0.09964181778619861,0.009273384130869755,False,0.0981129726201231,0.009246192625999374,False,0.12358171940986856,0.010176040347429232,False,0.391075699299421,0.015168688287784827,False,0.0,0.0,False
brfss2024,BRFSS 2024,True,m30,age_group,brfss2024|age_group,random_forest,False,44,random_forest|s44,35910,8978,0.21080478975215816,0.21073735798618845,5,1.761160958057393,1.663127312552418,0.8210682500235551,1.4460333458419914,0.26140025011446844,9.370963270963271,0.7475528675487323,0.0,1.8681130000040866,0.7903989492862387,0.012836257702878556,False,0.7968781045768937,0.012692253476287123,False,0.8336131959970557,0.01175362445318643,False,0.9618184702575421,0.006054663222916757,False,0.031422693804267196,0.005444655574670887,False
brfss2024,BRFSS 2024,True,m30,sex,brfss2024|sex,random_forest,False,44,random_forest|s44,35910,8978,0.21080478975215816,0.21073735798618845,2,1.16622102882825,1.1165129306792028,1.0729756556104633,1.2513267729937005,0.04743026012345386,1.5978420378595888,0.7475528675487323,0.0,1.8681130000040866,0.10716685355156144,0.009588522250350779,False,0.10482449100544669,0.009530041511666325,False,0.13293716928031962,0.010510747124031142,False,0.4090747713327888,0.01528505079925066,False,0.0,0.0,False
brfss2024,BRFSS 2024,True,m30,race,brfss2024|race,random_forest,False,44,random_forest|s44,35910,8978,0.21080478975215816,0.21073735798618845,8,1.2669000177214582,1.7652673477119218,1.127964525204574,1.429018276970851,0.11699602532212017,2.6187683284457477,0.7475528675487323,0.0,1.8681130000040866,0.21639301718981446,0.012953394011412087,False,0.2150410157720978,0.012933948282904175,False,0.2620830189619603,0.01383715553071943,False,0.5650130136455228,0.015649672896754965,False,0.00016900017721458203,0.00016891565599037314,False
brfss2024,BRFSS 2024,True,m30,income,brfss2024|income,random_forest,False,44,random_forest|s44,35910,8978,0.21080478975215816,0.21073735798618845,7,1.4690093487664302,1.569277841199477,1.025890440975194,1.5070426486026758,0.03603336460911466,1.982332707942464,0.7475528675487323,0.0,1.8681130000040866,0.43389421012497387,0.01562852876918544,False,0.42589421012497386,0.015592424727340761,False,0.5089932752483308,0.015771168980824524,False,0.7976291617911015,0.012669609915124598,False,0.0032811218519716197,0.0016218564657349516,False
brfss2024,BRFSS 2024,True,m30,health_plan,brfss2024|health_plan,random_forest,False,44,random_forest|s44,35910,8978,0.21080478975215816,0.21073735798618845,2,1.239395726616186,1.1989843161177332,0.9803770459446434,1.215075121216391,0.02040738652182228,1.5273996110284864,0.7475528675487323,0.0,1.8681130000040866,0.17765528108410605,0.012026600830280013,False,0.17538293678757447,0.011951174311810241,False,0.21786804058988674,0.01298861848150258,False,0.5285191089358403,0.015756922064384452,False,0.0,0.0,False
brfss2024,BRFSS 2024,True,ev10,age_group,brfss2024|age_group,random_forest,False,44,random_forest|s44,35910,8978,0.21080478975215816,0.21073735798618845,4,1.761160958057393,1.663127312552418,0.8210682500235551,1.4460333458419914,0.07895721422315671,4.543497343497344,0.7475528675487323,0.0,1.8681130000040866,0.7903989492862387,0.012836257702878556,False,0.7968781045768937,0.012692253476287123,False,0.8336131959970557,0.01175362445318643,False,0.9618184702575421,0.006054663222916757,False,0.031422693804267196,0.005444655574670887,False
brfss2024,BRFSS 2024,True,ev10,sex,brfss2024|sex,random_forest,False,44,random_forest|s44,35910,8978,0.21080478975215816,0.21073735798618845,2,1.16622102882825,1.1165129306792028,1.0729756556104633,1.2513267729937005,0.04743026012345386,1.5978420378595888,0.7475528675487323,0.0,1.8681130000040866,0.10716685355156144,0.009588522250350779,False,0.10482449100544669,0.009530041511666325,False,0.13293716928031962,0.010510747124031142,False,0.4090747713327888,0.01528505079925066,False,0.0,0.0,False
brfss2024,BRFSS 2024,True,ev10,race,brfss2024|race,random_forest,False,44,random_forest|s44,35910,8978,0.21080478975215816,0.21073735798618845,8,1.2669000177214582,1.7652673477119218,1.127964525204574,1.429018276970851,0.11699602532212017,2.6187683284457477,0.7475528675487323,0.0,1.8681130000040866,0.21639301718981446,0.012953394011412087,False,0.2150410157720978,0.012933948282904175,False,0.2620830189619603,0.01383715553071943,False,0.5650130136455228,0.015649672896754965,False,0.00016900017721458203,0.00016891565599037314,False
brfss2024,BRFSS 2024,True,ev10,income,brfss2024|income,random_forest,False,44,random_forest|s44,35910,8978,0.21080478975215816,0.21073735798618845,7,1.4690093487664302,1.569277841199477,1.025890440975194,1.5070426486026758,0.03603336460911466,1.982332707942464,0.7475528675487323,0.0,1.8681130000040866,0.43389421012497387,0.01562852876918544,False,0.42589421012497386,0.015592424727340761,False,0.5089932752483308,0.015771168980824524,False,0.7976291617911015,0.012669609915124598,False,0.0032811218519716197,0.0016218564657349516,False
brfss2024,BRFSS 2024,True,ev10,health_plan,brfss2024|health_plan,random_forest,False,44,random_forest|s44,35910,8978,0.21080478975215816,0.21073735798618845,2,1.239395726616186,1.1989843161177332,0.9803770459446434,1.215075121216391,0.02040738652182228,1.5273996110284864,0.7475528675487323,0.0,1.8681130000040866,0.17765528108410605,0.012026600830280013,False,0.17538293678757447,0.011951174311810241,False,0.21786804058988674,0.01298861848150258,False,0.5285191089358403,0.015756922064384452,False,0.0,0.0,False
brfss2024,BRFSS 2024,True,m30,age_group,brfss2024|age_group,random_forest,False,45,random_forest|s45,35910,8978,0.21080478975215816,0.21073735798618845,5,1.5916518843124048,1.5679176486317934,0.8128008146535596,1.2936959482139958,0.1735266427339598,7.062404870624048,0.7531485348532885,0.0,1.838452199997846,0.6056465626648704,0.015408103387769219,False,0.5985630815079944,0.015454420382273855,False,0.6712309307630021,0.014809824146862063,False,0.8820746117443188,0.010172017008049103,False,0.007,0.0026364749192814,False
brfss2024,BRFSS 2024,True,m30,sex,brfss2024|sex,random_forest,False,45,random_forest|s45,35910,8978,0.21080478975215816,0.21073735798618845,2,1.197125355151821,1.1292998608356712,1.048447365996378,1.2551229253764054,0.029761780629242618,1.574169884251969,0.7531485348532885,0.0,1.838452199997846,0.12591210066585867,0.010373547346443718,False,0.12154322491819827,0.010237123533712814,False,0.15624207109809457,0.011344518741052842,False,0.45391137591698627,0.015574915738140044,False,0.0,0.0,False
brfss2024,BRFSS 2024,True,m30,race,brfss2024|race,random_forest,False,45,random_forest|s45,35910,8978,0.21080478975215816,0.21073735798618845,8,1.219533023092037,1.4117257254732787,1.1622508423671145,1.4174032833832337,0.11583040205301987,2.308771929824562,0.7531485348532885,0.0,1.838452199997846,0.13950363695746504,0.010942742141172832,False,0.1336654059350364,0.010749804476524039,False,0.1731396567579295,0.011949057967586618,False,0.4864208613712339,0.015785086871791008,False,0.0,0.0,False
brfss2024,BRFSS 2024,True,m30,income,brfss2024|income,random_forest,False,45,random_forest|s45,35910,8978,0.21080478975215816,0.21073735798618845,7,1.2195365372464877,1.4247431582410364,1.0720463440518995,1.3073996861928103,0.04892766548924521,2.134070796460177,0.7531485348532885,0.0,1.838452199997846,0.13950576849377122,0.010942831406973566,False,0.13366730703498517,0.010749884879358542,False,0.17314230677603992,0.01194915277639132,False,0.486425959775642,0.01578511983255367,False,0.0,0.0,False
brfss2024,BRFSS 2024,True,m30,health_plan,brfss2024|health_plan,random_forest,False,45,random_forest|s45,35910,8978,0.21080478975215816,0.21073735798618845,2,1.2460716656354696,1.1143411510188552,0.9666087411944885,1.2044637641580207,0.048069587781214174,1.5150312929379999,0.7531485348532885,0.0,1.838452199997846,0.19172243830331087,0.012418502979788535,False,0.19088065236805435,0.012390561359106258,False,0.23431946174454998,0.013362027026881136,False,0.5433015453356826,0.015737233321488242,False,0.0,0.0,False
brfss2024,BRFSS 2024,True,ev10,age_group,brfss2024|age_group,random_forest,False,45,random_forest|s45,35910,8978,0.21080478975215816,0.21073735798618845,4,1.5916518843124048,1.5679176486317934,0.8128008146535596,1.2936959482139958,0.07936246449250195,6.2188398444106205,0.7531485348532885,0.0,1.838452199997846,0.6056465626648704,0.015408103387769219,False,0.5985630815079944,0.015454420382273855,False,0.6712309307630021,0.014809824146862063,False,0.8820746117443188,0.010172017008049103,False,0.007,0.0026364749192814,False
brfss2024,BRFSS 2024,True,ev10,sex,brfss2024|sex,random_forest,False,45,random_forest|s45,35910,8978,0.21080478975215816,0.21073735798618845,2,1.197125355151821,1.1292998608356712,1.048447365996378,1.2551229253764054,0.029761780629242618,1.574169884251969,0.7531485348532885,0.0,1.838452199997846,0.12591210066585867,0.010373547346443718,False,0.12154322491819827,0.010237123533712814,False,0.15624207109809457,0.011344518741052842,False,0.45391137591698627,0.015574915738140044,False,0.0,0.0,False
brfss2024,BRFSS 2024,True,ev10,race,brfss2024|race,random_forest,False,45,random_forest|s45,35910,8978,0.21080478975215816,0.21073735798618845,8,1.219533023092037,1.4117257254732787,1.1622508423671145,1.4174032833832337,0.11583040205301987,2.308771929824562,0.7531485348532885,0.0,1.838452199997846,0.13950363695746504,0.010942742141172832,False,0.1336654059350364,0.010749804476524039,False,0.1731396567579295,0.011949057967586618,False,0.4864208613712339,0.015785086871791008,False,0.0,0.0,False
brfss2024,BRFSS 2024,True,ev10,income,brfss2024|income,random_forest,False,45,random_forest|s45,35910,8978,0.21080478975215816,0.21073735798618845,7,1.2195365372464877,1.4247431582410364,1.0720463440518995,1.3073996861928103,0.04892766548924521,2.134070796460177,0.7531485348532885,0.0,1.838452199997846,0.13950576849377122,0.010942831406973566,False,0.13366730703498517,0.010749884879358542,False,0.17314230677603992,0.01194915277639132,False,0.486425959775642,0.01578511983255367,False,0.0,0.0,False
brfss2024,BRFSS 2024,True,ev10,health_plan,brfss2024|health_plan,random_forest,False,45,random_forest|s45,35910,8978,0.21080478975215816,0.21073735798618845,2,1.2460716656354696,1.1143411510188552,0.9666087411944885,1.2044637641580207,0.048069587781214174,1.5150312929379999,0.7531485348532885,0.0,1.838452199997846,0.19172243830331087,0.012418502979788535,False,0.19088065236805435,0.012390561359106258,False,0.23431946174454998,0.013362027026881136,False,0.5433015453356826,0.015737233321488242,False,0.0,0.0,False
brfss2024,BRFSS 2024,True,m30,age_group,brfss2024|age_group,random_forest,False,46,random_forest|s46,35910,8978,0.21080478975215816,0.21073735798618845,6,1.5488598330423353,1.4384133584748275,0.8364431519867918,1.295533200735667,0.1987012987012987,8.722725786799012,0.7481707670008874,0.0,1.8890133000095375,0.5474493729375761,0.015591064227786328,False,0.5399379712679995,0.015610316619944052,False,0.6160291846246126,0.015235861194707963,False,0.8568273014949779,0.010994597550977621,False,0.007,0.0026364749192814,False
brfss2024,BRFSS 2024,True,m30,sex,brfss2024|sex,random_forest,False,46,random_forest|s46,35910,8978,0.21080478975215816,0.21073735798618845,2,1.1584495416717437,1.194902722782613,1.065787446190609,1.2346609785590092,0.006182658362170801,1.5102841084703371,0.7481707670008874,0.0,1.8890133000095375,0.10245300068613963,0.009391112593594464,False,0.10062024385520563,0.009352232139755196,False,0.12707670355574116,0.010301079217172372,False,0.39779974488441505,0.015212158686149262,False,0.0,0.0,False
brfss2024,BRFSS 2024,True,m30,race,brfss2024|race,random_forest,False,46,random_forest|s46,35910,8978,0.21080478975215816,0.21073735798618845,8,1.3776986175403572,1.683133976852408,1.0801542437495122,1.488127008344053,0.20707692307692316,2.9712423312883436,0.7481707670008874,0.0,1.8890133000095375,0.3269145069435856,0.014747020798523157,False,0.3189145069435856,0.014649673304160823,False,0.38728518897786773,0.015289153175639697,False,0.6705479263105356,0.014679144300918974,False,0.001,0.0009994998749374,False
brfss2024,BRFSS 2024,True,m30,income,brfss2024|income,random_forest,False,46,random_forest|s46,35910,8978,0.21080478975215816,0.21073735798618845,7,1.2600760685695311,1.2642562751422775,1.0333113673447942,1.302050925372035,0.09361918195992347,2.1679716629381063,0.7481707670008874,0.0,1.8890133000095375,0.20977378651244522,0.012830529391746,False,0.20896770102688272,0.012818935528528837,False,0.2547813933693983,0.013734027973837543,False,0.559758572798539,0.01568035032921323,False,0.0001007606856953113,0.0001007102927510703,False
brfss2024,BRFSS 2024,True,m30,health_plan,brfss2024|health_plan,random_forest,False,46,random_forest|s46,35910,8978,0.21080478975215816,0.21073735798618845,2,1.2431000719284169,1.0972756033076725,0.9691070537428306,1.2046970482140489,0.05377825294848104,1.3161747440593594,0.7481707670008874,0.0,1.8890133000095375,0.18546086584916416,0.012244059510802967,False,0.1839823098338249,0.012194981414332375,False,0.22699660582359873,0.013195815430220135,False,0.5367215878414946,0.015745997173932245,False,0.0,0.0,False
brfss2024,BRFSS 2024,True,ev10,age_group,brfss2024|age_group,random_forest,False,46,random_forest|s46,35910,8978,0.21080478975215816,0.21073735798618845,4,1.5488598330423353,1.4384133584748275,0.8364431519867918,1.295533200735667,0.06801722056483461,4.283032756716967,0.7481707670008874,0.0,1.8890133000095375,0.5474493729375761,0.015591064227786328,False,0.5399379712679995,0.015610316619944052,False,0.6160291846246126,0.015235861194707963,False,0.8568273014949779,0.010994597550977621,False,0.007,0.0026364749192814,False
brfss2024,BRFSS 2024,True,ev10,sex,brfss2024|sex,random_forest,False,46,random_forest|s46,35910,8978,0.21080478975215816,0.21073735798618845,2,1.1584495416717437,1.194902722782613,1.065787446190609,1.2346609785590092,0.006182658362170801,1.5102841084703371,0.7481707670008874,0.0,1.8890133000095375,0.10245300068613963,0.009391112593594464,False,0.10062024385520563,0.009352232139755196,False,0.12707670355574116,0.010301079217172372,False,0.39779974488441505,0.015212158686149262,False,0.0,0.0,False
brfss2024,BRFSS 2024,True,ev10,race,brfss2024|race,random_forest,False,46,random_forest|s46,35910,8978,0.21080478975215816,0.21073735798618845,8,1.3776986175403572,1.683133976852408,1.0801542437495122,1.488127008344053,0.20707692307692316,2.9712423312883436,0.7481707670008874,0.0,1.8890133000095375,0.3269145069435856,0.014747020798523157,False,0.3189145069435856,0.014649673304160823,False,0.38728518897786773,0.015289153175639697,False,0.6705479263105356,0.014679144300918974,False,0.001,0.0009994998749374,False
brfss2024,BRFSS 2024,True,ev10,income,brfss2024|income,random_forest,False,46,random_forest|s46,35910,8978,0.21080478975215816,0.21073735798618845,7,1.2600760685695311,1.2642562751422775,1.0333113673447942,1.302050925372035,0.09361918195992347,2.1679716629381063,0.7481707670008874,0.0,1.8890133000095375,0.20977378651244522,0.012830529391746,False,0.20896770102688272,0.012818935528528837,False,0.2547813933693983,0.013734027973837543,False,0.559758572798539,0.01568035032921323,False,0.0001007606856953113,0.0001007102927510703,False
brfss2024,BRFSS 2024,True,ev10,health_plan,brfss2024|health_plan,random_forest,False,46,random_forest|s46,35910,8978,0.21080478975215816,0.21073735798618845,2,1.2431000719284169,1.0972756033076725,0.9691070537428306,1.2046970482140489,0.05377825294848104,1.3161747440593594,0.7481707670008874,0.0,1.8890133000095375,0.18546086584916416,0.012244059510802967,False,0.1839823098338249,0.012194981414332375,False,0.22699660582359873,0.013195815430220135,False,0.5367215878414946,0.015745997173932245,False,0.0,0.0,False
brfss2024,BRFSS 2024,True,m30,age_group,brfss2024|age_group,random_forest,False,47,random_forest|s47,35910,8978,0.21080478975215816,0.21073735798618845,6,1.6176840193322,1.5587502394601944,0.821752771650785,1.3293363265414173,0.15460965881901467,7.660377358490567,0.7566583812645487,0.0,1.7922985999612138,0.6366882081898492,0.01509427770918414,False,0.6313387166608545,0.015121449768902041,False,0.699330338945556,0.014394197626531628,False,0.8957241162038853,0.009552992723993046,False,0.009475762706507984,0.0029406896506767063,False
brfss2024,BRFSS 2024,True,m30,sex,brfss2024|sex,random_forest,False,47,random_forest|s47,35910,8978,0.21080478975215816,0.21073735798618845,2,1.1495594011879668,1.2195762440124995,1.0495705753528612,1.2065437221071451,0.015525977596879348,1.4606842268988418,0.7566583812645487,0.0,1.7922985999612138,0.09706062039270118,0.009165287143963688,False,0.09581082359349025,0.009148828304197328,False,0.1203726631909258,0.010061231024751,False,0.384901754182542,0.01512877424343185,False,0.0,0.0,False
brfss2024,BRFSS 2024,True,m30,race,brfss2024|race,random_forest,False,47,random_forest|s47,35910,8978,0.21080478975215816,0.21073735798618845,8,1.2442744653504756,1.3130184766186368,1.1465640248980051,1.4266403390700548,0.15931372549019607,1.9445628997867805,0.7566583812645487,0.0,1.7922985999612138,0.18793548055993073,0.012313000719694187,False,0.18670858027788978,0.012272275897788818,False,0.22989064675652915,0.013261503348903393,False,0.5393220304189102,0.015742533641674217,False,0.0,0.0,False
brfss2024,BRFSS 2024,True,m30,income,brfss2024|income,random_forest,False,47,random_forest|s47,35910,8978,0.21080478975215816,0.21073735798618845,7,1.366887086164035,1.5941736774509694,1.0236861282434975,1.399263348981297,0.07402721407537582,2.1775055895790807,0.7566583812645487,0.0,1.7922985999612138,0.3152380530571577,0.014630930098195926,False,0.3072380530571577,0.014526667614136273,False,0.3731220828748857,0.015212593741058803,False,0.6543306292460523,0.01491214955625339,False,0.001,0.0009994998749374,False
brfss2024,BRFSS 2024,True,m30,health_plan,brfss2024|health_plan,random_forest,False,47,random_forest|s47,35910,8978,0.21080478975215816,0.21073735798618845,2,1.1192425144678437,1.0388926965133751,1.0525868753327705,1.1780999810433008,0.09153076389887282,1.3378817228805835,0.7566583812645487,0.0,1.7922985999612138,0.07867168910344616,0.008395184063200164,False,0.07940988487604658,0.008455186729882566,False,0.09751074861509522,0.009243308012967973,False,0.3409174185312158,0.014844419152677379,False,0.0,0.0,False
brfss2024,BRFSS 2024,True,ev10,age_group,brfss2024|age_group,random_forest,False,47,random_forest|s47,35910,8978,0.21080478975215816,0.21073735798618845,5,1.6176840193322,1.5587502394601944,0.821752771650785,1.3293363265414173,0.15460965881901467,5.909433962264151,0.7566583812645487,0.0,1.7922985999612138,0.6366882081898492,0.01509427770918414,False,0.6313387166608545,0.015121449768902041,False,0.699330338945556,0.014394197626531628,False,0.8957241162038853,0.009552992723993046,False,0.009475762706507984,0.0029406896506767063,False
brfss2024,BRFSS 2024,True,ev10,sex,brfss2024|sex,random_forest,False,47,random_forest|s47,35910,8978,0.21080478975215816,0.21073735798618845,2,1.1495594011879668,1.2195762440124995,1.0495705753528612,1.2065437221071451,0.015525977596879348,1.4606842268988418,0.7566583812645487,0.0,1.7922985999612138,0.09706062039270118,0.009165287143963688,False,0.09581082359349025,0.009148828304197328,False,0.1203726631909258,0.010061231024751,False,0.384901754182542,0.01512877424343185,False,0.0,0.0,False
brfss2024,BRFSS 2024,True,ev10,race,brfss2024|race,random_forest,False,47,random_forest|s47,35910,8978,0.21080478975215816,0.21073735798618845,8,1.2442744653504756,1.3130184766186368,1.1465640248980051,1.4266403390700548,0.15931372549019607,1.9445628997867805,0.7566583812645487,0.0,1.7922985999612138,0.18793548055993073,0.012313000719694187,False,0.18670858027788978,0.012272275897788818,False,0.22989064675652915,0.013261503348903393,False,0.5393220304189102,0.015742533641674217,False,0.0,0.0,False
brfss2024,BRFSS 2024,True,ev10,income,brfss2024|income,random_forest,False,47,random_forest|s47,35910,8978,0.21080478975215816,0.21073735798618845,7,1.366887086164035,1.5941736774509694,1.0236861282434975,1.399263348981297,0.07402721407537582,2.1775055895790807,0.7566583812645487,0.0,1.7922985999612138,0.3152380530571577,0.014630930098195926,False,0.3072380530571577,0.014526667614136273,False,0.3731220828748857,0.015212593741058803,False,0.6543306292460523,0.01491214955625339,False,0.001,0.0009994998749374,False
brfss2024,BRFSS 2024,True,ev10,health_plan,brfss2024|health_plan,random_forest,False,47,random_forest|s47,35910,8978,0.21080478975215816,0.21073735798618845,2,1.1192425144678437,1.0388926965133751,1.0525868753327705,1.1780999810433008,0.09153076389887282,1.3378817228805835,0.7566583812645487,0.0,1.7922985999612138,0.07867168910344616,0.008395184063200164,False,0.07940988487604658,0.008455186729882566,False,0.09751074861509522,0.009243308012967973,False,0.3409174185312158,0.014844419152677379,False,0.0,0.0,False
brfss2024,BRFSS 2024,True,m30,age_group,brfss2024|age_group,hgb_deep,False,42,hgb_deep|s42,35910,8978,0.21080478975215816,0.21073735798618845,6,1.9223056350479828,1.759063973835705,1.008131902496519,1.937937637040702,0.09240255008109555,9.126277110593296,0.7326723360656962,0.0,1.248309699993115,0.8807067048230318,0.01019795367931855,False,0.8800375357715923,0.010229814887412345,False,0.9014836484725519,0.009357729384851944,False,0.9755689016076773,0.004821273661153089,False,0.08314531036967297,0.008681751955736314,False
brfss2024,BRFSS 2024,True,m30,sex,brfss2024|sex,hgb_deep,False,42,hgb_deep|s42,35910,8978,0.21080478975215816,0.21073735798618845,2,1.0901979584996078,1.0677042535656358,1.4982516325812447,1.6333908711587775,0.034053577104265265,1.5380977848087043,0.7326723360656962,0.0,1.248309699993115,0.06592177543495685,0.00784408545251124,False,0.06762771418994508,0.007935962776771536,False,0.08290197958499608,0.008719458088475664,False,0.31123563252992936,0.014640155893612457,False,0.0,0.0,False
brfss2024,BRFSS 2024,True,m30,race,brfss2024|race,hgb_deep,False,42,hgb_deep|s42,35910,8978,0.21080478975215816,0.21073735798618845,8,1.4020608528271354,1.5467570140300682,1.3788919609926933,1.9332904387858967,0.22935032139577594,1.85480093676815,0.7326723360656962,0.0,1.248309699993115,0.35322572105330613,0.015008614541124031,False,0.3452257210533061,0.014926848984245655,False,0.4191997172035472,0.015461668880747603,False,0.7070912792407029,0.014154100377359284,False,0.001,0.0009994998749374,False
brfss2024,BRFSS 2024,True,m30,income,brfss2024|income,hgb_deep,False,42,hgb_deep|s42,35910,8978,0.21080478975215816,0.21073735798618845,7,1.2277700960762523,1.3802374591749165,1.48227342434345,1.8198909846174334,0.06146494245350553,2.5324174127817227,0.7326723360656962,0.0,1.248309699993115,0.15315841673210312,0.011344133602099614,False,0.14839486589130008,0.011186015813336725,False,0.18921916533076466,0.012338356432001275,False,0.5027766413117016,0.01579120848462375,False,0.0,0.0,False
brfss2024,BRFSS 2024,True,m30,health_plan,brfss2024|health_plan,hgb_deep,False,42,hgb_deep|s42,35910,8978,0.21080478975215816,0.21073735798618845,2,1.052453364628977,1.1871045621615377,1.5339432005825993,1.6144036826028985,0.028790144479122093,1.4111329175180127,0.7326723360656962,0.0,1.248309699993115,0.061769870109187476,0.007604170830538836,False,0.06234347104805679,0.007631909435908329,False,0.08252453364628977,0.008701345371767637,False,0.3044416056332159,0.014548588643112976,False,0.0,0.0,False
brfss2024,BRFSS 2024,True,ev10,age_group,brfss2024|age_group,hgb_deep,False,42,hgb_deep|s42,35910,8978,0.21080478975215816,0.21073735798618845,4,1.6668299081837437,1.6746650985531601,1.008131902496519,1.6803844064753755,0.040548791724248745,5.173668730859001,0.7326723360656962,0.0,1.248309699993115,0.6914039644445679,0.014321315655442986,False,0.6906414225417172,0.014280608293973667,False,0.7474933100200687,0.013470106964484611,False,0.9199694213706469,0.008278628731045038,False,0.016356187145724108,0.00378613677982187,False
brfss2024,BRFSS 2024,True,ev10,sex,brfss2024|sex,hgb_deep,False,42,hgb_deep|s42,35910,8978,0.21080478975215816,0.21073735798618845,2,1.0901979584996078,1.0677042535656358,1.4982516325812447,1.6333908711587775,0.034053577104265265,1.5380977848087043,0.7326723360656962,0.0,1.248309699993115,0.06592177543495685,0.00784408545251124,False,0.06762771418994508,0.007935962776771536,False,0.08290197958499608,0.008719458088475664,False,0.31123563252992936,0.014640155893612457,False,0.0,0.0,False
brfss2024,BRFSS 2024,True,ev10,race,brfss2024|race,hgb_deep,False,42,hgb_deep|s42,35910,8978,0.21080478975215816,0.21073735798618845,8,1.4020608528271354,1.5467570140300682,1.3788919609926933,1.9332904387858967,0.22935032139577594,1.85480093676815,0.7326723360656962,0.0,1.248309699993115,0.35322572105330613,0.015008614541124031,False,0.3452257210533061,0.014926848984245655,False,0.4191997172035472,0.015461668880747603,False,0.7070912792407029,0.014154100377359284,False,0.001,0.0009994998749374,False
brfss2024,BRFSS 2024,True,ev10,income,brfss2024|income,hgb_deep,False,42,hgb_deep|s42,35910,8978,0.21080478975215816,0.21073735798618845,7,1.2277700960762523,1.3802374591749165,1.48227342434345,1.8198909846174334,0.06146494245350553,2.5324174127817227,0.7326723360656962,0.0,1.248309699993115,0.15315841673210312,0.011344133602099614,False,0.14839486589130008,0.011186015813336725,False,0.18921916533076466,0.012338356432001275,False,0.5027766413117016,0.01579120848462375,False,0.0,0.0,False
brfss2024,BRFSS 2024,True,ev10,health_plan,brfss2024|health_plan,hgb_deep,False,42,hgb_deep|s42,35910,8978,0.21080478975215816,0.21073735798618845,2,1.052453364628977,1.1871045621615377,1.5339432005825993,1.6144036826028985,0.028790144479122093,1.4111329175180127,0.7326723360656962,0.0,1.248309699993115,0.061769870109187476,0.007604170830538836,False,0.06234347104805679,0.007631909435908329,False,0.08252453364628977,0.008701345371767637,False,0.3044416056332159,0.014548588643112976,False,0.0,0.0,False
brfss2024,BRFSS 2024,True,m30,age_group,brfss2024|age_group,hgb_deep,False,43,hgb_deep|s43,35910,8978,0.21080478975215816,0.21073735798618845,6,1.8393306953972868,1.6199636926318666,1.0141805675521156,1.8654134485740477,0.16862535612535612,9.578141171600082,0.7468206969762607,0.0,1.3948004000121728,0.8352162653611112,0.011596811028655625,False,0.8380474995759044,0.01153388466324059,False,0.8659233540975452,0.010684595137546951,False,0.9675509176624677,0.005582979812536537,False,0.0553947465885013,0.007039853322674218,False
brfss2024,BRFSS 2024,True,m30,sex,brfss2024|sex,hgb_deep,False,43,hgb_deep|s43,35910,8978,0.21080478975215816,0.21073735798618845,2,1.1288067432021196,1.1956358961305957,1.4132581320554423,1.5952953093494149,0.008073144803730004,1.6171101877010179,0.7468206969762607,0.0,1.3948004000121728,0.08447294259800693,0.008638132558584552,False,0.08458397583065484,0.008674013509083022,False,0.10472311782454916,0.00950134251512311,False,0.3547933897276652,0.014934126158374845,False,0.0,0.0,False
brfss2024,BRFSS 2024,True,m30,race,brfss2024|race,hgb_deep,False,43,hgb_deep|s43,35910,8978,0.21080478975215816,0.21073735798618845,8,1.2605794956941117,1.5806810479687,1.4368309155330385,1.8112395909003465,0.14925788497217074,2.7379679144385025,0.7468206969762607,0.0,1.3948004000121728,0.2102621108232883,0.012839593553980226,False,0.20941575116775937,0.012827420430590118,False,0.25532006039269944,0.013741636062390108,False,0.560146211684466,0.01567808714534885,False,0.00010579495694111642,0.00010574204623165347,False
brfss2024,BRFSS 2024,True,m30,income,brfss2024|income,hgb_deep,False,43,hgb_deep|s43,35910,8978,0.21080478975215816,0.21073735798618845,7,1.1871705733859088,1.3187818597445404,1.4735455641343493,1.7493499322836379,0.11677708366894934,2.2227919227392445,0.7468206969762607,0.0,1.3948004000121728,0.11987395434882991,0.01012067810637201,False,0.11615785117598346,0.010009361014433948,False,0.1487351864877345,0.011075947460670902,False,0.43946878269922834,0.015481545567956704,False,0.0,0.0,False
brfss2024,BRFSS 2024,True,m30,health_plan,brfss2024|health_plan,hgb_deep,False,43,hgb_deep|s43,35910,8978,0.21080478975215816,0.21073735798618845,2,1.0628261447544731,1.1649503100850378,1.5575209031149782,1.6553739368321976,0.09689279170338627,2.254745026297736,0.7468206969762607,0.0,1.3948004000121728,0.06291087592299204,0.007670102964585392,False,0.06379566026562623,0.007715467851240772,False,0.08262826144754473,0.008706323017799058,False,0.3063087060558051,0.014573752695993841,False,0.0,0.0,False
brfss2024,BRFSS 2024,True,ev10,age_group,brfss2024|age_group,hgb_deep,False,43,hgb_deep|s43,35910,8978,0.21080478975215816,0.21073735798618845,4,1.6269149041565478,1.6199636926318666,1.0141805675521156,1.6499854808564833,0.03388743850994225,5.677085489546678,0.7468206969762607,0.0,1.3948004000121728,0.6469652599609566,0.014949095195276837,False,0.6424773176822343,0.014963517722255277,False,0.7083766060734168,0.01422062920264212,False,0.9002780193838968,0.009313633796561019,False,0.010768086581916686,0.003099486759785649,False
brfss2024,BRFSS 2024,True,ev10,sex,brfss2024|sex,hgb_deep,False,43,hgb_deep|s43,35910,8978,0.21080478975215816,0.21073735798618845,2,1.1288067432021196,1.1956358961305957,1.4132581320554423,1.5952953093494149,0.008073144803730004,1.6171101877010179,0.7468206969762607,0.0,1.3948004000121728,0.08447294259800693,0.008638132558584552,False,0.08458397583065484,0.008674013509083022,False,0.10472311782454916,0.00950134251512311,False,0.3547933897276652,0.014934126158374845,False,0.0,0.0,False
brfss2024,BRFSS 2024,True,ev10,race,brfss2024|race,hgb_deep,False,43,hgb_deep|s43,35910,8978,0.21080478975215816,0.21073735798618845,7,1.2605794956941117,1.5795960724077467,1.4368309155330385,1.8112395909003465,0.03867439037333997,2.7379679144385025,0.7468206969762607,0.0,1.3948004000121728,0.2102621108232883,0.012839593553980226,False,0.20941575116775937,0.012827420430590118,False,0.25532006039269944,0.013741636062390108,False,0.560146211684466,0.01567808714534885,False,0.00010579495694111642,0.00010574204623165347,False
brfss2024,BRFSS 2024,True,ev10,income,brfss2024|income,hgb_deep,False,43,hgb_deep|s43,35910,8978,0.21080478975215816,0.21073735798618845,7,1.1871705733859088,1.3187818597445404,1.4735455641343493,1.7493499322836379,0.11677708366894934,2.2227919227392445,0.7468206969762607,0.0,1.3948004000121728,0.11987395434882991,0.01012067810637201,False,0.11615785117598346,0.010009361014433948,False,0.1487351864877345,0.011075947460670902,False,0.43946878269922834,0.015481545567956704,False,0.0,0.0,False
brfss2024,BRFSS 2024,True,ev10,health_plan,brfss2024|health_plan,hgb_deep,False,43,hgb_deep|s43,35910,8978,0.21080478975215816,0.21073735798618845,2,1.0628261447544731,1.1649503100850378,1.5575209031149782,1.6553739368321976,0.09689279170338627,2.254745026297736,0.7468206969762607,0.0,1.3948004000121728,0.06291087592299204,0.007670102964585392,False,0.06379566026562623,0.007715467851240772,False,0.08262826144754473,0.008706323017799058,False,0.3063087060558051,0.014573752695993841,False,0.0,0.0,False
brfss2024,BRFSS 2024,True,m30,age_group,brfss2024|age_group,hgb_deep,False,44,hgb_deep|s44,35910,8978,0.21080478975215816,0.21073735798618845,5,1.5761949542883005,1.473399019734933,0.9968445113309441,1.5712212889698207,0.23727240212645362,9.370963270963271,0.7362415184274861,0.0,1.3043920999625698,0.5846251378320886,0.015474190729164648,False,0.5773870873749716,0.015510731710316566,False,0.6512914910319076,0.014963713120182583,False,0.8729550230300973,0.010469141579409135,False,0.007,0.0026364749192814,False
brfss2024,BRFSS 2024,True,m30,sex,brfss2024|sex,hgb_deep,False,44,hgb_deep|s44,35910,8978,0.21080478975215816,0.21073735798618845,2,1.1014178972268138,1.0819331056236148,1.3701354362348457,1.5090916910937269,0.04884161640580709,1.5978420378595888,0.7362415184274861,0.0,1.3043920999625698,0.06786003602282145,0.007942406943390018,False,0.0697670591554894,0.00804736465769006,False,0.08406923397431856,0.00876241547435563,False,0.31505711318972157,0.01467723441830713,False,0.0,0.0,False
brfss2024,BRFSS 2024,True,m30,race,brfss2024|race,hgb_deep,False,44,hgb_deep|s44,35910,8978,0.21080478975215816,0.21073735798618845,8,1.2825009965854173,1.3157790261761724,1.356444529729941,1.739641461191487,0.10971805451362837,2.6187683284457477,0.7362415184274861,0.0,1.3043920999625698,0.23152596668785475,0.013234288298849397,False,0.22892588696102134,0.013196891559612008,False,0.27877606634639646,0.014072926753421422,False,0.5770257673707713,0.015579537852556,False,0.0003250099658541725,0.00032484742022465397,False
brfss2024,BRFSS 2024,True,m30,income,brfss2024|income,hgb_deep,False,44,hgb_deep|s44,35910,8978,0.21080478975215816,0.21073735798618845,7,1.2570149550386367,1.3847924039819077,1.3865050335987958,1.7428575624700338,0.04969734916818325,1.982332707942464,0.7362415184274861,0.0,1.3043920999625698,0.2068045063874776,0.012775414304960537,False,0.20624330998438667,0.012767342661875609,False,0.25150600189134126,0.013687766615091914,False,0.5574015153797502,0.015694111730639348,False,7.014955038636689e-05,7.011446683808853e-05,False
brfss2024,BRFSS 2024,True,m30,health_plan,brfss2024|health_plan,hgb_deep,False,44,hgb_deep|s44,35910,8978,0.21080478975215816,0.21073735798618845,2,1.0247809970464872,1.1829874042199413,1.4872753540640986,1.5241315202204742,0.008412372081909258,1.5273996110284864,0.7362415184274861,0.0,1.3043920999625698,0.05872590967511359,0.0074282779429271795,False,0.058469339586508205,0.007408993384886843,False,0.08224780997046488,0.00868806607258164,False,0.2994605794683677,0.014481456310916624,False,0.0,0.0,False
brfss2024,BRFSS 2024,True,ev10,age_group,brfss2024|age_group,hgb_deep,False,44,hgb_deep|s44,35910,8978,0.21080478975215816,0.21073735798618845,4,1.5761949542883005,1.473399019734933,0.9968445113309441,1.5712212889698207,0.07922020528115348,4.543497343497344,0.7362415184274861,0.0,1.3043920999625698,0.5846251378320886,0.015474190729164648,False,0.5773870873749716,0.015510731710316566,False,0.6512914910319076,0.014963713120182583,False,0.8729550230300973,0.010469141579409135,False,0.007,0.0026364749192814,False
brfss2024,BRFSS 2024,True,ev10,sex,brfss2024|sex,hgb_deep,False,44,hgb_deep|s44,35910,8978,0.21080478975215816,0.21073735798618845,2,1.1014178972268138,1.0819331056236148,1.3701354362348457,1.5090916910937269,0.04884161640580709,1.5978420378595888,0.7362415184274861,0.0,1.3043920999625698,0.06786003602282145,0.007942406943390018,False,0.0697670591554894,0.00804736465769006,False,0.08406923397431856,0.00876241547435563,False,0.31505711318972157,0.01467723441830713,False,0.0,0.0,False
brfss2024,BRFSS 2024,True,ev10,race,brfss2024|race,hgb_deep,False,44,hgb_deep|s44,35910,8978,0.21080478975215816,0.21073735798618845,8,1.2825009965854173,1.3157790261761724,1.356444529729941,1.739641461191487,0.10971805451362837,2.6187683284457477,0.7362415184274861,0.0,1.3043920999625698,0.23152596668785475,0.013234288298849397,False,0.22892588696102134,0.013196891559612008,False,0.27877606634639646,0.014072926753421422,False,0.5770257673707713,0.015579537852556,False,0.0003250099658541725,0.00032484742022465397,False
brfss2024,BRFSS 2024,True,ev10,income,brfss2024|income,hgb_deep,False,44,hgb_deep|s44,35910,8978,0.21080478975215816,0.21073735798618845,7,1.2570149550386367,1.3847924039819077,1.3865050335987958,1.7428575624700338,0.04969734916818325,1.982332707942464,0.7362415184274861,0.0,1.3043920999625698,0.2068045063874776,0.012775414304960537,False,0.20624330998438667,0.012767342661875609,False,0.25150600189134126,0.013687766615091914,False,0.5574015153797502,0.015694111730639348,False,7.014955038636689e-05,7.011446683808853e-05,False
brfss2024,BRFSS 2024,True,ev10,health_plan,brfss2024|health_plan,hgb_deep,False,44,hgb_deep|s44,35910,8978,0.21080478975215816,0.21073735798618845,2,1.0247809970464872,1.1829874042199413,1.4872753540640986,1.5241315202204742,0.008412372081909258,1.5273996110284864,0.7362415184274861,0.0,1.3043920999625698,0.05872590967511359,0.0074282779429271795,False,0.058469339586508205,0.007408993384886843,False,0.08224780997046488,0.00868806607258164,False,0.2994605794683677,0.014481456310916624,False,0.0,0.0,False
brfss2024,BRFSS 2024,True,m30,age_group,brfss2024|age_group,hgb_deep,False,45,hgb_deep|s45,35910,8978,0.21080478975215816,0.21073735798618845,5,1.7909735886996971,1.6061238843703185,0.992489898006389,1.7775231943806988,0.12938992181166808,7.062404870624048,0.7413408671716079,0.0,1.2727369000203907,0.8074915241878264,0.012363553467750182,False,0.8125794233818405,0.012250470981601726,False,0.8459357499958748,0.011345914548848682,False,0.9640047298379778,0.005874771057837276,False,0.04056523386790713,0.006053037320356861,False
brfss2024,BRFSS 2024,True,m30,sex,brfss2024|sex,hgb_deep,False,45,hgb_deep|s45,35910,8978,0.21080478975215816,0.21073735798618845,2,1.1125464843374173,1.1167193370194575,1.4883497955525615,1.655858332506316,0.029070350526220312,1.574169884251969,0.7413408671716079,0.0,1.2727369000203907,0.07461016263089243,0.008225092936102208,False,0.07578744234647163,0.008301983502776627,False,0.09246128327083923,0.009062654993354551,False,0.33120268629281024,0.014781614212545837,False,0.0,0.0,False
brfss2024,BRFSS 2024,True,m30,race,brfss2024|race,hgb_deep,False,45,hgb_deep|s45,35910,8978,0.21080478975215816,0.21073735798618845,8,1.2640774097875844,1.4006595928366872,1.5485684004428666,1.9575103325107217,0.12215320115909478,2.308771929824562,0.7413408671716079,0.0,1.2727369000203907,0.2136550874939569,0.012902573197460984,False,0.21252889471095013,0.012886375256527676,False,0.25906282847271533,0.013794498609664614,False,0.5628396055364401,0.015662362083371066,False,0.00014077409787584415,0.00014070369322133152,False
brfss2024,BRFSS 2024,True,m30,income,brfss2024|income,hgb_deep,False,45,hgb_deep|s45,35910,8978,0.21080478975215816,0.21073735798618845,7,1.1842812698162808,1.2077798565820024,1.4841077297918626,1.7576009867820648,0.054408086646158815,2.134070796460177,0.7413408671716079,0.0,1.2727369000203907,0.11812142595413752,0.0100472846342529,False,0.11459478531044698,0.009943254586844212,False,0.14655636740244124,0.01099799658466433,False,0.43527692424165326,0.015454445549859745,False,0.0,0.0,False
brfss2024,BRFSS 2024,True,m30,health_plan,brfss2024|health_plan,hgb_deep,False,45,hgb_deep|s45,35910,8978,0.21080478975215816,0.21073735798618845,2,1.0292486129570115,1.1700564195199172,1.616408207126872,1.6636859051576627,0.05542076823749886,1.5150312929379999,0.7413408671716079,0.0,1.2727369000203907,0.059217347425271266,0.00745667529132534,False,0.05909480581398161,0.0074449824737599255,False,0.08229248612957012,0.008690209973285009,False,0.3002647503322621,0.014492294612863032,False,0.0,0.0,False
brfss2024,BRFSS 2024,True,ev10,age_group,brfss2024|age_group,hgb_deep,False,45,hgb_deep|s45,35910,8978,0.21080478975215816,0.21073735798618845,4,1.5981586249465296,1.6061238843703185,0.992489898006389,1.586156290671212,0.11264642012029935,6.2188398444106205,0.7413408671716079,0.0,1.2727369000203907,0.6144957299272802,0.01538028329742862,False,0.6074773161767455,0.015430715597056761,False,0.6796246261810232,0.014745043130561486,False,0.8859135887184524,0.010046939614359004,False,0.007,0.0026364749192814,False
brfss2024,BRFSS 2024,True,ev10,sex,brfss2024|sex,hgb_deep,False,45,hgb_deep|s45,35910,8978,0.21080478975215816,0.21073735798618845,2,1.1125464843374173,1.1167193370194575,1.4883497955525615,1.655858332506316,0.029070350526220312,1.574169884251969,0.7413408671716079,0.0,1.2727369000203907,0.07461016263089243,0.008225092936102208,False,0.07578744234647163,0.008301983502776627,False,0.09246128327083923,0.009062654993354551,False,0.33120268629281024,0.014781614212545837,False,0.0,0.0,False
brfss2024,BRFSS 2024,True,ev10,race,brfss2024|race,hgb_deep,False,45,hgb_deep|s45,35910,8978,0.21080478975215816,0.21073735798618845,8,1.2640774097875844,1.4006595928366872,1.5485684004428666,1.9575103325107217,0.12215320115909478,2.308771929824562,0.7413408671716079,0.0,1.2727369000203907,0.2136550874939569,0.012902573197460984,False,0.21252889471095013,0.012886375256527676,False,0.25906282847271533,0.013794498609664614,False,0.5628396055364401,0.015662362083371066,False,0.00014077409787584415,0.00014070369322133152,False
brfss2024,BRFSS 2024,True,ev10,income,brfss2024|income,hgb_deep,False,45,hgb_deep|s45,35910,8978,0.21080478975215816,0.21073735798618845,7,1.1842812698162808,1.2077798565820024,1.4841077297918626,1.7576009867820648,0.054408086646158815,2.134070796460177,0.7413408671716079,0.0,1.2727369000203907,0.11812142595413752,0.0100472846342529,False,0.11459478531044698,0.009943254586844212,False,0.14655636740244124,0.01099799658466433,False,0.43527692424165326,0.015454445549859745,False,0.0,0.0,False
brfss2024,BRFSS 2024,True,ev10,health_plan,brfss2024|health_plan,hgb_deep,False,45,hgb_deep|s45,35910,8978,0.21080478975215816,0.21073735798618845,2,1.0292486129570115,1.1700564195199172,1.616408207126872,1.6636859051576627,0.05542076823749886,1.5150312929379999,0.7413408671716079,0.0,1.2727369000203907,0.059217347425271266,0.00745667529132534,False,0.05909480581398161,0.0074449824737599255,False,0.08229248612957012,0.008690209973285009,False,0.3002647503322621,0.014492294612863032,False,0.0,0.0,False
brfss2024,BRFSS 2024,True,m30,age_group,brfss2024|age_group,hgb_deep,False,46,hgb_deep|s46,35910,8978,0.21080478975215816,0.21073735798618845,6,1.572613725428555,1.5633357464029585,1.0049032339159065,1.5803246183836965,0.20333951762523206,8.722725786799012,0.737834339993281,0.0,1.2588950000354089,0.5797546665828348,0.015489502559773966,False,0.5724808038371204,0.015523778528332994,False,0.6466717058028361,0.01499936778327497,False,0.8708420980028475,0.010537982616292569,False,0.007,0.0026364749192814,False
brfss2024,BRFSS 2024,True,m30,sex,brfss2024|sex,hgb_deep,False,46,hgb_deep|s46,35910,8978,0.21080478975215816,0.21073735798618845,2,1.1035347384498828,1.1547529470053162,1.4160557917956114,1.5626667578296116,0.009872591418175758,1.5102841084703371,0.737834339993281,0.0,1.2588950000354089,0.06914402168271576,0.00799617849198015,False,0.0709122355548546,0.008095797370854151,False,0.08566554047040337,0.008819525993803848,False,0.31812826807892824,0.01469708918056077,False,0.0,0.0,False
brfss2024,BRFSS 2024,True,m30,race,brfss2024|race,hgb_deep,False,46,hgb_deep|s46,35910,8978,0.21080478975215816,0.21073735798618845,8,1.499116708986483,1.4218626972865558,1.3328100920392991,1.9980378788819255,0.18492307692307708,2.9712423312883436,0.737834339993281,0.0,1.2588950000354089,0.4796573976594544,0.01579508200838933,False,0.4716573976594544,0.01578273513177934,False,0.5517457267608061,0.015723701591029194,False,0.8271343748067534,0.011954788942892614,False,0.006894005078377983,0.002607556412360993,False
brfss2024,BRFSS 2024,True,m30,income,brfss2024|income,hgb_deep,False,46,hgb_deep|s46,35910,8978,0.21080478975215816,0.21073735798618845,7,1.1695940212914842,1.1927309739330934,1.4142196802580635,1.6540628828225854,0.10195903439687926,2.1679716629381063,0.737834339993281,0.0,1.2588950000354089,0.10921276701286742,0.009674202284429102,False,0.10664922463309798,0.009607214600840968,False,0.13548073736734867,0.010601747502127973,False,0.4139683751523991,0.015316687543051285,False,0.0,0.0,False
brfss2024,BRFSS 2024,True,m30,health_plan,brfss2024|health_plan,hgb_deep,False,46,hgb_deep|s46,35910,8978,0.21080478975215816,0.21073735798618845,2,1.1007340041033373,1.0275575440168494,1.4030762047181886,1.5444136888815656,0.030704785230037834,1.3161747440593594,0.737834339993281,0.0,1.2588950000354089,0.06744521560366358,0.007925034836347357,False,0.0693970841870513,0.008031717381397787,False,0.0835535112910412,0.008743964637749102,False,0.3140649075925466,0.014670819891215749,False,0.0,0.0,False
brfss2024,BRFSS 2024,True,ev10,age_group,brfss2024|age_group,hgb_deep,False,46,hgb_deep|s46,35910,8978,0.21080478975215816,0.21073735798618845,4,1.572613725428555,1.5633357464029585,1.0049032339159065,1.5803246183836965,0.06077836124993852,4.283032756716967,0.737834339993281,0.0,1.2588950000354089,0.5797546665828348,0.015489502559773966,False,0.5724808038371204,0.015523778528332994,False,0.6466717058028361,0.01499936778327497,False,0.8708420980028475,0.010537982616292569,False,0.007,0.0026364749192814,False
brfss2024,BRFSS 2024,True,ev10,sex,brfss2024|sex,hgb_deep,False,46,hgb_deep|s46,35910,8978,0.21080478975215816,0.21073735798618845,2,1.1035347384498828,1.1547529470053162,1.4160557917956114,1.5626667578296116,0.009872591418175758,1.5102841084703371,0.737834339993281,0.0,1.2588950000354089,0.06914402168271576,0.00799617849198015,False,0.0709122355548546,0.008095797370854151,False,0.08566554047040337,0.008819525993803848,False,0.31812826807892824,0.01469708918056077,False,0.0,0.0,False
brfss2024,BRFSS 2024,True,ev10,race,brfss2024|race,hgb_deep,False,46,hgb_deep|s46,35910,8978,0.21080478975215816,0.21073735798618845,8,1.499116708986483,1.4218626972865558,1.3328100920392991,1.9980378788819255,0.18492307692307708,2.9712423312883436,0.737834339993281,0.0,1.2588950000354089,0.4796573976594544,0.01579508200838933,False,0.4716573976594544,0.01578273513177934,False,0.5517457267608061,0.015723701591029194,False,0.8271343748067534,0.011954788942892614,False,0.006894005078377983,0.002607556412360993,False
brfss2024,BRFSS 2024,True,ev10,income,brfss2024|income,hgb_deep,False,46,hgb_deep|s46,35910,8978,0.21080478975215816,0.21073735798618845,7,1.1695940212914842,1.1927309739330934,1.4142196802580635,1.6540628828225854,0.10195903439687926,2.1679716629381063,0.737834339993281,0.0,1.2588950000354089,0.10921276701286742,0.009674202284429102,False,0.10664922463309798,0.009607214600840968,False,0.13548073736734867,0.010601747502127973,False,0.4139683751523991,0.015316687543051285,False,0.0,0.0,False
brfss2024,BRFSS 2024,True,ev10,health_plan,brfss2024|health_plan,hgb_deep,False,46,hgb_deep|s46,35910,8978,0.21080478975215816,0.21073735798618845,2,1.1007340041033373,1.0275575440168494,1.4030762047181886,1.5444136888815656,0.030704785230037834,1.3161747440593594,0.737834339993281,0.0,1.2588950000354089,0.06744521560366358,0.007925034836347357,False,0.0693970841870513,0.008031717381397787,False,0.0835535112910412,0.008743964637749102,False,0.3140649075925466,0.014670819891215749,False,0.0,0.0,False
brfss2024,BRFSS 2024,True,m30,age_group,brfss2024|age_group,hgb_deep,False,47,hgb_deep|s47,35910,8978,0.21080478975215816,0.21073735798618845,6,1.6144059862936133,1.478171870978749,1.011237481751794,1.6325478441045747,0.1657650455306081,7.660377358490567,0.745466785592172,0.0,1.2301697000511922,0.6330386647402227,0.015145834313590893,False,0.62738322346096,0.015177533933812664,False,0.696117866567741,0.014455834516038091,False,0.8941069532381826,0.00963799286072244,False,0.009016838081105854,0.002884298288418762,False
brfss2024,BRFSS 2024,True,m30,sex,brfss2024|sex,hgb_deep,False,47,hgb_deep|s47,35910,8978,0.21080478975215816,0.21073735798618845,2,1.1010566048835178,1.1153142681532973,1.3783542584822326,1.5176460601711856,0.018301656019263035,1.4606842268988418,0.745466785592172,0.0,1.2301697000511922,0.06764089148672384,0.007933229472457823,False,0.06957160592059153,0.0080390983936734,False,0.08379678401052153,0.00875266812383475,False,0.31453294315067726,0.014673845702374148,False,0.0,0.0,False
brfss2024,BRFSS 2024,True,m30,race,brfss2024|race,hgb_deep,False,47,hgb_deep|s47,35910,8978,0.21080478975215816,0.21073735798618845,8,1.263005065975212,1.3848259701142287,1.4374493117514944,1.815505762824719,0.19558328381857792,1.9445628997867805,0.745466785592172,0.0,1.2301697000511922,0.21261491399595553,0.012883265739019382,False,0.2115745087179386,0.01286830167292492,False,0.2579154205934767,0.01377829271553421,False,0.5620139008009132,0.015667182862972976,False,0.0001300506597521188,0.0001299856181577691,False
brfss2024,BRFSS 2024,True,m30,income,brfss2024|income,hgb_deep,False,47,hgb_deep|s47,35910,8978,0.21080478975215816,0.21073735798618845,7,1.2810967562565228,1.4374647674538716,1.3650617478498686,1.748776177260326,0.08110987309917028,2.1775055895790807,0.745466785592172,0.0,1.2301697000511922,0.23016385356882704,0.013209005072071442,False,0.22767611306830524,0.013173224098961971,False,0.2772735291944793,0.014051705042771217,False,0.5759445023175225,0.015585850690897221,False,0.00031096756256522725,0.0003108120398935327,False
brfss2024,BRFSS 2024,True,m30,health_plan,brfss2024|health_plan,hgb_deep,False,47,hgb_deep|s47,35910,8978,0.21080478975215816,0.21073735798618845,2,1.121817340690946,1.2830743182429034,1.4973528016341098,1.6797563380053147,0.1104366452732326,1.3378817228805835,0.745466785592172,0.0,1.2301697000511922,0.08023346894368849,0.008460589248935332,False,0.08080282365247893,0.008514098007002393,False,0.09945242084891003,0.009312774566003573,False,0.34465302706801165,0.01486856955278628,False,0.0,0.0,False
brfss2024,BRFSS 2024,True,ev10,age_group,brfss2024|age_group,hgb_deep,False,47,hgb_deep|s47,35910,8978,0.21080478975215816,0.21073735798618845,5,1.6144059862936133,1.478171870978749,1.011237481751794,1.6325478441045747,0.1657650455306081,5.909433962264151,0.745466785592172,0.0,1.2301697000511922,0.6330386647402227,0.015145834313590893,False,0.62738322346096,0.015177533933812664,False,0.696117866567741,0.014455834516038091,False,0.8941069532381826,0.00963799286072244,False,0.009016838081105854,0.002884298288418762,False
brfss2024,BRFSS 2024,True,ev10,sex,brfss2024|sex,hgb_deep,False,47,hgb_deep|s47,35910,8978,0.21080478975215816,0.21073735798618845,2,1.1010566048835178,1.1153142681532973,1.3783542584822326,1.5176460601711856,0.018301656019263035,1.4606842268988418,0.745466785592172,0.0,1.2301697000511922,0.06764089148672384,0.007933229472457823,False,0.06957160592059153,0.0080390983936734,False,0.08379678401052153,0.00875266812383475,False,0.31453294315067726,0.014673845702374148,False,0.0,0.0,False
brfss2024,BRFSS 2024,True,ev10,race,brfss2024|race,hgb_deep,False,47,hgb_deep|s47,35910,8978,0.21080478975215816,0.21073735798618845,8,1.263005065975212,1.3848259701142287,1.4374493117514944,1.815505762824719,0.19558328381857792,1.9445628997867805,0.745466785592172,0.0,1.2301697000511922,0.21261491399595553,0.012883265739019382,False,0.2115745087179386,0.01286830167292492,False,0.2579154205934767,0.01377829271553421,False,0.5620139008009132,0.015667182862972976,False,0.0001300506597521188,0.0001299856181577691,False
brfss2024,BRFSS 2024,True,ev10,income,brfss2024|income,hgb_deep,False,47,hgb_deep|s47,35910,8978,0.21080478975215816,0.21073735798618845,7,1.2810967562565228,1.4374647674538716,1.3650617478498686,1.748776177260326,0.08110987309917028,2.1775055895790807,0.745466785592172,0.0,1.2301697000511922,0.23016385356882704,0.013209005072071442,False,0.22767611306830524,0.013173224098961971,False,0.2772735291944793,0.014051705042771217,False,0.5759445023175225,0.015585850690897221,False,0.00031096756256522725,0.0003108120398935327,False
brfss2024,BRFSS 2024,True,ev10,health_plan,brfss2024|health_plan,hgb_deep,False,47,hgb_deep|s47,35910,8978,0.21080478975215816,0.21073735798618845,2,1.121817340690946,1.2830743182429034,1.4973528016341098,1.6797563380053147,0.1104366452732326,1.3378817228805835,0.745466785592172,0.0,1.2301697000511922,0.08023346894368849,0.008460589248935332,False,0.08080282365247893,0.008514098007002393,False,0.09945242084891003,0.009312774566003573,False,0.34465302706801165,0.01486856955278628,False,0.0,0.0,False
adult_income,Adult Income,False,m30,sex,adult_income|sex,published,False,,published,36177,9045,0.247837023523233,0.2478717523493643,2,1.4064712340883565,1.6155754466715655,2.2434191417865543,3.1553044889259767,0.05768519018202545,2.4652306707294316,0.8901892734262302,0.004975124378109453,0.0019333999953232706,0.3579889328154249,0.015055971777717413,False,0.34998893281542487,0.014977027073863555,False,0.42497731665574684,0.015492900006468123,False,0.7137068511325345,0.014059049826597943,False,0.001,0.0009994998749374,False
adult_income,Adult Income,False,m30,race,adult_income|race,published,False,,published,36177,9045,0.247837023523233,0.2478717523493643,5,1.7616019550411504,1.3783140390695396,1.936107377037995,3.410650540559726,0.08080979653560305,2.4806201550387597,0.8901892734262302,0.004975124378109453,0.0019333999953232706,0.7906517875569262,0.012829265326244569,False,0.7971103629883393,0.012685718502907195,False,0.8337954747503421,0.011747593491336127,False,0.961850810036351,0.00605200220641159,False,0.03155793287928611,0.005453654931958057,False
adult_income,Adult Income,False,m30,age_group,adult_income|age_group,published,False,,published,36177,9045,0.247837023523233,0.2478717523493643,2,1.3462294653620601,1.0710021964916703,2.471457417679346,3.3271487980675634,0.06726777249691196,2.2321482599315607,0.8901892734262302,0.004975124378109453,0.0019333999953232706,0.29334258140119823,0.01438171391762517,False,0.2856442241722334,0.01427098905989225,False,0.3469655279374042,0.015036029077667618,False,0.6260966883287862,0.015293043074673322,False,0.0009622946536206004,0.0009618133859467185,False
adult_income,Adult Income,False,ev10,sex,adult_income|sex,published,False,,published,36177,9045,0.247837023523233,0.2478717523493643,2,1.4064712340883565,1.6155754466715655,2.2434191417865543,3.1553044889259767,0.05768519018202545,2.4652306707294316,0.8901892734262302,0.004975124378109453,0.0019333999953232706,0.3579889328154249,0.015055971777717413,False,0.34998893281542487,0.014977027073863555,False,0.42497731665574684,0.015492900006468123,False,0.7137068511325345,0.014059049826597943,False,0.001,0.0009994998749374,False
adult_income,Adult Income,False,ev10,race,adult_income|race,published,False,,published,36177,9045,0.247837023523233,0.2478717523493643,4,1.6877216073464734,1.2868454066376052,2.0208608610054677,3.410650540559726,0.08080979653560305,2.106851037083595,0.8901892734262302,0.004975124378109453,0.0019333999953232706,0.7146633895124069,0.013992732918039536,False,0.7158507395314111,0.013923170315980973,False,0.7679671751995438,0.013077280126640826,False,0.9302759929575934,0.0077369022553085325,False,0.019281025028506267,0.004145532600974862,False
adult_income,Adult Income,False,ev10,age_group,adult_income|age_group,published,False,,published,36177,9045,0.247837023523233,0.2478717523493643,2,1.3462294653620601,1.0710021964916703,2.471457417679346,3.3271487980675634,0.06726777249691196,2.2321482599315607,0.8901892734262302,0.004975124378109453,0.0019333999953232706,0.29334258140119823,0.01438171391762517,False,0.2856442241722334,0.01427098905989225,False,0.3469655279374042,0.015036029077667618,False,0.6260966883287862,0.015293043074673322,False,0.0009622946536206004,0.0009618133859467185,False
adult_income,Adult Income,False,m30,sex,adult_income|sex,xgb_published,False,42,xgb_published|s42,36177,9045,0.247837023523233,0.2478717523493643,2,1.1329737394149992,1.2258929286070868,2.331031020114016,2.640996931550937,0.05660610181886638,2.648510085035937,0.9179259609321229,0.0,0.2542853000340983,0.08700046489106508,0.0087439817063118,False,0.0868382524704094,0.008769353173737537,False,0.10786544283754036,0.0096137644179389,False,0.360838949807007,0.014973210204082626,False,0.0,0.0,False
adult_income,Adult Income,False,m30,race,adult_income|race,xgb_published,False,42,xgb_published|s42,36177,9045,0.247837023523233,0.2478717523493643,5,1.1662255136781208,1.308773327072629,2.3614890308657572,2.7540287580666654,0.1415470494417862,2.7993421052631575,0.9179259609321229,0.0,0.2542853000340983,0.10716957387033553,0.009588636173549232,False,0.10482691723570467,0.009530144123730475,False,0.132940551298255,0.010510868121346849,False,0.409081278041208,0.01528509286458223,False,0.0,0.0,False
adult_income,Adult Income,False,m30,age_group,adult_income|age_group,xgb_published,False,42,xgb_published|s42,36177,9045,0.247837023523233,0.2478717523493643,2,1.1663339575491924,1.374524896062728,2.2412982204502474,2.6141022235056997,0.05020329683374136,2.2205295618977114,0.9179259609321229,0.0,0.2542853000340983,0.10723535130032982,0.009591390841598534,False,0.10488558359218607,0.009532625288044917,False,0.1330223286436533,0.010513793841868721,False,0.4092386105426808,0.015286110006186678,False,0.0,0.0,False
adult_income,Adult Income,False,ev10,sex,adult_income|sex,xgb_published,False,42,xgb_published|s42,36177,9045,0.247837023523233,0.2478717523493643,2,1.1329737394149992,1.2258929286070868,2.331031020114016,2.640996931550937,0.05660610181886638,2.648510085035937,0.9179259609321229,0.0,0.2542853000340983,0.08700046489106508,0.0087439817063118,False,0.0868382524704094,0.008769353173737537,False,0.10786544283754036,0.0096137644179389,False,0.360838949807007,0.014973210204082626,False,0.0,0.0,False
adult_income,Adult Income,False,ev10,race,adult_income|race,xgb_published,False,42,xgb_published|s42,36177,9045,0.247837023523233,0.2478717523493643,4,1.1662255136781208,1.308773327072629,2.3614890308657572,2.7540287580666654,0.13812970039190686,2.393540669856459,0.9179259609321229,0.0,0.2542853000340983,0.10716957387033553,0.009588636173549232,False,0.10482691723570467,0.009530144123730475,False,0.132940551298255,0.010510868121346849,False,0.409081278041208,0.01528509286458223,False,0.0,0.0,False
adult_income,Adult Income,False,ev10,age_group,adult_income|age_group,xgb_published,False,42,xgb_published|s42,36177,9045,0.247837023523233,0.2478717523493643,2,1.1663339575491924,1.374524896062728,2.2412982204502474,2.6141022235056997,0.05020329683374136,2.2205295618977114,0.9179259609321229,0.0,0.2542853000340983,0.10723535130032982,0.009591390841598534,False,0.10488558359218607,0.009532625288044917,False,0.1330223286436533,0.010513793841868721,False,0.4092386105426808,0.015286110006186678,False,0.0,0.0,False
adult_income,Adult Income,False,m30,sex,adult_income|sex,xgb_published,False,43,xgb_published|s43,36177,9045,0.247837023523233,0.2478717523493643,2,1.2032862288658694,1.3071832682331601,2.2157914484915353,2.666231336008622,0.035879220430136693,2.7134956124130047,0.9224101950089448,0.0,0.257892899971921,0.12964902406618312,0.010530044544562496,False,0.12487615659956872,0.010378082537241711,False,0.16088797586606549,0.011510733709955456,False,0.46284969269884335,0.01563270121658504,False,0.0,0.0,False
adult_income,Adult Income,False,m30,race,adult_income|race,xgb_published,False,43,xgb_published|s43,36177,9045,0.247837023523233,0.2478717523493643,5,1.1790402481077065,1.3441233889571258,2.294001600975493,2.7047202167736213,0.08723872073101069,2.5897616946160635,0.9224101950089448,0.0,0.257892899971921,0.11494244557352687,0.009914153320296359,False,0.11175947848449694,0.009823341530384482,False,0.14260412152384422,0.01085659841603734,False,0.42767314684478724,0.015405287758119916,False,0.0,0.0,False
adult_income,Adult Income,False,m30,age_group,adult_income|age_group,xgb_published,False,43,xgb_published|s43,36177,9045,0.247837023523233,0.2478717523493643,2,1.1008207532883119,1.2854822888795352,2.311739033009146,2.5448103037231213,0.04006593357505006,2.2870363198297543,0.9224101950089448,0.0,0.257892899971921,0.06749783396176288,0.007927238420614413,False,0.06944401407400473,0.008033702177587178,False,0.08361892870921872,0.008746305054669187,False,0.31419076501664905,0.014671633549049221,False,0.0,0.0,False
adult_income,Adult Income,False,ev10,sex,adult_income|sex,xgb_published,False,43,xgb_published|s43,36177,9045,0.247837023523233,0.2478717523493643,2,1.2032862288658694,1.3071832682331601,2.2157914484915353,2.666231336008622,0.035879220430136693,2.7134956124130047,0.9224101950089448,0.0,0.257892899971921,0.12964902406618312,0.010530044544562496,False,0.12487615659956872,0.010378082537241711,False,0.16088797586606549,0.011510733709955456,False,0.46284969269884335,0.01563270121658504,False,0.0,0.0,False
adult_income,Adult Income,False,ev10,race,adult_income|race,xgb_published,False,43,xgb_published|s43,36177,9045,0.247837023523233,0.2478717523493643,4,1.1790402481077065,1.3441233889571258,2.294001600975493,2.7047202167736213,0.08723872073101069,2.5897616946160635,0.9224101950089448,0.0,0.257892899971921,0.11494244557352687,0.009914153320296359,False,0.11175947848449694,0.009823341530384482,False,0.14260412152384422,0.01085659841603734,False,0.42767314684478724,0.015405287758119916,False,0.0,0.0,False
adult_income,Adult Income,False,ev10,age_group,adult_income|age_group,xgb_published,False,43,xgb_published|s43,36177,9045,0.247837023523233,0.2478717523493643,2,1.1008207532883119,1.2854822888795352,2.311739033009146,2.5448103037231213,0.04006593357505006,2.2870363198297543,0.9224101950089448,0.0,0.257892899971921,0.06749783396176288,0.007927238420614413,False,0.06944401407400473,0.008033702177587178,False,0.08361892870921872,0.008746305054669187,False,0.31419076501664905,0.014671633549049221,False,0.0,0.0,False
adult_income,Adult Income,False,m30,sex,adult_income|sex,xgb_published,False,44,xgb_published|s44,36177,9045,0.247837023523233,0.2478717523493643,2,1.1669088527933873,1.3522987168167004,2.2509127928435237,2.6266100648349955,0.0351159907871369,2.544038257504837,0.9157552428396821,0.0,0.2677541000302881,0.1075840582517267,0.009605994207793681,False,0.10519659249478328,0.0095457787244756,False,0.1334558562048494,0.01052930401129781,False,0.41007267987237334,0.015291502195392862,False,0.0,0.0,False
adult_income,Adult Income,False,m30,race,adult_income|race,xgb_published,False,44,xgb_published|s44,36177,9045,0.247837023523233,0.2478717523493643,5,1.230046621798027,1.3935684689010466,2.1935029052920405,2.698110838558632,0.1455269440344067,2.6822660098522166,0.9157552428396821,0.0,0.2677541000302881,0.15795538164584272,0.011477774026495026,False,0.15367965774541997,0.011335848804934568,False,0.1948291751451381,0.012465690452852769,False,0.5078175196956314,0.01578449453329748,False,0.0,0.0,False
adult_income,Adult Income,False,m30,age_group,adult_income|age_group,xgb_published,False,44,xgb_published|s44,36177,9045,0.247837023523233,0.2478717523493643,2,1.1159655706468106,1.2964298648580586,2.290305100944101,2.555901638930385,0.04845463374733783,2.178851201497548,0.9157552428396821,0.0,0.2677541000302881,0.07668403465462276,0.008311943836214997,False,0.07763711198925814,0.008380211205781215,False,0.09503961065169317,0.009154898942990344,False,0.3361631639711923,0.014813683290310327,False,0.0,0.0,False
adult_income,Adult Income,False,ev10,sex,adult_income|sex,xgb_published,False,44,xgb_published|s44,36177,9045,0.247837023523233,0.2478717523493643,2,1.1669088527933873,1.3522987168167004,2.2509127928435237,2.6266100648349955,0.0351159907871369,2.544038257504837,0.9157552428396821,0.0,0.2677541000302881,0.1075840582517267,0.009605994207793681,False,0.10519659249478328,0.0095457787244756,False,0.1334558562048494,0.01052930401129781,False,0.41007267987237334,0.015291502195392862,False,0.0,0.0,False
adult_income,Adult Income,False,ev10,race,adult_income|race,xgb_published,False,44,xgb_published|s44,36177,9045,0.247837023523233,0.2478717523493643,4,1.230046621798027,1.3935684689010466,2.1935029052920405,2.698110838558632,0.14378147223580473,2.6822660098522166,0.9157552428396821,0.0,0.2677541000302881,0.15795538164584272,0.011477774026495026,False,0.15367965774541997,0.011335848804934568,False,0.1948291751451381,0.012465690452852769,False,0.5078175196956314,0.01578449453329748,False,0.0,0.0,False
adult_income,Adult Income,False,ev10,age_group,adult_income|age_group,xgb_published,False,44,xgb_published|s44,36177,9045,0.247837023523233,0.2478717523493643,2,1.1159655706468106,1.2964298648580586,2.290305100944101,2.555901638930385,0.04845463374733783,2.178851201497548,0.9157552428396821,0.0,0.2677541000302881,0.07668403465462276,0.008311943836214997,False,0.07763711198925814,0.008380211205781215,False,0.09503961065169317,0.009154898942990344,False,0.3361631639711923,0.014813683290310327,False,0.0,0.0,False
adult_income,Adult Income,False,m30,sex,adult_income|sex,xgb_published,False,45,xgb_published|s45,36177,9045,0.247837023523233,0.2478717523493643,2,1.1731656990995085,1.308389684325945,2.2969689666848394,2.6947252036106955,0.04262004572392719,2.6621259258418206,0.9217845199479738,0.0,0.26087090000510216,0.11137919453576745,0.009764929281196504,False,0.10858144377514395,0.009688933553072916,False,0.13817413374717036,0.010698108236553872,False,0.4191502355787951,0.015350187841964642,False,0.0,0.0,False
adult_income,Adult Income,False,m30,race,adult_income|race,xgb_published,False,45,xgb_published|s45,36177,9045,0.247837023523233,0.2478717523493643,5,1.2936585830852216,1.3847160254356865,2.1180249843557375,2.740001200200742,0.07760100087465838,2.887834821428571,0.9217845199479738,0.0,0.26087090000510216,0.24234882559266496,0.013435179687570076,False,0.23885613894584723,0.013384944654228221,False,0.2907146839011871,0.014241546801842827,False,0.5856171089756207,0.015529378319033052,False,0.000436585830852216,0.0004363674833362307,False
adult_income,Adult Income,False,m30,age_group,adult_income|age_group,xgb_published,False,45,xgb_published|s45,36177,9045,0.247837023523233,0.2478717523493643,2,1.1063090797697237,1.228840645937169,2.3259996195675865,2.573274498668544,0.05126048620596946,2.2991202346041053,0.9217845199479738,0.0,0.26087090000510216,0.07082681887671761,0.00806665171758616,False,0.07241310872788327,0.008159273495515183,False,0.08775766671159486,0.008894375289148286,False,0.3221533370429597,0.014723110918382007,False,0.0,0.0,False
adult_income,Adult Income,False,ev10,sex,adult_income|sex,xgb_published,False,45,xgb_published|s45,36177,9045,0.247837023523233,0.2478717523493643,2,1.1731656990995085,1.308389684325945,2.2969689666848394,2.6947252036106955,0.04262004572392719,2.6621259258418206,0.9217845199479738,0.0,0.26087090000510216,0.11137919453576745,0.009764929281196504,False,0.10858144377514395,0.009688933553072916,False,0.13817413374717036,0.010698108236553872,False,0.4191502355787951,0.015350187841964642,False,0.0,0.0,False
adult_income,Adult Income,False,ev10,race,adult_income|race,xgb_published,False,45,xgb_published|s45,36177,9045,0.247837023523233,0.2478717523493643,4,1.2936585830852216,1.1915071326504367,2.1180249843557375,2.740001200200742,0.06792551182658013,2.1666165865384617,0.9217845199479738,0.0,0.26087090000510216,0.24234882559266496,0.013435179687570076,False,0.23885613894584723,0.013384944654228221,False,0.2907146839011871,0.014241546801842827,False,0.5856171089756207,0.015529378319033052,False,0.000436585830852216,0.0004363674833362307,False
adult_income,Adult Income,False,ev10,age_group,adult_income|age_group,xgb_published,False,45,xgb_published|s45,36177,9045,0.247837023523233,0.2478717523493643,2,1.1063090797697237,1.228840645937169,2.3259996195675865,2.573274498668544,0.05126048620596946,2.2991202346041053,0.9217845199479738,0.0,0.26087090000510216,0.07082681887671761,0.00806665171758616,False,0.07241310872788327,0.008159273495515183,False,0.08775766671159486,0.008894375289148286,False,0.3221533370429597,0.014723110918382007,False,0.0,0.0,False
adult_income,Adult Income,False,m30,sex,adult_income|sex,xgb_published,False,46,xgb_published|s46,36177,9045,0.247837023523233,0.2478717523493643,2,1.1728633047975892,1.2719410522567804,2.2230571143430966,2.607342113882236,0.05109507649123646,2.7971019800529757,0.9218686382654029,0.0,0.2707440999802202,0.11119577504116063,0.009757247925730711,False,0.10841785341508921,0.009682014859158743,False,0.13794609869982133,0.010689949903527951,False,0.41871151597683015,0.015347351556037274,False,0.0,0.0,False
adult_income,Adult Income,False,m30,race,adult_income|race,xgb_published,False,46,xgb_published|s46,36177,9045,0.247837023523233,0.2478717523493643,5,1.3006308113861325,1.488462405112443,2.1310208108190087,2.771671326256261,0.09268755935422612,2.0779990930338017,0.9218686382654029,0.0,0.2707440999802202,0.24911188704454845,0.013560714060606051,False,0.24506142213365784,0.013502456547000016,False,0.2981749681831617,0.014346915240951526,False,0.590985724767322,0.015498034289641452,False,0.0005063081138613241,0.0005060548964841842,False
adult_income,Adult Income,False,m30,age_group,adult_income|age_group,xgb_published,False,46,xgb_published|s46,36177,9045,0.247837023523233,0.2478717523493643,2,1.0997645023153881,1.2771228235924545,2.2637215476706456,2.489560601254628,0.05042163563901392,2.4561352544736232,0.9218686382654029,0.0,0.2707440999802202,0.0669740952546927,0.007904892935326183,False,0.06896703032415433,0.00801302651781143,False,0.08299764502315389,0.008724048841223039,False,0.31295761041676984,0.014663364041433473,False,0.0,0.0,False
adult_income,Adult Income,False,ev10,sex,adult_income|sex,xgb_published,False,46,xgb_published|s46,36177,9045,0.247837023523233,0.2478717523493643,2,1.1728633047975892,1.2719410522567804,2.2230571143430966,2.607342113882236,0.05109507649123646,2.7971019800529757,0.9218686382654029,0.0,0.2707440999802202,0.11119577504116063,0.009757247925730711,False,0.10841785341508921,0.009682014859158743,False,0.13794609869982133,0.010689949903527951,False,0.41871151597683015,0.015347351556037274,False,0.0,0.0,False
adult_income,Adult Income,False,ev10,race,adult_income|race,xgb_published,False,46,xgb_published|s46,36177,9045,0.247837023523233,0.2478717523493643,5,1.3006308113861325,1.488462405112443,2.1310208108190087,2.771671326256261,0.09268755935422612,2.0779990930338017,0.9218686382654029,0.0,0.2707440999802202,0.24911188704454845,0.013560714060606051,False,0.24506142213365784,0.013502456547000016,False,0.2981749681831617,0.014346915240951526,False,0.590985724767322,0.015498034289641452,False,0.0005063081138613241,0.0005060548964841842,False
adult_income,Adult Income,False,ev10,age_group,adult_income|age_group,xgb_published,False,46,xgb_published|s46,36177,9045,0.247837023523233,0.2478717523493643,2,1.0997645023153881,1.2771228235924545,2.2637215476706456,2.489560601254628,0.05042163563901392,2.4561352544736232,0.9218686382654029,0.0,0.2707440999802202,0.0669740952546927,0.007904892935326183,False,0.06896703032415433,0.00801302651781143,False,0.08299764502315389,0.008724048841223039,False,0.31295761041676984,0.014663364041433473,False,0.0,0.0,False
adult_income,Adult Income,False,m30,sex,adult_income|sex,xgb_published,False,47,xgb_published|s47,36177,9045,0.247837023523233,0.2478717523493643,2,1.1774250670224438,1.275260254479977,2.248168187705084,2.6470495790863846,0.041495156338126726,2.6665407217990325,0.9141181482745647,0.0,0.2653667999547906,0.11396274557099045,0.009873124835371944,False,0.11088569199574827,0.009786386655659783,False,0.14138611611528545,0.010813022247084735,False,0.42532981035223394,0.015390138281581485,False,0.0,0.0,False
adult_income,Adult Income,False,m30,race,adult_income|race,xgb_published,False,47,xgb_published|s47,36177,9045,0.247837023523233,0.2478717523493643,5,1.393426537418684,1.2689290896137622,1.9317849830281135,2.6918004599382757,0.10250088429815973,5.467898832684824,0.9141181482745647,0.0,0.2653667999547906,0.34390066041217865,0.014915902076282227,False,0.33590066041217864,0.014828614063794685,False,0.4078887640184759,0.015400526912727065,False,0.694139806128026,0.014340183254646227,False,0.001,0.0009994998749374,False
adult_income,Adult Income,False,m30,age_group,adult_income|age_group,xgb_published,False,47,xgb_published|s47,36177,9045,0.247837023523233,0.2478717523493643,2,1.1074639316466686,1.313001126255849,2.2887982314013557,2.534761488093687,0.04612567884916896,2.2080456283623335,0.9141181482745647,0.0,0.2653667999547906,0.07152730280207761,0.008095987018287417,False,0.07303786466131246,0.008185696171478567,False,0.08862853861879919,0.008925532179830173,False,0.3238288188644289,0.014733942769729681,False,0.0,0.0,False
adult_income,Adult Income,False,ev10,sex,adult_income|sex,xgb_published,False,47,xgb_published|s47,36177,9045,0.247837023523233,0.2478717523493643,2,1.1774250670224438,1.275260254479977,2.248168187705084,2.6470495790863846,0.041495156338126726,2.6665407217990325,0.9141181482745647,0.0,0.2653667999547906,0.11396274557099045,0.009873124835371944,False,0.11088569199574827,0.009786386655659783,False,0.14138611611528545,0.010813022247084735,False,0.42532981035223394,0.015390138281581485,False,0.0,0.0,False
adult_income,Adult Income,False,ev10,race,adult_income|race,xgb_published,False,47,xgb_published|s47,36177,9045,0.247837023523233,0.2478717523493643,3,1.1733365287773332,1.2506635814499167,2.2941418714230664,2.6918004599382757,0.10250088429815973,2.190436994911703,0.9141181482745647,0.0,0.2653667999547906,0.11148281253707093,0.009769268660183307,False,0.10867385983036057,0.00969284208654998,False,0.13830295612716928,0.010702717071421324,False,0.41939807863596695,0.015351790126822907,False,0.0,0.0,False
adult_income,Adult Income,False,ev10,age_group,adult_income|age_group,xgb_published,False,47,xgb_published|s47,36177,9045,0.247837023523233,0.2478717523493643,2,1.1074639316466686,1.313001126255849,2.2887982314013557,2.534761488093687,0.04612567884916896,2.2080456283623335,0.9141181482745647,0.0,0.2653667999547906,0.07152730280207761,0.008095987018287417,False,0.07303786466131246,0.008185696171478567,False,0.08862853861879919,0.008925532179830173,False,0.3238288188644289,0.014733942769729681,False,0.0,0.0,False
adult_income,Adult Income,False,m30,sex,adult_income|sex,logreg_l2,True,42,logreg_l2|s42,36177,9045,0.247837023523233,0.2478717523493643,2,1.2389132031406787,1.5537916152738556,2.6354740165109716,3.265123555589638,0.07855372285017503,2.648510085035937,0.8923449446333628,0.005970149253731343,0.028071200009435415,0.17663853518928718,0.011998274929355306,False,0.1742627930051469,0.011919416297762818,False,0.2166789648823867,0.012961629261172718,False,0.5274506640972171,0.015758345127211002,False,0.0,0.0,False
adult_income,Adult Income,False,m30,race,adult_income|race,logreg_l2,True,42,logreg_l2|s42,36177,9045,0.247837023523233,0.2478717523493643,5,2.668895754763082,1.3100617207269238,2.0270838980759875,5.410075610123603,0.1314591928891231,2.7993421052631575,0.8923449446333628,0.005970149253731343,0.028071200009435415,0.9956755830190523,0.0020720636020585513,False,0.9956755830190523,0.0020720636020585513,False,0.9987023320762093,0.0006475349937017743,False,1.0,0.0,False,0.5731701019247795,0.015339227652692126,False
adult_income,Adult Income,False,m30,age_group,adult_income|age_group,logreg_l2,True,42,logreg_l2|s42,36177,9045,0.247837023523233,0.2478717523493643,2,1.3107194076713862,1.0714266033005126,2.6670264182204386,3.495723287133832,0.06261136819515101,2.2205295618977114,0.8923449446333628,0.005970149253731343,0.028071200009435415,0.2588978254412445,0.013742358372126508,False,0.2540402728275336,0.013672492580492461,False,0.3089697662083831,0.014499380076796924,False,0.5987539439069673,0.015452680459440041,False,0.0006071940767138612,0.0006068904037382343,False
adult_income,Adult Income,False,ev10,sex,adult_income|sex,logreg_l2,True,42,logreg_l2|s42,36177,9045,0.247837023523233,0.2478717523493643,2,1.2389132031406787,1.5537916152738556,2.6354740165109716,3.265123555589638,0.07855372285017503,2.648510085035937,0.8923449446333628,0.005970149253731343,0.028071200009435415,0.17663853518928718,0.011998274929355306,False,0.1742627930051469,0.011919416297762818,False,0.2166789648823867,0.012961629261172718,False,0.5274506640972171,0.015758345127211002,False,0.0,0.0,False
adult_income,Adult Income,False,ev10,race,adult_income|race,logreg_l2,True,42,logreg_l2|s42,36177,9045,0.247837023523233,0.2478717523493643,4,2.153929181623185,1.3100617207269238,2.0270838980759875,4.366195161664348,0.1314591928891231,2.393540669856459,0.8923449446333628,0.005970149253731343,0.028071200009435415,0.9537115701365789,0.0063140758339326085,False,0.9513272868630717,0.00648746803060476,False,0.9644758192391878,0.005588775537282528,False,0.9947728839914202,0.0019385938153125282,False,0.19565889117054902,0.01226238855518424,False
adult_income,Adult Income,False,ev10,age_group,adult_income|age_group,logreg_l2,True,42,logreg_l2|s42,36177,9045,0.247837023523233,0.2478717523493643,2,1.3107194076713862,1.0714266033005126,2.6670264182204386,3.495723287133832,0.06261136819515101,2.2205295618977114,0.8923449446333628,0.005970149253731343,0.028071200009435415,0.2588978254412445,0.013742358372126508,False,0.2540402728275336,0.013672492580492461,False,0.3089697662083831,0.014499380076796924,False,0.5987539439069673,0.015452680459440041,False,0.0006071940767138612,0.0006068904037382343,False
adult_income,Adult Income,False,m30,sex,adult_income|sex,logreg_l2,True,43,logreg_l2|s43,36177,9045,0.247837023523233,0.2478717523493643,2,1.4476536521445054,1.6550262841512942,2.246802032358339,3.2525911677892463,0.04715370839230615,2.7134956124130047,0.8998955634701225,0.005417357656163626,0.02738740004133433,0.40246594431606564,0.015498175161021427,False,0.39446594431606563,0.015445570481226748,False,0.4789262843093018,0.015784524063348522,False,0.7754804782167578,0.01317150489882973,False,0.001,0.0009994998749374,False
adult_income,Adult Income,False,m30,race,adult_income|race,logreg_l2,True,43,logreg_l2|s43,36177,9045,0.247837023523233,0.2478717523493643,5,1.9843229753435292,1.30732048621427,2.2049692981499285,4.375371238245999,0.10023971264540577,2.5897616946160635,0.8998955634701225,0.005417357656163626,0.02738740004133433,0.910475028164894,0.008983236094459212,False,0.9079453389045882,0.00910368242377146,False,0.9306317984114587,0.00797543162849933,False,0.9854916760549647,0.0037213084670432574,False,0.10857241989084698,0.009804536945054206,False
adult_income,Adult Income,False,m30,age_group,adult_income|age_group,logreg_l2,True,43,logreg_l2|s43,36177,9045,0.247837023523233,0.2478717523493643,2,1.578200504919849,1.146946129541888,2.284212371634207,3.6049451182572714,0.048878801563491114,2.2870363198297543,0.8998955634701225,0.005417357656163626,0.02738740004133433,0.5873526866909947,0.015465615836927555,False,0.5801346917401932,0.015503425264641824,False,0.6538786513466054,0.014943745886899517,False,0.8741382979027109,0.010430589397907992,False,0.007,0.0026364749192814,False
adult_income,Adult Income,False,ev10,sex,adult_income|sex,logreg_l2,True,43,logreg_l2|s43,36177,9045,0.247837023523233,0.2478717523493643,2,1.4476536521445054,1.6550262841512942,2.246802032358339,3.2525911677892463,0.04715370839230615,2.7134956124130047,0.8998955634701225,0.005417357656163626,0.02738740004133433,0.40246594431606564,0.015498175161021427,False,0.39446594431606563,0.015445570481226748,False,0.4789262843093018,0.015784524063348522,False,0.7754804782167578,0.01317150489882973,False,0.001,0.0009994998749374,False
adult_income,Adult Income,False,ev10,race,adult_income|race,logreg_l2,True,43,logreg_l2|s43,36177,9045,0.247837023523233,0.2478717523493643,4,1.4692834584285832,1.30732048621427,2.2049692981499285,3.239724916114573,0.10023971264540577,2.5897616946160635,0.8998955634701225,0.005417357656163626,0.02738740004133433,0.43431085681144643,0.01563004513766793,False,0.4263108568114464,0.015594157390725514,False,0.5093825109685881,0.015770736818387,False,0.7978977892600115,0.012663101894037186,False,0.003314015011429983,0.001630830679262113,False
adult_income,Adult Income,False,ev10,age_group,adult_income|age_group,logreg_l2,True,43,logreg_l2|s43,36177,9045,0.247837023523233,0.2478717523493643,2,1.578200504919849,1.146946129541888,2.284212371634207,3.6049451182572714,0.048878801563491114,2.2870363198297543,0.8998955634701225,0.005417357656163626,0.02738740004133433,0.5873526866909947,0.015465615836927555,False,0.5801346917401932,0.015503425264641824,False,0.6538786513466054,0.014943745886899517,False,0.8741382979027109,0.010430589397907992,False,0.007,0.0026364749192814,False
adult_income,Adult Income,False,m30,sex,adult_income|sex,logreg_l2,True,44,logreg_l2|s44,36177,9045,0.247837023523233,0.2478717523493643,2,1.2818482603488546,1.6305356332347685,2.407527856556119,3.0860853946678675,0.048481377058591124,2.544038257504837,0.8906406472035807,0.004864566058595909,0.02462720003677532,0.23089281253838892,0.013222535838849764,False,0.22834495171048055,0.013185890159868801,False,0.27807763857327433,0.014063062217231848,False,0.5765231604686181,0.015582472263608075,False,0.00031848260348854546,0.0003183233223565387,False
adult_income,Adult Income,False,m30,race,adult_income|race,logreg_l2,True,44,logreg_l2|s44,36177,9045,0.247837023523233,0.2478717523493643,5,3.3072023051645707,1.379086516487603,1.907265341249294,6.307712333140157,0.18801846085218454,2.6822660098522166,0.8906406472035807,0.004864566058595909,0.02462720003677532,1.0,0.0,True,1.0,0.0,True,1.0,0.0,True,1.0,0.0,True,0.806,0.0125045591685592,True
adult_income,Adult Income,False,m30,age_group,adult_income|age_group,logreg_l2,True,44,logreg_l2|s44,36177,9045,0.247837023523233,0.2478717523493643,2,1.3032955959215167,1.1218205264172747,2.5161459468187974,3.2792819311847135,0.059364614752993816,2.178851201497548,0.8906406472035807,0.004864566058595909,0.02462720003677532,0.2516967280438711,0.01360869327779286,False,0.24743308037014977,0.013547369573519973,False,0.3010262876360228,0.014387187041434272,False,0.5930376088595678,0.015486054606648505,False,0.0005329559592151663,0.0005326894145827007,False
adult_income,Adult Income,False,ev10,sex,adult_income|sex,logreg_l2,True,44,logreg_l2|s44,36177,9045,0.247837023523233,0.2478717523493643,2,1.2818482603488546,1.6305356332347685,2.407527856556119,3.0860853946678675,0.048481377058591124,2.544038257504837,0.8906406472035807,0.004864566058595909,0.02462720003677532,0.23089281253838892,0.013222535838849764,False,0.22834495171048055,0.013185890159868801,False,0.27807763857327433,0.014063062217231848,False,0.5765231604686181,0.015582472263608075,False,0.00031848260348854546,0.0003183233223565387,False
adult_income,Adult Income,False,ev10,race,adult_income|race,logreg_l2,True,44,logreg_l2|s44,36177,9045,0.247837023523233,0.2478717523493643,4,2.0188600128022176,1.379086516487603,1.907265341249294,3.850501731251775,0.18801846085218454,2.6822660098522166,0.8906406472035807,0.004864566058595909,0.02462720003677532,0.9223755229701145,0.008386760618931694,False,0.9194509630213233,0.008533343361648396,False,0.9412439222019814,0.007376398326555346,False,0.9888298405632976,0.0032588973176077398,False,0.12488264670836204,0.01035473026074656,False
adult_income,Adult Income,False,ev10,age_group,adult_income|age_group,logreg_l2,True,44,logreg_l2|s44,36177,9045,0.247837023523233,0.2478717523493643,2,1.3032955959215167,1.1218205264172747,2.5161459468187974,3.2792819311847135,0.059364614752993816,2.178851201497548,0.8906406472035807,0.004864566058595909,0.02462720003677532,0.2516967280438711,0.01360869327779286,False,0.24743308037014977,0.013547369573519973,False,0.3010262876360228,0.014387187041434272,False,0.5930376088595678,0.015486054606648505,False,0.0005329559592151663,0.0005326894145827007,False
adult_income,Adult Income,False,m30,sex,adult_income|sex,logreg_l2,True,45,logreg_l2|s45,36177,9045,0.247837023523233,0.2478717523493643,2,1.2545960108912688,1.6091151762179823,2.5617343651038236,3.213941715422334,0.055889255413047234,2.6621259258418206,0.8942171508791511,0.005306799336650083,0.0262306000222452,0.20445813056453077,0.01273186142289137,False,0.20409044969322926,0.012726573098258578,False,0.24891773165365763,0.013651210100001037,False,0.555538928386277,0.015704986224872684,False,4.596010891268816e-05,4.593712311034109e-05,False
adult_income,Adult Income,False,m30,race,adult_income|race,logreg_l2,True,45,logreg_l2|s45,36177,9045,0.247837023523233,0.2478717523493643,5,2.038967434960068,1.3442250110882297,1.9609607840615126,3.9983351799351863,0.07649802584108267,2.887834821428571,0.8942171508791511,0.005306799336650083,0.0262306000222452,0.9270404449107358,0.008078205022299783,False,0.9241963146505761,0.008228778823917707,False,0.9447023988131317,0.0071102792233087245,False,0.989714567138243,0.0030623469121460237,False,0.1354189359190756,0.01063871876081667,False
adult_income,Adult Income,False,m30,age_group,adult_income|age_group,logreg_l2,True,45,logreg_l2|s45,36177,9045,0.247837023523233,0.2478717523493643,2,1.3698133494266165,1.1044701464714641,2.532684531852208,3.4693050816174553,0.06365059010467178,2.2991202346041053,0.8942171508791511,0.005306799336650083,0.0262306000222452,0.3183984173807457,0.01466235135940957,False,0.3103984173807457,0.014559960495531007,False,0.37695548774886745,0.015233315418036842,False,0.6587200241399246,0.014849084048237867,False,0.001,0.0009994998749374,False
adult_income,Adult Income,False,ev10,sex,adult_income|sex,logreg_l2,True,45,logreg_l2|s45,36177,9045,0.247837023523233,0.2478717523493643,2,1.2545960108912688,1.6091151762179823,2.5617343651038236,3.213941715422334,0.055889255413047234,2.6621259258418206,0.8942171508791511,0.005306799336650083,0.0262306000222452,0.20445813056453077,0.01273186142289137,False,0.20409044969322926,0.012726573098258578,False,0.24891773165365763,0.013651210100001037,False,0.555538928386277,0.015704986224872684,False,4.596010891268816e-05,4.593712311034109e-05,False
adult_income,Adult Income,False,ev10,race,adult_income|race,logreg_l2,True,45,logreg_l2|s45,36177,9045,0.247837023523233,0.2478717523493643,4,1.6191041153956358,1.257688195951381,1.9609607840615126,3.174999675603448,0.07649802584108267,2.1666165865384617,0.8942171508791511,0.005306799336650083,0.0262306000222452,0.6382692484738077,0.015071942567927078,False,0.6330522992440671,0.01509715321640451,False,0.7007220330877231,0.01436749554539937,False,0.8964246969285137,0.009516169312471555,False,0.009674576155389003,0.0029651192859523837,False
adult_income,Adult Income,False,ev10,age_group,adult_income|age_group,logreg_l2,True,45,logreg_l2|s45,36177,9045,0.247837023523233,0.2478717523493643,2,1.3698133494266165,1.1044701464714641,2.532684531852208,3.4693050816174553,0.06365059010467178,2.2991202346041053,0.8942171508791511,0.005306799336650083,0.0262306000222452,0.3183984173807457,0.01466235135940957,False,0.3103984173807457,0.014559960495531007,False,0.37695548774886745,0.015233315418036842,False,0.6587200241399246,0.014849084048237867,False,0.001,0.0009994998749374,False
adult_income,Adult Income,False,m30,sex,adult_income|sex,logreg_l2,True,46,logreg_l2|s46,36177,9045,0.247837023523233,0.2478717523493643,2,1.5591362045634813,1.6340683443929394,2.0995909809092046,3.273548313110494,0.07094586102560763,2.7971019800529757,0.896096405230258,0.005417357656163626,0.02437230001669377,0.5614252382063347,0.015547126778890256,False,0.5540166002519695,0.015572878647014524,False,0.6292857038868911,0.015133549787437356,False,0.862890360692454,0.010797057516921999,False,0.007,0.0026364749192814,False
adult_income,Adult Income,False,m30,race,adult_income|race,logreg_l2,True,46,logreg_l2|s46,36177,9045,0.247837023523233,0.2478717523493643,5,2.5242095113372853,1.5215804766137022,1.7056993929804862,4.305542631243577,0.06889838556505223,2.0779990930338017,0.896096405230258,0.005417357656163626,0.02437230001669377,0.9950968380453491,0.0022077647200026023,False,0.9950968380453491,0.0022077647200026023,False,0.9963873521813965,0.0018027076415918462,False,1.0,0.0,False,0.4539486373419231,0.015625186353396273,False
adult_income,Adult Income,False,m30,age_group,adult_income|age_group,logreg_l2,True,46,logreg_l2|s46,36177,9045,0.247837023523233,0.2478717523493643,2,1.439517949404419,1.1115017272797139,2.416289883674506,3.478292658513767,0.06275140316676775,2.4561352544736232,0.896096405230258,0.005417357656163626,0.02437230001669377,0.3936793853567724,0.015410816636509415,False,0.3856793853567724,0.015353008410734994,False,0.46826851371978867,0.01572691290910784,False,0.7632769241066283,0.013346841900434362,False,0.001,0.0009994998749374,False
adult_income,Adult Income,False,ev10,sex,adult_income|sex,logreg_l2,True,46,logreg_l2|s46,36177,9045,0.247837023523233,0.2478717523493643,2,1.5591362045634813,1.6340683443929394,2.0995909809092046,3.273548313110494,0.07094586102560763,2.7971019800529757,0.896096405230258,0.005417357656163626,0.02437230001669377,0.5614252382063347,0.015547126778890256,False,0.5540166002519695,0.015572878647014524,False,0.6292857038868911,0.015133549787437356,False,0.862890360692454,0.010797057516921999,False,0.007,0.0026364749192814,False
adult_income,Adult Income,False,ev10,race,adult_income|race,logreg_l2,True,46,logreg_l2|s46,36177,9045,0.247837023523233,0.2478717523493643,5,2.5242095113372853,1.5215804766137022,1.7056993929804862,4.305542631243577,0.06889838556505223,2.0779990930338017,0.896096405230258,0.005417357656163626,0.02437230001669377,0.9950968380453491,0.0022077647200026023,False,0.9950968380453491,0.0022077647200026023,False,0.9963873521813965,0.0018027076415918462,False,1.0,0.0,False,0.4539486373419231,0.015625186353396273,False
adult_income,Adult Income,False,ev10,age_group,adult_income|age_group,logreg_l2,True,46,logreg_l2|s46,36177,9045,0.247837023523233,0.2478717523493643,2,1.439517949404419,1.1115017272797139,2.416289883674506,3.478292658513767,0.06275140316676775,2.4561352544736232,0.896096405230258,0.005417357656163626,0.02437230001669377,0.3936793853567724,0.015410816636509415,False,0.3856793853567724,0.015353008410734994,False,0.46826851371978867,0.01572691290910784,False,0.7632769241066283,0.013346841900434362,False,0.001,0.0009994998749374,False
adult_income,Adult Income,False,m30,sex,adult_income|sex,logreg_l2,True,47,logreg_l2|s47,36177,9045,0.247837023523233,0.2478717523493643,2,1.423251852507657,1.5392577340921683,2.2195967220662975,3.1590451465007807,0.06189300060427905,2.6665407217990325,0.8884679294161427,0.004754007739082366,0.023830999969504774,0.37611200070826933,0.015236156589323936,False,0.3681120007082693,0.015167944666927682,False,0.4469599267850304,0.01561172819216927,False,0.7388777787614852,0.013697401495444638,False,0.001,0.0009994998749374,False
adult_income,Adult Income,False,m30,race,adult_income|race,logreg_l2,True,47,logreg_l2|s47,36177,9045,0.247837023523233,0.2478717523493643,5,1.791099045839795,1.2835891001760813,1.7042707281899503,3.052517675113713,0.1006231372962404,5.467898832684824,0.8884679294161427,0.004754007739082366,0.023830999969504774,0.8075634529481492,0.012361564239688996,False,0.8126454974756254,0.012248611878022658,False,0.845987605613782,0.011344198829118964,False,0.9640139300282516,0.005874014037873902,False,0.0406037073908705,0.00605559750482422,False
adult_income,Adult Income,False,m30,age_group,adult_income|age_group,logreg_l2,True,47,logreg_l2|s47,36177,9045,0.247837023523233,0.2478717523493643,2,1.3978535486577444,1.0636119895186495,2.415604731931397,3.3766616466847426,0.0638116691380115,2.2080456283623335,0.8884679294161427,0.004754007739082366,0.023830999969504774,0.3486818325503638,0.014963437880157762,False,0.3406818325503638,0.014878981357127398,False,0.41368814874164495,0.015431875799905804,False,0.7007803229866163,0.014244774302091675,False,0.001,0.0009994998749374,False
adult_income,Adult Income,False,ev10,sex,adult_income|sex,logreg_l2,True,47,logreg_l2|s47,36177,9045,0.247837023523233,0.2478717523493643,2,1.423251852507657,1.5392577340921683,2.2195967220662975,3.1590451465007807,0.06189300060427905,2.6665407217990325,0.8884679294161427,0.004754007739082366,0.023830999969504774,0.37611200070826933,0.015236156589323936,False,0.3681120007082693,0.015167944666927682,False,0.4469599267850304,0.01561172819216927,False,0.7388777787614852,0.013697401495444638,False,0.001,0.0009994998749374,False
adult_income,Adult Income,False,ev10,race,adult_income|race,logreg_l2,True,47,logreg_l2|s47,36177,9045,0.247837023523233,0.2478717523493643,3,1.267874613173112,1.2835891001760813,2.4075863996315627,3.052517675113713,0.1006231372962404,2.190436994911703,0.8884679294161427,0.004754007739082366,0.023830999969504774,0.21733837477791865,0.012970941518996009,False,0.2159084057240697,0.012950374388199041,False,0.2631258360952298,0.013851884193791146,False,0.5657634521432963,0.015645291550194992,False,0.00017874613173111994,0.00017865673631079838,False
adult_income,Adult Income,False,ev10,age_group,adult_income|age_group,logreg_l2,True,47,logreg_l2|s47,36177,9045,0.247837023523233,0.2478717523493643,2,1.3978535486577444,1.0636119895186495,2.415604731931397,3.3766616466847426,0.0638116691380115,2.2080456283623335,0.8884679294161427,0.004754007739082366,0.023830999969504774,0.3486818325503638,0.014963437880157762,False,0.3406818325503638,0.014878981357127398,False,0.41368814874164495,0.015431875799905804,False,0.7007803229866163,0.014244774302091675,False,0.001,0.0009994998749374,False
adult_income,Adult Income,False,m30,sex,adult_income|sex,random_forest,False,42,random_forest|s42,36177,9045,0.247837023523233,0.2478717523493643,2,1.3094113474667743,1.1138149900125318,3.3032604386588784,4.32532670201801,0.055526625868070445,2.648510085035937,0.911105034078081,0.0070757324488667775,1.9596740000415593,0.25762900704277103,0.013718806860243599,False,0.2528760992454291,0.013650446166653242,False,0.30757014178944847,0.01447961189708856,False,0.5977467375494162,0.015458560914831035,False,0.0005941134746677429,0.0005938163436290332,False
adult_income,Adult Income,False,m30,race,adult_income|race,random_forest,False,42,random_forest|s42,36177,9045,0.247837023523233,0.2478717523493643,5,1.5198292255058294,1.0142666122482078,2.649862825242451,4.027338965384923,0.14872408293460937,2.7993421052631575,0.911105034078081,0.0070757324488667775,1.9596740000415593,0.5079677466879282,0.015715186913739482,False,0.5001660389429865,0.01571607837610896,False,0.5785797009025202,0.01552488950639062,False,0.8396992430484395,0.011552645417349159,False,0.007,0.0026364749192814,False
adult_income,Adult Income,False,m30,age_group,adult_income|age_group,random_forest,False,42,random_forest|s42,36177,9045,0.247837023523233,0.2478717523493643,2,1.7200364176204719,1.680749120628915,2.4760133714759798,4.258833169453931,0.05343542632061138,2.2205295618977114,0.911105034078081,0.0070757324488667775,1.9596740000415593,0.750640544950792,0.013484488531798037,False,0.7548439439287027,0.013370293292739057,False,0.7996356892680624,0.01246966441110809,False,0.9462179660260994,0.006898971929609752,False,0.023805098466866063,0.0047014379719724315,False
adult_income,Adult Income,False,ev10,sex,adult_income|sex,random_forest,False,42,random_forest|s42,36177,9045,0.247837023523233,0.2478717523493643,2,1.3094113474667743,1.1138149900125318,3.3032604386588784,4.32532670201801,0.055526625868070445,2.648510085035937,0.911105034078081,0.0070757324488667775,1.9596740000415593,0.25762900704277103,0.013718806860243599,False,0.2528760992454291,0.013650446166653242,False,0.30757014178944847,0.01447961189708856,False,0.5977467375494162,0.015458560914831035,False,0.0005941134746677429,0.0005938163436290332,False
adult_income,Adult Income,False,ev10,race,adult_income|race,random_forest,False,42,random_forest|s42,36177,9045,0.247837023523233,0.2478717523493643,4,1.5198292255058294,1.0142666122482078,2.649862825242451,4.027338965384923,0.13959340437621992,2.393540669856459,0.911105034078081,0.0070757324488667775,1.9596740000415593,0.5079677466879282,0.015715186913739482,False,0.5001660389429865,0.01571607837610896,False,0.5785797009025202,0.01552488950639062,False,0.8396992430484395,0.011552645417349159,False,0.007,0.0026364749192814,False
adult_income,Adult Income,False,ev10,age_group,adult_income|age_group,random_forest,False,42,random_forest|s42,36177,9045,0.247837023523233,0.2478717523493643,2,1.7200364176204719,1.680749120628915,2.4760133714759798,4.258833169453931,0.05343542632061138,2.2205295618977114,0.911105034078081,0.0070757324488667775,1.9596740000415593,0.750640544950792,0.013484488531798037,False,0.7548439439287027,0.013370293292739057,False,0.7996356892680624,0.01246966441110809,False,0.9462179660260994,0.006898971929609752,False,0.023805098466866063,0.0047014379719724315,False
adult_income,Adult Income,False,m30,sex,adult_income|sex,random_forest,False,43,random_forest|s43,36177,9045,0.247837023523233,0.2478717523493643,2,1.0616699219663872,1.0979587870769039,3.0815160351895643,3.271552888617876,0.037770335318579096,2.7134956124130047,0.9167168338783211,0.0017689331122166944,1.9594096000073478,0.06278369141630259,0.007662753706726895,False,0.06363378907529421,0.007706153844506333,False,0.08261669921966387,0.008705768174478084,False,0.3061005859539497,0.014570947734254611,False,0.0,0.0,False
adult_income,Adult Income,False,m30,race,adult_income|race,random_forest,False,43,random_forest|s43,36177,9045,0.247837023523233,0.2478717523493643,5,1.541159994851216,1.2340988538843245,2.2156811685508253,3.414719178315726,0.09200937809973231,2.5897616946160635,0.9167168338783211,0.0017689331122166944,1.9594096000073478,0.5369775929976539,0.01562398550222003,False,0.529389192946166,0.015638367993249084,False,0.6060963933580689,0.015312520673150167,False,0.8522843969622175,0.011142609550676797,False,0.007,0.0026364749192814,False
adult_income,Adult Income,False,m30,age_group,adult_income|age_group,random_forest,False,43,random_forest|s43,36177,9045,0.247837023523233,0.2478717523493643,2,1.3981985910717567,1.611642249981572,2.4779990215420553,3.4647347405972937,0.03802093356316949,2.2870363198297543,0.9167168338783211,0.0017689331122166944,1.9594096000073478,0.3490544783574971,0.014967142833146476,False,0.3410544783574971,0.014882906997145081,False,0.4141401543040011,0.015434319140372915,False,0.7012978866076349,0.014237338103372018,False,0.001,0.0009994998749374,False
adult_income,Adult Income,False,ev10,sex,adult_income|sex,random_forest,False,43,random_forest|s43,36177,9045,0.247837023523233,0.2478717523493643,2,1.0616699219663872,1.0979587870769039,3.0815160351895643,3.271552888617876,0.037770335318579096,2.7134956124130047,0.9167168338783211,0.0017689331122166944,1.9594096000073478,0.06278369141630259,0.007662753706726895,False,0.06363378907529421,0.007706153844506333,False,0.08261669921966387,0.008705768174478084,False,0.3061005859539497,0.014570947734254611,False,0.0,0.0,False
adult_income,Adult Income,False,ev10,race,adult_income|race,random_forest,False,43,random_forest|s43,36177,9045,0.247837023523233,0.2478717523493643,4,1.3658024436902296,1.2340988538843245,2.500156002862007,3.414719178315726,0.09200937809973231,2.5897616946160635,0.9167168338783211,0.0017689331122166944,1.9594096000073478,0.31406663918544786,0.014619283560808587,False,0.30606663918544785,0.014514327346021014,False,0.37170120123420064,0.015204913088649208,False,0.6527036655353443,0.01493552528238864,False,0.001,0.0009994998749374,False
adult_income,Adult Income,False,ev10,age_group,adult_income|age_group,random_forest,False,43,random_forest|s43,36177,9045,0.247837023523233,0.2478717523493643,2,1.3981985910717567,1.611642249981572,2.4779990215420553,3.4647347405972937,0.03802093356316949,2.2870363198297543,0.9167168338783211,0.0017689331122166944,1.9594096000073478,0.3490544783574971,0.014967142833146476,False,0.3410544783574971,0.014882906997145081,False,0.4141401543040011,0.015434319140372915,False,0.7012978866076349,0.014237338103372018,False,0.001,0.0009994998749374,False
adult_income,Adult Income,False,m30,sex,adult_income|sex,random_forest,False,44,random_forest|s44,36177,9045,0.247837023523233,0.2478717523493643,2,1.5937789936760243,1.0518455454708897,3.134385555892197,4.995517857062532,0.0343509544371543,2.544038257504837,0.9083592233735365,0.010945273631840797,2.062821300001815,0.6085394313993929,0.015399008761444347,False,0.6014772213361531,0.015446671084517399,False,0.6739749018420713,0.01478864667658838,False,0.8833296062688543,0.010131128134455464,False,0.007,0.0026364749192814,False
adult_income,Adult Income,False,m30,race,adult_income|race,random_forest,False,44,random_forest|s44,36177,9045,0.247837023523233,0.2478717523493643,5,1.7106772811447553,1.1862535695205285,2.5206994088518506,4.312103211317876,0.1295628086672862,2.6822660098522166,0.9083592233735365,0.010945273631840797,2.062821300001815,0.7402207063411609,0.013631688175971051,False,0.7435505859146714,0.013530419608534652,False,0.7904637355218601,0.01264564435213955,False,0.9416007920314126,0.007141656451315477,False,0.022494819360265733,0.004540434574748823,False
adult_income,Adult Income,False,m30,age_group,adult_income|age_group,random_forest,False,44,random_forest|s44,36177,9045,0.247837023523233,0.2478717523493643,2,1.770268918397284,1.5730105899219797,2.580071958570256,4.567421195485329,0.04861268011006614,2.178851201497548,0.9083592233735365,0.010945273631840797,2.062821300001815,0.7956208465477762,0.01269184336126261,False,0.8016749636892363,0.012557285935558162,False,0.8373778196042106,0.01162906631930543,False,0.9624863873491342,0.005999704949537284,False,0.03421580164183375,0.005630520313603338,False
adult_income,Adult Income,False,ev10,sex,adult_income|sex,random_forest,False,44,random_forest|s44,36177,9045,0.247837023523233,0.2478717523493643,2,1.5937789936760243,1.0518455454708897,3.134385555892197,4.995517857062532,0.0343509544371543,2.544038257504837,0.9083592233735365,0.010945273631840797,2.062821300001815,0.6085394313993929,0.015399008761444347,False,0.6014772213361531,0.015446671084517399,False,0.6739749018420713,0.01478864667658838,False,0.8833296062688543,0.010131128134455464,False,0.007,0.0026364749192814,False
adult_income,Adult Income,False,ev10,race,adult_income|race,random_forest,False,44,random_forest|s44,36177,9045,0.247837023523233,0.2478717523493643,4,1.6445437641733738,1.1807688179302929,2.6220665605000453,4.312103211317876,0.12446062914446998,2.6822660098522166,0.9083592233735365,0.010945273631840797,2.062821300001815,0.6665920574463561,0.014671830094122948,False,0.6637494754358709,0.014661903955483651,False,0.7256528888899063,0.013889153563381784,False,0.9089749236588643,0.008856513476486512,False,0.01323612698427232,0.003402752596249594,False
adult_income,Adult Income,False,ev10,age_group,adult_income|age_group,random_forest,False,44,random_forest|s44,36177,9045,0.247837023523233,0.2478717523493643,2,1.770268918397284,1.5730105899219797,2.580071958570256,4.567421195485329,0.04861268011006614,2.178851201497548,0.9083592233735365,0.010945273631840797,2.062821300001815,0.7956208465477762,0.01269184336126261,False,0.8016749636892363,0.012557285935558162,False,0.8373778196042106,0.01162906631930543,False,0.9624863873491342,0.005999704949537284,False,0.03421580164183375,0.005630520313603338,False
adult_income,Adult Income,False,m30,sex,adult_income|sex,random_forest,False,45,random_forest|s45,36177,9045,0.247837023523233,0.2478717523493643,2,1.0963637579402106,1.0506226068005504,3.1099755782739433,3.4096645120986997,0.0462615945658198,2.6621259258418206,0.9148920630204207,0.0015478164731896075,2.0400163999875076,0.06660001337342315,0.007883276904590975,False,0.06849092611162948,0.007985631662478279,False,0.0829636375794021,0.00872241690633787,False,0.3123454764292379,0.014655113937772166,False,0.0,0.0,False
adult_income,Adult Income,False,m30,race,adult_income|race,random_forest,False,45,random_forest|s45,36177,9045,0.247837023523233,0.2478717523493643,5,1.706644796046533,1.4328167058383747,2.3009420443724147,3.926890766032852,0.08472282193509828,2.887834821428571,0.9148920630204207,0.0015478164731896075,2.0400163999875076,0.73573120626514,0.013695110733504153,False,0.7386847205628164,0.01359941176223968,False,0.7865119001256022,0.01272146721161346,False,0.9396114327162896,0.007246219700274042,False,0.02193027144651461,0.004471064521031591,False
adult_income,Adult Income,False,m30,age_group,adult_income|age_group,random_forest,False,45,random_forest|s45,36177,9045,0.247837023523233,0.2478717523493643,2,1.348255885622825,1.5388735452636009,2.58304248510672,3.4826022333589437,0.05068039873634378,2.2991202346041053,0.9148920630204207,0.0015478164731896075,2.0400163999875076,0.29530820905414024,0.014418199440755456,False,0.2874477382043142,0.014305142915749565,False,0.3491337976164227,0.015066653539552659,False,0.6276570319295752,0.015283933192800286,False,0.0009825588562282497,0.0009820674539187703,False
adult_income,Adult Income,False,ev10,sex,adult_income|sex,random_forest,False,45,random_forest|s45,36177,9045,0.247837023523233,0.2478717523493643,2,1.0963637579402106,1.0506226068005504,3.1099755782739433,3.4096645120986997,0.0462615945658198,2.6621259258418206,0.9148920630204207,0.0015478164731896075,2.0400163999875076,0.06660001337342315,0.007883276904590975,False,0.06849092611162948,0.007985631662478279,False,0.0829636375794021,0.00872241690633787,False,0.3123454764292379,0.014655113937772166,False,0.0,0.0,False
adult_income,Adult Income,False,ev10,race,adult_income|race,random_forest,False,45,random_forest|s45,36177,9045,0.247837023523233,0.2478717523493643,4,1.706644796046533,1.4328167058383747,2.3009420443724147,3.926890766032852,0.06743427032277616,2.1666165865384617,0.9148920630204207,0.0015478164731896075,2.0400163999875076,0.73573120626514,0.013695110733504153,False,0.7386847205628164,0.01359941176223968,False,0.7865119001256022,0.01272146721161346,False,0.9396114327162896,0.007246219700274042,False,0.02193027144651461,0.004471064521031591,False
adult_income,Adult Income,False,ev10,age_group,adult_income|age_group,random_forest,False,45,random_forest|s45,36177,9045,0.247837023523233,0.2478717523493643,2,1.348255885622825,1.5388735452636009,2.58304248510672,3.4826022333589437,0.05068039873634378,2.2991202346041053,0.9148920630204207,0.0015478164731896075,2.0400163999875076,0.29530820905414024,0.014418199440755456,False,0.2874477382043142,0.014305142915749565,False,0.3491337976164227,0.015066653539552659,False,0.6276570319295752,0.015283933192800286,False,0.0009825588562282497,0.0009820674539187703,False
adult_income,Adult Income,False,m30,sex,adult_income|sex,random_forest,False,46,random_forest|s46,36177,9045,0.247837023523233,0.2478717523493643,2,1.1157978025474076,1.0715328069759722,3.393850366741866,3.786850781385287,0.05408175371204349,2.7971019800529757,0.9150421057089916,0.006301824212271974,1.8936336999759078,0.07658227367629636,0.008307682226789305,False,0.07754635219777783,0.008376372720330384,False,0.09491309700296303,0.009150372706823298,False,0.33591976271222235,0.014812109721309927,False,0.0,0.0,False
adult_income,Adult Income,False,m30,race,adult_income|race,random_forest,False,46,random_forest|s46,36177,9045,0.247837023523233,0.2478717523493643,5,1.6416994887349827,1.1849242440199288,2.3454775349975407,3.85056927004485,0.12008547008546999,2.0779990930338017,0.9150421057089916,0.006301824212271974,1.8936336999759078,0.663425430791614,0.014716564598587917,False,0.6603173830735457,0.014710566922226274,False,0.7228654989602831,0.013942634504195498,False,0.9075717477759248,0.008930266180719027,False,0.012837928422897573,0.0033538230812875246,False
adult_income,Adult Income,False,m30,age_group,adult_income|age_group,random_forest,False,46,random_forest|s46,36177,9045,0.247837023523233,0.2478717523493643,2,1.5327315443570377,1.5513438891937028,2.5936882119412665,3.9754277386693815,0.04924864587161093,2.4561352544736232,0.9150421057089916,0.006301824212271974,1.8936336999759078,0.5255149003255715,0.015660022016869096,False,0.5178422157691418,0.01566907378281592,False,0.5952236922205789,0.015396434205216965,False,0.8473116111706523,0.011304627476384336,False,0.007,0.0026364749192814,False
adult_income,Adult Income,False,ev10,sex,adult_income|sex,random_forest,False,46,random_forest|s46,36177,9045,0.247837023523233,0.2478717523493643,2,1.1157978025474076,1.0715328069759722,3.393850366741866,3.786850781385287,0.05408175371204349,2.7971019800529757,0.9150421057089916,0.006301824212271974,1.8936336999759078,0.07658227367629636,0.008307682226789305,False,0.07754635219777783,0.008376372720330384,False,0.09491309700296303,0.009150372706823298,False,0.33591976271222235,0.014812109721309927,False,0.0,0.0,False
adult_income,Adult Income,False,ev10,race,adult_income|race,random_forest,False,46,random_forest|s46,36177,9045,0.247837023523233,0.2478717523493643,5,1.6416994887349827,1.1849242440199288,2.3454775349975407,3.85056927004485,0.12008547008546999,2.0779990930338017,0.9150421057089916,0.006301824212271974,1.8936336999759078,0.663425430791614,0.014716564598587917,False,0.6603173830735457,0.014710566922226274,False,0.7228654989602831,0.013942634504195498,False,0.9075717477759248,0.008930266180719027,False,0.012837928422897573,0.0033538230812875246,False
adult_income,Adult Income,False,ev10,age_group,adult_income|age_group,random_forest,False,46,random_forest|s46,36177,9045,0.247837023523233,0.2478717523493643,2,1.5327315443570377,1.5513438891937028,2.5936882119412665,3.9754277386693815,0.04924864587161093,2.4561352544736232,0.9150421057089916,0.006301824212271974,1.8936336999759078,0.5255149003255715,0.015660022016869096,False,0.5178422157691418,0.01566907378281592,False,0.5952236922205789,0.015396434205216965,False,0.8473116111706523,0.011304627476384336,False,0.007,0.0026364749192814,False
adult_income,Adult Income,False,m30,sex,adult_income|sex,random_forest,False,47,random_forest|s47,36177,9045,0.247837023523233,0.2478717523493643,2,1.2986893577486238,1.1303901500657798,3.483463966155875,4.523937580947447,0.03796330759828703,2.6665407217990325,0.9053522393895855,0.010503040353786623,1.8677921999478713,0.24722867701616505,0.01352575835424583,False,0.24333352839627514,0.013469734742459777,False,0.2960976127910274,0.014317574844946498,False,0.5894908054664403,0.015506762199464563,False,0.00048689357748623777,0.0004866500698053178,False
adult_income,Adult Income,False,m30,race,adult_income|race,random_forest,False,47,random_forest|s47,36177,9045,0.247837023523233,0.2478717523493643,5,1.7085011088869821,1.091089636213291,2.45131894194557,4.18808113054967,0.1187090530077427,5.467898832684824,0.9053522393895855,0.010503040353786623,1.8677921999478713,0.7377979012275068,0.013665914814596796,False,0.7409246713902917,0.013567651937294674,False,0.7883310867092425,0.012686562941861032,False,0.9405272137175779,0.0071980850892456125,False,0.022190155244177497,0.0045029983083417335,False
adult_income,Adult Income,False,m30,age_group,adult_income|age_group,random_forest,False,47,random_forest|s47,36177,9045,0.247837023523233,0.2478717523493643,2,1.7931552302966354,1.6116911565660355,2.5032743090801786,4.488759420194318,0.048122435881946424,2.2080456283623335,0.9053522393895855,0.010503040353786623,1.8677921999478713,0.8087423320367376,0.012328961712504619,False,0.8137284212895614,0.01221814203087045,False,0.846837495189276,0.011316078976890642,False,0.9641647168884199,0.0058616068310701226,False,0.041234270624301524,0.006097557743231688,False
adult_income,Adult Income,False,ev10,sex,adult_income|sex,random_forest,False,47,random_forest|s47,36177,9045,0.247837023523233,0.2478717523493643,2,1.2986893577486238,1.1303901500657798,3.483463966155875,4.523937580947447,0.03796330759828703,2.6665407217990325,0.9053522393895855,0.010503040353786623,1.8677921999478713,0.24722867701616505,0.01352575835424583,False,0.24333352839627514,0.013469734742459777,False,0.2960976127910274,0.014317574844946498,False,0.5894908054664403,0.015506762199464563,False,0.00048689357748623777,0.0004866500698053178,False
adult_income,Adult Income,False,ev10,race,adult_income|race,random_forest,False,47,random_forest|s47,36177,9045,0.247837023523233,0.2478717523493643,3,1.6594124786817257,1.091089636213291,2.5238336967772925,4.18808113054967,0.10657612617479229,2.190436994911703,0.9053522393895855,0.010503040353786623,1.8677921999478713,0.6831458929323212,0.014437976309575808,False,0.6816910576092823,0.014407513768844494,False,0.7402242291080912,0.013609576968983095,False,0.9163101561496513,0.008470964352568852,False,0.015317747015441592,0.0036585361885076943,False
adult_income,Adult Income,False,ev10,age_group,adult_income|age_group,random_forest,False,47,random_forest|s47,36177,9045,0.247837023523233,0.2478717523493643,2,1.7931552302966354,1.6116911565660355,2.5032743090801786,4.488759420194318,0.048122435881946424,2.2080456283623335,0.9053522393895855,0.010503040353786623,1.8677921999478713,0.8087423320367376,0.012328961712504619,False,0.8137284212895614,0.01221814203087045,False,0.846837495189276,0.011316078976890642,False,0.9641647168884199,0.0058616068310701226,False,0.041234270624301524,0.006097557743231688,False
adult_income,Adult Income,False,m30,sex,adult_income|sex,hgb_deep,False,42,hgb_deep|s42,36177,9045,0.247837023523233,0.2478717523493643,2,1.0715404995911224,1.0287461829798583,3.6075866511023142,3.865675202440438,0.05361416364095606,2.648510085035937,0.9132150729010119,0.0,1.1876762000028975,0.06386945495502346,0.007725493708847576,False,0.06501566994275713,0.007785666744110894,False,0.08271540499591122,0.008710504825688963,False,0.307877289926402,0.01459489345895989,False,0.0,0.0,False
adult_income,Adult Income,False,m30,race,adult_income|race,hgb_deep,False,42,hgb_deep|s42,36177,9045,0.247837023523233,0.2478717523493643,5,1.1580112801938414,1.196496574235005,3.4495822786304693,3.9946551906108585,0.13486842105263153,2.7993421052631575,0.9132150729010119,0.0,1.1876762000028975,0.10218716995364147,0.009379979969145642,False,0.10038315158027483,0.009342204844264727,False,0.1267462112937164,0.010289255306911941,False,0.397163906510737,0.015208048043672229,False,0.0,0.0,False
adult_income,Adult Income,False,m30,age_group,adult_income|age_group,hgb_deep,False,42,hgb_deep|s42,36177,9045,0.247837023523233,0.2478717523493643,2,1.1213576241529728,1.488116075617336,3.4466323943625556,3.864907513071067,0.05165924477046757,2.2205295618977114,0.9132150729010119,0.0,1.1876762000028975,0.07995462448622936,0.008448911627633404,False,0.08055412454177213,0.008503579825960847,False,0.09910574936125813,0.009300371817041362,False,0.3439860612711162,0.014864257674093608,False,0.0,0.0,False
adult_income,Adult Income,False,ev10,sex,adult_income|sex,hgb_deep,False,42,hgb_deep|s42,36177,9045,0.247837023523233,0.2478717523493643,2,1.0715404995911224,1.0287461829798583,3.6075866511023142,3.865675202440438,0.05361416364095606,2.648510085035937,0.9132150729010119,0.0,1.1876762000028975,0.06386945495502346,0.007725493708847576,False,0.06501566994275713,0.007785666744110894,False,0.08271540499591122,0.008710504825688963,False,0.307877289926402,0.01459489345895989,False,0.0,0.0,False
adult_income,Adult Income,False,ev10,race,adult_income|race,hgb_deep,False,42,hgb_deep|s42,36177,9045,0.247837023523233,0.2478717523493643,4,1.1580112801938414,1.196496574235005,3.4495822786304693,3.9946551906108585,0.1292811368508895,2.393540669856459,0.9132150729010119,0.0,1.1876762000028975,0.10218716995364147,0.009379979969145642,False,0.10038315158027483,0.009342204844264727,False,0.1267462112937164,0.010289255306911941,False,0.397163906510737,0.015208048043672229,False,0.0,0.0,False
adult_income,Adult Income,False,ev10,age_group,adult_income|age_group,hgb_deep,False,42,hgb_deep|s42,36177,9045,0.247837023523233,0.2478717523493643,2,1.1213576241529728,1.488116075617336,3.4466323943625556,3.864907513071067,0.05165924477046757,2.2205295618977114,0.9132150729010119,0.0,1.1876762000028975,0.07995462448622936,0.008448911627633404,False,0.08055412454177213,0.008503579825960847,False,0.09910574936125813,0.009300371817041362,False,0.3439860612711162,0.014864257674093608,False,0.0,0.0,False
adult_income,Adult Income,False,m30,sex,adult_income|sex,hgb_deep,False,43,hgb_deep|s43,36177,9045,0.247837023523233,0.2478717523493643,2,1.16407489064893,1.1895973061948701,3.37390845996152,3.927482121589206,0.035415709587163446,2.7134956124130047,0.9193107005449529,0.0,1.1783838999690488,0.105865097606728,0.009534006506735802,False,0.1036634654330277,0.009480938492641209,False,0.13131876999755374,0.010452846198400582,False,0.40596111184311967,0.01526492124827183,False,0.0,0.0,False
adult_income,Adult Income,False,m30,race,adult_income|race,hgb_deep,False,43,hgb_deep|s43,36177,9045,0.247837023523233,0.2478717523493643,5,1.2490249883613616,1.2797715635923297,3.1868932646722503,3.9805093228161588,0.09508746881481267,2.5897616946160635,0.9193107005449529,0.0,1.1783838999690488,0.19794551119001186,0.012591873875047796,False,0.19773658012458933,0.012584938771556193,False,0.24159729274764097,0.013527216663863036,False,0.5498410456573006,0.01572852335399578,False,0.0,0.0,False
adult_income,Adult Income,False,m30,age_group,adult_income|age_group,hgb_deep,False,43,hgb_deep|s43,36177,9045,0.247837023523233,0.2478717523493643,2,1.0554115937136919,1.3847551016850188,3.5582119516564714,3.7553781466688623,0.04005445998046642,2.2870363198297543,0.9193107005449529,0.0,1.1783838999690488,0.0620952753085061,0.00762297411704391,False,0.06275762311991685,0.00765573958862713,False,0.08255411593713692,0.008702764954279308,False,0.3049740868684645,0.01455576521797727,False,0.0,0.0,False
adult_income,Adult Income,False,ev10,sex,adult_income|sex,hgb_deep,False,43,hgb_deep|s43,36177,9045,0.247837023523233,0.2478717523493643,2,1.16407489064893,1.1895973061948701,3.37390845996152,3.927482121589206,0.035415709587163446,2.7134956124130047,0.9193107005449529,0.0,1.1783838999690488,0.105865097606728,0.009534006506735802,False,0.1036634654330277,0.009480938492641209,False,0.13131876999755374,0.010452846198400582,False,0.40596111184311967,0.01526492124827183,False,0.0,0.0,False
adult_income,Adult Income,False,ev10,race,adult_income|race,hgb_deep,False,43,hgb_deep|s43,36177,9045,0.247837023523233,0.2478717523493643,4,1.1497450617114549,1.2797715635923297,3.462079947437187,3.9805093228161588,0.09508746881481267,2.5897616946160635,0.9193107005449529,0.0,1.1783838999690488,0.09717323415284963,0.009170003252924157,False,0.09591126289308212,0.009153076163121275,False,0.12051266948732658,0.010066239982825832,False,0.38517111412235655,0.015130515633156108,False,0.0,0.0,False
adult_income,Adult Income,False,ev10,age_group,adult_income|age_group,hgb_deep,False,43,hgb_deep|s43,36177,9045,0.247837023523233,0.2478717523493643,2,1.0554115937136919,1.3847551016850188,3.5582119516564714,3.7553781466688623,0.04005445998046642,2.2870363198297543,0.9193107005449529,0.0,1.1783838999690488,0.0620952753085061,0.00762297411704391,False,0.06275762311991685,0.00765573958862713,False,0.08255411593713692,0.008702764954279308,False,0.3049740868684645,0.01455576521797727,False,0.0,0.0,False
adult_income,Adult Income,False,m30,sex,adult_income|sex,hgb_deep,False,44,hgb_deep|s44,36177,9045,0.247837023523233,0.2478717523493643,2,1.1344099669432302,1.1780819640420424,3.3927724032919517,3.8487948298643264,0.03916163010813045,2.544038257504837,0.9139624015379687,0.0,1.18326950003393,0.08787161929343465,0.008780464451205056,False,0.08761522801846874,0.008802213642985359,False,0.10894849966210794,0.009652512576888764,False,0.3629226569586207,0.014986681198413423,False,0.0,0.0,False
adult_income,Adult Income,False,m30,race,adult_income|race,hgb_deep,False,44,hgb_deep|s44,36177,9045,0.247837023523233,0.2478717523493643,5,1.195113646720313,1.2208237908761548,3.323088143767452,3.971467989870955,0.15958300091789546,2.6822660098522166,0.9139624015379687,0.0,1.18326950003393,0.1246918840762554,0.010322446358568401,False,0.12045492363557914,0.010191096228324384,False,0.15472504506777696,0.01129024461210555,False,0.45099274974996223,0.0155560470614552,False,0.0,0.0,False
adult_income,Adult Income,False,m30,age_group,adult_income|age_group,hgb_deep,False,44,hgb_deep|s44,36177,9045,0.247837023523233,0.2478717523493643,2,1.09800107707623,1.3861124298439698,3.4420608090936833,3.7793864757467444,0.04870090904271196,2.178851201497548,0.9139624015379687,0.0,1.18326950003393,0.0667801184783853,0.007893684138085463,False,0.0687201507906722,0.007998821163339576,False,0.08298001077076231,0.008723202616147677,False,0.3126401938737214,0.014659086024794467,False,0.0,0.0,False
adult_income,Adult Income,False,ev10,sex,adult_income|sex,hgb_deep,False,44,hgb_deep|s44,36177,9045,0.247837023523233,0.2478717523493643,2,1.1344099669432302,1.1780819640420424,3.3927724032919517,3.8487948298643264,0.03916163010813045,2.544038257504837,0.9139624015379687,0.0,1.18326950003393,0.08787161929343465,0.008780464451205056,False,0.08761522801846874,0.008802213642985359,False,0.10894849966210794,0.009652512576888764,False,0.3629226569586207,0.014986681198413423,False,0.0,0.0,False
adult_income,Adult Income,False,ev10,race,adult_income|race,hgb_deep,False,44,hgb_deep|s44,36177,9045,0.247837023523233,0.2478717523493643,4,1.195113646720313,1.2208237908761548,3.323088143767452,3.971467989870955,0.15958300091789546,2.6822660098522166,0.9139624015379687,0.0,1.18326950003393,0.1246918840762554,0.010322446358568401,False,0.12045492363557914,0.010191096228324384,False,0.15472504506777696,0.01129024461210555,False,0.45099274974996223,0.0155560470614552,False,0.0,0.0,False
adult_income,Adult Income,False,ev10,age_group,adult_income|age_group,hgb_deep,False,44,hgb_deep|s44,36177,9045,0.247837023523233,0.2478717523493643,2,1.09800107707623,1.3861124298439698,3.4420608090936833,3.7793864757467444,0.04870090904271196,2.178851201497548,0.9139624015379687,0.0,1.18326950003393,0.0667801184783853,0.007893684138085463,False,0.0687201507906722,0.007998821163339576,False,0.08298001077076231,0.008723202616147677,False,0.3126401938737214,0.014659086024794467,False,0.0,0.0,False
adult_income,Adult Income,False,m30,sex,adult_income|sex,hgb_deep,False,45,hgb_deep|s45,36177,9045,0.247837023523233,0.2478717523493643,2,1.1255069192747478,1.1514742280603913,3.5068696742453667,3.9470060833579406,0.04287968383082141,2.6621259258418206,0.9201006128507875,0.0,1.1929923999705352,0.08247141005189615,0.008554311136025372,False,0.0827988251814209,0.008598514494785341,False,0.10223472601046549,0.009412316159945349,False,0.3500059402592651,0.014903175693671661,False,0.0,0.0,False
adult_income,Adult Income,False,m30,race,adult_income|race,hgb_deep,False,45,hgb_deep|s45,36177,9045,0.247837023523233,0.2478717523493643,5,1.311507962789788,1.3393081499391164,3.0698356250414793,4.026113866697666,0.0692225506803511,2.887834821428571,0.9201006128507875,0.0,1.1929923999705352,0.2596627239060944,0.013756556239453939,False,0.25474208688291133,0.013685783109792283,False,0.3098135201850732,0.014511297188284271,False,0.5993611313481368,0.01544913546725944,False,0.0006150796278978804,0.0006147720111604739,False
adult_income,Adult Income,False,m30,age_group,adult_income|age_group,hgb_deep,False,45,hgb_deep|s45,36177,9045,0.247837023523233,0.2478717523493643,2,1.063537778131666,1.3653346786879652,3.5700072380636243,3.7968375658841524,0.05369263398473412,2.2991202346041053,0.9201006128507875,0.0,1.1929923999705352,0.06298915559448325,0.007674626294555701,False,0.06389528893843323,0.007721200447186747,False,0.08263537778131666,0.008706664513426358,False,0.30643680006369983,0.014575479097182221,False,0.0,0.0,False
adult_income,Adult Income,False,ev10,sex,adult_income|sex,hgb_deep,False,45,hgb_deep|s45,36177,9045,0.247837023523233,0.2478717523493643,2,1.1255069192747478,1.1514742280603913,3.5068696742453667,3.9470060833579406,0.04287968383082141,2.6621259258418206,0.9201006128507875,0.0,1.1929923999705352,0.08247141005189615,0.008554311136025372,False,0.0827988251814209,0.008598514494785341,False,0.10223472601046549,0.009412316159945349,False,0.3500059402592651,0.014903175693671661,False,0.0,0.0,False
adult_income,Adult Income,False,ev10,race,adult_income|race,hgb_deep,False,45,hgb_deep|s45,36177,9045,0.247837023523233,0.2478717523493643,4,1.311507962789788,1.3357729222692794,3.0698356250414793,4.026113866697666,0.05525734921514969,2.1666165865384617,0.9201006128507875,0.0,1.1929923999705352,0.2596627239060944,0.013756556239453939,False,0.25474208688291133,0.013685783109792283,False,0.3098135201850732,0.014511297188284271,False,0.5993611313481368,0.01544913546725944,False,0.0006150796278978804,0.0006147720111604739,False
adult_income,Adult Income,False,ev10,age_group,adult_income|age_group,hgb_deep,False,45,hgb_deep|s45,36177,9045,0.247837023523233,0.2478717523493643,2,1.063537778131666,1.3653346786879652,3.5700072380636243,3.7968375658841524,0.05369263398473412,2.2991202346041053,0.9201006128507875,0.0,1.1929923999705352,0.06298915559448325,0.007674626294555701,False,0.06389528893843323,0.007721200447186747,False,0.08263537778131666,0.008706664513426358,False,0.30643680006369983,0.014575479097182221,False,0.0,0.0,False
adult_income,Adult Income,False,m30,sex,adult_income|sex,hgb_deep,False,46,hgb_deep|s46,36177,9045,0.247837023523233,0.2478717523493643,2,1.1295782414003548,1.1813876029064099,3.295949135369832,3.723032428076075,0.05159760974117589,2.7971019800529757,0.9195739390831272,0.0,1.1680630999617279,0.08494090052152664,0.00865772999102375,False,0.08500134370838863,0.008691665164074682,False,0.10530490335108716,0.009522156859805371,False,0.3559126944906786,0.01494136237105728,False,0.0,0.0,False
adult_income,Adult Income,False,m30,race,adult_income|race,hgb_deep,False,46,hgb_deep|s46,36177,9045,0.247837023523233,0.2478717523493643,5,1.3521243254665725,1.3969672238016728,2.9385650080399857,3.9733052293357387,0.09709817145050303,2.0779990930338017,0.9195739390831272,0.0,1.1680630999617279,0.29929427150389815,0.014472412385165456,False,0.29129427150389814,0.014358707729171633,False,0.3537828663612098,0.015108054562240339,False,0.6321864881998586,0.015230309926511991,False,0.001,0.0009994998749374,False
adult_income,Adult Income,False,m30,age_group,adult_income|age_group,hgb_deep,False,46,hgb_deep|s46,36177,9045,0.247837023523233,0.2478717523493643,2,1.0283495891697314,1.3169755939063073,3.4423946776911873,3.539985152563802,0.05324454801015743,2.4561352544736232,0.9195739390831272,0.0,1.1680630999617279,0.05911845480867045,0.0074509608583443205,False,0.058968942483762395,0.007437740345603111,False,0.08228349589169731,0.008689778553537095,False,0.3001029260505516,0.01449011360817089,False,0.0,0.0,False
adult_income,Adult Income,False,ev10,sex,adult_income|sex,hgb_deep,False,46,hgb_deep|s46,36177,9045,0.247837023523233,0.2478717523493643,2,1.1295782414003548,1.1813876029064099,3.295949135369832,3.723032428076075,0.05159760974117589,2.7971019800529757,0.9195739390831272,0.0,1.1680630999617279,0.08494090052152664,0.00865772999102375,False,0.08500134370838863,0.008691665164074682,False,0.10530490335108716,0.009522156859805371,False,0.3559126944906786,0.01494136237105728,False,0.0,0.0,False
adult_income,Adult Income,False,ev10,race,adult_income|race,hgb_deep,False,46,hgb_deep|s46,36177,9045,0.247837023523233,0.2478717523493643,5,1.3521243254665725,1.3969672238016728,2.9385650080399857,3.9733052293357387,0.09709817145050303,2.0779990930338017,0.9195739390831272,0.0,1.1680630999617279,0.29929427150389815,0.014472412385165456,False,0.29129427150389814,0.014358707729171633,False,0.3537828663612098,0.015108054562240339,False,0.6321864881998586,0.015230309926511991,False,0.001,0.0009994998749374,False
adult_income,Adult Income,False,ev10,age_group,adult_income|age_group,hgb_deep,False,46,hgb_deep|s46,36177,9045,0.247837023523233,0.2478717523493643,2,1.0283495891697314,1.3169755939063073,3.4423946776911873,3.539985152563802,0.05324454801015743,2.4561352544736232,0.9195739390831272,0.0,1.1680630999617279,0.05911845480867045,0.0074509608583443205,False,0.058968942483762395,0.007437740345603111,False,0.08228349589169731,0.008689778553537095,False,0.3001029260505516,0.01449011360817089,False,0.0,0.0,False
adult_income,Adult Income,False,m30,sex,adult_income|sex,hgb_deep,False,47,hgb_deep|s47,36177,9045,0.247837023523233,0.2478717523493643,2,1.166229352032016,1.165907120733338,3.283068501134962,3.8288108507553487,0.03203060955287773,2.6665407217990325,0.9122310590528946,0.0,1.1861785000073723,0.10717190205220636,0.009588733674595003,False,0.10482899372223813,0.009530231944154227,False,0.13294344579463496,0.010510971676768196,False,0.4090868468005477,0.015285128866150606,False,0.0,0.0,False
adult_income,Adult Income,False,m30,race,adult_income|race,hgb_deep,False,47,hgb_deep|s47,36177,9045,0.247837023523233,0.2478717523493643,5,1.4711346730299906,1.479537862096469,2.6192222386259454,3.8532286516138603,0.127940738534842,5.467898832684824,0.9122310590528946,0.0,1.1861785000073723,0.43712470300558565,0.015640286015183344,False,0.42912470300558564,0.01560585902769805,False,0.5120112357025866,0.01576781818571919,False,0.7997119795693908,0.012619149617533493,False,0.0035361607635988673,0.0016914385213466947,False
adult_income,Adult Income,False,m30,age_group,adult_income|age_group,hgb_deep,False,47,hgb_deep|s47,36177,9045,0.247837023523233,0.2478717523493643,2,1.0795991387868928,1.4047866482781801,3.395479969521759,3.665757250863836,0.05098917601709185,2.2080456283623335,0.9122310590528946,0.0,1.1861785000073723,0.06475590526655821,0.0077767165510615344,False,0.06614387943016499,0.007850583488974633,False,0.08279599138786893,0.008714371971519317,False,0.3093278449816407,0.014614443475485522,False,0.0,0.0,False
adult_income,Adult Income,False,ev10,sex,adult_income|sex,hgb_deep,False,47,hgb_deep|s47,36177,9045,0.247837023523233,0.2478717523493643,2,1.166229352032016,1.165907120733338,3.283068501134962,3.8288108507553487,0.03203060955287773,2.6665407217990325,0.9122310590528946,0.0,1.1861785000073723,0.10717190205220636,0.009588733674595003,False,0.10482899372223813,0.009530231944154227,False,0.13294344579463496,0.010510971676768196,False,0.4090868468005477,0.015285128866150606,False,0.0,0.0,False
adult_income,Adult Income,False,ev10,race,adult_income|race,hgb_deep,False,47,hgb_deep|s47,36177,9045,0.247837023523233,0.2478717523493643,3,1.1266342729744698,1.1170265466876081,3.420123765133476,3.8532286516138603,0.08513742574291217,2.190436994911703,0.9122310590528946,0.0,1.1861785000073723,0.08315521475500626,0.008582947933902439,False,0.08340870505176234,0.008624308020430101,False,0.10308486158730507,0.00944273117392531,False,0.3516415271842717,0.014913749627814579,False,0.0,0.0,False
adult_income,Adult Income,False,ev10,age_group,adult_income|age_group,hgb_deep,False,47,hgb_deep|s47,36177,9045,0.247837023523233,0.2478717523493643,2,1.0795991387868928,1.4047866482781801,3.395479969521759,3.665757250863836,0.05098917601709185,2.2080456283623335,0.9122310590528946,0.0,1.1861785000073723,0.06475590526655821,0.0077767165510615344,False,0.06614387943016499,0.007850583488974633,False,0.08279599138786893,0.008714371971519317,False,0.3093278449816407,0.014614443475485522,False,0.0,0.0,False
nhis2023,NHIS 2023,True,m30,age_group,nhis2023|age_group,published,False,,published,21691,5423,0.11179751970863491,0.11174626590448092,4,1.3480698335769468,1.308601904017411,1.1431053556709363,1.5409858465802355,0.1280132462576684,14.040240198785202,0.8387204352571441,0.0,0.003482900036033243,0.29512773856963825,0.014414849589614129,False,0.2872821518834825,0.014302007142346624,False,0.34893472192733294,0.01506384181096015,False,0.627513771854249,0.015284769599834406,False,0.0009806983357694668,0.0009802078639528982,False
nhis2023,NHIS 2023,True,m30,sex,nhis2023|sex,published,False,,published,21691,5423,0.11179751970863491,0.11174626590448092,2,1.02175560948272,1.1048272090253763,1.8589461255469764,1.899388631503792,0.018805113976991583,1.112798186222105,0.8387204352571441,0.0,0.003482900036033243,0.058393117043099206,0.0074090477793660355,False,0.058045785327580805,0.007384622233899704,False,0.0822175560948272,0.008686614262341946,False,0.2989160097068896,0.014474116811600272,False,0.0,0.0,False
nhis2023,NHIS 2023,True,m30,race,nhis2023|race,published,False,,published,21691,5423,0.11179751970863491,0.11174626590448092,7,1.1856833348739897,1.1687550193814191,1.802743193019001,2.1374825610201538,0.12900378310214355,3.038785834738617,0.8387204352571441,0.0,0.003482900036033243,0.11897185885799375,0.010082899591367076,False,0.11535327952199442,0.009975333428675797,False,0.1476136623639922,0.011035823070124521,False,0.43731106780898504,0.015467596119719013,False,0.0,0.0,False
nhis2023,NHIS 2023,True,m30,insured,nhis2023|insured,published,False,,published,21691,5423,0.11179751970863491,0.11174626590448092,2,1.0366600353299058,1.0961490333654318,1.790707475896161,1.8563548752280408,0.018324985500436597,2.4635475363362804,0.8387204352571441,0.0,0.003482900036033243,0.060032603886289636,0.007503784252226209,False,0.06013240494618681,0.007504685533243108,False,0.08236660035329905,0.008693766535432792,False,0.301598806359383,0.014510274500825327,False,0.0,0.0,False
nhis2023,NHIS 2023,True,ev10,age_group,nhis2023|age_group,published,False,,published,21691,5423,0.11179751970863491,0.11174626590448092,4,1.3480698335769468,1.308601904017411,1.1431053556709363,1.5409858465802355,0.1280132462576684,14.040240198785202,0.8387204352571441,0.0,0.003482900036033243,0.29512773856963825,0.014414849589614129,False,0.2872821518834825,0.014302007142346624,False,0.34893472192733294,0.01506384181096015,False,0.627513771854249,0.015284769599834406,False,0.0009806983357694668,0.0009802078639528982,False
nhis2023,NHIS 2023,True,ev10,sex,nhis2023|sex,published,False,,published,21691,5423,0.11179751970863491,0.11174626590448092,2,1.02175560948272,1.1048272090253763,1.8589461255469764,1.899388631503792,0.018805113976991583,1.112798186222105,0.8387204352571441,0.0,0.003482900036033243,0.058393117043099206,0.0074090477793660355,False,0.058045785327580805,0.007384622233899704,False,0.0822175560948272,0.008686614262341946,False,0.2989160097068896,0.014474116811600272,False,0.0,0.0,False
nhis2023,NHIS 2023,True,ev10,race,nhis2023|race,published,False,,published,21691,5423,0.11179751970863491,0.11174626590448092,4,1.084510786288977,1.1574536206500576,1.802743193019001,1.9550944377381376,0.022210530271712825,2.4700291277019777,0.8387204352571441,0.0,0.003482900036033243,0.06529618649178745,0.007807936281700658,False,0.06683151008045676,0.007890149495096456,False,0.08284510786288977,0.008716728952232364,False,0.3102119415320158,0.014626358984729838,False,0.0,0.0,False
nhis2023,NHIS 2023,True,ev10,insured,nhis2023|insured,published,False,,published,21691,5423,0.11179751970863491,0.11174626590448092,2,1.0366600353299058,1.0961490333654318,1.790707475896161,1.8563548752280408,0.018324985500436597,2.4635475363362804,0.8387204352571441,0.0,0.003482900036033243,0.060032603886289636,0.007503784252226209,False,0.06013240494618681,0.007504685533243108,False,0.08236660035329905,0.008693766535432792,False,0.301598806359383,0.014510274500825327,False,0.0,0.0,False
nhis2023,NHIS 2023,True,m30,age_group,nhis2023|age_group,xgb_published,True,42,xgb_published|s42,21691,5423,0.11179751970863491,0.11174626590448092,4,1.379087716835881,1.4491195653949525,1.0768427462722399,1.4850606043478631,0.16382563184579602,11.292189036381513,0.8467939797924156,0.0,0.16736589994980022,0.3284147341827514,0.014761936494036431,False,0.3204147341827514,0.014665477459133054,False,0.389104909055004,0.015298989770747302,False,0.6726315752538214,0.01464920705847178,False,0.001,0.0009994998749374,False
nhis2023,NHIS 2023,True,m30,sex,nhis2023|sex,xgb_published,True,42,xgb_published|s42,21691,5423,0.11179751970863491,0.11174626590448092,2,1.0014724508168973,1.0420434720740044,1.7607264618205307,1.763319044937571,0.020618873730779308,1.2233429278092192,0.8467939797924156,0.0,0.16736589994980022,0.0561619695898587,0.007280122658052077,False,0.05520614311436562,0.007221230300826061,False,0.08201472450816898,0.008676880865603932,False,0.2952650411470415,0.014424910478188927,False,0.0,0.0,False
nhis2023,NHIS 2023,True,m30,race,nhis2023|race,xgb_published,True,42,xgb_published|s42,21691,5423,0.11179751970863491,0.11174626590448092,7,1.2410720656604555,1.445027592605725,1.5548976676923247,1.929740060333538,0.10824372759856626,4.3999999999999995,0.8467939797924156,0.0,0.16736589994980022,0.18118756692738833,0.012125008091469287,False,0.17927443814034308,0.012061505107343431,False,0.22199901894897955,0.013082381968897218,False,0.5322310025338657,0.015751978189319962,False,0.0,0.0,False
nhis2023,NHIS 2023,True,m30,insured,nhis2023|insured,xgb_published,True,42,xgb_published|s42,21691,5423,0.11179751970863491,0.11174626590448092,2,1.0295265810007963,1.1008768868945422,1.701042159631363,1.751268118743488,6.477858089815047e-05,1.275429587201264,0.8467939797924156,0.0,0.16736589994980022,0.05924792391008759,0.00745844212973334,False,0.05913372134011148,0.007447221658334428,False,0.08229526581000797,0.008690343363418923,False,0.3003147845801433,0.014492968954984272,False,0.0,0.0,False
nhis2023,NHIS 2023,True,ev10,age_group,nhis2023|age_group,xgb_published,True,42,xgb_published|s42,21691,5423,0.11179751970863491,0.11174626590448092,4,1.379087716835881,1.4491195653949525,1.0768427462722399,1.4850606043478631,0.16382563184579602,11.292189036381513,0.8467939797924156,0.0,0.16736589994980022,0.3284147341827514,0.014761936494036431,False,0.3204147341827514,0.014665477459133054,False,0.389104909055004,0.015298989770747302,False,0.6726315752538214,0.01464920705847178,False,0.001,0.0009994998749374,False
nhis2023,NHIS 2023,True,ev10,sex,nhis2023|sex,xgb_published,True,42,xgb_published|s42,21691,5423,0.11179751970863491,0.11174626590448092,2,1.0014724508168973,1.0420434720740044,1.7607264618205307,1.763319044937571,0.020618873730779308,1.2233429278092192,0.8467939797924156,0.0,0.16736589994980022,0.0561619695898587,0.007280122658052077,False,0.05520614311436562,0.007221230300826061,False,0.08201472450816898,0.008676880865603932,False,0.2952650411470415,0.014424910478188927,False,0.0,0.0,False
nhis2023,NHIS 2023,True,ev10,race,nhis2023|race,xgb_published,True,42,xgb_published|s42,21691,5423,0.11179751970863491,0.11174626590448092,4,1.0501210988081187,1.1308810367830295,1.7180551654001743,1.804165978102995,0.04224856611639238,1.6857435156767164,0.8467939797924156,0.0,0.16736589994980022,0.06151332086889305,0.007589346332104219,False,0.06201695383313661,0.007613121759531584,False,0.08250121098808119,0.008700226173870161,False,0.30402179778546135,0.014542930636316509,False,0.0,0.0,False
nhis2023,NHIS 2023,True,ev10,insured,nhis2023|insured,xgb_published,True,42,xgb_published|s42,21691,5423,0.11179751970863491,0.11174626590448092,2,1.0295265810007963,1.1008768868945422,1.701042159631363,1.751268118743488,6.477858089815047e-05,1.275429587201264,0.8467939797924156,0.0,0.16736589994980022,0.05924792391008759,0.00745844212973334,False,0.05913372134011148,0.007447221658334428,False,0.08229526581000797,0.008690343363418923,False,0.3003147845801433,0.014492968954984272,False,0.0,0.0,False
nhis2023,NHIS 2023,True,m30,age_group,nhis2023|age_group,xgb_published,True,43,xgb_published|s43,21691,5423,0.11179751970863491,0.11174626590448092,4,1.243177324211677,1.2252742554221714,1.1613878947565344,1.4438110953752612,0.12952250559894407,10.055370985603544,0.8387180372594037,0.0,0.16740860004210845,0.18562364744603377,0.01224859450367463,False,0.18416164549139313,0.012200065890469815,False,0.2271869775216327,0.013200136419767227,False,0.5368926464687135,0.015745769340763178,False,0.0,0.0,False
nhis2023,NHIS 2023,True,m30,sex,nhis2023|sex,xgb_published,True,43,xgb_published|s43,21691,5423,0.11179751970863491,0.11174626590448092,2,1.0212373862092352,1.0181438602051764,1.774654934444004,1.8123439666749162,0.01607713254200649,1.1303152211998908,0.8387180372594037,0.0,0.16740860004210845,0.05833611248301587,0.0074057538151712805,False,0.05797323406929293,0.00738044766208801,False,0.08221237386209236,0.008686365579540474,False,0.2988227295176623,0.014472859617511484,False,0.0,0.0,False
nhis2023,NHIS 2023,True,m30,race,nhis2023|race,xgb_published,True,43,xgb_published|s43,21691,5423,0.11179751970863491,0.11174626590448092,7,1.12910280836715,1.355191769430092,1.6679023977911211,1.8832332814282582,0.18936420722135006,4.184210526315789,0.8387180372594037,0.0,0.16740860004210845,0.08465252310794337,0.008645653142666996,False,0.08474414223140896,0.008680787394181029,False,0.10494638008014581,0.009509330093587258,False,0.355222926893324,0.014936903080611243,False,0.0,0.0,False
nhis2023,NHIS 2023,True,m30,insured,nhis2023|insured,xgb_published,True,43,xgb_published|s43,21691,5423,0.11179751970863491,0.11174626590448092,2,1.0355543426876446,1.0983156758136183,1.7246873751860035,1.7860075011524208,0.005590333758329513,2.3477548036758566,0.8387180372594037,0.0,0.16740860004210845,0.0599109776956409,0.007496756177339644,False,0.059977607976270234,0.007495778574461152,False,0.08235554342687645,0.00869323594030534,False,0.301399781683776,0.01450759212370143,False,0.0,0.0,False
nhis2023,NHIS 2023,True,ev10,age_group,nhis2023|age_group,xgb_published,True,43,xgb_published|s43,21691,5423,0.11179751970863491,0.11174626590448092,4,1.243177324211677,1.2252742554221714,1.1613878947565344,1.4438110953752612,0.12952250559894407,10.055370985603544,0.8387180372594037,0.0,0.16740860004210845,0.18562364744603377,0.01224859450367463,False,0.18416164549139313,0.012200065890469815,False,0.2271869775216327,0.013200136419767227,False,0.5368926464687135,0.015745769340763178,False,0.0,0.0,False
nhis2023,NHIS 2023,True,ev10,sex,nhis2023|sex,xgb_published,True,43,xgb_published|s43,21691,5423,0.11179751970863491,0.11174626590448092,2,1.0212373862092352,1.0181438602051764,1.774654934444004,1.8123439666749162,0.01607713254200649,1.1303152211998908,0.8387180372594037,0.0,0.16740860004210845,0.05833611248301587,0.0074057538151712805,False,0.05797323406929293,0.00738044766208801,False,0.08221237386209236,0.008686365579540474,False,0.2988227295176623,0.014472859617511484,False,0.0,0.0,False
nhis2023,NHIS 2023,True,ev10,race,nhis2023|race,xgb_published,True,43,xgb_published|s43,21691,5423,0.11179751970863491,0.11174626590448092,5,1.12910280836715,1.355191769430092,1.6679023977911211,1.8832332814282582,0.11232684939581505,3.4858299595141697,0.8387180372594037,0.0,0.16740860004210845,0.08465252310794337,0.008645653142666996,False,0.08474414223140896,0.008680787394181029,False,0.10494638008014581,0.009509330093587258,False,0.355222926893324,0.014936903080611243,False,0.0,0.0,False
nhis2023,NHIS 2023,True,ev10,insured,nhis2023|insured,xgb_published,True,43,xgb_published|s43,21691,5423,0.11179751970863491,0.11174626590448092,2,1.0355543426876446,1.0983156758136183,1.7246873751860035,1.7860075011524208,0.005590333758329513,2.3477548036758566,0.8387180372594037,0.0,0.16740860004210845,0.0599109776956409,0.007496756177339644,False,0.059977607976270234,0.007495778574461152,False,0.08235554342687645,0.00869323594030534,False,0.301399781683776,0.01450759212370143,False,0.0,0.0,False
nhis2023,NHIS 2023,True,m30,age_group,nhis2023|age_group,xgb_published,True,44,xgb_published|s44,21691,5423,0.11179751970863491,0.11174626590448092,4,1.2736382746224684,1.3065164434718632,1.1403570611530918,1.4524023998205724,0.17449944123048222,14.563097866077998,0.847197014698356,0.0,0.1803510999889113,0.2229291263837943,0.013074715749444266,False,0.22103806441399684,0.013047516756030171,False,0.2692929538460411,0.013938988055606791,False,0.5702014714593007,0.01561938069844502,False,0.0002363827462246835,0.00023626452528893027,False
nhis2023,NHIS 2023,True,m30,sex,nhis2023|sex,xgb_published,True,44,xgb_published|s44,21691,5423,0.11179751970863491,0.11174626590448092,2,1.0604943090538663,1.1538179007511158,1.7638975224018258,1.870603284261351,0.03489115189411873,1.1521549973136245,0.847197014698356,0.0,0.1803510999889113,0.0626543739959253,0.007655281200108861,False,0.06346920326754128,0.007696683639717827,False,0.08260494309053866,0.008705204026305879,False,0.3058889756296959,0.014568095732656178,False,0.0,0.0,False
nhis2023,NHIS 2023,True,m30,race,nhis2023|race,xgb_published,True,44,xgb_published|s44,21691,5423,0.11179751970863491,0.11174626590448092,7,1.1674912129408765,1.4313819997598334,1.5986484384569097,1.866408004480096,0.11648278935371603,4.723809523809524,0.847197014698356,0.0,0.1803510999889113,0.10793729309528576,0.009620787195867805,False,0.1055116397876873,0.00955910295572836,False,0.1338950130373823,0.010545015577270073,False,0.4109175794306159,0.015296964401130536,False,0.0,0.0,False
nhis2023,NHIS 2023,True,m30,insured,nhis2023|insured,xgb_published,True,44,xgb_published|s44,21691,5423,0.11179751970863491,0.11174626590448092,2,1.0095465843878026,1.0250762843111152,1.7909890535404134,1.8080868816776678,0.034862895905663605,3.2724080267558526,0.847197014698356,0.0,0.1803510999889113,0.05705012428265829,0.0073314439866126084,False,0.05633652181429237,0.007286271861353217,False,0.08209546584387803,0.008680755446809756,False,0.2967183851898045,0.014444498083603026,False,0.0,0.0,False
nhis2023,NHIS 2023,True,ev10,age_group,nhis2023|age_group,xgb_published,True,44,xgb_published|s44,21691,5423,0.11179751970863491,0.11174626590448092,4,1.2736382746224684,1.3065164434718632,1.1403570611530918,1.4524023998205724,0.17449944123048222,14.563097866077998,0.847197014698356,0.0,0.1803510999889113,0.2229291263837943,0.013074715749444266,False,0.22103806441399684,0.013047516756030171,False,0.2692929538460411,0.013938988055606791,False,0.5702014714593007,0.01561938069844502,False,0.0002363827462246835,0.00023626452528893027,False
nhis2023,NHIS 2023,True,ev10,sex,nhis2023|sex,xgb_published,True,44,xgb_published|s44,21691,5423,0.11179751970863491,0.11174626590448092,2,1.0604943090538663,1.1538179007511158,1.7638975224018258,1.870603284261351,0.03489115189411873,1.1521549973136245,0.847197014698356,0.0,0.1803510999889113,0.0626543739959253,0.007655281200108861,False,0.06346920326754128,0.007696683639717827,False,0.08260494309053866,0.008705204026305879,False,0.3058889756296959,0.014568095732656178,False,0.0,0.0,False
nhis2023,NHIS 2023,True,ev10,race,nhis2023|race,xgb_published,True,44,xgb_published|s44,21691,5423,0.11179751970863491,0.11174626590448092,4,1.0518238276334522,1.2015153973421167,1.7744492522853519,1.866408004480096,0.05531101151527151,1.4069168198785447,0.847197014698356,0.0,0.1803510999889113,0.061700621039679736,0.0076001693268846525,False,0.0622553358686833,0.007626838171203709,False,0.08251823827633452,0.00870104327220614,False,0.30432828897402137,0.014547061405279513,False,0.0,0.0,False
nhis2023,NHIS 2023,True,ev10,insured,nhis2023|insured,xgb_published,True,44,xgb_published|s44,21691,5423,0.11179751970863491,0.11174626590448092,2,1.0095465843878026,1.0250762843111152,1.7909890535404134,1.8080868816776678,0.034862895905663605,3.2724080267558526,0.847197014698356,0.0,0.1803510999889113,0.05705012428265829,0.0073314439866126084,False,0.05633652181429237,0.007286271861353217,False,0.08209546584387803,0.008680755446809756,False,0.2967183851898045,0.014444498083603026,False,0.0,0.0,False
nhis2023,NHIS 2023,True,m30,age_group,nhis2023|age_group,xgb_published,True,45,xgb_published|s45,21691,5423,0.11179751970863491,0.11174626590448092,4,1.2955907800134876,1.2888217388722263,1.1187654581054562,1.4494622125189949,0.14173279978181508,17.164674921264936,0.8506187861883553,0.0,0.1868739000055939,0.2442230566130829,0.013469968727673686,False,0.24057579421200392,0.01341751044359268,False,0.2927821346144317,0.014270747304981173,False,0.5871049006103854,0.015520692023246952,False,0.0004559078001348756,0.00045567978921779324,False
nhis2023,NHIS 2023,True,m30,sex,nhis2023|sex,xgb_published,True,45,xgb_published|s45,21691,5423,0.11179751970863491,0.11174626590448092,2,1.0012363576204713,1.0346418116335054,1.754803907922192,1.7569734731061841,0.0292814369379657,1.1159235668789809,0.8506187861883553,0.0,0.1868739000055939,0.05613599933825184,0.007278621987249659,False,0.05517309006686597,0.007219328441042526,False,0.08201236357620471,0.00867676757019537,False,0.2952225443716848,0.014424337723189032,False,0.0,0.0,False
nhis2023,NHIS 2023,True,m30,race,nhis2023|race,xgb_published,True,45,xgb_published|s45,21691,5423,0.11179751970863491,0.11174626590448092,7,1.1816726266016981,1.4481635482157318,1.57088678278106,1.8562739107027864,0.27073732718894017,1.767008387698043,0.8506187861883553,0.0,0.1868739000055939,0.11653913416824313,0.00998102043652347,False,0.11318355209600063,0.00988356958676841,False,0.14458919383078875,0.01092761767886057,False,0.43149225334836533,0.015429977965675506,False,0.0,0.0,False
nhis2023,NHIS 2023,True,m30,insured,nhis2023|insured,xgb_published,True,45,xgb_published|s45,21691,5423,0.11179751970863491,0.11174626590448092,2,1.1314761192511142,1.2432610080180704,1.547472179425648,1.7509278162255963,0.04182199186446034,2.3989179202955926,0.8506187861883553,0.0,0.1868739000055939,0.08609207233264303,0.008705939478801154,False,0.08602806451289785,0.008735088058793753,False,0.1067360899270697,0.009573359939528564,False,0.3586661730118624,0.014959163381875959,False,0.0,0.0,False
nhis2023,NHIS 2023,True,ev10,age_group,nhis2023|age_group,xgb_published,True,45,xgb_published|s45,21691,5423,0.11179751970863491,0.11174626590448092,4,1.2955907800134876,1.2888217388722263,1.1187654581054562,1.4494622125189949,0.14173279978181508,17.164674921264936,0.8506187861883553,0.0,0.1868739000055939,0.2442230566130829,0.013469968727673686,False,0.24057579421200392,0.01341751044359268,False,0.2927821346144317,0.014270747304981173,False,0.5871049006103854,0.015520692023246952,False,0.0004559078001348756,0.00045567978921779324,False
nhis2023,NHIS 2023,True,ev10,sex,nhis2023|sex,xgb_published,True,45,xgb_published|s45,21691,5423,0.11179751970863491,0.11174626590448092,2,1.0012363576204713,1.0346418116335054,1.754803907922192,1.7569734731061841,0.0292814369379657,1.1159235668789809,0.8506187861883553,0.0,0.1868739000055939,0.05613599933825184,0.007278621987249659,False,0.05517309006686597,0.007219328441042526,False,0.08201236357620471,0.00867676757019537,False,0.2952225443716848,0.014424337723189032,False,0.0,0.0,False
nhis2023,NHIS 2023,True,ev10,race,nhis2023|race,xgb_published,True,45,xgb_published|s45,21691,5423,0.11179751970863491,0.11174626590448092,4,1.0688681574880912,1.150640542690199,1.7010543031442196,1.8182027787889508,0.025576505369151348,1.589080459770115,0.8506187861883553,0.0,0.1868739000055939,0.06357549732369003,0.007708507595614323,False,0.06464154204833275,0.007764139567341129,False,0.08268868157488092,0.008709222433417766,False,0.3073962683478564,0.014588410437322216,False,0.0,0.0,False
nhis2023,NHIS 2023,True,ev10,insured,nhis2023|insured,xgb_published,True,45,xgb_published|s45,21691,5423,0.11179751970863491,0.11174626590448092,2,1.1314761192511142,1.2432610080180704,1.547472179425648,1.7509278162255963,0.04182199186446034,2.3989179202955926,0.8506187861883553,0.0,0.1868739000055939,0.08609207233264303,0.008705939478801154,False,0.08602806451289785,0.008735088058793753,False,0.1067360899270697,0.009573359939528564,False,0.3586661730118624,0.014959163381875959,False,0.0,0.0,False
nhis2023,NHIS 2023,True,m30,age_group,nhis2023|age_group,xgb_published,True,46,xgb_published|s46,21691,5423,0.11179751970863491,0.11174626590448092,4,1.4043352236150635,1.3918722529050729,1.091700129060453,1.5331129448647052,0.13219155601128074,9.656841993861784,0.8426469852714978,0.0,0.17926189996069297,0.3556820415042684,0.015033035993403457,False,0.3476820415042684,0.014952725110245108,False,0.42217914293573294,0.015477774327375859,False,0.7105028354225951,0.014105084162382847,False,0.001,0.0009994998749374,False
nhis2023,NHIS 2023,True,m30,sex,nhis2023|sex,xgb_published,True,46,xgb_published|s46,21691,5423,0.11179751970863491,0.11174626590448092,2,1.0431418378281103,1.055665029391214,1.776764339419857,1.8534172184098778,0.020745655313557765,1.040274861614812,0.8426469852714978,0.0,0.17926189996069297,0.060745602161092135,0.007544984303321911,False,0.061039857295935446,0.007556899996356674,False,0.08243141837828111,0.008696876995511122,False,0.3027655308090598,0.01452599915890684,False,0.0,0.0,False
nhis2023,NHIS 2023,True,m30,race,nhis2023|race,xgb_published,True,46,xgb_published|s46,21691,5423,0.11179751970863491,0.11174626590448092,7,1.1360191500271224,1.6964770258612947,1.6832524185930458,1.9122069818511698,0.12032667876588021,3.097435897435897,0.8426469852714978,0.0,0.17926189996069297,0.08884768116399223,0.008821340576179835,False,0.0884857696868039,0.008839031285178506,False,0.11016198198766602,0.009695926925025435,False,0.36525729143279223,0.015001774417123016,False,0.0,0.0,False
nhis2023,NHIS 2023,True,m30,insured,nhis2023|insured,xgb_published,True,46,xgb_published|s46,21691,5423,0.11179751970863491,0.11174626590448092,2,1.0235679330940135,1.0378894564214562,1.756166916019757,1.7975561403984308,0.0021886204934177256,1.5984942845880963,0.8426469852714978,0.0,0.17926189996069297,0.05859247264034149,0.007420567387593518,False,0.05829951063316189,0.007399221491494784,False,0.08223567933094014,0.008687483952562143,False,0.2992422279569224,0.014478513454220675,False,0.0,0.0,False
nhis2023,NHIS 2023,True,ev10,age_group,nhis2023|age_group,xgb_published,True,46,xgb_published|s46,21691,5423,0.11179751970863491,0.11174626590448092,4,1.4043352236150635,1.3918722529050729,1.091700129060453,1.5331129448647052,0.13219155601128074,9.656841993861784,0.8426469852714978,0.0,0.17926189996069297,0.3556820415042684,0.015033035993403457,False,0.3476820415042684,0.014952725110245108,False,0.42217914293573294,0.015477774327375859,False,0.7105028354225951,0.014105084162382847,False,0.001,0.0009994998749374,False
nhis2023,NHIS 2023,True,ev10,sex,nhis2023|sex,xgb_published,True,46,xgb_published|s46,21691,5423,0.11179751970863491,0.11174626590448092,2,1.0431418378281103,1.055665029391214,1.776764339419857,1.8534172184098778,0.020745655313557765,1.040274861614812,0.8426469852714978,0.0,0.17926189996069297,0.060745602161092135,0.007544984303321911,False,0.061039857295935446,0.007556899996356674,False,0.08243141837828111,0.008696876995511122,False,0.3027655308090598,0.01452599915890684,False,0.0,0.0,False
nhis2023,NHIS 2023,True,ev10,race,nhis2023|race,xgb_published,True,46,xgb_published|s46,21691,5423,0.11179751970863491,0.11174626590448092,5,1.0830832012583578,1.166150123341732,1.7655217804407932,1.9122069818511698,0.10336057835635504,3.097435897435897,0.8426469852714978,0.0,0.17926189996069297,0.06513915213841935,0.007798862173654129,False,0.06663164817617008,0.007878649517128385,False,0.08283083201258358,0.008716043888741554,False,0.30995497622650436,0.014622895706344698,False,0.0,0.0,False
nhis2023,NHIS 2023,True,ev10,insured,nhis2023|insured,xgb_published,True,46,xgb_published|s46,21691,5423,0.11179751970863491,0.11174626590448092,2,1.0235679330940135,1.0378894564214562,1.756166916019757,1.7975561403984308,0.0021886204934177256,1.5984942845880963,0.8426469852714978,0.0,0.17926189996069297,0.05859247264034149,0.007420567387593518,False,0.05829951063316189,0.007399221491494784,False,0.08223567933094014,0.008687483952562143,False,0.2992422279569224,0.014478513454220675,False,0.0,0.0,False
nhis2023,NHIS 2023,True,m30,age_group,nhis2023|age_group,xgb_published,True,47,xgb_published|s47,21691,5423,0.11179751970863491,0.11174626590448092,4,1.3270111732716652,1.3023810009270944,1.1352879263063353,1.506539763088926,0.0919235413085907,7.9764152922909055,0.8270485238268481,0.0,0.17830050003249198,0.27470083807351514,0.01403569021555064,False,0.26853994421178196,0.013947078570746552,False,0.3264019554006817,0.014745590877352888,False,0.6112986034191822,0.015379439946109533,False,0.0007701117327166511,0.0007697265805381171,False
nhis2023,NHIS 2023,True,m30,sex,nhis2023|sex,xgb_published,True,47,xgb_published|s47,21691,5423,0.11179751970863491,0.11174626590448092,2,1.0150034572020414,1.0196719524549152,1.879593256414513,1.907793653394374,0.03247863269419171,1.12030289801538,0.8270485238268481,0.0,0.17830050003249198,0.05765038029222456,0.00736612931354623,False,0.0571004840082858,0.007330229955471854,False,0.08215003457202041,0.008683374067948847,False,0.29770062229636746,0.014457736293070528,False,0.0,0.0,False
nhis2023,NHIS 2023,True,m30,race,nhis2023|race,xgb_published,True,47,xgb_published|s47,21691,5423,0.11179751970863491,0.11174626590448092,7,1.1753146932559053,1.210836714498722,1.6616466064438062,1.9529576715522183,0.2989249910490511,1.6363636363636365,0.8270485238268481,0.0,0.17830050003249198,0.1126826827945655,0.009819517571731148,False,0.10974401438434223,0.009738101916025133,False,0.13979468671756792,0.010756086213940894,False,0.42226803857619044,0.015370344180378092,False,0.0,0.0,False
nhis2023,NHIS 2023,True,m30,insured,nhis2023|insured,xgb_published,True,47,xgb_published|s47,21691,5423,0.11179751970863491,0.11174626590448092,2,1.0977985600960216,1.0841154800953845,1.7141624411718837,1.8818050596891753,0.03964743300268314,1.576733237147847,0.8270485238268481,0.0,0.17830050003249198,0.06675784161056238,0.007892396886594131,False,0.06869179841344301,0.007997189778335806,False,0.08297798560096022,0.008723105433152314,False,0.31260374081728387,0.014658594724686147,False,0.0,0.0,False
nhis2023,NHIS 2023,True,ev10,age_group,nhis2023|age_group,xgb_published,True,47,xgb_published|s47,21691,5423,0.11179751970863491,0.11174626590448092,4,1.3270111732716652,1.3023810009270944,1.1352879263063353,1.506539763088926,0.0919235413085907,7.9764152922909055,0.8270485238268481,0.0,0.17830050003249198,0.27470083807351514,0.01403569021555064,False,0.26853994421178196,0.013947078570746552,False,0.3264019554006817,0.014745590877352888,False,0.6112986034191822,0.015379439946109533,False,0.0007701117327166511,0.0007697265805381171,False
nhis2023,NHIS 2023,True,ev10,sex,nhis2023|sex,xgb_published,True,47,xgb_published|s47,21691,5423,0.11179751970863491,0.11174626590448092,2,1.0150034572020414,1.0196719524549152,1.879593256414513,1.907793653394374,0.03247863269419171,1.12030289801538,0.8270485238268481,0.0,0.17830050003249198,0.05765038029222456,0.00736612931354623,False,0.0571004840082858,0.007330229955471854,False,0.08215003457202041,0.008683374067948847,False,0.29770062229636746,0.014457736293070528,False,0.0,0.0,False
nhis2023,NHIS 2023,True,ev10,race,nhis2023|race,xgb_published,True,47,xgb_published|s47,21691,5423,0.11179751970863491,0.11174626590448092,4,1.0580196246933236,1.1920668399915169,1.8389156589253768,1.945608855298903,0.11903488115894123,1.6363636363636365,0.8270485238268481,0.0,0.17830050003249198,0.06238215871626559,0.007639551451766738,False,0.0631227474570653,0.007676748704135159,False,0.08258019624693323,0.008704016485199516,False,0.3054435324447982,0.014562092222762136,False,0.0,0.0,False
nhis2023,NHIS 2023,True,ev10,insured,nhis2023|insured,xgb_published,True,47,xgb_published|s47,21691,5423,0.11179751970863491,0.11174626590448092,2,1.0977985600960216,1.0841154800953845,1.7141624411718837,1.8818050596891753,0.03964743300268314,1.576733237147847,0.8270485238268481,0.0,0.17830050003249198,0.06675784161056238,0.007892396886594131,False,0.06869179841344301,0.007997189778335806,False,0.08297798560096022,0.008723105433152314,False,0.31260374081728387,0.014658594724686147,False,0.0,0.0,False
nhis2023,NHIS 2023,True,m30,age_group,nhis2023|age_group,logreg_l2,False,42,logreg_l2|s42,21691,5423,0.11179751970863491,0.11174626590448092,4,1.2393535195163208,1.406535189268882,1.0409771069397566,1.2901386412217049,0.12825004014999086,11.292189036381513,0.8428504725083262,0.0,0.023414800001773983,0.17756634469510452,0.012024123118438446,False,0.1752849560200304,0.011948396387546538,False,0.21776403023664764,0.012986257691249739,False,0.5284256503575675,0.015757046541965095,False,0.0,0.0,False
nhis2023,NHIS 2023,True,m30,sex,nhis2023|sex,logreg_l2,False,42,logreg_l2|s42,21691,5423,0.11179751970863491,0.11174626590448092,2,1.0450145981584986,1.0448892748669647,1.4769303196974521,1.543413744546736,0.024306392993748815,1.2233429278092192,0.8428504725083262,0.0,0.023414800001773983,0.060951605797434846,0.00755688806332129,False,0.0613020437421898,0.007571986104768446,False,0.082450145981585,0.00869777568784949,False,0.30310262766852974,0.014530542419191635,False,0.0,0.0,False
nhis2023,NHIS 2023,True,m30,race,nhis2023|race,logreg_l2,False,42,logreg_l2|s42,21691,5423,0.11179751970863491,0.11174626590448092,7,1.3628076136506888,1.7124297910491184,1.2564759342055019,1.71233496950412,0.16021505376344103,4.3999999999999995,0.8428504725083262,0.0,0.023414800001773983,0.3108322227427438,0.014587126051890586,False,0.3028322227427438,0.014480254362028502,False,0.3677779738824022,0.015183705871418608,False,0.6482114204760331,0.015000068510702682,False,0.001,0.0009994998749374,False
nhis2023,NHIS 2023,True,m30,insured,nhis2023|insured,logreg_l2,False,42,logreg_l2|s42,21691,5423,0.11179751970863491,0.11174626590448092,2,1.0434856914872783,1.1395383743093366,1.434844447533761,1.4972396505114485,0.010977439262098598,1.275429587201264,0.8428504725083262,0.0,0.023414800001773983,0.06078342606360061,0.007547169928127834,False,0.06108799680821896,0.0075596699255867095,False,0.08243485691487279,0.008697042002556605,False,0.3028274244677101,0.014526833337551129,False,0.0,0.0,False
nhis2023,NHIS 2023,True,ev10,age_group,nhis2023|age_group,logreg_l2,False,42,logreg_l2|s42,21691,5423,0.11179751970863491,0.11174626590448092,4,1.2393535195163208,1.406535189268882,1.0409771069397566,1.2901386412217049,0.12825004014999086,11.292189036381513,0.8428504725083262,0.0,0.023414800001773983,0.17756634469510452,0.012024123118438446,False,0.1752849560200304,0.011948396387546538,False,0.21776403023664764,0.012986257691249739,False,0.5284256503575675,0.015757046541965095,False,0.0,0.0,False
nhis2023,NHIS 2023,True,ev10,sex,nhis2023|sex,logreg_l2,False,42,logreg_l2|s42,21691,5423,0.11179751970863491,0.11174626590448092,2,1.0450145981584986,1.0448892748669647,1.4769303196974521,1.543413744546736,0.024306392993748815,1.2233429278092192,0.8428504725083262,0.0,0.023414800001773983,0.060951605797434846,0.00755688806332129,False,0.0613020437421898,0.007571986104768446,False,0.082450145981585,0.00869777568784949,False,0.30310262766852974,0.014530542419191635,False,0.0,0.0,False
nhis2023,NHIS 2023,True,ev10,race,nhis2023|race,logreg_l2,False,42,logreg_l2|s42,21691,5423,0.11179751970863491,0.11174626590448092,4,1.0124465357764663,1.086668828158329,1.4836519342624732,1.5021182611420945,0.03971516192190716,1.6857435156767164,0.8428504725083262,0.0,0.023414800001773983,0.05736911893541129,0.0073498768446673066,False,0.05674251500870527,0.007309632555366411,False,0.08212446535776467,0.00868214706326614,False,0.2972403764397639,0.014451533278527953,False,0.0,0.0,False
nhis2023,NHIS 2023,True,ev10,insured,nhis2023|insured,logreg_l2,False,42,logreg_l2|s42,21691,5423,0.11179751970863491,0.11174626590448092,2,1.0434856914872783,1.1395383743093366,1.434844447533761,1.4972396505114485,0.010977439262098598,1.275429587201264,0.8428504725083262,0.0,0.023414800001773983,0.06078342606360061,0.007547169928127834,False,0.06108799680821896,0.0075596699255867095,False,0.08243485691487279,0.008697042002556605,False,0.3028274244677101,0.014526833337551129,False,0.0,0.0,False
nhis2023,NHIS 2023,True,m30,age_group,nhis2023|age_group,logreg_l2,False,43,logreg_l2|s43,21691,5423,0.11179751970863491,0.11174626590448092,4,1.2212447191375313,1.3887919125690256,1.0202218959951137,1.2459406028325124,0.14041002515384482,10.055370985603544,0.8336954309921338,0.0,0.01658680004766211,0.14054187882112557,0.010986222278501413,False,0.13459140543505793,0.01078896758554331,False,0.17443044393977772,0.011995238025509867,False,0.48890422366674624,0.015801141603559936,False,0.0,0.0,False
nhis2023,NHIS 2023,True,m30,sex,nhis2023|sex,logreg_l2,False,43,logreg_l2|s43,21691,5423,0.11179751970863491,0.11174626590448092,2,1.0102740841297888,1.0302772221986345,1.5237542787833414,1.539409458436687,0.011567836254818498,1.1303152211998908,0.8336954309921338,0.0,0.01658680004766211,0.05713014925427677,0.007336068167394149,False,0.05643837177817043,0.007292132269542696,False,0.08210274084129789,0.008681104556321357,False,0.296849335143362,0.014446262976115608,False,0.0,0.0,False
nhis2023,NHIS 2023,True,m30,race,nhis2023|race,logreg_l2,False,43,logreg_l2|s43,21691,5423,0.11179751970863491,0.11174626590448092,7,1.223857447949935,1.4657829788501113,1.318008908319964,1.613055018911751,0.184981684981685,4.184210526315789,0.8336954309921338,0.0,0.01658680004766211,0.14491390818021999,0.011114446781032933,False,0.13931193274092035,0.010928498945317854,False,0.1795772824480539,0.012119508380632601,False,0.49411292046057015,0.015802747703717854,False,0.0,0.0,False
nhis2023,NHIS 2023,True,m30,insured,nhis2023|insured,logreg_l2,False,43,logreg_l2|s43,21691,5423,0.11179751970863491,0.11174626590448092,2,1.1158453868005347,1.2252648377171127,1.3742849085120654,1.533489475312783,0.01524849676142781,2.3477548036758566,0.8336954309921338,0.0,0.01658680004766211,0.07661113625606199,0.008308890951823222,False,0.07757209449864988,0.008377461434239447,False,0.09494898021023922,0.009151656488234974,False,0.33598879888274286,0.01481255603444034,False,0.0,0.0,False
nhis2023,NHIS 2023,True,ev10,age_group,nhis2023|age_group,logreg_l2,False,43,logreg_l2|s43,21691,5423,0.11179751970863491,0.11174626590448092,4,1.2212447191375313,1.3887919125690256,1.0202218959951137,1.2459406028325124,0.14041002515384482,10.055370985603544,0.8336954309921338,0.0,0.01658680004766211,0.14054187882112557,0.010986222278501413,False,0.13459140543505793,0.01078896758554331,False,0.17443044393977772,0.011995238025509867,False,0.48890422366674624,0.015801141603559936,False,0.0,0.0,False
nhis2023,NHIS 2023,True,ev10,sex,nhis2023|sex,logreg_l2,False,43,logreg_l2|s43,21691,5423,0.11179751970863491,0.11174626590448092,2,1.0102740841297888,1.0302772221986345,1.5237542787833414,1.539409458436687,0.011567836254818498,1.1303152211998908,0.8336954309921338,0.0,0.01658680004766211,0.05713014925427677,0.007336068167394149,False,0.05643837177817043,0.007292132269542696,False,0.08210274084129789,0.008681104556321357,False,0.296849335143362,0.014446262976115608,False,0.0,0.0,False
nhis2023,NHIS 2023,True,ev10,race,nhis2023|race,logreg_l2,False,43,logreg_l2|s43,21691,5423,0.11179751970863491,0.11174626590448092,5,1.0836297441528662,1.4156319322564495,1.4697470744668801,1.592661646273969,0.11958572696277614,3.4858299595141697,0.8336954309921338,0.0,0.01658680004766211,0.06519927185681527,0.007802336144850564,False,0.06670816418140126,0.007883052218971459,False,0.08283629744152866,0.008716306161443466,False,0.3100533539475159,0.014624221602983082,False,0.0,0.0,False
nhis2023,NHIS 2023,True,ev10,insured,nhis2023|insured,logreg_l2,False,43,logreg_l2|s43,21691,5423,0.11179751970863491,0.11174626590448092,2,1.1158453868005347,1.2252648377171127,1.3742849085120654,1.533489475312783,0.01524849676142781,2.3477548036758566,0.8336954309921338,0.0,0.01658680004766211,0.07661113625606199,0.008308890951823222,False,0.07757209449864988,0.008377461434239447,False,0.09494898021023922,0.009151656488234974,False,0.33598879888274286,0.01481255603444034,False,0.0,0.0,False
nhis2023,NHIS 2023,True,m30,age_group,nhis2023|age_group,logreg_l2,False,44,logreg_l2|s44,21691,5423,0.11179751970863491,0.11174626590448092,4,1.2425762438694157,1.4356045970287132,1.0255196274224205,1.274286326656914,0.18469825303602982,14.563097866077998,0.841934437371493,0.0,0.017585999972652644,0.18435708529626876,0.012213308879063753,False,0.18276628041114357,0.012160504876504438,False,0.22570574382106007,0.013166515900524745,False,0.5355616828537062,0.015747542052629564,False,0.0,0.0,False
nhis2023,NHIS 2023,True,m30,sex,nhis2023|sex,logreg_l2,False,44,logreg_l2|s44,21691,5423,0.11179751970863491,0.11174626590448092,2,1.056082437413256,1.0715037035441237,1.4941751612821792,1.5779721462492289,0.037494597257847984,1.1521549973136245,0.841934437371493,0.0,0.017585999972652644,0.06216906811545816,0.007627238177034465,False,0.06285154123785584,0.00766114360141764,False,0.08256082437413256,0.008703086875927935,False,0.3050948387343861,0.014557392664633458,False,0.0,0.0,False
nhis2023,NHIS 2023,True,m30,race,nhis2023|race,logreg_l2,False,44,logreg_l2|s44,21691,5423,0.11179751970863491,0.11174626590448092,7,1.3124137744239124,1.6925421816105142,1.206466436115727,1.583383169138407,0.13006571709596193,4.723809523809524,0.841934437371493,0.0,0.017585999972652644,0.260541361191195,0.013772865300298035,False,0.25554825923728197,0.013701049913320038,False,0.3107827386335862,0.014524986349610457,False,0.6000586063064125,0.015445063342071064,False,0.0006241377442391233,0.0006238255973107146,False
nhis2023,NHIS 2023,True,m30,insured,nhis2023|insured,logreg_l2,False,44,logreg_l2|s44,21691,5423,0.11179751970863491,0.11174626590448092,2,1.1276251794713459,1.1580016980839365,1.35493704004214,1.5278611229498924,0.048709591127162555,3.2724080267558526,0.841934437371493,0.0,0.017585999972652644,0.08375625640065239,0.008608118729077997,False,0.08394476922220348,0.008646979673652185,False,0.10383210255216242,0.009469464962054756,False,0.35307915382318206,0.014923043765086972,False,0.0,0.0,False
nhis2023,NHIS 2023,True,ev10,age_group,nhis2023|age_group,logreg_l2,False,44,logreg_l2|s44,21691,5423,0.11179751970863491,0.11174626590448092,4,1.2425762438694157,1.4356045970287132,1.0255196274224205,1.274286326656914,0.18469825303602982,14.563097866077998,0.841934437371493,0.0,0.017585999972652644,0.18435708529626876,0.012213308879063753,False,0.18276628041114357,0.012160504876504438,False,0.22570574382106007,0.013166515900524745,False,0.5355616828537062,0.015747542052629564,False,0.0,0.0,False
nhis2023,NHIS 2023,True,ev10,sex,nhis2023|sex,logreg_l2,False,44,logreg_l2|s44,21691,5423,0.11179751970863491,0.11174626590448092,2,1.056082437413256,1.0715037035441237,1.4941751612821792,1.5779721462492289,0.037494597257847984,1.1521549973136245,0.841934437371493,0.0,0.017585999972652644,0.06216906811545816,0.007627238177034465,False,0.06285154123785584,0.00766114360141764,False,0.08256082437413256,0.008703086875927935,False,0.3050948387343861,0.014557392664633458,False,0.0,0.0,False
nhis2023,NHIS 2023,True,ev10,race,nhis2023|race,logreg_l2,False,44,logreg_l2|s44,21691,5423,0.11179751970863491,0.11174626590448092,4,1.0602158554896777,1.2413861606081396,1.4934535839469183,1.583383169138407,0.05204920546363101,1.4069168198785447,0.841934437371493,0.0,0.017585999972652644,0.06262374410386454,0.007653511275604753,False,0.06343021976855487,0.0076944405440110076,False,0.08260215855489678,0.008705070403182478,False,0.305838853988142,0.014567420212677028,False,0.0,0.0,False
nhis2023,NHIS 2023,True,ev10,insured,nhis2023|insured,logreg_l2,False,44,logreg_l2|s44,21691,5423,0.11179751970863491,0.11174626590448092,2,1.1276251794713459,1.1580016980839365,1.35493704004214,1.5278611229498924,0.048709591127162555,3.2724080267558526,0.841934437371493,0.0,0.017585999972652644,0.08375625640065239,0.008608118729077997,False,0.08394476922220348,0.008646979673652185,False,0.10383210255216242,0.009469464962054756,False,0.35307915382318206,0.014923043765086972,False,0.0,0.0,False
nhis2023,NHIS 2023,True,m30,age_group,nhis2023|age_group,logreg_l2,False,45,logreg_l2|s45,21691,5423,0.11179751970863491,0.11174626590448092,4,1.2195069195636243,1.3837422887396122,1.0429270475407928,1.271856751076058,0.14935215182534967,17.164674921264936,0.8486323876315387,0.0,0.01711700001033023,0.13948780366973934,0.010942079064919822,False,0.13365128435409188,0.010749207235365656,False,0.17311997212994623,0.011948353717286298,False,0.4863829898587009,0.015784842035595943,False,0.0,0.0,False
nhis2023,NHIS 2023,True,m30,sex,nhis2023|sex,logreg_l2,False,45,logreg_l2|s45,21691,5423,0.11179751970863491,0.11174626590448092,2,1.0399048714823298,1.0581669085989671,1.4846221404106483,1.5438657961235567,0.030957454713281485,1.1159235668789809,0.8486323876315387,0.0,0.01711700001033023,0.06038953586305627,0.0075244092890603435,False,0.06058668200752617,0.007530824462597596,False,0.0823990487148233,0.008695323653736788,False,0.3021828768668193,0.014518146375823299,False,0.0,0.0,False
nhis2023,NHIS 2023,True,m30,race,nhis2023|race,logreg_l2,False,45,logreg_l2|s45,21691,5423,0.11179751970863491,0.11174626590448092,7,1.1814946137110287,1.2497541842408255,1.3378283164272715,1.580636949928915,0.26344086021505386,1.767008387698043,0.8486323876315387,0.0,0.01711700001033023,0.11643115913619773,0.009976498591098322,False,0.11308725004039258,0.00987949670346505,False,0.14445495460175933,0.010922815047211196,False,0.43123398874468916,0.015428308306381361,False,0.0,0.0,False
nhis2023,NHIS 2023,True,m30,insured,nhis2023|insured,logreg_l2,False,45,logreg_l2|s45,21691,5423,0.11179751970863491,0.11174626590448092,2,1.130375285950587,1.3197423931038939,1.3330588764687208,1.5068568086772982,0.01552013695529697,2.3989179202955926,0.8486323876315387,0.0,0.01711700001033023,0.08542435377330676,0.00867797634643966,False,0.08543253174376009,0.00870990131218995,False,0.10590595333978679,0.009543660422656974,False,0.3570690624037202,0.01494883819393807,False,0.0,0.0,False
nhis2023,NHIS 2023,True,ev10,age_group,nhis2023|age_group,logreg_l2,False,45,logreg_l2|s45,21691,5423,0.11179751970863491,0.11174626590448092,4,1.2195069195636243,1.3837422887396122,1.0429270475407928,1.271856751076058,0.14935215182534967,17.164674921264936,0.8486323876315387,0.0,0.01711700001033023,0.13948780366973934,0.010942079064919822,False,0.13365128435409188,0.010749207235365656,False,0.17311997212994623,0.011948353717286298,False,0.4863829898587009,0.015784842035595943,False,0.0,0.0,False
nhis2023,NHIS 2023,True,ev10,sex,nhis2023|sex,logreg_l2,False,45,logreg_l2|s45,21691,5423,0.11179751970863491,0.11174626590448092,2,1.0399048714823298,1.0581669085989671,1.4846221404106483,1.5438657961235567,0.030957454713281485,1.1159235668789809,0.8486323876315387,0.0,0.01711700001033023,0.06038953586305627,0.0075244092890603435,False,0.06058668200752617,0.007530824462597596,False,0.0823990487148233,0.008695323653736788,False,0.3021828768668193,0.014518146375823299,False,0.0,0.0,False
nhis2023,NHIS 2023,True,ev10,race,nhis2023|race,logreg_l2,False,45,logreg_l2|s45,21691,5423,0.11179751970863491,0.11174626590448092,4,1.0902653256725379,1.172264638531558,1.4211385872730213,1.549418124679031,0.02830648375684619,1.589080459770115,0.8486323876315387,0.0,0.01711700001033023,0.06592918582397916,0.007844513656080796,False,0.06763714559415529,0.007936505456183164,False,0.08290265325672538,0.008719490416350825,False,0.3112477586210568,0.014640319324349591,False,0.0,0.0,False
nhis2023,NHIS 2023,True,ev10,insured,nhis2023|insured,logreg_l2,False,45,logreg_l2|s45,21691,5423,0.11179751970863491,0.11174626590448092,2,1.130375285950587,1.3197423931038939,1.3330588764687208,1.5068568086772982,0.01552013695529697,2.3989179202955926,0.8486323876315387,0.0,0.01711700001033023,0.08542435377330676,0.00867797634643966,False,0.08543253174376009,0.00870990131218995,False,0.10590595333978679,0.009543660422656974,False,0.3570690624037202,0.01494883819393807,False,0.0,0.0,False
nhis2023,NHIS 2023,True,m30,age_group,nhis2023|age_group,logreg_l2,False,46,logreg_l2|s46,21691,5423,0.11179751970863491,0.11174626590448092,4,1.2713488362247294,1.366841441394396,1.0410537460482021,1.3235424684857768,0.14365559051940135,9.656841993861784,0.8352215852683463,0.0,0.018234999966807663,0.2207083711379875,0.013033494607298489,False,0.21900046424000913,0.01300892991866749,False,0.2668432547604604,0.013904388708024646,False,0.5684386038930417,0.0156296729925771,False,0.00021348836224729367,0.0002133815913667603,False
nhis2023,NHIS 2023,True,m30,sex,nhis2023|sex,logreg_l2,False,46,logreg_l2|s46,21691,5423,0.11179751970863491,0.11174626590448092,2,1.0498119715993068,1.049805744937943,1.4838679214004122,1.5577823081583322,0.020264160188598335,1.040274861614812,0.8352215852683463,0.0,0.018234999966807663,0.06147931687592375,0.007587381437801802,False,0.061973676023902954,0.007610631570846202,False,0.08249811971599307,0.008700077831207392,False,0.3039661548878752,0.014542180702997249,False,0.0,0.0,False
nhis2023,NHIS 2023,True,m30,race,nhis2023|race,logreg_l2,False,46,logreg_l2|s46,21691,5423,0.11179751970863491,0.11174626590448092,7,1.1452407207964495,2.2516436215725437,1.3530386281746665,1.5495549337961942,0.17949183303085292,3.097435897435897,0.8352215852683463,0.0,0.018234999966807663,0.09444109294210866,0.009055584947130494,False,0.09347448829971854,0.009050018149533722,False,0.11711595338748643,0.009944716815842683,False,0.3786361277128815,0.015088267486718787,False,0.0,0.0,False
nhis2023,NHIS 2023,True,m30,insured,nhis2023|insured,logreg_l2,False,46,logreg_l2|s46,21691,5423,0.11179751970863491,0.11174626590448092,2,1.085263988715199,1.149677186957433,1.3911215343737122,1.5097341051820226,0.0071120420479130475,1.5984942845880963,0.8352215852683463,0.0,0.018234999966807663,0.06537903875867188,0.007812723835541484,False,0.06693695842012784,0.007896216952460655,False,0.082852639887152,0.008717090395839806,False,0.3103475179687358,0.014628186231182007,False,0.0,0.0,False
nhis2023,NHIS 2023,True,ev10,age_group,nhis2023|age_group,logreg_l2,False,46,logreg_l2|s46,21691,5423,0.11179751970863491,0.11174626590448092,4,1.2713488362247294,1.366841441394396,1.0410537460482021,1.3235424684857768,0.14365559051940135,9.656841993861784,0.8352215852683463,0.0,0.018234999966807663,0.2207083711379875,0.013033494607298489,False,0.21900046424000913,0.01300892991866749,False,0.2668432547604604,0.013904388708024646,False,0.5684386038930417,0.0156296729925771,False,0.00021348836224729367,0.0002133815913667603,False
nhis2023,NHIS 2023,True,ev10,sex,nhis2023|sex,logreg_l2,False,46,logreg_l2|s46,21691,5423,0.11179751970863491,0.11174626590448092,2,1.0498119715993068,1.049805744937943,1.4838679214004122,1.5577823081583322,0.020264160188598335,1.040274861614812,0.8352215852683463,0.0,0.018234999966807663,0.06147931687592375,0.007587381437801802,False,0.061973676023902954,0.007610631570846202,False,0.08249811971599307,0.008700077831207392,False,0.3039661548878752,0.014542180702997249,False,0.0,0.0,False
nhis2023,NHIS 2023,True,ev10,race,nhis2023|race,logreg_l2,False,46,logreg_l2|s46,21691,5423,0.11179751970863491,0.11174626590448092,5,1.1014224299716981,1.164080098362416,1.4068670581150333,1.5495549337961942,0.12607743059877996,3.097435897435897,0.8352215852683463,0.0,0.018234999966807663,0.06786278539266932,0.007942522083207374,False,0.06976951129616453,0.008047468365578226,False,0.0840726521098051,0.008762537763836791,False,0.3150636893851685,0.014677276932866584,False,0.0,0.0,False
nhis2023,NHIS 2023,True,ev10,insured,nhis2023|insured,logreg_l2,False,46,logreg_l2|s46,21691,5423,0.11179751970863491,0.11174626590448092,2,1.085263988715199,1.149677186957433,1.3911215343737122,1.5097341051820226,0.0071120420479130475,1.5984942845880963,0.8352215852683463,0.0,0.018234999966807663,0.06537903875867188,0.007812723835541484,False,0.06693695842012784,0.007896216952460655,False,0.082852639887152,0.008717090395839806,False,0.3103475179687358,0.014628186231182007,False,0.0,0.0,False
nhis2023,NHIS 2023,True,m30,age_group,nhis2023|age_group,logreg_l2,False,47,logreg_l2|s47,21691,5423,0.11179751970863491,0.11174626590448092,4,1.2704880285866054,1.3813907156917167,1.0314545386142895,1.3104506433407752,0.11812993400676342,7.9764152922909055,0.8248863862927709,0.0,0.01908759999787435,0.2198733877290072,0.013017995839545523,False,0.21823434544207876,0.012994421625120194,False,0.2659221905876677,0.013891379673712026,False,0.5677757820116861,0.015633542799867596,False,0.0002048802858660535,0.0002047778201002592,False
nhis2023,NHIS 2023,True,m30,sex,nhis2023|sex,logreg_l2,False,47,logreg_l2|s47,21691,5423,0.11179751970863491,0.11174626590448092,2,1.0198871230716888,1.0093934745901612,1.5334876421540606,1.5639842996224924,0.027648554147214788,1.12030289801538,0.8248863862927709,0.0,0.01908759999787435,0.05818758353788577,0.007397171185528528,False,0.05778419723003644,0.007369570554245161,False,0.0821988712307169,0.008685717620953994,False,0.298579682152904,0.014469583919715406,False,0.0,0.0,False
nhis2023,NHIS 2023,True,m30,race,nhis2023|race,logreg_l2,False,47,logreg_l2|s47,21691,5423,0.11179751970863491,0.11174626590448092,7,1.1144689254871951,1.7047377989133339,1.3929790247559233,1.552431836945935,0.22796186895810944,1.6363636363636365,0.8248863862927709,0.0,0.01908759999787435,0.07577623349223306,0.008273926375554543,False,0.07682745149307274,0.008345968398652304,False,0.0939109929903438,0.009114520769339992,False,0.3339918017314223,0.01479964561308712,False,0.0,0.0,False
nhis2023,NHIS 2023,True,m30,insured,nhis2023|insured,logreg_l2,False,47,logreg_l2|s47,21691,5423,0.11179751970863491,0.11174626590448092,2,1.181903988290907,1.1818194990660673,1.3016749725513712,1.5384548415169226,0.0535430570164408,1.576733237147847,0.8248863862927709,0.0,0.01908759999787435,0.11667946830759934,0.00998689743673379,False,0.11330871497704806,0.00988886307510778,False,0.14476366330133972,0.010933859614300576,False,0.43182791743844706,0.015432148006245285,False,0.0,0.0,False
nhis2023,NHIS 2023,True,ev10,age_group,nhis2023|age_group,logreg_l2,False,47,logreg_l2|s47,21691,5423,0.11179751970863491,0.11174626590448092,4,1.2704880285866054,1.3813907156917167,1.0314545386142895,1.3104506433407752,0.11812993400676342,7.9764152922909055,0.8248863862927709,0.0,0.01908759999787435,0.2198733877290072,0.013017995839545523,False,0.21823434544207876,0.012994421625120194,False,0.2659221905876677,0.013891379673712026,False,0.5677757820116861,0.015633542799867596,False,0.0002048802858660535,0.0002047778201002592,False
nhis2023,NHIS 2023,True,ev10,sex,nhis2023|sex,logreg_l2,False,47,logreg_l2|s47,21691,5423,0.11179751970863491,0.11174626590448092,2,1.0198871230716888,1.0093934745901612,1.5334876421540606,1.5639842996224924,0.027648554147214788,1.12030289801538,0.8248863862927709,0.0,0.01908759999787435,0.05818758353788577,0.007397171185528528,False,0.05778419723003644,0.007369570554245161,False,0.0821988712307169,0.008685717620953994,False,0.298579682152904,0.014469583919715406,False,0.0,0.0,False
nhis2023,NHIS 2023,True,ev10,race,nhis2023|race,logreg_l2,False,47,logreg_l2|s47,21691,5423,0.11179751970863491,0.11174626590448092,4,1.027120521282836,1.1844074820194437,1.5114407752334693,1.552431836945935,0.11745951417004041,1.6363636363636365,0.8248863862927709,0.0,0.01908759999787435,0.05898325734111196,0.007443148577770483,False,0.05879687297959704,0.007427839531768975,False,0.08227120521282837,0.008689188753616963,False,0.29988169383091046,0.014487131926410955,False,0.0,0.0,False
nhis2023,NHIS 2023,True,ev10,insured,nhis2023|insured,logreg_l2,False,47,logreg_l2|s47,21691,5423,0.11179751970863491,0.11174626590448092,2,1.181903988290907,1.1818194990660673,1.3016749725513712,1.5384548415169226,0.0535430570164408,1.576733237147847,0.8248863862927709,0.0,0.01908759999787435,0.11667946830759934,0.00998689743673379,False,0.11330871497704806,0.00988886307510778,False,0.14476366330133972,0.010933859614300576,False,0.43182791743844706,0.015432148006245285,False,0.0,0.0,False
nhis2023,NHIS 2023,True,m30,age_group,nhis2023|age_group,random_forest,False,42,random_forest|s42,21691,5423,0.11179751970863491,0.11174626590448092,4,1.5905567484024046,1.594281309606722,1.0344753525419041,1.645391753041482,0.16781764397964316,11.292189036381513,0.8385697039706046,0.0,0.7553482999792323,0.6041571778272701,0.015412785729000351,False,0.5970627453112942,0.01545841008510509,False,0.6698182054391019,0.014820727304253186,False,0.8814284815574187,0.010193068522633977,False,0.007,0.0026364749192814,False
nhis2023,NHIS 2023,True,m30,sex,nhis2023|sex,random_forest,False,42,random_forest|s42,21691,5423,0.11179751970863491,0.11174626590448092,2,1.081157803409387,1.09003919516802,1.8231699003402706,1.971134364693998,0.01617131135700356,1.2233429278092192,0.8385697039706046,0.0,0.7553482999792323,0.06492735837503257,0.007786623835664175,False,0.06636209247731417,0.007863139384724339,False,0.08281157803409388,0.008715119936932504,False,0.30960840461368966,0.014618224749021589,False,0.0,0.0,False
nhis2023,NHIS 2023,True,m30,race,nhis2023|race,random_forest,False,42,random_forest|s42,21691,5423,0.11179751970863491,0.11174626590448092,7,1.3012859923964046,1.5402750077389435,1.5496413070637929,2.0165265261209693,0.1293906810035842,4.3999999999999995,0.8385697039706046,0.0,0.7553482999792323,0.24974741262451244,0.013572510538546806,False,0.24564453323280008,0.01351349915164553,False,0.2988760118641529,0.014356816724007815,False,0.5914902141452315,0.01549508888797695,False,0.000512859923964046,0.0005126034298624683,False
nhis2023,NHIS 2023,True,m30,insured,nhis2023|insured,random_forest,False,42,random_forest|s42,21691,5423,0.11179751970863491,0.11174626590448092,2,1.0290748326224484,1.0627752932766892,1.8465261644146778,1.9002136035780062,0.0447873074658689,1.275429587201264,0.8385697039706046,0.0,0.7553482999792323,0.05919823158846932,0.0074555706975544846,False,0.05907047656714277,0.007443582578148878,False,0.08229074832622449,0.008690126580310105,False,0.3002334698720407,0.014491873026993507,False,0.0,0.0,False
nhis2023,NHIS 2023,True,ev10,age_group,nhis2023|age_group,random_forest,False,42,random_forest|s42,21691,5423,0.11179751970863491,0.11174626590448092,4,1.5905567484024046,1.594281309606722,1.0344753525419041,1.645391753041482,0.16781764397964316,11.292189036381513,0.8385697039706046,0.0,0.7553482999792323,0.6041571778272701,0.015412785729000351,False,0.5970627453112942,0.01545841008510509,False,0.6698182054391019,0.014820727304253186,False,0.8814284815574187,0.010193068522633977,False,0.007,0.0026364749192814,False
nhis2023,NHIS 2023,True,ev10,sex,nhis2023|sex,random_forest,False,42,random_forest|s42,21691,5423,0.11179751970863491,0.11174626590448092,2,1.081157803409387,1.09003919516802,1.8231699003402706,1.971134364693998,0.01617131135700356,1.2233429278092192,0.8385697039706046,0.0,0.7553482999792323,0.06492735837503257,0.007786623835664175,False,0.06636209247731417,0.007863139384724339,False,0.08281157803409388,0.008715119936932504,False,0.30960840461368966,0.014618224749021589,False,0.0,0.0,False
nhis2023,NHIS 2023,True,ev10,race,nhis2023|race,random_forest,False,42,random_forest|s42,21691,5423,0.11179751970863491,0.11174626590448092,4,1.0918503383747307,1.1678579014656456,1.8468891342037421,2.0165265261209693,0.027908348488242196,1.6857435156767164,0.8385697039706046,0.0,0.7553482999792323,0.06610353722122037,0.00785458841604699,False,0.06785904737246229,0.007949273600120921,False,0.08291850338374732,0.008720251025569508,False,0.3115330609074515,0.014644164517535243,False,0.0,0.0,False
nhis2023,NHIS 2023,True,ev10,insured,nhis2023|insured,random_forest,False,42,random_forest|s42,21691,5423,0.11179751970863491,0.11174626590448092,2,1.0290748326224484,1.0627752932766892,1.8465261644146778,1.9002136035780062,0.0447873074658689,1.275429587201264,0.8385697039706046,0.0,0.7553482999792323,0.05919823158846932,0.0074555706975544846,False,0.05907047656714277,0.007443582578148878,False,0.08229074832622449,0.008690126580310105,False,0.3002334698720407,0.014491873026993507,False,0.0,0.0,False
nhis2023,NHIS 2023,True,m30,age_group,nhis2023|age_group,random_forest,False,43,random_forest|s43,21691,5423,0.11179751970863491,0.11174626590448092,4,1.591397362653423,1.63742709864051,1.0698394535210944,1.702539684796049,0.12005746608440426,10.055370985603544,0.837144608170595,0.0,0.7882510999916121,0.6053004132086552,0.01540919161549254,False,0.5982143868351895,0.015455347633196939,False,0.6709025978229157,0.01481235816084333,False,0.8819244439655195,0.010176909612124354,False,0.007,0.0026364749192814,False
nhis2023,NHIS 2023,True,m30,sex,nhis2023|sex,random_forest,False,43,random_forest|s43,21691,5423,0.11179751970863491,0.11174626590448092,2,1.0670819307696129,1.0780377343568952,1.8939046030330051,2.0209513804979164,0.02064263132801869,1.1303152211998908,0.837144608170595,0.0,0.7882510999916121,0.06337901238465742,0.007697153866140122,False,0.06439147030774581,0.007749750534486411,False,0.08267081930769614,0.00870836526646456,False,0.3070747475385303,0.014584077104979566,False,0.0,0.0,False
nhis2023,NHIS 2023,True,m30,race,nhis2023|race,random_forest,False,43,random_forest|s43,21691,5423,0.11179751970863491,0.11174626590448092,7,1.2317656443925744,2.0647676323272455,1.7132154510898603,2.1102799340950167,0.14580062794348514,4.184210526315789,0.837144608170595,0.0,0.7882510999916121,0.1615776078272104,0.011578686968915688,False,0.1576702459113335,0.011448988883037671,False,0.19906533796741555,0.012561841380033,False,0.5116239268692719,0.01577942477550025,False,0.0,0.0,False
nhis2023,NHIS 2023,True,m30,insured,nhis2023|insured,random_forest,False,43,random_forest|s43,21691,5423,0.11179751970863491,0.11174626590448092,2,1.0390642057147632,1.0254314069847934,1.8862779533306149,1.9599639033347447,0.015022710820315699,2.3477548036758566,0.837144608170595,0.0,0.7882510999916121,0.06029706262862395,0.007519065795088143,False,0.06046898880006685,0.007524052440197406,False,0.08239064205714763,0.00869492023858954,False,0.30203155702865736,0.014516106945933313,False,0.0,0.0,False
nhis2023,NHIS 2023,True,ev10,age_group,nhis2023|age_group,random_forest,False,43,random_forest|s43,21691,5423,0.11179751970863491,0.11174626590448092,4,1.591397362653423,1.63742709864051,1.0698394535210944,1.702539684796049,0.12005746608440426,10.055370985603544,0.837144608170595,0.0,0.7882510999916121,0.6053004132086552,0.01540919161549254,False,0.5982143868351895,0.015455347633196939,False,0.6709025978229157,0.01481235816084333,False,0.8819244439655195,0.010176909612124354,False,0.007,0.0026364749192814,False
nhis2023,NHIS 2023,True,ev10,sex,nhis2023|sex,random_forest,False,43,random_forest|s43,21691,5423,0.11179751970863491,0.11174626590448092,2,1.0670819307696129,1.0780377343568952,1.8939046030330051,2.0209513804979164,0.02064263132801869,1.1303152211998908,0.837144608170595,0.0,0.7882510999916121,0.06337901238465742,0.007697153866140122,False,0.06439147030774581,0.007749750534486411,False,0.08267081930769614,0.00870836526646456,False,0.3070747475385303,0.014584077104979566,False,0.0,0.0,False
nhis2023,NHIS 2023,True,ev10,race,nhis2023|race,random_forest,False,43,random_forest|s43,21691,5423,0.11179751970863491,0.11174626590448092,5,1.2317656443925744,2.0376634701300174,1.7132154510898603,2.1102799340950167,0.07828617742410848,3.4858299595141697,0.837144608170595,0.0,0.7882510999916121,0.1615776078272104,0.011578686968915688,False,0.1576702459113335,0.011448988883037671,False,0.19906533796741555,0.012561841380033,False,0.5116239268692719,0.01577942477550025,False,0.0,0.0,False
nhis2023,NHIS 2023,True,ev10,insured,nhis2023|insured,random_forest,False,43,random_forest|s43,21691,5423,0.11179751970863491,0.11174626590448092,2,1.0390642057147632,1.0254314069847934,1.8862779533306149,1.9599639033347447,0.015022710820315699,2.3477548036758566,0.837144608170595,0.0,0.7882510999916121,0.06029706262862395,0.007519065795088143,False,0.06046898880006685,0.007524052440197406,False,0.08239064205714763,0.00869492023858954,False,0.30203155702865736,0.014516106945933313,False,0.0,0.0,False
nhis2023,NHIS 2023,True,m30,age_group,nhis2023|age_group,random_forest,False,44,random_forest|s44,21691,5423,0.11179751970863491,0.11174626590448092,4,1.550199635230717,1.6694258487274551,1.0758822797722343,1.6678323176541099,0.20187614972503864,14.563097866077998,0.8378213573900467,0.0,0.7712366999476217,0.5492715039137752,0.015585335796300396,False,0.5417735002660824,0.015605435570445565,False,0.6177575294476251,0.015222522143363284,False,0.857617784786123,0.010968842879751877,False,0.007,0.0026364749192814,False
nhis2023,NHIS 2023,True,m30,sex,nhis2023|sex,random_forest,False,44,random_forest|s44,21691,5423,0.11179751970863491,0.11174626590448092,2,1.013141535147084,1.0310739174811996,1.9300053775677268,1.9553686110710942,0.032348912320384726,1.1521549973136245,0.8378213573900467,0.0,0.7712366999476217,0.05744556886617925,0.00735429444449218,False,0.056839814920591765,0.007315231155294613,False,0.08213141535147084,0.008682480576636436,False,0.2973654763264751,0.014453219326116236,False,0.0,0.0,False
nhis2023,NHIS 2023,True,m30,race,nhis2023|race,random_forest,False,44,random_forest|s44,21691,5423,0.11179751970863491,0.11174626590448092,7,1.184065751195203,1.6014797428325156,1.7620604057309017,2.0863953779630844,0.1517729015198862,4.723809523809524,0.8378213573900467,0.0,0.7712366999476217,0.11799070154463137,0.010041810076275162,False,0.1144781932695361,0.009938323583308177,False,0.14639384516359577,0.010992182081306034,False,0.4349642455864831,0.015452424108224871,False,0.0,0.0,False
nhis2023,NHIS 2023,True,m30,insured,nhis2023|insured,random_forest,False,44,random_forest|s44,21691,5423,0.11179751970863491,0.11174626590448092,2,1.051298036706356,1.0023473011257673,1.8436065521055869,1.9381799486875777,0.03165899579287479,3.2724080267558526,0.8378213573900467,0.0,0.7712366999476217,0.06164278403769916,0.007596827260681923,False,0.06218172513888984,0.007622602637804486,False,0.08251298036706356,0.008700790957870934,False,0.3042336466071441,0.014545785852290473,False,0.0,0.0,False
nhis2023,NHIS 2023,True,ev10,age_group,nhis2023|age_group,random_forest,False,44,random_forest|s44,21691,5423,0.11179751970863491,0.11174626590448092,4,1.550199635230717,1.6694258487274551,1.0758822797722343,1.6678323176541099,0.20187614972503864,14.563097866077998,0.8378213573900467,0.0,0.7712366999476217,0.5492715039137752,0.015585335796300396,False,0.5417735002660824,0.015605435570445565,False,0.6177575294476251,0.015222522143363284,False,0.857617784786123,0.010968842879751877,False,0.007,0.0026364749192814,False
nhis2023,NHIS 2023,True,ev10,sex,nhis2023|sex,random_forest,False,44,random_forest|s44,21691,5423,0.11179751970863491,0.11174626590448092,2,1.013141535147084,1.0310739174811996,1.9300053775677268,1.9553686110710942,0.032348912320384726,1.1521549973136245,0.8378213573900467,0.0,0.7712366999476217,0.05744556886617925,0.00735429444449218,False,0.056839814920591765,0.007315231155294613,False,0.08213141535147084,0.008682480576636436,False,0.2973654763264751,0.014453219326116236,False,0.0,0.0,False
nhis2023,NHIS 2023,True,ev10,race,nhis2023|race,random_forest,False,44,random_forest|s44,21691,5423,0.11179751970863491,0.11174626590448092,4,1.0961445220180555,1.3402124101874355,1.903394430254442,2.0863953779630844,0.052205666076944435,1.4069168198785447,0.8378213573900467,0.0,0.7712366999476217,0.0665758974219861,0.00788188338308252,False,0.06846023308252776,0.00798386559725588,False,0.08296144522018056,0.008722311700327074,False,0.31230601396325,0.01465458207801309,False,0.0,0.0,False
nhis2023,NHIS 2023,True,ev10,insured,nhis2023|insured,random_forest,False,44,random_forest|s44,21691,5423,0.11179751970863491,0.11174626590448092,2,1.051298036706356,1.0023473011257673,1.8436065521055869,1.9381799486875777,0.03165899579287479,3.2724080267558526,0.8378213573900467,0.0,0.7712366999476217,0.06164278403769916,0.007596827260681923,False,0.06218172513888984,0.007622602637804486,False,0.08251298036706356,0.008700790957870934,False,0.3042336466071441,0.014545785852290473,False,0.0,0.0,False
nhis2023,NHIS 2023,True,m30,age_group,nhis2023|age_group,random_forest,False,45,random_forest|s45,21691,5423,0.11179751970863491,0.11174626590448092,4,1.5831532656648304,1.7292271206303609,1.0522059919429128,1.6658033522965245,0.16254078412079453,17.164674921264936,0.8426456149870747,0.0,0.8111415000166744,0.5940884413041693,0.015444439911973957,False,0.5869199739608175,0.015485381802285925,False,0.6602677127076312,0.014894436272056286,False,0.8770604267422499,0.010335383758036007,False,0.007,0.0026364749192814,False
nhis2023,NHIS 2023,True,m30,sex,nhis2023|sex,random_forest,False,45,random_forest|s45,21691,5423,0.11179751970863491,0.11174626590448092,2,1.0526581847249086,1.0891713724552516,1.8814948495863282,1.980570952934809,0.04113491967889049,1.1159235668789809,0.8426456149870747,0.0,0.8111415000166744,0.06179240031973994,0.007605472721242871,False,0.0623721458614872,0.007633559373768499,False,0.08252658184724909,0.00870144365997247,False,0.30447847325048355,0.014549085530510831,False,0.0,0.0,False
nhis2023,NHIS 2023,True,m30,race,nhis2023|race,random_forest,False,45,random_forest|s45,21691,5423,0.11179751970863491,0.11174626590448092,7,1.3258038567985573,1.5055626443736105,1.5667908253391392,2.0772573190312253,0.23832187555085504,1.767008387698043,0.8426456149870747,0.0,0.8111415000166744,0.2735297410946005,0.014013952585919694,False,0.2674654325507159,0.013926730120035185,False,0.3251101267744562,0.014727345196518686,False,0.6103689697348891,0.015384867502607234,False,0.0007580385679855721,0.000757659453899305,False
nhis2023,NHIS 2023,True,m30,insured,nhis2023|insured,random_forest,False,45,random_forest|s45,21691,5423,0.11179751970863491,0.11174626590448092,2,1.1289791168178904,1.0835574816050932,1.7175432566402768,1.939070468978263,0.06769645128325574,2.3989179202955926,0.8426456149870747,0.0,0.8111415000166744,0.08457749708626137,0.008642511156353278,False,0.08467722713098988,0.008677957367412453,False,0.10485310448562224,0.009505993004082112,False,0.35504347276038195,0.014935742924489674,False,0.0,0.0,False
nhis2023,NHIS 2023,True,ev10,age_group,nhis2023|age_group,random_forest,False,45,random_forest|s45,21691,5423,0.11179751970863491,0.11174626590448092,4,1.5831532656648304,1.7292271206303609,1.0522059919429128,1.6658033522965245,0.16254078412079453,17.164674921264936,0.8426456149870747,0.0,0.8111415000166744,0.5940884413041693,0.015444439911973957,False,0.5869199739608175,0.015485381802285925,False,0.6602677127076312,0.014894436272056286,False,0.8770604267422499,0.010335383758036007,False,0.007,0.0026364749192814,False
nhis2023,NHIS 2023,True,ev10,sex,nhis2023|sex,random_forest,False,45,random_forest|s45,21691,5423,0.11179751970863491,0.11174626590448092,2,1.0526581847249086,1.0891713724552516,1.8814948495863282,1.980570952934809,0.04113491967889049,1.1159235668789809,0.8426456149870747,0.0,0.8111415000166744,0.06179240031973994,0.007605472721242871,False,0.0623721458614872,0.007633559373768499,False,0.08252658184724909,0.00870144365997247,False,0.30447847325048355,0.014549085530510831,False,0.0,0.0,False
nhis2023,NHIS 2023,True,ev10,race,nhis2023|race,random_forest,False,45,random_forest|s45,21691,5423,0.11179751970863491,0.11174626590448092,4,1.1222696401835806,1.4230469893099926,1.8509431643285195,2.0772573190312253,0.013526412662557386,1.589080459770115,0.8426456149870747,0.0,0.8111415000166744,0.0805078145375816,0.008472078464035856,False,0.08104751026324847,0.008524446488198008,False,0.09979349915483118,0.00932497720958828,False,0.3453092320696209,0.01487281186382777,False,0.0,0.0,False
nhis2023,NHIS 2023,True,ev10,insured,nhis2023|insured,random_forest,False,45,random_forest|s45,21691,5423,0.11179751970863491,0.11174626590448092,2,1.1289791168178904,1.0835574816050932,1.7175432566402768,1.939070468978263,0.06769645128325574,2.3989179202955926,0.8426456149870747,0.0,0.8111415000166744,0.08457749708626137,0.008642511156353278,False,0.08467722713098988,0.008677957367412453,False,0.10485310448562224,0.009505993004082112,False,0.35504347276038195,0.014935742924489674,False,0.0,0.0,False
nhis2023,NHIS 2023,True,m30,age_group,nhis2023|age_group,random_forest,False,46,random_forest|s46,21691,5423,0.11179751970863491,0.11174626590448092,4,1.5418899318110844,1.8588330568431262,1.047807238707397,1.6156034318417087,0.15049712991351416,9.656841993861784,0.8367862787939578,0.0,0.8071536000352353,0.5379703072630748,0.01562086459832846,False,0.5303892065811857,0.015635708751114096,False,0.607038012036299,0.015305253431261405,False,0.8527150597685398,0.011128578161132916,False,0.007,0.0026364749192814,False
nhis2023,NHIS 2023,True,m30,sex,nhis2023|sex,random_forest,False,46,random_forest|s46,21691,5423,0.11179751970863491,0.11174626590448092,2,1.0578246680677093,1.0829851821452186,1.8674776189777258,1.975463892418989,0.019662243698826076,1.040274861614812,0.8367862787939578,0.0,0.8071536000352353,0.06236071348744802,0.007638312255888897,False,0.06309545352947929,0.007675178221921345,False,0.08257824668067709,0.008703922930235268,False,0.30540844025218766,0.014561619263846871,False,0.0,0.0,False
nhis2023,NHIS 2023,True,m30,race,nhis2023|race,random_forest,False,46,random_forest|s46,21691,5423,0.11179751970863491,0.11174626590448092,7,1.1526348091918455,1.3541433744286366,1.7589690135759384,2.0274489133374702,0.12540834845735016,3.097435897435897,0.8367862787939578,0.0,0.8071536000352353,0.09892603180488985,0.009243408001169639,False,0.09747456890706392,0.009219192747260496,False,0.1226918233249982,0.01014420283515541,False,0.38936361661439867,0.01515761981488261,False,0.0,0.0,False
nhis2023,NHIS 2023,True,m30,insured,nhis2023|insured,random_forest,False,46,random_forest|s46,21691,5423,0.11179751970863491,0.11174626590448092,2,1.0194396141969153,1.0476577046164002,1.8809055070882827,1.9174695844869325,0.009421942595938426,1.5984942845880963,0.8367862787939578,0.0,0.8071536000352353,0.058138357561660685,0.007394326700755727,False,0.057721545987568144,0.007365965625578895,False,0.08219439614196916,0.008685502872280293,False,0.29849913055544475,0.014468498276632913,False,0.0,0.0,False
nhis2023,NHIS 2023,True,ev10,age_group,nhis2023|age_group,random_forest,False,46,random_forest|s46,21691,5423,0.11179751970863491,0.11174626590448092,4,1.5418899318110844,1.8588330568431262,1.047807238707397,1.6156034318417087,0.15049712991351416,9.656841993861784,0.8367862787939578,0.0,0.8071536000352353,0.5379703072630748,0.01562086459832846,False,0.5303892065811857,0.015635708751114096,False,0.607038012036299,0.015305253431261405,False,0.8527150597685398,0.011128578161132916,False,0.007,0.0026364749192814,False
nhis2023,NHIS 2023,True,ev10,sex,nhis2023|sex,random_forest,False,46,random_forest|s46,21691,5423,0.11179751970863491,0.11174626590448092,2,1.0578246680677093,1.0829851821452186,1.8674776189777258,1.975463892418989,0.019662243698826076,1.040274861614812,0.8367862787939578,0.0,0.8071536000352353,0.06236071348744802,0.007638312255888897,False,0.06309545352947929,0.007675178221921345,False,0.08257824668067709,0.008703922930235268,False,0.30540844025218766,0.014561619263846871,False,0.0,0.0,False
nhis2023,NHIS 2023,True,ev10,race,nhis2023|race,random_forest,False,46,random_forest|s46,21691,5423,0.11179751970863491,0.11174626590448092,5,1.1526348091918455,1.2549992372361387,1.7589690135759384,2.0274489133374702,0.11287937258807412,3.097435897435897,0.8367862787939578,0.0,0.8071536000352353,0.09892603180488985,0.009243408001169639,False,0.09747456890706392,0.009219192747260496,False,0.1226918233249982,0.01014420283515541,False,0.38936361661439867,0.01515761981488261,False,0.0,0.0,False
nhis2023,NHIS 2023,True,ev10,insured,nhis2023|insured,random_forest,False,46,random_forest|s46,21691,5423,0.11179751970863491,0.11174626590448092,2,1.0194396141969153,1.0476577046164002,1.8809055070882827,1.9174695844869325,0.009421942595938426,1.5984942845880963,0.8367862787939578,0.0,0.8071536000352353,0.058138357561660685,0.007394326700755727,False,0.057721545987568144,0.007365965625578895,False,0.08219439614196916,0.008685502872280293,False,0.29849913055544475,0.014468498276632913,False,0.0,0.0,False
nhis2023,NHIS 2023,True,m30,age_group,nhis2023|age_group,random_forest,False,47,random_forest|s47,21691,5423,0.11179751970863491,0.11174626590448092,4,1.550836753958631,1.7400114327116998,1.0735881511640555,1.6649599634397119,0.09313855148085493,7.9764152922909055,0.8190645616357358,0.0,0.745888700010255,0.5501379853837381,0.015582611744188145,False,0.5426463529233245,0.015603114475529966,False,0.6185794126066341,0.01521617899845876,False,0.8579936848355922,0.010956595711094086,False,0.007,0.0026364749192814,False
nhis2023,NHIS 2023,True,m30,sex,nhis2023|sex,random_forest,False,47,random_forest|s47,21691,5423,0.11179751970863491,0.11174626590448092,2,1.0826516852159105,1.0837348362677248,1.8954578641449575,2.0521206508722885,0.042500875460409704,1.12030289801538,0.8190645616357358,0.0,0.745888700010255,0.06509168537375015,0.007796119343553649,False,0.06657123593022746,0.007875173419470747,False,0.08282651685215911,0.008715836814640861,False,0.3098773033388639,0.014621848861392844,False,0.0,0.0,False
nhis2023,NHIS 2023,True,m30,race,nhis2023|race,random_forest,False,47,random_forest|s47,21691,5423,0.11179751970863491,0.11174626590448092,7,1.4753259021787835,1.495055773906099,1.4658213756732696,2.162564243498112,0.2927488363766557,1.6363636363636365,0.8190645616357358,0.0,0.745888700010255,0.4434953713117509,0.015663471800515406,False,0.43549537131175087,0.01563235203500828,False,0.5179627810938725,0.015761210276348418,False,0.8038193841352078,0.012519639780965633,False,0.004039108261454018,0.0018286572717807177,False
nhis2023,NHIS 2023,True,m30,insured,nhis2023|insured,random_forest,False,47,random_forest|s47,21691,5423,0.11179751970863491,0.11174626590448092,2,1.0898580922172754,1.0712794947406012,1.8156058097805543,1.978752684066036,0.03273438350333635,1.576733237147847,0.8190645616357358,0.0,0.745888700010255,0.06588439014390028,0.007841925172527133,False,0.06758013291041855,0.00793322496804205,False,0.08289858092217275,0.00871929499487578,False,0.31117445659910953,0.01463933138822455,False,0.0,0.0,False
nhis2023,NHIS 2023,True,ev10,age_group,nhis2023|age_group,random_forest,False,47,random_forest|s47,21691,5423,0.11179751970863491,0.11174626590448092,4,1.550836753958631,1.7400114327116998,1.0735881511640555,1.6649599634397119,0.09313855148085493,7.9764152922909055,0.8190645616357358,0.0,0.745888700010255,0.5501379853837381,0.015582611744188145,False,0.5426463529233245,0.015603114475529966,False,0.6185794126066341,0.01521617899845876,False,0.8579936848355922,0.010956595711094086,False,0.007,0.0026364749192814,False
nhis2023,NHIS 2023,True,ev10,sex,nhis2023|sex,random_forest,False,47,random_forest|s47,21691,5423,0.11179751970863491,0.11174626590448092,2,1.0826516852159105,1.0837348362677248,1.8954578641449575,2.0521206508722885,0.042500875460409704,1.12030289801538,0.8190645616357358,0.0,0.745888700010255,0.06509168537375015,0.007796119343553649,False,0.06657123593022746,0.007875173419470747,False,0.08282651685215911,0.008715836814640861,False,0.3098773033388639,0.014621848861392844,False,0.0,0.0,False
nhis2023,NHIS 2023,True,ev10,race,nhis2023|race,random_forest,False,47,random_forest|s47,21691,5423,0.11179751970863491,0.11174626590448092,4,1.131750955492159,1.3132410183345717,1.9108128276840626,2.162564243498112,0.11733282381778609,1.6363636363636365,0.8190645616357358,0.0,0.745888700010255,0.08625877628212919,0.008712920810291024,False,0.0861767464137909,0.008741376232268719,False,0.10694334348589034,0.00958077478024416,False,0.35906491083698466,0.014961741188924103,False,0.0,0.0,False
nhis2023,NHIS 2023,True,ev10,insured,nhis2023|insured,random_forest,False,47,random_forest|s47,21691,5423,0.11179751970863491,0.11174626590448092,2,1.0898580922172754,1.0712794947406012,1.8156058097805543,1.978752684066036,0.03273438350333635,1.576733237147847,0.8190645616357358,0.0,0.745888700010255,0.06588439014390028,0.007841925172527133,False,0.06758013291041855,0.00793322496804205,False,0.08289858092217275,0.00871929499487578,False,0.31117445659910953,0.01463933138822455,False,0.0,0.0,False
nhis2023,NHIS 2023,True,m30,age_group,nhis2023|age_group,hgb_deep,False,42,hgb_deep|s42,21691,5423,0.11179751970863491,0.11174626590448092,4,1.5080656294015187,1.8929858310291712,1.7058264338254472,2.5724982145767212,0.1504523840525055,11.292189036381513,0.8274628635792789,0.0,1.0166324999881908,0.49196925598606567,0.01576548311036916,False,0.4840499122800808,0.015758934474840003,False,0.5634046619279593,0.01564200770025102,False,0.8327587213468961,0.011778773985227461,False,0.007,0.0026364749192814,False
nhis2023,NHIS 2023,True,m30,sex,nhis2023|sex,hgb_deep,False,42,hgb_deep|s42,21691,5423,0.11179751970863491,0.11174626590448092,2,1.0191329459615743,1.0382899721584622,2.9197434572489267,2.9756067510381308,0.008513279391795137,1.2233429278092192,0.8274628635792789,0.0,1.0166324999881908,0.05810462405577318,0.0073923774363390815,False,0.057678612434620406,0.0073634952452692895,False,0.08219132945961574,0.008685355709619353,False,0.29844393027308336,0.014467754308709403,False,0.0,0.0,False
nhis2023,NHIS 2023,True,m30,race,nhis2023|race,hgb_deep,False,42,hgb_deep|s42,21691,5423,0.11179751970863491,0.11174626590448092,7,1.3702344328637739,2.0073726053880177,2.2573515675116798,3.0931008448835176,0.13599706744868045,4.3999999999999995,0.8274628635792789,0.0,1.0166324999881908,0.31885318749287567,0.014666872816122249,False,0.31085318749287566,0.014564751274648468,False,0.3775071070515436,0.015236297225954522,False,0.6593516492956607,0.014840009047631863,False,0.001,0.0009994998749374,False
nhis2023,NHIS 2023,True,m30,insured,nhis2023|insured,hgb_deep,False,42,hgb_deep|s42,21691,5423,0.11179751970863491,0.11174626590448092,2,1.0490944595447798,1.2127957713129138,2.911942464378056,3.0549027058921903,0.00295331811384858,1.275429587201264,0.8274628635792789,0.0,1.0166324999881908,0.06140039054992577,0.007582820741403464,False,0.06187322433626916,0.007604851618940075,False,0.0824909445954478,0.008699733514545175,False,0.30383700271806036,0.014540440040314311,False,0.0,0.0,False
nhis2023,NHIS 2023,True,ev10,age_group,nhis2023|age_group,hgb_deep,False,42,hgb_deep|s42,21691,5423,0.11179751970863491,0.11174626590448092,4,1.5080656294015187,1.8929858310291712,1.7058264338254472,2.5724982145767212,0.1504523840525055,11.292189036381513,0.8274628635792789,0.0,1.0166324999881908,0.49196925598606567,0.01576548311036916,False,0.4840499122800808,0.015758934474840003,False,0.5634046619279593,0.01564200770025102,False,0.8327587213468961,0.011778773985227461,False,0.007,0.0026364749192814,False
nhis2023,NHIS 2023,True,ev10,sex,nhis2023|sex,hgb_deep,False,42,hgb_deep|s42,21691,5423,0.11179751970863491,0.11174626590448092,2,1.0191329459615743,1.0382899721584622,2.9197434572489267,2.9756067510381308,0.008513279391795137,1.2233429278092192,0.8274628635792789,0.0,1.0166324999881908,0.05810462405577318,0.0073923774363390815,False,0.057678612434620406,0.0073634952452692895,False,0.08219132945961574,0.008685355709619353,False,0.29844393027308336,0.014467754308709403,False,0.0,0.0,False
nhis2023,NHIS 2023,True,ev10,race,nhis2023|race,hgb_deep,False,42,hgb_deep|s42,21691,5423,0.11179751970863491,0.11174626590448092,4,1.096580459383026,1.3022483562341967,2.820678426664472,3.0931008448835176,0.06235877457075034,1.6857435156767164,0.8274628635792789,0.0,1.0166324999881908,0.06662385053213285,0.007884654316278383,False,0.06852126431362363,0.007987377311083843,False,0.08296580459383027,0.008722520896113396,False,0.31238448268894464,0.014655639648960526,False,0.0,0.0,False
nhis2023,NHIS 2023,True,ev10,insured,nhis2023|insured,hgb_deep,False,42,hgb_deep|s42,21691,5423,0.11179751970863491,0.11174626590448092,2,1.0490944595447798,1.2127957713129138,2.911942464378056,3.0549027058921903,0.00295331811384858,1.275429587201264,0.8274628635792789,0.0,1.0166324999881908,0.06140039054992577,0.007582820741403464,False,0.06187322433626916,0.007604851618940075,False,0.0824909445954478,0.008699733514545175,False,0.30383700271806036,0.014540440040314311,False,0.0,0.0,False
nhis2023,NHIS 2023,True,m30,age_group,nhis2023|age_group,hgb_deep,False,43,hgb_deep|s43,21691,5423,0.11179751970863491,0.11174626590448092,4,1.4789048512399232,1.5305375840550772,1.5367021913204046,2.272636325654767,0.1032108828286773,10.055370985603544,0.8235991753628342,0.0,1.0565365999937057,0.44893537388468335,0.01568327046618127,False,0.44093537388468335,0.01565497478367546,False,0.5230448887606911,0.015755567690319584,False,0.8073267542151248,0.012434666942803995,False,0.004468582148790793,0.001945830277742002,False
nhis2023,NHIS 2023,True,m30,sex,nhis2023|sex,hgb_deep,False,43,hgb_deep|s43,21691,5423,0.11179751970863491,0.11174626590448092,2,1.0735147937728218,1.0241879297639918,2.5798178600966333,2.7694726380530796,0.012409879091636267,1.1303152211998908,0.8235991753628342,0.0,1.0565365999937057,0.06408662731501039,0.007738042844861285,False,0.06529207112819504,0.007801570763209628,False,0.08273514793772822,0.008711452241664188,False,0.3082326628791079,0.014599683037316858,False,0.0,0.0,False
nhis2023,NHIS 2023,True,m30,race,nhis2023|race,hgb_deep,False,43,hgb_deep|s43,21691,5423,0.11179751970863491,0.11174626590448092,7,1.1365688683694457,1.8546400660139477,2.5677666505889403,2.918443636296674,0.09536891679748838,4.184210526315789,0.8235991753628342,0.0,1.0565365999937057,0.08918111687982769,0.00883530440409144,False,0.0887831582982247,0.008851608681397286,False,0.11057652368843443,0.009710757843725507,False,0.3660548336179662,0.015006930461362115,False,0.0,0.0,False
nhis2023,NHIS 2023,True,m30,insured,nhis2023|insured,hgb_deep,False,43,hgb_deep|s43,21691,5423,0.11179751970863491,0.11174626590448092,2,1.2876148534679572,1.332302532658243,2.554704838021483,3.289475895662913,0.03277054814395741,2.3477548036758566,0.8235991753628342,0.0,1.0565365999937057,0.23648640786391847,0.013326362853760557,False,0.2334772195864819,0.013283081938884705,False,0.2842478932107142,0.014150210384175183,False,0.5809634371703271,0.015556548232378212,False,0.000376148534679572,0.0003759604133701184,False
nhis2023,NHIS 2023,True,ev10,age_group,nhis2023|age_group,hgb_deep,False,43,hgb_deep|s43,21691,5423,0.11179751970863491,0.11174626590448092,4,1.4789048512399232,1.5305375840550772,1.5367021913204046,2.272636325654767,0.1032108828286773,10.055370985603544,0.8235991753628342,0.0,1.0565365999937057,0.44893537388468335,0.01568327046618127,False,0.44093537388468335,0.01565497478367546,False,0.5230448887606911,0.015755567690319584,False,0.8073267542151248,0.012434666942803995,False,0.004468582148790793,0.001945830277742002,False
nhis2023,NHIS 2023,True,ev10,sex,nhis2023|sex,hgb_deep,False,43,hgb_deep|s43,21691,5423,0.11179751970863491,0.11174626590448092,2,1.0735147937728218,1.0241879297639918,2.5798178600966333,2.7694726380530796,0.012409879091636267,1.1303152211998908,0.8235991753628342,0.0,1.0565365999937057,0.06408662731501039,0.007738042844861285,False,0.06529207112819504,0.007801570763209628,False,0.08273514793772822,0.008711452241664188,False,0.3082326628791079,0.014599683037316858,False,0.0,0.0,False
nhis2023,NHIS 2023,True,ev10,race,nhis2023|race,hgb_deep,False,43,hgb_deep|s43,21691,5423,0.11179751970863491,0.11174626590448092,5,1.111849710593338,1.8546400660139477,2.5677666505889403,2.854970607328538,0.0670498084291189,3.4858299595141697,0.8235991753628342,0.0,1.0565365999937057,0.07418752937628696,0.008207393638286301,False,0.07541049917344513,0.008286041521621167,False,0.09193584733268109,0.009043856648902171,False,0.33019179323787556,0.014775078872586228,False,0.0,0.0,False
nhis2023,NHIS 2023,True,ev10,insured,nhis2023|insured,hgb_deep,False,43,hgb_deep|s43,21691,5423,0.11179751970863491,0.11174626590448092,2,1.2876148534679572,1.332302532658243,2.554704838021483,3.289475895662913,0.03277054814395741,2.3477548036758566,0.8235991753628342,0.0,1.0565365999937057,0.23648640786391847,0.013326362853760557,False,0.2334772195864819,0.013283081938884705,False,0.2842478932107142,0.014150210384175183,False,0.5809634371703271,0.015556548232378212,False,0.000376148534679572,0.0003759604133701184,False
nhis2023,NHIS 2023,True,m30,age_group,nhis2023|age_group,hgb_deep,False,44,hgb_deep|s44,21691,5423,0.11179751970863491,0.11174626590448092,4,1.6475784303385461,1.7413298009846856,1.5117476178355045,2.490722767261457,0.16285871465142032,14.563097866077998,0.8275865317484624,0.0,1.2708212000434287,0.6699706524435812,0.014624101141686335,False,0.6674113059418456,0.014609983576508584,False,0.7286268617317752,0.013832092703741278,False,0.9104720256336827,0.008777823897726522,False,0.013660980247396448,0.0034549573657066904,False
nhis2023,NHIS 2023,True,m30,sex,nhis2023|sex,hgb_deep,False,44,hgb_deep|s44,21691,5423,0.11179751970863491,0.11174626590448092,2,1.1260838563950883,1.1392805019739343,2.7507601307803724,3.097586576087019,0.029005495821653904,1.1521549973136245,0.8275865317484624,0.0,1.2708212000434287,0.08282135551833224,0.008568966369522226,False,0.08311093870553957,0.008611714648749965,False,0.10266979334711576,0.009427881417401853,False,0.35084297198303793,0.014908587034510468,False,0.0,0.0,False
nhis2023,NHIS 2023,True,m30,race,nhis2023|race,hgb_deep,False,44,hgb_deep|s44,21691,5423,0.11179751970863491,0.11174626590448092,7,1.3107859132648096,1.5263743498029907,2.3960851394404226,3.140754647761653,0.14327277064246657,4.723809523809524,0.8275865317484624,0.0,1.2708212000434287,0.2589623358668653,0.013743555799636549,False,0.2540994628056805,0.013673613484431031,False,0.30904092719334625,0.014500385148671881,False,0.5988051532139034,0.015452381479948119,False,0.0006078591326480959,0.0006075551270613282,False
nhis2023,NHIS 2023,True,m30,insured,nhis2023|insured,hgb_deep,False,44,hgb_deep|s44,21691,5423,0.11179751970863491,0.11174626590448092,2,1.228309485349892,1.4539579226607084,2.7973458403127736,3.436006429460244,0.019836511034447057,3.2724080267558526,0.8275865317484624,0.0,1.2708212000434287,0.15429498698727231,0.011375797734313915,False,0.14964701956224918,0.011221516536096935,False,0.19054837461223373,0.012368526354686424,False,0.5039710032747607,0.01578961771264411,False,0.0,0.0,False
nhis2023,NHIS 2023,True,ev10,age_group,nhis2023|age_group,hgb_deep,False,44,hgb_deep|s44,21691,5423,0.11179751970863491,0.11174626590448092,4,1.6475784303385461,1.7413298009846856,1.5117476178355045,2.490722767261457,0.16285871465142032,14.563097866077998,0.8275865317484624,0.0,1.2708212000434287,0.6699706524435812,0.014624101141686335,False,0.6674113059418456,0.014609983576508584,False,0.7286268617317752,0.013832092703741278,False,0.9104720256336827,0.008777823897726522,False,0.013660980247396448,0.0034549573657066904,False
nhis2023,NHIS 2023,True,ev10,sex,nhis2023|sex,hgb_deep,False,44,hgb_deep|s44,21691,5423,0.11179751970863491,0.11174626590448092,2,1.1260838563950883,1.1392805019739343,2.7507601307803724,3.097586576087019,0.029005495821653904,1.1521549973136245,0.8275865317484624,0.0,1.2708212000434287,0.08282135551833224,0.008568966369522226,False,0.08311093870553957,0.008611714648749965,False,0.10266979334711576,0.009427881417401853,False,0.35084297198303793,0.014908587034510468,False,0.0,0.0,False
nhis2023,NHIS 2023,True,ev10,race,nhis2023|race,hgb_deep,False,44,hgb_deep|s44,21691,5423,0.11179751970863491,0.11174626590448092,4,1.1139685746280061,1.3030440298404222,2.8194284105460183,3.140754647761653,0.06203953432448461,1.4069168198785447,0.8275865317484624,0.0,1.2708212000434287,0.07547274198747908,0.008261216569904601,False,0.0765567698807246,0.008334520516127902,False,0.0935336792276767,0.00910102174203306,False,0.3332658828619432,0.014794952607657926,False,0.0,0.0,False
nhis2023,NHIS 2023,True,ev10,insured,nhis2023|insured,hgb_deep,False,44,hgb_deep|s44,21691,5423,0.11179751970863491,0.11174626590448092,2,1.228309485349892,1.4539579226607084,2.7973458403127736,3.436006429460244,0.019836511034447057,3.2724080267558526,0.8275865317484624,0.0,1.2708212000434287,0.15429498698727231,0.011375797734313915,False,0.14964701956224918,0.011221516536096935,False,0.19054837461223373,0.012368526354686424,False,0.5039710032747607,0.01578961771264411,False,0.0,0.0,False
nhis2023,NHIS 2023,True,m30,age_group,nhis2023|age_group,hgb_deep,False,45,hgb_deep|s45,21691,5423,0.11179751970863491,0.11174626590448092,4,1.568474006839465,1.7235278252126955,1.5811497614535048,2.4799923017602428,0.1090941073784023,17.164674921264936,0.8173919582118061,0.0,1.0249072999577038,0.5741246493016723,0.015507202257919172,False,0.566809389370067,0.015538859987012772,False,0.6413314688229098,0.01504058276209143,False,0.8683996640352843,0.010617559356914181,False,0.007,0.0026364749192814,False
nhis2023,NHIS 2023,True,m30,sex,nhis2023|sex,hgb_deep,False,45,hgb_deep|s45,21691,5423,0.11179751970863491,0.11174626590448092,2,1.114521050316201,1.10939243220195,2.5930609646214213,2.890021029823808,0.024087193951624064,1.1159235668789809,0.8173919582118061,0.0,1.0249072999577038,0.07580785019179405,0.008275250439327066,False,0.07685565017105957,0.008347160999620417,False,0.09395030023844667,0.009115927051506193,False,0.3340674254587506,0.014800134514227245,False,0.0,0.0,False
nhis2023,NHIS 2023,True,m30,race,nhis2023|race,hgb_deep,False,45,hgb_deep|s45,21691,5423,0.11179751970863491,0.11174626590448092,7,1.199015888442388,1.391048731707413,2.56822643075849,3.0793442955971138,0.23041474654377903,1.767008387698043,0.8173919582118061,0.0,1.0249072999577038,0.12705881757980914,0.010421570269271915,False,0.122565972436046,0.010280378387025077,False,0.1576677191532762,0.011395523670984195,False,0.4566541988057597,0.015592647861176829,False,0.0,0.0,False
nhis2023,NHIS 2023,True,m30,insured,nhis2023|insured,hgb_deep,False,45,hgb_deep|s45,21691,5423,0.11179751970863491,0.11174626590448092,2,1.2723939686972205,1.4589425042538688,2.5161966919550767,3.2015934948995377,0.001558455602483133,2.3989179202955926,0.8173919582118061,0.0,1.0249072999577038,0.2217221496363039,0.013052312127897545,False,0.21993063214052627,0.013026544874710116,False,0.26796154650602594,0.013920183368287539,False,0.5692433558968598,0.015624974543025241,False,0.00022393968697220526,0.00022382768912223962,False
nhis2023,NHIS 2023,True,ev10,age_group,nhis2023|age_group,hgb_deep,False,45,hgb_deep|s45,21691,5423,0.11179751970863491,0.11174626590448092,4,1.568474006839465,1.7235278252126955,1.5811497614535048,2.4799923017602428,0.1090941073784023,17.164674921264936,0.8173919582118061,0.0,1.0249072999577038,0.5741246493016723,0.015507202257919172,False,0.566809389370067,0.015538859987012772,False,0.6413314688229098,0.01504058276209143,False,0.8683996640352843,0.010617559356914181,False,0.007,0.0026364749192814,False
nhis2023,NHIS 2023,True,ev10,sex,nhis2023|sex,hgb_deep,False,45,hgb_deep|s45,21691,5423,0.11179751970863491,0.11174626590448092,2,1.114521050316201,1.10939243220195,2.5930609646214213,2.890021029823808,0.024087193951624064,1.1159235668789809,0.8173919582118061,0.0,1.0249072999577038,0.07580785019179405,0.008275250439327066,False,0.07685565017105957,0.008347160999620417,False,0.09395030023844667,0.009115927051506193,False,0.3340674254587506,0.014800134514227245,False,0.0,0.0,False
nhis2023,NHIS 2023,True,ev10,race,nhis2023|race,hgb_deep,False,45,hgb_deep|s45,21691,5423,0.11179751970863491,0.11174626590448092,4,1.199015888442388,1.391048731707413,2.56822643075849,3.0793442955971138,0.028419655352394102,1.589080459770115,0.8173919582118061,0.0,1.0249072999577038,0.12705881757980914,0.010421570269271915,False,0.122565972436046,0.010280378387025077,False,0.1576677191532762,0.011395523670984195,False,0.4566541988057597,0.015592647861176829,False,0.0,0.0,False
nhis2023,NHIS 2023,True,ev10,insured,nhis2023|insured,hgb_deep,False,45,hgb_deep|s45,21691,5423,0.11179751970863491,0.11174626590448092,2,1.2723939686972205,1.4589425042538688,2.5161966919550767,3.2015934948995377,0.001558455602483133,2.3989179202955926,0.8173919582118061,0.0,1.0249072999577038,0.2217221496363039,0.013052312127897545,False,0.21993063214052627,0.013026544874710116,False,0.26796154650602594,0.013920183368287539,False,0.5692433558968598,0.015624974543025241,False,0.00022393968697220526,0.00022382768912223962,False
nhis2023,NHIS 2023,True,m30,age_group,nhis2023|age_group,hgb_deep,False,46,hgb_deep|s46,21691,5423,0.11179751970863491,0.11174626590448092,4,1.8080960703904456,2.0775974618239013,1.4144653922248365,2.557489317385007,0.109038279535427,9.656841993861784,0.826094977153933,0.0,1.0340064000338316,0.8173084136905222,0.012092062175745924,False,0.821597263738968,0.01199673917352002,False,0.8530130424280509,0.011111751872769577,False,0.9652603784952993,0.005771452422865435,False,0.04581612825307001,0.006402453157774172,False
nhis2023,NHIS 2023,True,m30,sex,nhis2023|sex,hgb_deep,False,46,hgb_deep|s46,21691,5423,0.11179751970863491,0.11174626590448092,2,1.1468697581670895,1.0931490235982066,2.740366512513196,3.1428434794951996,0.0158412713225482,1.040274861614812,0.826094977153933,0.0,1.0340064000338316,0.09542919757675916,0.009096965406456355,False,0.09435577081170413,0.009087290052048643,False,0.11834440779813302,0.009988666815220969,False,0.38099956717684286,0.015103546927304068,False,0.0,0.0,False
nhis2023,NHIS 2023,True,m30,race,nhis2023|race,hgb_deep,False,46,hgb_deep|s46,21691,5423,0.11179751970863491,0.11174626590448092,7,1.323707547111672,2.2570341635671,2.452988900944404,3.247039921161273,0.1092558983666061,3.097435897435897,0.826094977153933,0.0,1.0340064000338316,0.2714963206983217,0.013976208709661653,False,0.26559971692938794,0.013891398328173241,False,0.3228670754094889,0.014695664524276973,False,0.6087548112759874,0.015394291576175083,False,0.0007370754711167187,0.0007367068412005854,False
nhis2023,NHIS 2023,True,m30,insured,nhis2023|insured,hgb_deep,False,46,hgb_deep|s46,21691,5423,0.11179751970863491,0.11174626590448092,2,1.2228361685108562,1.636873273418954,2.826860377347974,3.45678711275135,0.03535623759840467,1.5984942845880963,0.826094977153933,0.0,1.0340064000338316,0.14276192650501845,0.011054493925521866,False,0.13694110547163052,0.010861281890772458,False,0.17706055811603852,0.012062384660857772,False,0.4918515159883245,0.015805759670759964,False,0.0,0.0,False
nhis2023,NHIS 2023,True,ev10,age_group,nhis2023|age_group,hgb_deep,False,46,hgb_deep|s46,21691,5423,0.11179751970863491,0.11174626590448092,4,1.8080960703904456,2.0775974618239013,1.4144653922248365,2.557489317385007,0.109038279535427,9.656841993861784,0.826094977153933,0.0,1.0340064000338316,0.8173084136905222,0.012092062175745924,False,0.821597263738968,0.01199673917352002,False,0.8530130424280509,0.011111751872769577,False,0.9652603784952993,0.005771452422865435,False,0.04581612825307001,0.006402453157774172,False
nhis2023,NHIS 2023,True,ev10,sex,nhis2023|sex,hgb_deep,False,46,hgb_deep|s46,21691,5423,0.11179751970863491,0.11174626590448092,2,1.1468697581670895,1.0931490235982066,2.740366512513196,3.1428434794951996,0.0158412713225482,1.040274861614812,0.826094977153933,0.0,1.0340064000338316,0.09542919757675916,0.009096965406456355,False,0.09435577081170413,0.009087290052048643,False,0.11834440779813302,0.009988666815220969,False,0.38099956717684286,0.015103546927304068,False,0.0,0.0,False
nhis2023,NHIS 2023,True,ev10,race,nhis2023|race,hgb_deep,False,46,hgb_deep|s46,21691,5423,0.11179751970863491,0.11174626590448092,5,1.1532935696441486,1.3089396280286891,2.807528574888579,3.2379046520111987,0.10876825996223805,3.097435897435897,0.826094977153933,0.0,1.0340064000338316,0.0993256078169426,0.009260141693467505,False,0.09783094751240827,0.009234264995326409,False,0.12318859350214484,0.010161975614338363,False,0.3903193592378221,0.015163798611865606,False,0.0,0.0,False
nhis2023,NHIS 2023,True,ev10,insured,nhis2023|insured,hgb_deep,False,46,hgb_deep|s46,21691,5423,0.11179751970863491,0.11174626590448092,2,1.2228361685108562,1.636873273418954,2.826860377347974,3.45678711275135,0.03535623759840467,1.5984942845880963,0.826094977153933,0.0,1.0340064000338316,0.14276192650501845,0.011054493925521866,False,0.13694110547163052,0.010861281890772458,False,0.17706055811603852,0.012062384660857772,False,0.4918515159883245,0.015805759670759964,False,0.0,0.0,False
nhis2023,NHIS 2023,True,m30,age_group,nhis2023|age_group,hgb_deep,False,47,hgb_deep|s47,21691,5423,0.11179751970863491,0.11174626590448092,4,1.7045362807814883,1.9870621774607562,1.5307783019563144,2.609267153517618,0.056219363299284675,7.9764152922909055,0.8036361867451016,0.0,1.0036028000176884,0.7333837259367236,0.013728273269124104,False,0.7361404454763292,0.013635486541367689,False,0.7844455551658586,0.012761113646193107,False,0.9385712318522009,0.007300893977108688,False,0.021635079309408365,0.004434792144658959,False
nhis2023,NHIS 2023,True,m30,sex,nhis2023|sex,hgb_deep,False,47,hgb_deep|s47,21691,5423,0.11179751970863491,0.11174626590448092,2,1.063771910222678,1.0372431609961712,3.010569954674928,3.202559751543549,0.04076337300738109,1.12030289801538,0.8036361867451016,0.0,1.0036028000176884,0.06301491012449456,0.007676114500053402,False,0.0639280674311749,0.007723086509193917,False,0.08263771910222678,0.008706776867747915,False,0.306478943840082,0.014576047094599313,False,0.0,0.0,False
nhis2023,NHIS 2023,True,m30,race,nhis2023|race,hgb_deep,False,47,hgb_deep|s47,21691,5423,0.11179751970863491,0.11174626590448092,7,1.1827779079351928,1.4737688943644238,2.841183752589783,3.360489374947604,0.3858959899749372,1.6363636363636365,0.8036361867451016,0.0,1.0036028000176884,0.11720955071478906,0.010009096556868297,False,0.11378149117805511,0.009908858103076288,False,0.14542268467244043,0.010957437199760103,False,0.43309581725023866,0.015440344873623427,False,0.0,0.0,False
nhis2023,NHIS 2023,True,m30,insured,nhis2023|insured,hgb_deep,False,47,hgb_deep|s47,21691,5423,0.11179751970863491,0.11174626590448092,2,1.1875820943611655,1.4088748296035023,2.999900894540459,3.5626285872142915,0.007371108236428503,1.576733237147847,0.8036361867451016,0.0,1.0036028000176884,0.12012356543218232,0.010131131474284408,False,0.11638047727735182,0.010018776494980343,False,0.149045513780551,0.011087049935624914,False,0.4400658254256253,0.015485405399783988,False,0.0,0.0,False
nhis2023,NHIS 2023,True,ev10,age_group,nhis2023|age_group,hgb_deep,False,47,hgb_deep|s47,21691,5423,0.11179751970863491,0.11174626590448092,4,1.7045362807814883,1.9870621774607562,1.5307783019563144,2.609267153517618,0.056219363299284675,7.9764152922909055,0.8036361867451016,0.0,1.0036028000176884,0.7333837259367236,0.013728273269124104,False,0.7361404454763292,0.013635486541367689,False,0.7844455551658586,0.012761113646193107,False,0.9385712318522009,0.007300893977108688,False,0.021635079309408365,0.004434792144658959,False
nhis2023,NHIS 2023,True,ev10,sex,nhis2023|sex,hgb_deep,False,47,hgb_deep|s47,21691,5423,0.11179751970863491,0.11174626590448092,2,1.063771910222678,1.0372431609961712,3.010569954674928,3.202559751543549,0.04076337300738109,1.12030289801538,0.8036361867451016,0.0,1.0036028000176884,0.06301491012449456,0.007676114500053402,False,0.0639280674311749,0.007723086509193917,False,0.08263771910222678,0.008706776867747915,False,0.306478943840082,0.014576047094599313,False,0.0,0.0,False
nhis2023,NHIS 2023,True,ev10,race,nhis2023|race,hgb_deep,False,47,hgb_deep|s47,21691,5423,0.11179751970863491,0.11174626590448092,4,1.1327483193235823,1.368387361675269,2.9666690452070688,3.360489374947604,0.11451189787655958,1.6363636363636365,0.8036361867451016,0.0,1.0036028000176884,0.08686373467168106,0.008738255633299464,False,0.08671630389636419,0.008764195627432202,False,0.10769545391614402,0.009607682781595754,False,0.36051190590388577,0.014971095892308318,False,0.0,0.0,False
nhis2023,NHIS 2023,True,ev10,insured,nhis2023|insured,hgb_deep,False,47,hgb_deep|s47,21691,5423,0.11179751970863491,0.11174626590448092,2,1.1875820943611655,1.4088748296035023,2.999900894540459,3.5626285872142915,0.007371108236428503,1.576733237147847,0.8036361867451016,0.0,1.0036028000176884,0.12012356543218232,0.010131131474284408,False,0.11638047727735182,0.010018776494980343,False,0.149045513780551,0.011087049935624914,False,0.4400658254256253,0.015485405399783988,False,0.0,0.0,False
nhis2024,NHIS 2024,True,m30,age_group,nhis2024|age_group,published,False,,published,7797,1950,0.07515711170963191,0.07487179487179488,6,1.362415052575245,1.4352630980815813,0.9295616951744491,1.266448845803031,0.3279162152401589,21.718430034129696,0.8362998511678765,0.0,0.002590899995993823,0.31040825678126444,0.01458291085900225,False,0.30240825678126443,0.014475788089464424,False,0.3672637188735708,0.015180926038208276,False,0.6476225788628673,0.015008528810213856,False,0.001,0.0009994998749374,False
nhis2024,NHIS 2024,True,m30,sex,nhis2024|sex,published,False,,published,7797,1950,0.07515711170963191,0.07487179487179488,2,1.1449810617386968,1.1693199293676064,1.9287568638453902,2.208390081801494,0.003673389602495414,2.555872195522496,0.8362998511678765,0.0,0.002590899995993823,0.09428359482511117,0.009048989143208758,False,0.09333401700618024,0.009044077225610124,False,0.11692014491770578,0.00993771144221991,False,0.378259409243847,0.015085832032985887,False,0.0,0.0,False
nhis2024,NHIS 2024,True,m30,race,nhis2024|race,published,False,,published,7797,1950,0.07515711170963191,0.07487179487179488,4,1.0514257767093511,1.1386627300579268,1.9824245481375942,2.0843722702932546,0.10897400353584064,3.2299546142208775,0.8362998511678765,0.0,0.002590899995993823,0.06165683543802862,0.007597639209927803,False,0.06219960873930915,0.00762363165337174,False,0.08251425776709352,0.008700852257205467,False,0.3042566398076832,0.014546095745699133,False,0.0,0.0,False
nhis2024,NHIS 2024,True,m30,income,nhis2024|income,published,False,,published,7797,1950,0.07515711170963191,0.07487179487179488,5,1.1397181007631756,1.20427498206878,1.9827850509235398,2.259816012460193,0.09677440383788105,2.099757197363857,0.8362998511678765,0.0,0.002590899995993823,0.0910913070202868,0.008915300532679468,False,0.09048684139647202,0.008923662205086443,False,0.11295135467387007,0.009795721371414334,False,0.3706238019269022,0.015036468463446332,False,0.0,0.0,False
nhis2024,NHIS 2024,True,m30,insurance,nhis2024|insurance,published,False,,published,7797,1950,0.07515711170963191,0.07487179487179488,2,1.3218570610626625,1.440364617359404,1.576381953372176,2.0837516159967637,0.043906203020093404,2.788163716814159,0.8362998511678765,0.0,0.002590899995993823,0.2697013492307826,0.013942890866936413,False,0.2639527843457696,0.013860209716902654,False,0.32088705533704887,0.014667698884289098,False,0.6073299370182501,0.015402610536284481,False,0.0007185706106266248,0.0007182112354550026,False
nhis2024,NHIS 2024,True,ev10,age_group,nhis2024|age_group,published,False,,published,7797,1950,0.07515711170963191,0.07487179487179488,3,1.0730309471144632,1.1208948802829624,1.1802537934331687,1.266448845803031,0.18094033051444725,3.9764194849519083,0.8362998511678765,0.0,0.002590899995993823,0.06403340418259096,0.007734967387524783,False,0.06522433259602485,0.007797673113828537,False,0.08273030947114464,0.008711220055367973,False,0.30814557048060337,0.014598509239863345,False,0.0,0.0,False
nhis2024,NHIS 2024,True,ev10,sex,nhis2024|sex,published,False,,published,7797,1950,0.07515711170963191,0.07487179487179488,2,1.1449810617386968,1.1693199293676064,1.9287568638453902,2.208390081801494,0.003673389602495414,2.555872195522496,0.8362998511678765,0.0,0.002590899995993823,0.09428359482511117,0.009048989143208758,False,0.09333401700618024,0.009044077225610124,False,0.11692014491770578,0.00993771144221991,False,0.378259409243847,0.015085832032985887,False,0.0,0.0,False
nhis2024,NHIS 2024,True,ev10,race,nhis2024|race,published,False,,published,7797,1950,0.07515711170963191,0.07487179487179488,3,1.0514257767093511,1.0919867818871973,1.9824245481375942,2.0843722702932546,0.06403651634584273,2.500068766332004,0.8362998511678765,0.0,0.002590899995993823,0.06165683543802862,0.007597639209927803,False,0.06219960873930915,0.00762363165337174,False,0.08251425776709352,0.008700852257205467,False,0.3042566398076832,0.014546095745699133,False,0.0,0.0,False
nhis2024,NHIS 2024,True,ev10,income,nhis2024|income,published,False,,published,7797,1950,0.07515711170963191,0.07487179487179488,5,1.1397181007631756,1.20427498206878,1.9827850509235398,2.259816012460193,0.09677440383788105,2.099757197363857,0.8362998511678765,0.0,0.002590899995993823,0.0910913070202868,0.008915300532679468,False,0.09048684139647202,0.008923662205086443,False,0.11295135467387007,0.009795721371414334,False,0.3706238019269022,0.015036468463446332,False,0.0,0.0,False
nhis2024,NHIS 2024,True,m30,age_group,nhis2024|age_group,xgb_published,True,42,xgb_published|s42,7797,1950,0.07515711170963191,0.07487179487179488,5,1.0896768894700493,1.150137037385588,1.1795458424070313,1.2853238445414228,0.3027609427609428,25.936170212765955,0.8726346323239073,0.0,0.09706719999667257,0.06586445784170541,0.007840773399938187,False,0.06755476452580689,0.007931765280838724,False,0.08289676889470049,0.008719208040064756,False,0.3111418401046089,0.014638891795804949,False,0.0,0.0,False
nhis2024,NHIS 2024,True,m30,sex,nhis2024|sex,xgb_published,True,42,xgb_published|s42,7797,1950,0.07515711170963191,0.07487179487179488,2,1.1273236980464398,1.1596189234495502,1.9357639566978377,2.1822325822096147,0.010233608261167926,2.2002002002002,0.8726346323239073,0.0,0.09706719999667257,0.08357339061833233,0.008600460562319107,False,0.08378167271364775,0.008640081866099285,False,0.10360475590387262,0.00946133125764994,False,0.3526417586411462,0.014920216041424864,False,0.0,0.0,False
nhis2024,NHIS 2024,True,m30,race,nhis2024|race,xgb_published,True,42,xgb_published|s42,7797,1950,0.07515711170963191,0.07487179487179488,4,1.155117972053706,1.3541929116274978,1.8797803145307945,2.171368024827289,0.028199612933480056,2.330849478390462,0.8726346323239073,0.0,0.09706719999667257,0.10043221255716586,0.009306484773781881,False,0.09881791930774253,0.009276006793263365,False,0.12456437236836837,0.010211196391105617,False,0.3929662381434913,0.015180910464989957,False,0.0,0.0,False
nhis2024,NHIS 2024,True,m30,income,nhis2024|income,xgb_published,True,42,xgb_published|s42,7797,1950,0.07515711170963191,0.07487179487179488,5,1.1563857727442206,1.1952889369474256,1.9680696606344423,2.2758477553272156,0.07790657152339886,1.3973333333333333,0.8726346323239073,0.0,0.09706719999667257,0.1012012064186256,0.009338689176119519,False,0.0995037786976931,0.009305013705318825,False,0.1255204187907237,0.010245400541706546,False,0.3948055883256315,0.015192801711731022,False,0.0,0.0,False
nhis2024,NHIS 2024,True,ev10,age_group,nhis2024|age_group,xgb_published,True,42,xgb_published|s42,7797,1950,0.07515711170963191,0.07487179487179488,3,1.0868745096536534,1.1033447710115434,1.1795458424070313,1.2820183090801476,0.06506077022796597,4.892307692307692,0.8726346323239073,0.0,0.09706719999667257,0.06555619606190187,0.007822960732604207,False,0.06716243135151147,0.007909190579188383,False,0.08286874509653654,0.008717863245843453,False,0.3106374117376576,0.014632093306582303,False,0.0,0.0,False
nhis2024,NHIS 2024,True,ev10,sex,nhis2024|sex,xgb_published,True,42,xgb_published|s42,7797,1950,0.07515711170963191,0.07487179487179488,2,1.1273236980464398,1.1596189234495502,1.9357639566978377,2.1822325822096147,0.010233608261167926,2.2002002002002,0.8726346323239073,0.0,0.09706719999667257,0.08357339061833233,0.008600460562319107,False,0.08378167271364775,0.008640081866099285,False,0.10360475590387262,0.00946133125764994,False,0.3526417586411462,0.014920216041424864,False,0.0,0.0,False
nhis2024,NHIS 2024,True,ev10,race,nhis2024|race,xgb_published,True,42,xgb_published|s42,7797,1950,0.07515711170963191,0.07487179487179488,3,1.155117972053706,1.3541929116274978,1.8797803145307945,2.171368024827289,0.028199612933480056,2.330849478390462,0.8726346323239073,0.0,0.09706719999667257,0.10043221255716586,0.009306484773781881,False,0.09881791930774253,0.009276006793263365,False,0.12456437236836837,0.010211196391105617,False,0.3929662381434913,0.015180910464989957,False,0.0,0.0,False
nhis2024,NHIS 2024,True,ev10,income,nhis2024|income,xgb_published,True,42,xgb_published|s42,7797,1950,0.07515711170963191,0.07487179487179488,5,1.1563857727442206,1.1952889369474256,1.9680696606344423,2.2758477553272156,0.07790657152339886,1.3973333333333333,0.8726346323239073,0.0,0.09706719999667257,0.1012012064186256,0.009338689176119519,False,0.0995037786976931,0.009305013705318825,False,0.1255204187907237,0.010245400541706546,False,0.3948055883256315,0.015192801711731022,False,0.0,0.0,False
nhis2024,NHIS 2024,True,m30,age_group,nhis2024|age_group,xgb_published,True,43,xgb_published|s43,7797,1950,0.07515711170963191,0.07487179487179488,5,1.3148186001278928,1.1357882067506901,0.9860693875425615,1.2965023717576791,0.2224513987671881,21.530716723549485,0.8689442031406616,0.0,0.11695890000555664,0.2628740421240559,0.013816163981003963,False,0.2576885541138245,0.013741581520729405,False,0.31335590213684517,0.014561329498431873,False,0.6019103220984774,0.015434252318063519,False,0.000648186001278927,0.0006478618272144608,False
nhis2024,NHIS 2024,True,m30,sex,nhis2024|sex,xgb_published,True,43,xgb_published|s43,7797,1950,0.07515711170963191,0.07487179487179488,2,1.1429019634531616,1.1724946813458474,1.8441793202351444,2.1077161660564636,0.004908729105960297,1.5561947374027911,0.8689442031406616,0.0,0.11695890000555664,0.09302250242240949,0.00899617633265595,False,0.09220925891728414,0.008996508059908932,False,0.11535230030894153,0.009881619194120795,False,0.37524301255089837,0.015066331277940402,False,0.0,0.0,False
nhis2024,NHIS 2024,True,m30,race,nhis2024|race,xgb_published,True,43,xgb_published|s43,7797,1950,0.07515711170963191,0.07487179487179488,4,1.1561076228723512,1.2664476354563798,1.7873283056102236,2.066343878691503,0.07758199187603432,3.43125,0.8689442031406616,0.0,0.11695890000555664,0.10103249256191794,0.009331623672487237,False,0.09935330417684574,0.009298649716931756,False,0.12531066642833041,0.010237896302137795,False,0.39440204301972265,0.01519019282471736,False,0.0,0.0,False
nhis2024,NHIS 2024,True,m30,income,nhis2024|income,xgb_published,True,43,xgb_published|s43,7797,1950,0.07515711170963191,0.07487179487179488,5,1.155917828620972,1.233109957901433,1.8940940045196855,2.1894170289083963,0.09126579247638966,1.6082792709298734,0.8689442031406616,0.0,0.11695890000555664,0.10091737145862228,0.009326802559453838,False,0.0992506285982307,0.009294307279512705,False,0.12516754289450338,0.010232775819710284,False,0.3941266857861641,0.015188412662985259,False,0.0,0.0,False
nhis2024,NHIS 2024,True,m30,insurance,nhis2024|insurance,xgb_published,True,43,xgb_published|s43,7797,1950,0.07515711170963191,0.07487179487179488,2,1.1935592530350616,1.3601908296694107,1.677095733407728,2.0017131308344167,0.13675745550745544,6.260869565217392,0.8689442031406616,0.0,0.11695890000555664,0.12374905511962753,0.010282961982194859,False,0.11961402213372185,0.0101555321516797,False,0.1535528793379153,0.011248308433886649,False,0.44873760481316316,0.015541467736027817,False,0.0,0.0,False
nhis2024,NHIS 2024,True,ev10,age_group,nhis2024|age_group,xgb_published,True,43,xgb_published|s43,7797,1950,0.07515711170963191,0.07487179487179488,2,1.1355174073694148,1.1001631690512117,1.1417723439055052,1.2965023717576791,0.027692277546141453,2.6848197061878616,0.8689442031406616,0.0,0.11695890000555664,0.0885433454535794,0.00880859541636121,False,0.08821433513427353,0.008827551558707708,False,0.10978361867201764,0.009682390348215261,False,0.36452935331464265,0.014997068357418238,False,0.0,0.0,False
nhis2024,NHIS 2024,True,ev10,sex,nhis2024|sex,xgb_published,True,43,xgb_published|s43,7797,1950,0.07515711170963191,0.07487179487179488,2,1.1429019634531616,1.1724946813458474,1.8441793202351444,2.1077161660564636,0.004908729105960297,1.5561947374027911,0.8689442031406616,0.0,0.11695890000555664,0.09302250242240949,0.00899617633265595,False,0.09220925891728414,0.008996508059908932,False,0.11535230030894153,0.009881619194120795,False,0.37524301255089837,0.015066331277940402,False,0.0,0.0,False
nhis2024,NHIS 2024,True,ev10,income,nhis2024|income,xgb_published,True,43,xgb_published|s43,7797,1950,0.07515711170963191,0.07487179487179488,5,1.155917828620972,1.233109957901433,1.8940940045196855,2.1894170289083963,0.09126579247638966,1.6082792709298734,0.8689442031406616,0.0,0.11695890000555664,0.10091737145862228,0.009326802559453838,False,0.0992506285982307,0.009294307279512705,False,0.12516754289450338,0.010232775819710284,False,0.3941266857861641,0.015188412662985259,False,0.0,0.0,False
nhis2024,NHIS 2024,True,m30,age_group,nhis2024|age_group,xgb_published,True,44,xgb_published|s44,7797,1950,0.07515711170963191,0.07487179487179488,4,1.0225991058876507,1.2775682911175485,1.202353964112744,1.2295260886621646,0.17290757460916883,18.24985607369027,0.8713722169911612,0.0,0.10860410000896081,0.05848590164764157,0.007414409265618017,False,0.05816387482427109,0.00739141705863154,False,0.08222599105887651,0.008687019035843525,False,0.29906783905977713,0.014476163108531441,False,0.0,0.0,False
nhis2024,NHIS 2024,True,m30,sex,nhis2024|sex,xgb_published,True,44,xgb_published|s44,7797,1950,0.07515711170963191,0.07487179487179488,2,1.1902298375521292,1.3356522862787519,1.8264805123708678,2.1739316035313077,0.002139095865591689,2.513539282990084,0.8713722169911612,0.0,0.10860410000896081,0.12172957359719311,0.010198388881262097,False,0.11781286293803711,0.010079356091174243,False,0.15104217258029412,0.011158483724495577,False,0.44390722333382676,0.015510239719426092,False,0.0,0.0,False
nhis2024,NHIS 2024,True,m30,race,nhis2024|race,xgb_published,True,44,xgb_published|s44,7797,1950,0.07515711170963191,0.07487179487179488,3,1.1286229097231368,1.4009269493327559,1.8424329580791234,2.0794120461170666,0.07457113280094663,3.465667678300455,0.8713722169911612,0.0,0.10860410000896081,0.08436143704518131,0.008633462859818348,False,0.08448452493218875,0.008669807452407396,False,0.10458448929941462,0.00949638284910647,False,0.3545266804999607,0.01493240190528506,False,0.0,0.0,False
nhis2024,NHIS 2024,True,m30,income,nhis2024|income,xgb_published,True,44,xgb_published|s44,7797,1950,0.07515711170963191,0.07487179487179488,5,1.152864072745468,1.2650608737499611,1.9024863855447325,2.193308202781905,0.13098957289776836,1.8224908325410838,0.8713722169911612,0.0,0.10860410000896081,0.0990650933046281,0.009249231704987957,False,0.09759859673115479,0.009224438230866244,False,0.12286471059494304,0.010150388164737636,False,0.38969623668809694,0.01515977017613833,False,0.0,0.0,False
nhis2024,NHIS 2024,True,ev10,age_group,nhis2024|age_group,xgb_published,True,44,xgb_published|s44,7797,1950,0.07515711170963191,0.07487179487179488,2,1.0141245941892487,1.0229009267432336,1.202353964112744,1.219336725927671,0.08862441447954572,1.5998545586764839,0.8713722169911612,0.0,0.10860410000896081,0.05755370536081736,0.007360543027780316,False,0.05697744318649482,0.007323150233376641,False,0.0821412459418925,0.008682952322868467,False,0.29754242695406474,0.014455604197811457,False,0.0,0.0,False
nhis2024,NHIS 2024,True,ev10,sex,nhis2024|sex,xgb_published,True,44,xgb_published|s44,7797,1950,0.07515711170963191,0.07487179487179488,2,1.1902298375521292,1.3356522862787519,1.8264805123708678,2.1739316035313077,0.002139095865591689,2.513539282990084,0.8713722169911612,0.0,0.10860410000896081,0.12172957359719311,0.010198388881262097,False,0.11781286293803711,0.010079356091174243,False,0.15104217258029412,0.011158483724495577,False,0.44390722333382676,0.015510239719426092,False,0.0,0.0,False
nhis2024,NHIS 2024,True,ev10,race,nhis2024|race,xgb_published,True,44,xgb_published|s44,7797,1950,0.07515711170963191,0.07487179487179488,2,1.0271729124533366,1.1508648179814338,2.0244031174366977,2.0794120461170666,0.06037487868671565,1.7810318664643399,0.8713722169911612,0.0,0.10860410000896081,0.05898902036986703,0.00744348158990749,False,0.058804207743467125,0.007428261571292755,False,0.08227172912453337,0.008689213894871166,False,0.2998911242416006,0.014487259025816226,False,0.0,0.0,False
nhis2024,NHIS 2024,True,ev10,income,nhis2024|income,xgb_published,True,44,xgb_published|s44,7797,1950,0.07515711170963191,0.07487179487179488,5,1.152864072745468,1.2650608737499611,1.9024863855447325,2.193308202781905,0.13098957289776836,1.8224908325410838,0.8713722169911612,0.0,0.10860410000896081,0.0990650933046281,0.009249231704987957,False,0.09759859673115479,0.009224438230866244,False,0.12286471059494304,0.010150388164737636,False,0.38969623668809694,0.01515977017613833,False,0.0,0.0,False
nhis2024,NHIS 2024,True,m30,age_group,nhis2024|age_group,xgb_published,True,45,xgb_published|s45,7797,1950,0.07515711170963191,0.07487179487179488,4,1.135131625324898,1.3113407590708432,1.1616682672275163,1.3186463882663284,0.15372441420697358,9.241707717569787,0.8718752847553383,0.0,0.1113554000039585,0.08830934650854463,0.008798795863269617,False,0.08800563337248576,0.0088187249774307,False,0.10949270106467712,0.009671982287036158,False,0.3639696531353027,0.014993449942067985,False,0.0,0.0,False
nhis2024,NHIS 2024,True,m30,sex,nhis2024|sex,xgb_published,True,45,xgb_published|s45,7797,1950,0.07515711170963191,0.07487179487179488,2,1.1892346675074221,1.2635580828635125,1.8220892801621595,2.166891739262484,0.013563795466992268,2.3102983465133,0.8718752847553383,0.0,0.1113554000039585,0.12112594586515768,0.010173109784355231,False,0.11727449225811361,0.010056586889214488,False,0.15029171648100684,0.011131634909585346,False,0.44246341105585013,0.015500905592508931,False,0.0,0.0,False
nhis2024,NHIS 2024,True,m30,race,nhis2024|race,xgb_published,True,45,xgb_published|s45,7797,1950,0.07515711170963191,0.07487179487179488,4,1.2230343252683342,1.409139764174875,1.6652907259802434,2.0367077194248613,0.12595307917888587,2.821401657874906,0.8718752847553383,0.0,0.1113554000039585,0.14317947110113285,0.011066126455263519,False,0.13740111223006166,0.010874323878172063,False,0.1775488729826808,0.012073468259187994,False,0.49229029166559723,0.015805175264964784,False,0.0,0.0,False
nhis2024,NHIS 2024,True,m30,income,nhis2024|income,xgb_published,True,45,xgb_published|s45,7797,1950,0.07515711170963191,0.07487179487179488,5,1.1026534372352403,1.214143901066727,1.966642027455169,2.168524591384724,0.04734997329170121,1.866220735785953,0.8718752847553383,0.0,0.1113554000039585,0.06860946192957196,0.007973791866772151,False,0.07043546604529391,0.00807563345469701,False,0.08500095266919758,0.00879574926005071,False,0.31684965893965183,0.01468882307826652,False,0.0,0.0,False
nhis2024,NHIS 2024,True,m30,insurance,nhis2024|insurance,xgb_published,True,45,xgb_published|s45,7797,1950,0.07515711170963191,0.07487179487179488,2,1.3564267911293295,1.6614902293717573,1.489145844842126,2.0199173198427793,0.12074911123027576,5.398015435501654,0.8718752847553383,0.0,0.1113554000039585,0.30394093441967573,0.014518610859233358,False,0.2959409344196757,0.014407658034103772,False,0.35941909637942154,0.015138521507854148,False,0.6386401866939941,0.015137585124129806,False,0.001,0.0009994998749374,False
nhis2024,NHIS 2024,True,ev10,age_group,nhis2024|age_group,xgb_published,True,45,xgb_published|s45,7797,1950,0.07515711170963191,0.07487179487179488,3,1.115697606138797,1.2921070619084367,1.1819030362804988,1.3186463882663284,0.15372441420697358,4.216748768472907,0.8718752847553383,0.0,0.1113554000039585,0.07652149880549983,0.008305137059019781,False,0.07749214758328364,0.008374080255564761,False,0.09483753905548628,0.009147669495604513,False,0.3357743957915334,0.014811169936195225,False,0.0,0.0,False
nhis2024,NHIS 2024,True,ev10,sex,nhis2024|sex,xgb_published,True,45,xgb_published|s45,7797,1950,0.07515711170963191,0.07487179487179488,2,1.1892346675074221,1.2635580828635125,1.8220892801621595,2.166891739262484,0.013563795466992268,2.3102983465133,0.8718752847553383,0.0,0.1113554000039585,0.12112594586515768,0.010173109784355231,False,0.11727449225811361,0.010056586889214488,False,0.15029171648100684,0.011131634909585346,False,0.44246341105585013,0.015500905592508931,False,0.0,0.0,False
nhis2024,NHIS 2024,True,ev10,race,nhis2024|race,xgb_published,True,45,xgb_published|s45,7797,1950,0.07515711170963191,0.07487179487179488,3,1.0885372653535237,1.251265589583549,1.871050063466041,2.0367077194248613,0.09903934449389007,2.324450229499212,0.8718752847553383,0.0,0.1113554000039585,0.0657390991888876,0.007833529647626425,False,0.06739521714949331,0.007922584985479195,False,0.08288537265353524,0.008718661162044368,False,0.31093670776363425,0.014636127101944132,False,0.0,0.0,False
nhis2024,NHIS 2024,True,ev10,income,nhis2024|income,xgb_published,True,45,xgb_published|s45,7797,1950,0.07515711170963191,0.07487179487179488,5,1.1026534372352403,1.214143901066727,1.966642027455169,2.168524591384724,0.04734997329170121,1.866220735785953,0.8718752847553383,0.0,0.1113554000039585,0.06860946192957196,0.007973791866772151,False,0.07043546604529391,0.00807563345469701,False,0.08500095266919758,0.00879574926005071,False,0.31684965893965183,0.01468882307826652,False,0.0,0.0,False
nhis2024,NHIS 2024,True,m30,age_group,nhis2024|age_group,xgb_published,True,46,xgb_published|s46,7797,1950,0.07515711170963191,0.07487179487179488,5,1.2730080952161045,1.4838422031103917,1.06140788612747,1.3511808313664826,0.16004552458563648,14.322212837837837,0.8561662819305652,0.0,0.1082645000424236,0.22231785235962132,0.013063369423239235,False,0.22047720474233296,0.01303689553543446,False,0.26861866188123174,0.013929464411580628,False,0.5697162333164004,0.01562221370404704,False,0.00023008095216104456,0.00022996588291044189,False
nhis2024,NHIS 2024,True,m30,sex,nhis2024|sex,xgb_published,True,46,xgb_published|s46,7797,1950,0.07515711170963191,0.07487179487179488,2,1.1544984032103927,1.1850165340155456,1.959538169281066,2.262283687464807,0.029858218550279925,2.050383967035025,0.8561662819305652,0.0,0.1082645000424236,0.10005640850466438,0.009290746618364229,False,0.09848274272037634,0.009261831237843061,False,0.12409715651931247,0.010194480967156978,False,0.39206735547737287,0.015175099262926388,False,0.0,0.0,False
nhis2024,NHIS 2024,True,m30,race,nhis2024|race,xgb_published,True,46,xgb_published|s46,7797,1950,0.07515711170963191,0.07487179487179488,4,1.134260417946008,1.3515007610269518,1.9391037542588911,2.1994486347463633,0.11621466768525612,3.5327922077922076,0.8561662819305652,0.0,0.1082645000424236,0.08778090924593929,0.008776665639521355,False,0.0875343244625945,0.00879879200530772,False,0.10883572500846506,0.009648477876117993,False,0.3627056883315034,0.014985278514190934,False,0.0,0.0,False
nhis2024,NHIS 2024,True,m30,income,nhis2024|income,xgb_published,True,46,xgb_published|s46,7797,1950,0.07515711170963191,0.07487179487179488,5,1.0728719396197255,1.1114812618384053,2.079647084648388,2.231195001431223,0.0908640323936376,1.865158371040724,0.8561662819305652,0.0,0.1082645000424236,0.06401591335816981,0.00773395669383123,False,0.06520207154676157,0.007796392221519482,False,0.08272871939619726,0.008711143751521214,False,0.3081169491315506,0.01459812349245931,False,0.0,0.0,False
nhis2024,NHIS 2024,True,m30,insurance,nhis2024|insurance,xgb_published,True,46,xgb_published|s46,7797,1950,0.07515711170963191,0.07487179487179488,2,1.2537085534033656,1.5319125535403226,1.70139604563074,2.1330547751339215,0.18490102020375443,5.654867256637168,0.8561662819305652,0.0,0.1082645000424236,0.20359729680126465,0.01271588282687703,False,0.20330061252899542,0.012711615640662935,False,0.2479681521416012,0.013637798317391528,False,0.5548555861205916,0.01570897583800411,False,3.7085534033656186e-05,3.706698662862605e-05,False
nhis2024,NHIS 2024,True,ev10,age_group,nhis2024|age_group,xgb_published,True,46,xgb_published|s46,7797,1950,0.07515711170963191,0.07487179487179488,2,1.0923085452557662,1.0675479172341575,1.2367994043345842,1.3509665581219077,0.05724542518965814,2.504391891891892,0.8561662819305652,0.0,0.1082645000424236,0.06615393997813428,0.007857500900177183,False,0.06792319633580726,0.00795296470707687,False,0.08292308545255767,0.008720470907957389,False,0.3116155381460379,0.01464527611365945,False,0.0,0.0,False
nhis2024,NHIS 2024,True,ev10,sex,nhis2024|sex,xgb_published,True,46,xgb_published|s46,7797,1950,0.07515711170963191,0.07487179487179488,2,1.1544984032103927,1.1850165340155456,1.959538169281066,2.262283687464807,0.029858218550279925,2.050383967035025,0.8561662819305652,0.0,0.1082645000424236,0.10005640850466438,0.009290746618364229,False,0.09848274272037634,0.009261831237843061,False,0.12409715651931247,0.010194480967156978,False,0.39206735547737287,0.015175099262926388,False,0.0,0.0,False
nhis2024,NHIS 2024,True,ev10,race,nhis2024|race,xgb_published,True,46,xgb_published|s46,7797,1950,0.07515711170963191,0.07487179487179488,2,1.0426929433283176,1.099624703687536,2.109392461912742,2.1994486347463633,0.004962735611114488,1.4522727272727274,0.8561662819305652,0.0,0.1082645000424236,0.060696223766114936,0.007542131011149995,False,0.06097701206596447,0.007553283905723273,False,0.08242692943328318,0.008696661581909524,False,0.30268472979909716,0.01452491015433969,False,0.0,0.0,False
nhis2024,NHIS 2024,True,ev10,income,nhis2024|income,xgb_published,True,46,xgb_published|s46,7797,1950,0.07515711170963191,0.07487179487179488,5,1.0728719396197255,1.1114812618384053,2.079647084648388,2.231195001431223,0.0908640323936376,1.865158371040724,0.8561662819305652,0.0,0.1082645000424236,0.06401591335816981,0.00773395669383123,False,0.06520207154676157,0.007796392221519482,False,0.08272871939619726,0.008711143751521214,False,0.3081169491315506,0.01459812349245931,False,0.0,0.0,False
nhis2024,NHIS 2024,True,m30,age_group,nhis2024|age_group,xgb_published,True,47,xgb_published|s47,7797,1950,0.07515711170963191,0.07487179487179488,4,1.0759093084857945,1.2889015916781226,1.1786071861382557,1.2680744426143986,0.25330802805493446,13.822487644151565,0.8578216596300459,0.0,0.09752000001026317,0.06435002393343739,0.007753263013718823,False,0.06562730318801122,0.00782085988844756,False,0.08275909308485795,0.008712601311297787,False,0.308663675527443,0.014605492058055006,False,0.0,0.0,False
nhis2024,NHIS 2024,True,m30,sex,nhis2024|sex,xgb_published,True,47,xgb_published|s47,7797,1950,0.07515711170963191,0.07487179487179488,2,1.1263048102351123,1.137318162093462,1.9324286668992292,2.1765037029648275,0.027581372349642197,2.1910468498979636,0.8578216596300459,0.0,0.09752000001026317,0.08295537669998612,0.008574578991770674,False,0.08323047111079843,0.008616770008518928,False,0.10283641427565841,0.009433842558199911,False,0.3511635361607776,0.014910659455396312,False,0.0,0.0,False
nhis2024,NHIS 2024,True,m30,race,nhis2024|race,xgb_published,True,47,xgb_published|s47,7797,1950,0.07515711170963191,0.07487179487179488,4,1.067621545624159,1.1503983968384317,1.9280921988980249,2.0584727734933925,0.056301245065289995,3.9460784313725488,0.8578216596300459,0.0,0.09752000001026317,0.06343837001865747,0.00770058380088211,False,0.06446701638738224,0.007754097427179614,False,0.0826762154562416,0.008708624214567839,False,0.3071718782123486,0.014585386194401188,False,0.0,0.0,False
nhis2024,NHIS 2024,True,m30,income,nhis2024|income,xgb_published,True,47,xgb_published|s47,7797,1950,0.07515711170963191,0.07487179487179488,5,1.1638965838761166,1.2631097906497257,1.946429615398899,2.265442780118082,0.13874973747053831,1.9985085756897838,0.8578216596300459,0.0,0.09752000001026317,0.10575694431830021,0.009529477196179206,False,0.10356700439199751,0.009476858885399638,False,0.13118430915248136,0.01044803563806874,False,0.4057024208694478,0.01526324883253094,False,0.0,0.0,False
nhis2024,NHIS 2024,True,ev10,age_group,nhis2024|age_group,xgb_published,True,47,xgb_published|s47,7797,1950,0.07515711170963191,0.07487179487179488,2,1.0488527103210243,1.0464163268068158,1.209010979459906,1.2680744426143986,0.06408072919834107,1.5560354423616365,0.8578216596300459,0.0,0.09752000001026317,0.06137379813531268,0.007581284119395338,False,0.0618393794449434,0.007602904196763912,False,0.08248852710321025,0.008699617504946045,False,0.3037934878577844,0.01453985356396208,False,0.0,0.0,False
nhis2024,NHIS 2024,True,ev10,sex,nhis2024|sex,xgb_published,True,47,xgb_published|s47,7797,1950,0.07515711170963191,0.07487179487179488,2,1.1263048102351123,1.137318162093462,1.9324286668992292,2.1765037029648275,0.027581372349642197,2.1910468498979636,0.8578216596300459,0.0,0.09752000001026317,0.08295537669998612,0.008574578991770674,False,0.08323047111079843,0.008616770008518928,False,0.10283641427565841,0.009433842558199911,False,0.3511635361607776,0.014910659455396312,False,0.0,0.0,False
nhis2024,NHIS 2024,True,ev10,race,nhis2024|race,xgb_published,True,47,xgb_published|s47,7797,1950,0.07515711170963191,0.07487179487179488,3,1.067621545624159,1.1001989184951826,1.9280921988980249,2.0584727734933925,0.04007718125365167,2.6538461538461537,0.8578216596300459,0.0,0.09752000001026317,0.06343837001865747,0.00770058380088211,False,0.06446701638738224,0.007754097427179614,False,0.0826762154562416,0.008708624214567839,False,0.3071718782123486,0.014585386194401188,False,0.0,0.0,False
nhis2024,NHIS 2024,True,ev10,income,nhis2024|income,xgb_published,True,47,xgb_published|s47,7797,1950,0.07515711170963191,0.07487179487179488,5,1.1638965838761166,1.2631097906497257,1.946429615398899,2.265442780118082,0.13874973747053831,1.9985085756897838,0.8578216596300459,0.0,0.09752000001026317,0.10575694431830021,0.009529477196179206,False,0.10356700439199751,0.009476858885399638,False,0.13118430915248136,0.01044803563806874,False,0.4057024208694478,0.01526324883253094,False,0.0,0.0,False
nhis2024,NHIS 2024,True,m30,age_group,nhis2024|age_group,logreg_l2,False,42,logreg_l2|s42,7797,1950,0.07515711170963191,0.07487179487179488,5,1.566044095474586,1.711895261071785,0.7176767041498024,1.1239133649934594,0.4501683501683501,25.936170212765955,0.8696655833308021,0.0,0.017075300042051822,0.570819969845437,0.015517591538434834,False,0.5634804108001829,0.015547712426389092,False,0.638196883162216,0.015064774924740672,False,0.8669660163300057,0.010664268915125714,False,0.007,0.0026364749192814,False
nhis2024,NHIS 2024,True,m30,sex,nhis2024|sex,logreg_l2,False,42,logreg_l2|s42,7797,1950,0.07515711170963191,0.07487179487179488,2,1.0347955548514645,1.0138398594421463,1.6682401175785981,1.7262874580952177,0.018449166824950125,2.2002002002002,0.8696655833308021,0.0,0.017075300042051822,0.05982751103366109,0.007491933121155801,False,0.05987137767920502,0.0074896661235658605,False,0.08234795554851465,0.008692871816394897,False,0.3012631998732636,0.014505751327212544,False,0.0,0.0,False
nhis2024,NHIS 2024,True,m30,race,nhis2024|race,logreg_l2,False,42,logreg_l2|s42,7797,1950,0.07515711170963191,0.07487179487179488,4,1.1498369474893548,1.547641087837635,1.6040731981854073,1.8444226297509956,0.025098699181828832,2.330849478390462,0.8696655833308021,0.0,0.017075300042051822,0.09722896814928078,0.009172337315827526,False,0.09596097159260178,0.009155178483066857,False,0.12058196040180853,0.010068718980517574,False,0.3853044238165229,0.015131377469298948,False,0.0,0.0,False
nhis2024,NHIS 2024,True,m30,income,nhis2024|income,logreg_l2,False,42,logreg_l2|s42,7797,1950,0.07515711170963191,0.07487179487179488,5,1.255879029798491,1.4166265606924175,1.5896506295750248,1.9964088903892425,0.094561898440093,1.3973333333333333,0.8696655833308021,0.0,0.017075300042051822,0.20570265890453626,0.012754962068360824,False,0.20523233652065698,0.012748197459042916,False,0.2502905618843853,0.013670599840807903,False,0.5565268529448381,0.01569921834398836,False,5.879029798490971e-05,5.876089548344972e-05,False
nhis2024,NHIS 2024,True,ev10,age_group,nhis2024|age_group,logreg_l2,False,42,logreg_l2|s42,7797,1950,0.07515711170963191,0.07487179487179488,3,1.1332911340853562,1.0971448067210416,0.9917251897505884,1.1239133649934594,0.06427987138336466,4.892307692307692,0.8696655833308021,0.0,0.017075300042051822,0.08719298296980618,0.008752044097932558,False,0.0870099577838812,0.008776615071730493,False,0.10810478963813742,0.009622327447747958,False,0.36129943223859046,0.014976187184902838,False,0.0,0.0,False
nhis2024,NHIS 2024,True,ev10,sex,nhis2024|sex,logreg_l2,False,42,logreg_l2|s42,7797,1950,0.07515711170963191,0.07487179487179488,2,1.0347955548514645,1.0138398594421463,1.6682401175785981,1.7262874580952177,0.018449166824950125,2.2002002002002,0.8696655833308021,0.0,0.017075300042051822,0.05982751103366109,0.007491933121155801,False,0.05987137767920502,0.0074896661235658605,False,0.08234795554851465,0.008692871816394897,False,0.3012631998732636,0.014505751327212544,False,0.0,0.0,False
nhis2024,NHIS 2024,True,ev10,race,nhis2024|race,logreg_l2,False,42,logreg_l2|s42,7797,1950,0.07515711170963191,0.07487179487179488,3,1.1498369474893548,1.547641087837635,1.6040731981854073,1.8444226297509956,0.02200395677410938,2.330849478390462,0.8696655833308021,0.0,0.017075300042051822,0.09722896814928078,0.009172337315827526,False,0.09596097159260178,0.009155178483066857,False,0.12058196040180853,0.010068718980517574,False,0.3853044238165229,0.015131377469298948,False,0.0,0.0,False
nhis2024,NHIS 2024,True,ev10,income,nhis2024|income,logreg_l2,False,42,logreg_l2|s42,7797,1950,0.07515711170963191,0.07487179487179488,5,1.255879029798491,1.4166265606924175,1.5896506295750248,1.9964088903892425,0.094561898440093,1.3973333333333333,0.8696655833308021,0.0,0.017075300042051822,0.20570265890453626,0.012754962068360824,False,0.20523233652065698,0.012748197459042916,False,0.2502905618843853,0.013670599840807903,False,0.5565268529448381,0.01569921834398836,False,5.879029798490971e-05,5.876089548344972e-05,False
nhis2024,NHIS 2024,True,m30,age_group,nhis2024|age_group,logreg_l2,False,43,logreg_l2|s43,7797,1950,0.07515711170963191,0.07487179487179488,5,1.5973152786526525,1.8649126206776483,0.7101333765929846,1.1343068923131723,0.21506112153885437,21.530716723549485,0.8741818029948668,0.0,0.014861100004054606,0.6133487789676073,0.015383889092004327,False,0.6063219317541338,0.015433788002103174,False,0.6785367094619217,0.014753439474150804,False,0.885416014405065,0.010063151042222463,False,0.007,0.0026364749192814,False
nhis2024,NHIS 2024,True,m30,sex,nhis2024|sex,logreg_l2,False,43,logreg_l2|s43,7797,1950,0.07515711170963191,0.07487179487179488,2,1.0443034689972368,1.0286640696502518,1.6782537510015638,1.752606214028558,0.010081641666320862,1.5561947374027911,0.8741818029948668,0.0,0.014861100004054606,0.060873381589696046,0.007552367938280803,False,0.06120248565961315,0.0075662575705574804,False,0.08244303468997237,0.008697434434183205,False,0.3029746244195026,0.014528817241215951,False,0.0,0.0,False
nhis2024,NHIS 2024,True,m30,race,nhis2024|race,logreg_l2,False,43,logreg_l2|s43,7797,1950,0.07515711170963191,0.07487179487179488,4,1.2242945205358806,1.4167264407186042,1.5602721187732858,1.9102326055590426,0.09160147434933053,3.43125,0.8741818029948668,0.0,0.014861100004054606,0.14583488255774849,0.011140104547742394,False,0.14032656552972292,0.01095726554016511,False,0.18065435417770584,0.01214395537424225,False,0.4950807240437357,0.015801458685087397,False,0.0,0.0,False
nhis2024,NHIS 2024,True,m30,income,nhis2024|income,logreg_l2,False,43,logreg_l2|s43,7797,1950,0.07515711170963191,0.07487179487179488,5,1.2247858879172688,1.2559572709337494,1.6284117578638764,1.9944557407502286,0.09683013083737013,1.6082792709298734,0.8741818029948668,0.0,0.014861100004054606,0.14687026382567364,0.011168949618437046,False,0.14146723980794557,0.010989605629285474,False,0.18186522379612682,0.0121714392650628,False,0.4961687518168096,0.01580000953972945,False,0.0,0.0,False
nhis2024,NHIS 2024,True,m30,insurance,nhis2024|insurance,logreg_l2,False,43,logreg_l2|s43,7797,1950,0.07515711170963191,0.07487179487179488,2,1.2226050916064564,1.3471387672599078,1.4498060349116735,1.7725402401247798,0.12451268638768631,6.260869565217392,0.8741818029948668,0.0,0.014861100004054606,0.14227501445646165,0.011040928862199016,False,0.13640467694355948,0.010846073213996162,False,0.17649111860162467,0.012049459723932303,False,0.49133984570001055,0.01580644116496577,False,0.0,0.0,False
nhis2024,NHIS 2024,True,ev10,age_group,nhis2024|age_group,logreg_l2,False,43,logreg_l2|s43,7797,1950,0.07515711170963191,0.07487179487179488,2,1.014321323586193,1.0485333507033026,1.1182914781903266,1.1343068923131723,0.02024145948517775,2.6848197061878616,0.8741818029948668,0.0,0.014861100004054606,0.05757534559448123,0.007361793491861623,False,0.05700498530206702,0.007324734996232799,False,0.08214321323586193,0.008683046728542752,False,0.2975778382455147,0.014456081457416696,False,0.0,0.0,False
nhis2024,NHIS 2024,True,ev10,sex,nhis2024|sex,logreg_l2,False,43,logreg_l2|s43,7797,1950,0.07515711170963191,0.07487179487179488,2,1.0443034689972368,1.0286640696502518,1.6782537510015638,1.752606214028558,0.010081641666320862,1.5561947374027911,0.8741818029948668,0.0,0.014861100004054606,0.060873381589696046,0.007552367938280803,False,0.06120248565961315,0.0075662575705574804,False,0.08244303468997237,0.008697434434183205,False,0.3029746244195026,0.014528817241215951,False,0.0,0.0,False
nhis2024,NHIS 2024,True,ev10,income,nhis2024|income,logreg_l2,False,43,logreg_l2|s43,7797,1950,0.07515711170963191,0.07487179487179488,5,1.2247858879172688,1.2559572709337494,1.6284117578638764,1.9944557407502286,0.09683013083737013,1.6082792709298734,0.8741818029948668,0.0,0.014861100004054606,0.14687026382567364,0.011168949618437046,False,0.14146723980794557,0.010989605629285474,False,0.18186522379612682,0.0121714392650628,False,0.4961687518168096,0.01580000953972945,False,0.0,0.0,False
nhis2024,NHIS 2024,True,m30,age_group,nhis2024|age_group,logreg_l2,False,44,logreg_l2|s44,7797,1950,0.07515711170963191,0.07487179487179488,4,1.3161352474110142,1.4743236008504175,0.8959283187192394,1.1791628394200802,0.17499133022146096,18.24985607369027,0.872408726422258,0.0,0.011019799974747002,0.2641511899886837,0.013839870102499522,False,0.25886037019580255,0.013763772663600075,False,0.31476471472978507,0.014581227451151105,False,0.6029241405064809,0.015428333258996688,False,0.0006613524741101412,0.0006610217151626261,False
nhis2024,NHIS 2024,True,m30,sex,nhis2024|sex,logreg_l2,False,44,logreg_l2|s44,7797,1950,0.07515711170963191,0.07487179487179488,2,1.0780623190399785,1.1891147507904394,1.5991090367761234,1.723939196584654,0.0006236440231754958,2.513539282990084,0.872408726422258,0.0,0.011019799974747002,0.06458685509439763,0.007766948118265982,False,0.06592872466559699,0.007838203565641627,False,0.08278062319039979,0.008713634488933,False,0.3090512174271961,0.01461071519696117,False,0.0,0.0,False
nhis2024,NHIS 2024,True,m30,race,nhis2024|race,logreg_l2,False,44,logreg_l2|s44,7797,1950,0.07515711170963191,0.07487179487179488,3,1.1669619264531768,1.3325037949529044,1.5849915476243797,1.8496247898277483,0.08460514640638872,3.465667678300455,0.872408726422258,0.0,0.011019799974747002,0.107616250471599,0.009607342373563095,False,0.10522530447466938,0.009546993034416818,False,0.13349587896469065,0.0105307358920863,False,0.4101496801820679,0.015291999996024088,False,0.0,0.0,False
nhis2024,NHIS 2024,True,m30,income,nhis2024|income,logreg_l2,False,44,logreg_l2|s44,7797,1950,0.07515711170963191,0.07487179487179488,5,1.2616017613141426,1.4283756996284185,1.5712697170686198,1.9823166425533452,0.1333739378514438,1.8224908325410838,0.872408726422258,0.0,0.011019799974747002,0.2112537084747183,0.012857999358860433,False,0.2103255675695869,0.012844649982283036,False,0.25641388460613257,0.013757085145249755,False,0.5609333562118898,0.01567349149496889,False,0.0001160176131414258,0.00011595958982539071,False
nhis2024,NHIS 2024,True,ev10,age_group,nhis2024|age_group,logreg_l2,False,44,logreg_l2|s44,7797,1950,0.07515711170963191,0.07487179487179488,2,1.068469795111599,1.1575490337077023,1.1035996008637003,1.1791628394200802,0.11018333185196294,1.5998545586764839,0.872408726422258,0.0,0.011019799974747002,0.06353167746227588,0.007705975498983698,False,0.06458577131562385,0.0077609305405898586,False,0.08268469795111599,0.008709031268958632,False,0.30732456312008777,0.014587444022167695,False,0.0,0.0,False
nhis2024,NHIS 2024,True,ev10,sex,nhis2024|sex,logreg_l2,False,44,logreg_l2|s44,7797,1950,0.07515711170963191,0.07487179487179488,2,1.0780623190399785,1.1891147507904394,1.5991090367761234,1.723939196584654,0.0006236440231754958,2.513539282990084,0.872408726422258,0.0,0.011019799974747002,0.06458685509439763,0.007766948118265982,False,0.06592872466559699,0.007838203565641627,False,0.08278062319039979,0.008713634488933,False,0.3090512174271961,0.01461071519696117,False,0.0,0.0,False
nhis2024,NHIS 2024,True,ev10,race,nhis2024|race,logreg_l2,False,44,logreg_l2|s44,7797,1950,0.07515711170963191,0.07487179487179488,2,1.0949764706317735,1.1562718354627157,1.6891913565599832,1.8496247898277483,0.04447795662950638,1.7810318664643399,0.872408726422258,0.0,0.011019799974747002,0.06644741176949508,0.00787445893952526,False,0.06829670588844829,0.007974456304695567,False,0.08294976470631774,0.008721751180748227,False,0.3120957647137192,0.014651748420450089,False,0.0,0.0,False
nhis2024,NHIS 2024,True,ev10,income,nhis2024|income,logreg_l2,False,44,logreg_l2|s44,7797,1950,0.07515711170963191,0.07487179487179488,5,1.2616017613141426,1.4283756996284185,1.5712697170686198,1.9823166425533452,0.1333739378514438,1.8224908325410838,0.872408726422258,0.0,0.011019799974747002,0.2112537084747183,0.012857999358860433,False,0.2103255675695869,0.012844649982283036,False,0.25641388460613257,0.013757085145249755,False,0.5609333562118898,0.01567349149496889,False,0.0001160176131414258,0.00011595958982539071,False
nhis2024,NHIS 2024,True,m30,age_group,nhis2024|age_group,logreg_l2,False,45,logreg_l2|s45,7797,1950,0.07515711170963191,0.07487179487179488,4,1.472987780040764,1.6396759371126566,0.7735182540954906,1.1393829359211243,0.14806104470741355,9.241707717569787,0.8729858305743705,0.0,0.010151800001040101,0.4399414256619613,0.01565053736146478,False,0.4319414256619613,0.015617572626702103,False,0.5146426476578849,0.015764896569470874,False,0.8015280244399487,0.01257515241069074,False,0.003758533604891684,0.0017521083199693965,False
nhis2024,NHIS 2024,True,m30,sex,nhis2024|sex,logreg_l2,False,45,logreg_l2|s45,7797,1950,0.07515711170963191,0.07487179487179488,2,1.0783950837508465,1.0937692964684667,1.610136741354819,1.736363546043645,0.0010261309084420578,2.3102983465133,0.8729858305743705,0.0,0.010151800001040101,0.0646234592125931,0.007769063258783517,False,0.0659753117251185,0.007840884167330111,False,0.08278395083750847,0.008713794174660684,False,0.3091111150751523,0.014611522474150106,False,0.0,0.0,False
nhis2024,NHIS 2024,True,m30,race,nhis2024|race,logreg_l2,False,45,logreg_l2|s45,7797,1950,0.07515711170963191,0.07487179487179488,4,1.205735677566652,1.4394690317089402,1.4558286936314428,1.7553445963366814,0.148987862495927,2.821401657874906,0.8729858305743705,0.0,0.010151800001040101,0.13113475524534624,0.010592264917256396,False,0.1262012681917953,0.010434125213018383,False,0.16273510111583586,0.011576817687411565,False,0.46640340105981465,0.01565567564710752,False,0.0,0.0,False
nhis2024,NHIS 2024,True,m30,income,nhis2024|income,logreg_l2,False,45,logreg_l2|s45,7797,1950,0.07515711170963191,0.07487179487179488,5,1.2279686448571685,1.3902898985837577,1.6215895167737884,1.9912610814272997,0.06799860755323939,1.866220735785953,0.8729858305743705,0.0,0.010151800001040101,0.15357678737760508,0.01135578914505748,False,0.1488557827041412,0.011199083602353221,False,0.18970844625516528,0.012349461957569205,False,0.5032162850408731,0.015790622922669317,False,0.0,0.0,False
nhis2024,NHIS 2024,True,m30,insurance,nhis2024|insurance,logreg_l2,False,45,logreg_l2|s45,7797,1950,0.07515711170963191,0.07487179487179488,2,1.4287520833189966,1.8465974406486128,1.215670372043407,1.7368915766861974,0.1236342302956277,5.398015435501654,0.8729858305743705,0.0,0.010151800001040101,0.3820522499845162,0.015295216275193067,False,0.3740522499845162,0.015230522266963586,False,0.4541652291478854,0.01565067684304243,False,0.7471281249784947,0.01357886299798431,False,0.001,0.0009994998749374,False
nhis2024,NHIS 2024,True,ev10,age_group,nhis2024|age_group,logreg_l2,False,45,logreg_l2|s45,7797,1950,0.07515711170963191,0.07487179487179488,3,1.1788314256849854,1.2178037066987644,0.9665359364330326,1.1393829359211243,0.14806104470741355,4.216748768472907,0.8729858305743705,0.0,0.010151800001040101,0.11481578279253214,0.009908848857718967,False,0.11164650897712328,0.009818563733924522,False,0.14244664887720213,0.010850964570237254,False,0.42737018316592146,0.015403329123003039,False,0.0,0.0,False
nhis2024,NHIS 2024,True,ev10,sex,nhis2024|sex,logreg_l2,False,45,logreg_l2|s45,7797,1950,0.07515711170963191,0.07487179487179488,2,1.0783950837508465,1.0937692964684667,1.610136741354819,1.736363546043645,0.0010261309084420578,2.3102983465133,0.8729858305743705,0.0,0.010151800001040101,0.0646234592125931,0.007769063258783517,False,0.0659753117251185,0.007840884167330111,False,0.08278395083750847,0.008713794174660684,False,0.3091111150751523,0.014611522474150106,False,0.0,0.0,False
nhis2024,NHIS 2024,True,ev10,race,nhis2024|race,logreg_l2,False,45,logreg_l2|s45,7797,1950,0.07515711170963191,0.07487179487179488,3,1.1194630172266418,1.28837016565245,1.568023748283684,1.7553445963366814,0.10369623655913973,2.324450229499212,0.8729858305743705,0.0,0.010151800001040101,0.0788054366784548,0.00840078522717966,False,0.07952917325375698,0.008460231769043921,False,0.0976770293840249,0.009249256983990213,False,0.34123732827143916,0.014846487342678828,False,0.0,0.0,False
nhis2024,NHIS 2024,True,ev10,income,nhis2024|income,logreg_l2,False,45,logreg_l2|s45,7797,1950,0.07515711170963191,0.07487179487179488,5,1.2279686448571685,1.3902898985837577,1.6215895167737884,1.9912610814272997,0.06799860755323939,1.866220735785953,0.8729858305743705,0.0,0.010151800001040101,0.15357678737760508,0.01135578914505748,False,0.1488557827041412,0.011199083602353221,False,0.18970844625516528,0.012349461957569205,False,0.5032162850408731,0.015790622922669317,False,0.0,0.0,False
nhis2024,NHIS 2024,True,m30,age_group,nhis2024|age_group,logreg_l2,False,46,logreg_l2|s46,7797,1950,0.07515711170963191,0.07487179487179488,5,1.5168305922085592,1.510977530123607,0.7865436869797899,1.1930535265194584,0.2247589002256255,14.322212837837837,0.86110963460195,0.0,0.009763300011400133,0.5038896054036407,0.01572800781039408,False,0.4960579113257263,0.01572700273321086,False,0.5747114639490416,0.015554743856430507,False,0.83793004940305,0.011610287370293754,False,0.007,0.0026364749192814,False
nhis2024,NHIS 2024,True,m30,sex,nhis2024|sex,logreg_l2,False,46,logreg_l2|s46,7797,1950,0.07515711170963191,0.07487179487179488,2,1.0573694372474467,1.0831369299153226,1.6473833207750246,1.7418927748187176,0.011760988071067957,2.050383967035025,0.86110963460195,0.0,0.009763300011400133,0.06231063809721914,0.007635418688388136,False,0.06303172121464254,0.007671511088762114,False,0.08257369437247447,0.008703704475986895,False,0.30532649870454037,0.014560514887556669,False,0.0,0.0,False
nhis2024,NHIS 2024,True,m30,race,nhis2024|race,logreg_l2,False,46,logreg_l2|s46,7797,1950,0.07515711170963191,0.07487179487179488,4,1.1551795040728445,1.5612795696967856,1.6163341298068996,1.8671560584863471,0.12261268143621074,3.5327922077922076,0.86110963460195,0.0,0.009763300011400133,0.10046953525729913,0.009308047796988772,False,0.09885120712137489,0.009277414628013025,False,0.12461077356312864,0.010212856471010244,False,0.3930555100073236,0.015181487600203344,False,0.0,0.0,False
nhis2024,NHIS 2024,True,m30,income,nhis2024|income,logreg_l2,False,46,logreg_l2|s46,7797,1950,0.07515711170963191,0.07487179487179488,5,1.1870867318566494,1.333596128806446,1.6276665918043027,1.9321814150172205,0.09269521292547611,1.865158371040724,0.86110963460195,0.0,0.009763300011400133,0.11982309965075452,0.010118548381754352,False,0.1161124942831054,0.010007442744563912,False,0.1486719617279651,0.01107368548975161,False,0.43934714375923717,0.015480759182273977,False,0.0,0.0,False
nhis2024,NHIS 2024,True,m30,insurance,nhis2024|insurance,logreg_l2,False,46,logreg_l2|s46,7797,1950,0.07515711170963191,0.07487179487179488,2,1.262411880967572,1.4499553266641878,1.4002632734572482,1.7677089928949743,0.3056220309638278,5.654867256637168,0.86110963460195,0.0,0.009763300011400133,0.2120395245385448,0.012872585493792946,False,0.21104657406113903,0.012858303966309015,False,0.25728071263530194,0.013769328152748804,False,0.5615571483450305,0.01566984955825484,False,0.00012411880967571942,0.0001240567347482605,False
nhis2024,NHIS 2024,True,ev10,age_group,nhis2024|age_group,logreg_l2,False,46,logreg_l2|s46,7797,1950,0.07515711170963191,0.07487179487179488,2,1.0425449845471246,1.1824868192705074,1.1443664726253646,1.1930535265194584,0.04858189226509446,2.504391891891892,0.86110963460195,0.0,0.009763300011400133,0.06067994830018371,0.007541190546002083,False,0.060956297836597444,0.007552092016842816,False,0.08242544984547125,0.00869659058007288,False,0.3026580972184824,0.014524551210782699,False,0.0,0.0,False
nhis2024,NHIS 2024,True,ev10,sex,nhis2024|sex,logreg_l2,False,46,logreg_l2|s46,7797,1950,0.07515711170963191,0.07487179487179488,2,1.0573694372474467,1.0831369299153226,1.6473833207750246,1.7418927748187176,0.011760988071067957,2.050383967035025,0.86110963460195,0.0,0.009763300011400133,0.06231063809721914,0.007635418688388136,False,0.06303172121464254,0.007671511088762114,False,0.08257369437247447,0.008703704475986895,False,0.30532649870454037,0.014560514887556669,False,0.0,0.0,False
nhis2024,NHIS 2024,True,ev10,race,nhis2024|race,logreg_l2,False,46,logreg_l2|s46,7797,1950,0.07515711170963191,0.07487179487179488,2,1.0751544569528682,1.2024094640324805,1.736639834780686,1.8671560584863471,0.019573111381091413,1.4522727272727274,0.86110963460195,0.0,0.009763300011400133,0.0642669902648155,0.007748464977719601,False,0.06552162397340154,0.00781477914662719,False,0.08275154456952868,0.008712239076323968,False,0.30852780225151627,0.014603660810919529,False,0.0,0.0,False
nhis2024,NHIS 2024,True,ev10,income,nhis2024|income,logreg_l2,False,46,logreg_l2|s46,7797,1950,0.07515711170963191,0.07487179487179488,5,1.1870867318566494,1.333596128806446,1.6276665918043027,1.9321814150172205,0.09269521292547611,1.865158371040724,0.86110963460195,0.0,0.009763300011400133,0.11982309965075452,0.010118548381754352,False,0.1161124942831054,0.010007442744563912,False,0.1486719617279651,0.01107368548975161,False,0.43934714375923717,0.015480759182273977,False,0.0,0.0,False
nhis2024,NHIS 2024,True,m30,age_group,nhis2024|age_group,logreg_l2,False,47,logreg_l2|s47,7797,1950,0.07515711170963191,0.07487179487179488,4,1.2880078131623833,1.4455089950276856,0.8935321985921166,1.1508764530988085,0.20606129590943967,13.822487644151565,0.8725188318197005,0.0,0.01108680001925677,0.2368675787675118,0.013333438059381943,False,0.23382695371452114,0.013289704991871798,False,0.2846683600837501,0.014156149023566681,False,0.5812660161350351,0.015554781660820279,False,0.000380078131623833,0.00037988804502446164,False
nhis2024,NHIS 2024,True,m30,sex,nhis2024|sex,logreg_l2,False,47,logreg_l2|s47,7797,1950,0.07515711170963191,0.07487179487179488,2,1.0180621748834804,1.0149928856982167,1.6988247207300609,1.729509189932267,0.03992774893137274,2.1910468498979636,0.8725188318197005,0.0,0.01108680001925677,0.05798683923718284,0.007385571332151011,False,0.05752870448368725,0.007354869598780416,False,0.08218062174883481,0.008684841872505008,False,0.29825119147902646,0.014465156650250777,False,0.0,0.0,False
nhis2024,NHIS 2024,True,m30,race,nhis2024|race,logreg_l2,False,47,logreg_l2|s47,7797,1950,0.07515711170963191,0.07487179487179488,4,1.079010328605838,1.286411018704138,1.641576622109568,1.7712781304541065,0.05177269966595821,3.9460784313725488,0.8725188318197005,0.0,0.01108680001925677,0.06469113614664217,0.007772973917812242,False,0.0660614460048173,0.007845840301028363,False,0.08279010328605839,0.008714089415769987,False,0.3092218591490508,0.014613015039680115,False,0.0,0.0,False
nhis2024,NHIS 2024,True,m30,income,nhis2024|income,logreg_l2,False,47,logreg_l2|s47,7797,1950,0.07515711170963191,0.07487179487179488,5,1.2442052240614465,1.4550340893035416,1.6219658594270425,2.01805839554844,0.12262200165425974,1.9985085756897838,0.8725188318197005,0.0,0.01108680001925677,0.18778957927233375,0.012308936001618295,False,0.18654784157121515,0.012267718677381386,False,0.22972001643713605,0.01325763044219442,False,0.5391687104217745,0.01574273784874285,False,0.0,0.0,False
nhis2024,NHIS 2024,True,ev10,age_group,nhis2024|age_group,logreg_l2,False,47,logreg_l2|s47,7797,1950,0.07515711170963191,0.07487179487179488,2,1.0689122251996177,1.1069024297999128,1.0766800359906858,1.1508764530988085,0.057849599325229706,1.5560354423616365,0.8725188318197005,0.0,0.01108680001925677,0.06358034477195794,0.007708787701644562,False,0.06464771152794647,0.007764494556851938,False,0.08268912225199618,0.008709243580445539,False,0.30740420053593115,0.014588517344266137,False,0.0,0.0,False
nhis2024,NHIS 2024,True,ev10,sex,nhis2024|sex,logreg_l2,False,47,logreg_l2|s47,7797,1950,0.07515711170963191,0.07487179487179488,2,1.0180621748834804,1.0149928856982167,1.6988247207300609,1.729509189932267,0.03992774893137274,2.1910468498979636,0.8725188318197005,0.0,0.01108680001925677,0.05798683923718284,0.007385571332151011,False,0.05752870448368725,0.007354869598780416,False,0.08218062174883481,0.008684841872505008,False,0.29825119147902646,0.014465156650250777,False,0.0,0.0,False
nhis2024,NHIS 2024,True,ev10,race,nhis2024|race,logreg_l2,False,47,logreg_l2|s47,7797,1950,0.07515711170963191,0.07487179487179488,3,1.079010328605838,1.1477808959782883,1.641576622109568,1.7712781304541065,0.04169197478021014,2.6538461538461537,0.8725188318197005,0.0,0.01108680001925677,0.06469113614664217,0.007772973917812242,False,0.0660614460048173,0.007845840301028363,False,0.08279010328605839,0.008714089415769987,False,0.3092218591490508,0.014613015039680115,False,0.0,0.0,False
nhis2024,NHIS 2024,True,ev10,income,nhis2024|income,logreg_l2,False,47,logreg_l2|s47,7797,1950,0.07515711170963191,0.07487179487179488,5,1.2442052240614465,1.4550340893035416,1.6219658594270425,2.01805839554844,0.12262200165425974,1.9985085756897838,0.8725188318197005,0.0,0.01108680001925677,0.18778957927233375,0.012308936001618295,False,0.18654784157121515,0.012267718677381386,False,0.22972001643713605,0.01325763044219442,False,0.5391687104217745,0.01574273784874285,False,0.0,0.0,False
nhis2024,NHIS 2024,True,m30,age_group,nhis2024|age_group,random_forest,False,42,random_forest|s42,7797,1950,0.07515711170963191,0.07487179487179488,5,2.057088013825454,2.1750397750924475,0.9583406001243455,1.9713909616780834,0.26643326596810646,25.936170212765955,0.8686518543267624,0.0,0.5516205999883823,0.9312444192075053,0.007800138247790758,False,0.9284727712628071,0.00795430874604181,False,0.947819138377978,0.006870455731261361,False,0.99051187260832,0.002885217934834425,False,0.14491411924453787,0.010894645948896024,False
nhis2024,NHIS 2024,True,m30,sex,nhis2024|sex,random_forest,False,42,random_forest|s42,7797,1950,0.07515711170963191,0.07487179487179488,2,1.0535627929236755,1.0382019542303613,2.254914173837776,2.3756936747917097,0.005351017889571152,2.2002002002002,0.8686518543267624,0.0,0.5516205999883823,0.0618919072216043,0.007611222650220361,False,0.06249879100931457,0.007640846487413172,False,0.08253562792923676,0.008701877759544244,False,0.30464130272626155,0.014551280082817428,False,0.0,0.0,False
nhis2024,NHIS 2024,True,m30,race,nhis2024|race,random_forest,False,42,random_forest|s42,7797,1950,0.07515711170963191,0.07487179487179488,4,1.2141337779495827,1.272971095824869,2.1598109228278304,2.622299395389728,0.06270015374937232,2.330849478390462,0.8686518543267624,0.0,0.5516205999883823,0.13622868498581242,0.010805591669345471,False,0.13074450282518407,0.01062627131379208,False,0.1690680948472263,0.011803391069496459,False,0.4785875303039027,0.015734445034564722,False,0.0,0.0,False
nhis2024,NHIS 2024,True,m30,income,nhis2024|income,random_forest,False,42,random_forest|s42,7797,1950,0.07515711170963191,0.07487179487179488,5,1.0606850353989348,1.057361697530216,2.232300166615753,2.3677673812478783,0.07124405354574626,1.3973333333333333,0.8686518543267624,0.0,0.5516205999883823,0.06267535389388282,0.007656493507204656,False,0.06349590495585086,0.007698220044708895,False,0.08260685035398935,0.008705295551260917,False,0.30592330637180826,0.01456855842903796,False,0.0,0.0,False
nhis2024,NHIS 2024,True,ev10,age_group,nhis2024|age_group,random_forest,False,42,random_forest|s42,7797,1950,0.07515711170963191,0.07487179487179488,3,1.7459490517234733,1.654185762468378,0.9583406001243455,1.6732138620152053,0.0868878114226519,4.892307692307692,0.8686518543267624,0.0,0.5516205999883823,0.7794899442521336,0.013076936987973027,False,0.7861118557463245,0.01292695168294004,False,0.8250300706890037,0.011982428881073058,False,0.9590015321835801,0.0062270514773608895,False,0.027432867241286258,0.00514720795645982,False
nhis2024,NHIS 2024,True,ev10,sex,nhis2024|sex,random_forest,False,42,random_forest|s42,7797,1950,0.07515711170963191,0.07487179487179488,2,1.0535627929236755,1.0382019542303613,2.254914173837776,2.3756936747917097,0.005351017889571152,2.2002002002002,0.8686518543267624,0.0,0.5516205999883823,0.0618919072216043,0.007611222650220361,False,0.06249879100931457,0.007640846487413172,False,0.08253562792923676,0.008701877759544244,False,0.30464130272626155,0.014551280082817428,False,0.0,0.0,False
nhis2024,NHIS 2024,True,ev10,race,nhis2024|race,random_forest,False,42,random_forest|s42,7797,1950,0.07515711170963191,0.07487179487179488,3,1.138498589696165,1.272971095824869,2.1598109228278304,2.4589416896498575,0.03642375838900758,2.330849478390462,0.8686518543267624,0.0,0.5516205999883823,0.09035160358619843,0.008884322773043395,False,0.089827105901204,0.00889576014560967,False,0.11203172337743587,0.00976282003249915,False,0.3688545112805016,0.015025030145807151,False,0.0,0.0,False
nhis2024,NHIS 2024,True,ev10,income,nhis2024|income,random_forest,False,42,random_forest|s42,7797,1950,0.07515711170963191,0.07487179487179488,5,1.0606850353989348,1.057361697530216,2.232300166615753,2.3677673812478783,0.07124405354574626,1.3973333333333333,0.8686518543267624,0.0,0.5516205999883823,0.06267535389388282,0.007656493507204656,False,0.06349590495585086,0.007698220044708895,False,0.08260685035398935,0.008705295551260917,False,0.30592330637180826,0.01456855842903796,False,0.0,0.0,False
nhis2024,NHIS 2024,True,m30,age_group,nhis2024|age_group,random_forest,False,43,random_forest|s43,7797,1950,0.07515711170963191,0.07487179487179488,5,2.2960092025058585,2.201155992630561,0.9805710466567314,2.2514001468346567,0.26180269961646485,21.530716723549485,0.8705957841022994,0.0005128205128205128,0.5265942999976687,0.9794966993904453,0.004359615698544056,False,0.9778647730104921,0.004516656782594435,False,0.9837605521503515,0.0038900871224161505,False,0.9991840368100234,0.0008155551063350996,False,0.2805989202844056,0.013997222768408488,False
nhis2024,NHIS 2024,True,m30,sex,nhis2024|sex,random_forest,False,43,random_forest|s43,7797,1950,0.07515711170963191,0.07487179487179488,2,1.0452421961497549,1.0155952849657777,2.2029004720705534,2.302564527326357,0.004274720446585389,1.5561947374027911,0.8705957841022994,0.0005128205128205128,0.5265942999976687,0.060976641576473034,0.007558334736352694,False,0.06133390746096568,0.0075738195310295,False,0.08245242196149755,0.008697884906614781,False,0.30314359530695584,0.01453109456507907,False,0.0,0.0,False
nhis2024,NHIS 2024,True,m30,race,nhis2024|race,random_forest,False,43,random_forest|s43,7797,1950,0.07515711170963191,0.07487179487179488,4,1.1342821218059596,1.1508866881476174,2.0794558021759486,2.3586895394938487,0.1227755808205635,3.43125,0.8705957841022994,0.0005128205128205128,0.5265942999976687,0.0877940738823033,0.00877721695633589,False,0.08754606589502728,0.008799288583327897,False,0.10885209185367438,0.009649063427222325,False,0.3627371767184822,0.014985482084007426,False,0.0,0.0,False
nhis2024,NHIS 2024,True,m30,income,nhis2024|income,random_forest,False,43,random_forest|s43,7797,1950,0.07515711170963191,0.07487179487179488,5,1.116665183515198,1.138718203874143,2.1340268042305937,2.382993432972507,0.07478686639988052,1.6082792709298734,0.8705957841022994,0.0005128205128205128,0.5265942999976687,0.07710839000102167,0.00832971525286014,False,0.0780155910819923,0.008396218145277315,False,0.09556718756883774,0.009173773884526268,False,0.3371781760835248,0.014820245259635207,False,0.0,0.0,False
nhis2024,NHIS 2024,True,m30,insurance,nhis2024|insurance,random_forest,False,43,random_forest|s43,7797,1950,0.07515711170963191,0.07487179487179488,2,1.1051491801382827,1.0768993698720688,2.064254255723885,2.2813088983102126,0.1313936988936989,6.260869565217392,0.8705957841022994,0.0005128205128205128,0.5265942999976687,0.07012327319863043,0.008037188194903393,False,0.07178562204202174,0.008132735328393101,False,0.08688298830099998,0.008863082214477642,False,0.3204705318399674,0.014712231721978719,False,0.0,0.0,False
nhis2024,NHIS 2024,True,ev10,age_group,nhis2024|age_group,random_forest,False,43,random_forest|s43,7797,1950,0.07515711170963191,0.07487179487179488,2,1.3884370197507345,1.39757373022104,0.9805710466567314,1.3614611416739306,0.06428002735952987,2.6848197061878616,0.8705957841022994,0.0005128205128205128,0.5265942999976687,0.33851198133079313,0.014862326261700039,False,0.3305119813307931,0.014771846984065357,False,0.40135249587346206,0.015365194762433703,False,0.6866555296261017,0.014447715092435856,False,0.001,0.0009994998749374,False
nhis2024,NHIS 2024,True,ev10,sex,nhis2024|sex,random_forest,False,43,random_forest|s43,7797,1950,0.07515711170963191,0.07487179487179488,2,1.0452421961497549,1.0155952849657777,2.2029004720705534,2.302564527326357,0.004274720446585389,1.5561947374027911,0.8705957841022994,0.0005128205128205128,0.5265942999976687,0.060976641576473034,0.007558334736352694,False,0.06133390746096568,0.0075738195310295,False,0.08245242196149755,0.008697884906614781,False,0.30314359530695584,0.01453109456507907,False,0.0,0.0,False
nhis2024,NHIS 2024,True,ev10,income,nhis2024|income,random_forest,False,43,random_forest|s43,7797,1950,0.07515711170963191,0.07487179487179488,5,1.116665183515198,1.138718203874143,2.1340268042305937,2.382993432972507,0.07478686639988052,1.6082792709298734,0.8705957841022994,0.0005128205128205128,0.5265942999976687,0.07710839000102167,0.00832971525286014,False,0.0780155910819923,0.008396218145277315,False,0.09556718756883774,0.009173773884526268,False,0.3371781760835248,0.014820245259635207,False,0.0,0.0,False
nhis2024,NHIS 2024,True,m30,age_group,nhis2024|age_group,random_forest,False,44,random_forest|s44,7797,1950,0.07515711170963191,0.07487179487179488,4,1.7501768945494915,1.8604406374469744,1.039804596529559,1.8198419796923906,0.21787909613534928,18.24985607369027,0.8627650123014307,0.0,0.4781127999885939,0.7841014195417085,0.013010419231976773,False,0.7910931644627323,0.012855022305261837,False,0.8290731164137898,0.011903839693692296,False,0.9610129722669627,0.006120942075981238,False,0.028054247661844074,0.005220505488358804,False
nhis2024,NHIS 2024,True,m30,sex,nhis2024|sex,random_forest,False,44,random_forest|s44,7797,1950,0.07515711170963191,0.07487179487179488,2,1.091265967897667,1.08438085358424,2.086974839310334,2.2774446179980696,0.019257661571789098,2.513539282990084,0.8627650123014307,0.0,0.4781127999885939,0.06603925646874337,0.007850874002730553,False,0.06777723550567338,0.007944566176417754,False,0.08291265967897668,0.00871997060032663,False,0.31142787422158,0.014642746852318306,False,0.0,0.0,False
nhis2024,NHIS 2024,True,m30,race,nhis2024|race,random_forest,False,44,random_forest|s44,7797,1950,0.07515711170963191,0.07487179487179488,3,1.0801704833800292,1.1239381396034593,2.06145244996622,2.226720089344957,0.1030131617864537,3.465667678300455,0.8627650123014307,0.0,0.4781127999885939,0.0648187531718032,0.0077803481684144225,False,0.06622386767320408,0.007855185982060734,False,0.0828017048338003,0.00871464614595589,False,0.30943068700840526,0.01461582954029948,False,0.0,0.0,False
nhis2024,NHIS 2024,True,m30,income,nhis2024|income,random_forest,False,44,random_forest|s44,7797,1950,0.07515711170963191,0.07487179487179488,5,1.074519039513642,1.089926002411438,2.1275399248591627,2.2860821565865934,0.1331375881096606,1.8224908325410838,0.8627650123014307,0.0,0.4781127999885939,0.0641970943465006,0.007744426096409892,False,0.06543266553190986,0.007809660511733365,False,0.08274519039513642,0.00871193415487992,False,0.3084134271124555,0.014602119307306354,False,0.0,0.0,False
nhis2024,NHIS 2024,True,ev10,age_group,nhis2024|age_group,random_forest,False,44,random_forest|s44,7797,1950,0.07515711170963191,0.07487179487179488,2,1.2602582450190563,1.327602002428855,1.039804596529559,1.3104223159850898,0.10295005378424871,1.5998545586764839,0.8627650123014307,0.0,0.4781127999885939,0.20995049766848456,0.012833809463107127,False,0.20912983806696006,0.012822005981543025,False,0.2549763221703902,0.01373678113212502,False,0.5598988486646733,0.01567953134513211,False,0.00010258245019056247,0.00010253114613623923,False
nhis2024,NHIS 2024,True,ev10,sex,nhis2024|sex,random_forest,False,44,random_forest|s44,7797,1950,0.07515711170963191,0.07487179487179488,2,1.091265967897667,1.08438085358424,2.086974839310334,2.2774446179980696,0.019257661571789098,2.513539282990084,0.8627650123014307,0.0,0.4781127999885939,0.06603925646874337,0.007850874002730553,False,0.06777723550567338,0.007944566176417754,False,0.08291265967897668,0.00871997060032663,False,0.31142787422158,0.014642746852318306,False,0.0,0.0,False
nhis2024,NHIS 2024,True,ev10,race,nhis2024|race,random_forest,False,44,random_forest|s44,7797,1950,0.07515711170963191,0.07487179487179488,2,1.0191369862777837,1.1239381396034593,2.18490754366364,2.226720089344957,0.05340166502013799,1.7810318664643399,0.8627650123014307,0.0,0.4781127999885939,0.05810506849055621,0.0073924031176575596,False,0.05767917807888972,0.00736352779222544,False,0.08219136986277784,0.008685357648469276,False,0.29844465753000105,0.014467764110395114,False,0.0,0.0,False
nhis2024,NHIS 2024,True,ev10,income,nhis2024|income,random_forest,False,44,random_forest|s44,7797,1950,0.07515711170963191,0.07487179487179488,5,1.074519039513642,1.089926002411438,2.1275399248591627,2.2860821565865934,0.1331375881096606,1.8224908325410838,0.8627650123014307,0.0,0.4781127999885939,0.0641970943465006,0.007744426096409892,False,0.06543266553190986,0.007809660511733365,False,0.08274519039513642,0.00871193415487992,False,0.3084134271124555,0.014602119307306354,False,0.0,0.0,False
nhis2024,NHIS 2024,True,m30,age_group,nhis2024|age_group,random_forest,False,45,random_forest|s45,7797,1950,0.07515711170963191,0.07487179487179488,4,1.7280435923460702,1.8243502012121475,1.0328510278299237,1.7848116004895522,0.14470463286445856,9.241707717569787,0.8657815205175714,0.0,0.4636161000235006,0.7595551994786248,0.013358552418621638,False,0.764505934764258,0.013233297813287682,False,0.8074827204991487,0.012319105421003023,False,0.9501681722240612,0.006691344081299398,False,0.024926102928449826,0.004839183835207707,False
nhis2024,NHIS 2024,True,m30,sex,nhis2024|sex,random_forest,False,45,random_forest|s45,7797,1950,0.07515711170963191,0.07487179487179488,2,1.1128300320679874,1.05959434312658,2.1293865014430753,2.369645248686037,0.007908568913861935,2.3102983465133,0.8657815205175714,0.0,0.4636161000235006,0.07478215059861525,0.008232295554988223,False,0.07594083702038656,0.00830847099260504,False,0.09267510614962976,0.009070304862416409,False,0.3316140629183094,0.014784273728392692,False,0.0,0.0,False
nhis2024,NHIS 2024,True,m30,race,nhis2024|race,random_forest,False,45,random_forest|s45,7797,1950,0.07515711170963191,0.07487179487179488,4,1.0479375512882396,1.0516310322658944,2.1360014971397487,2.238396178460642,0.19562561094819153,2.821401657874906,0.8657815205175714,0.0,0.4636161000235006,0.06127313064170636,0.007575467126526168,False,0.06171125718035354,0.007595532090382451,False,0.0824793755128824,0.008699178342284489,False,0.3036287592318831,0.01453763341564921,False,0.0,0.0,False
nhis2024,NHIS 2024,True,m30,income,nhis2024|income,random_forest,False,45,random_forest|s45,7797,1950,0.07515711170963191,0.07487179487179488,5,1.0861745105144893,1.3366849213028873,2.1570337491604628,2.3429150766575995,0.07674462949102023,1.866220735785953,0.8657815205175714,0.0,0.4636161000235006,0.06547919615659382,0.00781851135292803,False,0.0670644314720285,0.007903551703390865,False,0.0828617451051449,0.008717527333205287,False,0.31051141189260806,0.01463039512970577,False,0.0,0.0,False
nhis2024,NHIS 2024,True,m30,insurance,nhis2024|insurance,random_forest,False,45,random_forest|s45,7797,1950,0.07515711170963191,0.07487179487179488,2,1.0646765546632642,1.0070187577321876,2.105170879654606,2.2413260791280987,0.1230598504483571,5.398015435501654,0.8657815205175714,0.0,0.4636161000235006,0.06311442101295905,0.007681864659393481,False,0.06405471765285697,0.007730373914786261,False,0.08264676554663264,0.00870721098471126,False,0.3066417798393875,0.014578241734827475,False,0.0,0.0,False
nhis2024,NHIS 2024,True,ev10,age_group,nhis2024|age_group,random_forest,False,45,random_forest|s45,7797,1950,0.07515711170963191,0.07487179487179488,3,1.4601479821827732,1.4738757084299028,1.0328510278299237,1.5081153441812662,0.14470463286445856,4.216748768472907,0.8657815205175714,0.0,0.4636161000235006,0.42042493291781513,0.015579507888660082,False,0.4124249329178151,0.015536411505122392,False,0.4964101346995378,0.01578513984836892,False,0.7889450225391177,0.012880000020080223,False,0.002217757861932772,0.0013317397466103423,False
nhis2024,NHIS 2024,True,ev10,sex,nhis2024|sex,random_forest,False,45,random_forest|s45,7797,1950,0.07515711170963191,0.07487179487179488,2,1.1128300320679874,1.05959434312658,2.1293865014430753,2.369645248686037,0.007908568913861935,2.3102983465133,0.8657815205175714,0.0,0.4636161000235006,0.07478215059861525,0.008232295554988223,False,0.07594083702038656,0.00830847099260504,False,0.09267510614962976,0.009070304862416409,False,0.3316140629183094,0.014784273728392692,False,0.0,0.0,False
nhis2024,NHIS 2024,True,ev10,race,nhis2024|race,random_forest,False,45,random_forest|s45,7797,1950,0.07515711170963191,0.07487179487179488,3,1.0314122580837017,1.0516310322658944,2.1702245255640453,2.238396178460642,0.10703715476442754,2.324450229499212,0.8657815205175714,0.0,0.4636161000235006,0.05945534838920719,0.007470427992028161,False,0.059397716131718244,0.00746241181825009,False,0.08231412258083702,0.008691248254194078,False,0.3006542064550663,0.014497543550922525,False,0.0,0.0,False
nhis2024,NHIS 2024,True,ev10,income,nhis2024|income,random_forest,False,45,random_forest|s45,7797,1950,0.07515711170963191,0.07487179487179488,5,1.0861745105144893,1.3366849213028873,2.1570337491604628,2.3429150766575995,0.07674462949102023,1.866220735785953,0.8657815205175714,0.0,0.4636161000235006,0.06547919615659382,0.00781851135292803,False,0.0670644314720285,0.007903551703390865,False,0.0828617451051449,0.008717527333205287,False,0.31051141189260806,0.01463039512970577,False,0.0,0.0,False
nhis2024,NHIS 2024,True,m30,age_group,nhis2024|age_group,random_forest,False,46,random_forest|s46,7797,1950,0.07515711170963191,0.07487179487179488,5,1.9729944289077517,2.198452577441691,1.0443699706898097,2.0605361338895465,0.11952057716585118,14.322212837837837,0.8500383470522127,0.0,0.46393809997243807,0.9050373258757208,0.009205125399947901,False,0.9028474930084883,0.009309390115304121,False,0.9253073815866433,0.00822793236855503,False,0.9836791086252402,0.00392223625143112,False,0.10392771585217819,0.00959944072795966,False
nhis2024,NHIS 2024,True,m30,sex,nhis2024|sex,random_forest,False,46,random_forest|s46,7797,1950,0.07515711170963191,0.07487179487179488,2,1.1150298192821633,1.0410557052119533,2.254976233006506,2.5143657415748177,0.020763372632497057,2.050383967035025,0.8500383470522127,0.0,0.46393809997243807,0.0761164477613121,0.00828817407992715,False,0.07713088584117025,0.008358801485986,False,0.09433396208163126,0.00912965319195007,False,0.3348055574831384,0.014804906476692414,False,0.0,0.0,False
nhis2024,NHIS 2024,True,m30,race,nhis2024|race,random_forest,False,46,random_forest|s46,7797,1950,0.07515711170963191,0.07487179487179488,4,1.0795245305205292,1.1787440871113746,2.286954325576414,2.4688232946397717,0.0724312452253627,3.5327922077922076,0.8500383470522127,0.0,0.46393809997243807,0.06474769835725822,0.007776242321186867,False,0.06613343427287409,0.007849982478596257,False,0.0827952453052053,0.00871433616881874,False,0.30931441549369526,0.014614262478073313,False,0.0,0.0,False
nhis2024,NHIS 2024,True,m30,income,nhis2024|income,random_forest,False,46,random_forest|s46,7797,1950,0.07515711170963191,0.07487179487179488,5,1.1046481679721594,1.2096511079906058,2.2524594481590765,2.488175202840505,0.07715977789990958,1.865158371040724,0.8500383470522127,0.0,0.46393809997243807,0.06981938057327694,0.00802446159087596,False,0.07151458267346322,0.008121272315357862,False,0.08650517584785783,0.008849565345689677,False,0.31974365353337864,0.014707532513867996,False,0.0,0.0,False
nhis2024,NHIS 2024,True,m30,insurance,nhis2024|insurance,random_forest,False,46,random_forest|s46,7797,1950,0.07515711170963191,0.07487179487179488,2,1.1453332307807096,1.1452443952656537,2.0896775047409184,2.3933770877946876,0.02753506801358363,5.654867256637168,0.8500383470522127,0.0,0.46393809997243807,0.09449720555551235,0.009057934865990495,False,0.09352453468464615,0.009052134751139765,False,0.11718571501496129,0.00994721265407451,False,0.3787703430179147,0.015089135177560952,False,0.0,0.0,False
nhis2024,NHIS 2024,True,ev10,age_group,nhis2024|age_group,random_forest,False,46,random_forest|s46,7797,1950,0.07515711170963191,0.07487179487179488,2,1.477498798207878,1.436558487672421,1.0443699706898097,1.5430553765785906,0.03525267286260425,2.504391891891892,0.8500383470522127,0.0,0.46393809997243807,0.4467981732759746,0.01567549221244969,False,0.4387981732759746,0.015646087039308806,False,0.5210482934551868,0.015757784479398972,False,0.8059488222437204,0.01246805001551546,False,0.004299855784945365,0.001899796803252357,False
nhis2024,NHIS 2024,True,ev10,sex,nhis2024|sex,random_forest,False,46,random_forest|s46,7797,1950,0.07515711170963191,0.07487179487179488,2,1.1150298192821633,1.0410557052119533,2.254976233006506,2.5143657415748177,0.020763372632497057,2.050383967035025,0.8500383470522127,0.0,0.46393809997243807,0.0761164477613121,0.00828817407992715,False,0.07713088584117025,0.008358801485986,False,0.09433396208163126,0.00912965319195007,False,0.3348055574831384,0.014804906476692414,False,0.0,0.0,False
nhis2024,NHIS 2024,True,ev10,race,nhis2024|race,random_forest,False,46,random_forest|s46,7797,1950,0.07515711170963191,0.07487179487179488,2,1.0224185810127715,1.1787440871113746,2.3530657059973525,2.4058181001556287,0.004105761237930827,1.4522727272727274,0.8500383470522127,0.0,0.46393809997243807,0.058466043911404864,0.0074132618017650025,False,0.058138601341788006,0.007389962832060602,False,0.08222418581012772,0.008686932406327027,False,0.29903534458229886,0.014475725160609784,False,0.0,0.0,False
nhis2024,NHIS 2024,True,ev10,income,nhis2024|income,random_forest,False,46,random_forest|s46,7797,1950,0.07515711170963191,0.07487179487179488,5,1.1046481679721594,1.2096511079906058,2.2524594481590765,2.488175202840505,0.07715977789990958,1.865158371040724,0.8500383470522127,0.0,0.46393809997243807,0.06981938057327694,0.00802446159087596,False,0.07151458267346322,0.008121272315357862,False,0.08650517584785783,0.008849565345689677,False,0.31974365353337864,0.014707532513867996,False,0.0,0.0,False
nhis2024,NHIS 2024,True,m30,age_group,nhis2024|age_group,random_forest,False,47,random_forest|s47,7797,1950,0.07515711170963191,0.07487179487179488,4,1.9629746165802646,2.2982722138595335,0.9746044094284756,1.913123716915297,0.2617785601475141,13.822487644151565,0.8592378428454271,0.0,0.48610649997135624,0.9002278159585271,0.00940138086935672,False,0.8983385774611191,0.009491333357110358,False,0.9205980697927244,0.008451262876334872,False,0.9820759386528424,0.004099951786460923,False,0.0998195927979085,0.009418038319802974,False
nhis2024,NHIS 2024,True,m30,sex,nhis2024|sex,random_forest,False,47,random_forest|s47,7797,1950,0.07515711170963191,0.07487179487179488,2,1.0776954332866817,1.025290115055756,2.2267287586650193,2.399735414381413,0.024109443732954206,2.1910468498979636,0.8592378428454271,0.0,0.48610649997135624,0.06454649766153499,0.007764616095377859,False,0.06587736066013544,0.007835248100300356,False,0.08277695433286682,0.008713458429343209,False,0.3089851779916027,0.014609825143148644,False,0.0,0.0,False
nhis2024,NHIS 2024,True,m30,race,nhis2024|race,random_forest,False,47,random_forest|s47,7797,1950,0.07515711170963191,0.07487179487179488,4,1.0682502501461932,1.1981520954659615,2.2158424748442638,2.3670742780369447,0.06201241660593948,3.9460784313725488,0.8592378428454271,0.0,0.48610649997135624,0.06350752751608126,0.007704580013114601,False,0.06455503502046706,0.007759161985855104,False,0.08268250250146193,0.008708925914645463,False,0.30728504502631476,0.014586911412678979,False,0.0,0.0,False
nhis2024,NHIS 2024,True,m30,income,nhis2024|income,random_forest,False,47,random_forest|s47,7797,1950,0.07515711170963191,0.07487179487179488,5,1.1000309539032715,1.1922417317067595,2.2159939565317393,2.437661945847494,0.11485566713597872,1.9985085756897838,0.8592378428454271,0.0,0.48610649997135624,0.06701877531837777,0.007907176105337133,False,0.06901674555422883,0.008015631796749934,False,0.08302334228771291,0.00872499696001949,False,0.31304490853179545,0.01466422568168196,False,0.0,0.0,False
nhis2024,NHIS 2024,True,ev10,age_group,nhis2024|age_group,random_forest,False,47,random_forest|s47,7797,1950,0.07515711170963191,0.07487179487179488,2,1.386391629881177,1.4399995598713071,0.9746044094284756,1.3511833956769261,0.08649241763714022,1.5560354423616365,0.8592378428454271,0.0,0.48610649997135624,0.33630296027167095,0.014840363531894786,False,0.32830296027167094,0.014748576035342482,False,0.3986730351443416,0.015350710792821982,False,0.6835874448217653,0.01449179641377933,False,0.001,0.0009994998749374,False
nhis2024,NHIS 2024,True,ev10,sex,nhis2024|sex,random_forest,False,47,random_forest|s47,7797,1950,0.07515711170963191,0.07487179487179488,2,1.0776954332866817,1.025290115055756,2.2267287586650193,2.399735414381413,0.024109443732954206,2.1910468498979636,0.8592378428454271,0.0,0.48610649997135624,0.06454649766153499,0.007764616095377859,False,0.06587736066013544,0.007835248100300356,False,0.08277695433286682,0.008713458429343209,False,0.3089851779916027,0.014609825143148644,False,0.0,0.0,False
nhis2024,NHIS 2024,True,ev10,race,nhis2024|race,random_forest,False,47,random_forest|s47,7797,1950,0.07515711170963191,0.07487179487179488,3,1.0447866736270568,1.0894859084120423,2.2158424748442638,2.315082688574084,0.04046291766880006,2.6538461538461537,0.8592378428454271,0.0,0.48610649997135624,0.06092653409897625,0.007555439314714099,False,0.06127013430778795,0.007570150048047658,False,0.08244786673627057,0.008697666312385471,False,0.3030616012528702,0.014529989481127523,False,0.0,0.0,False
nhis2024,NHIS 2024,True,ev10,income,nhis2024|income,random_forest,False,47,random_forest|s47,7797,1950,0.07515711170963191,0.07487179487179488,5,1.1000309539032715,1.1922417317067595,2.2159939565317393,2.437661945847494,0.11485566713597872,1.9985085756897838,0.8592378428454271,0.0,0.48610649997135624,0.06701877531837777,0.007907176105337133,False,0.06901674555422883,0.008015631796749934,False,0.08302334228771291,0.00872499696001949,False,0.31304490853179545,0.01466422568168196,False,0.0,0.0,False
nhis2024,NHIS 2024,True,m30,age_group,nhis2024|age_group,hgb_deep,False,42,hgb_deep|s42,7797,1950,0.07515711170963191,0.07487179487179488,5,1.1900369553041017,1.1915050458611813,2.1791557557048793,2.593275880652443,0.31225441412065735,25.936170212765955,0.8440451963672813,0.0,0.9892759000067599,0.12161257944675019,0.01019348932759744,False,0.1177085168038583,0.010074943001287598,False,0.15089672039325702,0.01115327993062708,False,0.4436273859739836,0.015508430594048241,False,0.0,0.0,False
nhis2024,NHIS 2024,True,m30,sex,nhis2024|sex,hgb_deep,False,42,hgb_deep|s42,7797,1950,0.07515711170963191,0.07487179487179488,2,1.053356234638408,1.003781966888315,3.7203093743670803,3.9188110742732793,0.0003540445411904791,2.2002002002002,0.8440451963672813,0.0,0.9892759000067599,0.06186918581022488,0.00760990971112516,False,0.06246987284937711,0.007639182547487528,False,0.08253356234638408,0.008701778637224433,False,0.3046041222349134,0.014550778978624477,False,0.0,0.0,False
nhis2024,NHIS 2024,True,m30,race,nhis2024|race,hgb_deep,False,42,hgb_deep|s42,7797,1950,0.07515711170963191,0.07487179487179488,4,1.1474950900245133,1.3522934045685364,3.467082107055783,3.978459694558355,0.05643363728470119,2.330849478390462,0.8440451963672813,0.0,0.9892759000067599,0.09580849722798347,0.009112849952727462,False,0.0946940650952285,0.009101597463560153,False,0.11881596952668215,0.010005537720235385,False,0.3819068109372037,0.015109412183150123,False,0.0,0.0,False
nhis2024,NHIS 2024,True,m30,income,nhis2024|income,hgb_deep,False,42,hgb_deep|s42,7797,1950,0.07515711170963191,0.07487179487179488,5,1.0777180065875822,1.1634407580708936,3.7344146150511524,4.024645874704461,0.08102627548014607,1.3973333333333333,0.8440451963672813,0.0,0.9892759000067599,0.06454898072463404,0.007764759577248951,False,0.0658805209222615,0.007835429940581288,False,0.08277718006587582,0.008713469261723755,False,0.30898924118576476,0.014609879905298297,False,0.0,0.0,False
nhis2024,NHIS 2024,True,ev10,age_group,nhis2024|age_group,hgb_deep,False,42,hgb_deep|s42,7797,1950,0.07515711170963191,0.07487179487179488,3,1.1777975575193125,1.1915050458611813,2.1791557557048793,2.5666043265233585,0.12376956563580888,4.892307692307692,0.8440451963672813,0.0,0.9892759000067599,0.11418868242974689,0.00988258675940926,False,0.11108720324815265,0.009794909130182005,False,0.14166701058833397,0.010823071713966742,False,0.425870226892773,0.015393632029802406,False,0.0,0.0,False
nhis2024,NHIS 2024,True,ev10,sex,nhis2024|sex,hgb_deep,False,42,hgb_deep|s42,7797,1950,0.07515711170963191,0.07487179487179488,2,1.053356234638408,1.003781966888315,3.7203093743670803,3.9188110742732793,0.0003540445411904791,2.2002002002002,0.8440451963672813,0.0,0.9892759000067599,0.06186918581022488,0.00760990971112516,False,0.06246987284937711,0.007639182547487528,False,0.08253356234638408,0.008701778637224433,False,0.3046041222349134,0.014550778978624477,False,0.0,0.0,False
nhis2024,NHIS 2024,True,ev10,race,nhis2024|race,hgb_deep,False,42,hgb_deep|s42,7797,1950,0.07515711170963191,0.07487179487179488,3,1.1426187809149326,1.3522934045685364,3.467082107055783,3.9615531304960543,0.033283197136280696,2.330849478390462,0.8440451963672813,0.0,0.9892759000067599,0.09285073596479518,0.008988982990307776,False,0.09205606180643894,0.008990028925575351,False,0.1151387528210967,0.009873979177627978,False,0.3748321657536317,0.015063675187389233,False,0.0,0.0,False
nhis2024,NHIS 2024,True,ev10,income,nhis2024|income,hgb_deep,False,42,hgb_deep|s42,7797,1950,0.07515711170963191,0.07487179487179488,5,1.0777180065875822,1.1634407580708936,3.7344146150511524,4.024645874704461,0.08102627548014607,1.3973333333333333,0.8440451963672813,0.0,0.9892759000067599,0.06454898072463404,0.007764759577248951,False,0.0658805209222615,0.007835429940581288,False,0.08277718006587582,0.008713469261723755,False,0.30898924118576476,0.014609879905298297,False,0.0,0.0,False
nhis2024,NHIS 2024,True,m30,age_group,nhis2024|age_group,hgb_deep,False,43,hgb_deep|s43,7797,1950,0.07515711170963191,0.07487179487179488,5,1.5886073938395087,1.7819663510344508,1.6764223513632062,2.663176942573404,0.283558993437536,21.530716723549485,0.8393296479664671,0.0,0.9617581000202335,0.6015060556217318,0.015421120350448332,False,0.5943921295601268,0.015465511802204903,False,0.6673035380529662,0.01484013505028386,False,0.8802783623653101,0.010230540461630008,False,0.007,0.0026364749192814,False
nhis2024,NHIS 2024,True,m30,sex,nhis2024|sex,hgb_deep,False,43,hgb_deep|s43,7797,1950,0.07515711170963191,0.07487179487179488,2,1.0148592771477192,1.0602652789552294,3.697272138228308,3.752210929620783,0.02347594148484833,1.5561947374027911,0.8393296479664671,0.0,0.9617581000202335,0.05763452048624911,0.00736521286698577,False,0.05708029880068068,0.007329068506302397,False,0.0821485927714772,0.008683304879431735,False,0.2976746698865894,0.014457386516591375,False,0.0,0.0,False
nhis2024,NHIS 2024,True,m30,race,nhis2024|race,hgb_deep,False,43,hgb_deep|s43,7797,1950,0.07515711170963191,0.07487179487179488,4,1.1695464663986361,1.2583294099430202,3.3629400253350723,3.933114623341174,0.10194448623439145,3.43125,0.8393296479664671,0.0,0.9617581000202335,0.10918392224179567,0.009672994305198725,False,0.1066234982156556,0.009606126558686574,False,0.13544487630061083,0.010600464512830874,False,0.4138993815783491,0.01531624150530353,False,0.0,0.0,False
nhis2024,NHIS 2024,True,m30,income,nhis2024|income,hgb_deep,False,43,hgb_deep|s43,7797,1950,0.07515711170963191,0.07487179487179488,5,1.0666003057646678,1.1007155090849754,3.6597774924954596,3.903519792526306,0.08957987079786944,1.6082792709298734,0.8393296479664671,0.0,0.9617581000202335,0.06332603363411346,0.007694092530220338,False,0.06432404280705349,0.007745870781738277,False,0.08266600305764668,0.008708134146286026,False,0.3069880550376402,0.014582908697190472,False,0.0,0.0,False
nhis2024,NHIS 2024,True,m30,insurance,nhis2024|insurance,hgb_deep,False,43,hgb_deep|s43,7797,1950,0.07515711170963191,0.07487179487179488,2,1.239945584093273,1.5131083584774523,3.0621949731328817,3.796955134568735,0.1441943241943242,6.260869565217392,0.8393296479664671,0.0,0.9617581000202335,0.17881390933939656,0.012058879484499485,False,0.17665939164509792,0.011987364015250166,False,0.21922304651556546,0.013019373927304513,False,0.5297366504922473,0.01575530041947957,False,0.0,0.0,False
nhis2024,NHIS 2024,True,ev10,age_group,nhis2024|age_group,hgb_deep,False,43,hgb_deep|s43,7797,1950,0.07515711170963191,0.07487179487179488,2,1.5886073938395087,1.7819663510344508,1.6764223513632062,2.663176942573404,0.011086479913994363,2.6848197061878616,0.8393296479664671,0.0,0.9617581000202335,0.6015060556217318,0.015421120350448332,False,0.5943921295601268,0.015465511802204903,False,0.6673035380529662,0.01484013505028386,False,0.8802783623653101,0.010230540461630008,False,0.007,0.0026364749192814,False
nhis2024,NHIS 2024,True,ev10,sex,nhis2024|sex,hgb_deep,False,43,hgb_deep|s43,7797,1950,0.07515711170963191,0.07487179487179488,2,1.0148592771477192,1.0602652789552294,3.697272138228308,3.752210929620783,0.02347594148484833,1.5561947374027911,0.8393296479664671,0.0,0.9617581000202335,0.05763452048624911,0.00736521286698577,False,0.05708029880068068,0.007329068506302397,False,0.0821485927714772,0.008683304879431735,False,0.2976746698865894,0.014457386516591375,False,0.0,0.0,False
nhis2024,NHIS 2024,True,ev10,income,nhis2024|income,hgb_deep,False,43,hgb_deep|s43,7797,1950,0.07515711170963191,0.07487179487179488,5,1.0666003057646678,1.1007155090849754,3.6597774924954596,3.903519792526306,0.08957987079786944,1.6082792709298734,0.8393296479664671,0.0,0.9617581000202335,0.06332603363411346,0.007694092530220338,False,0.06432404280705349,0.007745870781738277,False,0.08266600305764668,0.008708134146286026,False,0.3069880550376402,0.014582908697190472,False,0.0,0.0,False
nhis2024,NHIS 2024,True,m30,age_group,nhis2024|age_group,hgb_deep,False,44,hgb_deep|s44,7797,1950,0.07515711170963191,0.07487179487179488,4,1.5109201340149416,1.545630309177495,1.8834548586844797,2.845749867494647,0.20029482423130285,18.24985607369027,0.8455240257570694,0.0,0.9875574000179768,0.4958513822603209,0.015753278447437524,False,0.4879605836004703,0.015748535194683125,False,0.567086972879275,0.015613588293317474,False,0.8344428790688156,0.01172390258072567,False,0.007,0.0026364749192814,False
nhis2024,NHIS 2024,True,m30,sex,nhis2024|sex,hgb_deep,False,44,hgb_deep|s44,7797,1950,0.07515711170963191,0.07487179487179488,2,1.0720738468471165,1.1270025596145736,3.6724047539702176,3.9370890917684895,0.004432688751018765,2.513539282990084,0.8455240257570694,0.0,0.9875574000179768,0.0639281231531828,0.007728883805075407,False,0.0650903385585963,0.007789963147870888,False,0.08272073846847117,0.00871076076612345,False,0.30797329243248095,0.014596187343375767,False,0.0,0.0,False
nhis2024,NHIS 2024,True,m30,race,nhis2024|race,hgb_deep,False,44,hgb_deep|s44,7797,1950,0.07515711170963191,0.07487179487179488,3,1.1422776838514872,1.4039411610953105,3.4159918812595538,3.9020112941806477,0.0935448092280391,3.465667678300455,0.8455240257570694,0.0,0.9875574000179768,0.09264384102467253,0.008980318515560626,False,0.09187153388687011,0.008982224723703747,False,0.11488153208472801,0.009864776678043531,False,0.3743372954238789,0.015060475891652585,False,0.0,0.0,False
nhis2024,NHIS 2024,True,m30,income,nhis2024|income,hgb_deep,False,44,hgb_deep|s44,7797,1950,0.07515711170963191,0.07487179487179488,5,1.0823977136350544,1.068586355029855,3.7241361821750765,4.030996488851883,0.09514894880082236,1.8224908325410838,0.8455240257570694,0.0,0.9875574000179768,0.06506374849985598,0.007794505033011015,False,0.06653567990890762,0.007873127539525442,False,0.08282397713635055,0.008715714939828492,False,0.3098315884543098,0.01462123273396957,False,0.0,0.0,False
nhis2024,NHIS 2024,True,ev10,age_group,nhis2024|age_group,hgb_deep,False,44,hgb_deep|s44,7797,1950,0.07515711170963191,0.07487179487179488,2,1.5109201340149416,1.545630309177495,1.8834548586844797,2.845749867494647,0.02644858442797271,1.5998545586764839,0.8455240257570694,0.0,0.9875574000179768,0.4958513822603209,0.015753278447437524,False,0.4879605836004703,0.015748535194683125,False,0.567086972879275,0.015613588293317474,False,0.8344428790688156,0.01172390258072567,False,0.007,0.0026364749192814,False
nhis2024,NHIS 2024,True,ev10,sex,nhis2024|sex,hgb_deep,False,44,hgb_deep|s44,7797,1950,0.07515711170963191,0.07487179487179488,2,1.0720738468471165,1.1270025596145736,3.6724047539702176,3.9370890917684895,0.004432688751018765,2.513539282990084,0.8455240257570694,0.0,0.9875574000179768,0.0639281231531828,0.007728883805075407,False,0.0650903385585963,0.007789963147870888,False,0.08272073846847117,0.00871076076612345,False,0.30797329243248095,0.014596187343375767,False,0.0,0.0,False
nhis2024,NHIS 2024,True,ev10,race,nhis2024|race,hgb_deep,False,44,hgb_deep|s44,7797,1950,0.07515711170963191,0.07487179487179488,2,1.0271930474557127,1.0163852121348151,3.7987127189437895,3.9020112941806477,0.04355036966593018,1.7810318664643399,0.8455240257570694,0.0,0.9875574000179768,0.0589912352201284,0.00744360957330824,False,0.058807026643799776,0.0074284237697459085,False,0.08227193047455714,0.008689223557171288,False,0.2998947485420283,0.01448730787272693,False,0.0,0.0,False
nhis2024,NHIS 2024,True,ev10,income,nhis2024|income,hgb_deep,False,44,hgb_deep|s44,7797,1950,0.07515711170963191,0.07487179487179488,5,1.0823977136350544,1.068586355029855,3.7241361821750765,4.030996488851883,0.09514894880082236,1.8224908325410838,0.8455240257570694,0.0,0.9875574000179768,0.06506374849985598,0.007794505033011015,False,0.06653567990890762,0.007873127539525442,False,0.08282397713635055,0.008715714939828492,False,0.3098315884543098,0.01462123273396957,False,0.0,0.0,False
nhis2024,NHIS 2024,True,m30,age_group,nhis2024|age_group,hgb_deep,False,45,hgb_deep|s45,7797,1950,0.07515711170963191,0.07487179487179488,4,1.1205191704115958,1.3919876722123543,2.2941437593285174,2.57063206200773,0.16936242766300103,9.241707717569787,0.8492771011147222,0.0,0.9324736999697052,0.07944605418408264,0.008427613404789052,False,0.08010053481283047,0.008484396247563504,False,0.09847347276940004,0.009277751070534015,False,0.3427696160889544,0.014856393456638705,False,0.0,0.0,False
nhis2024,NHIS 2024,True,m30,sex,nhis2024|sex,hgb_deep,False,45,hgb_deep|s45,7797,1950,0.07515711170963191,0.07487179487179488,2,1.0492311490953616,1.1451526876593574,3.3401812790433696,3.5046222415974895,0.004742246286490004,2.3102983465133,0.8492771011147222,0.0,0.9324736999697052,0.061415426400489775,0.007583689576340934,False,0.06189236087335063,0.007605952728006395,False,0.08249231149095362,0.008699799108550905,False,0.30386160683716507,0.014540771645056481,False,0.0,0.0,False
nhis2024,NHIS 2024,True,m30,race,nhis2024|race,hgb_deep,False,45,hgb_deep|s45,7797,1950,0.07515711170963191,0.07487179487179488,4,1.2408243697600307,1.5648642827675079,2.9096128018242498,3.610318471069292,0.178050667970023,2.821401657874906,0.8492771011147222,0.0,0.9324736999697052,0.1806656362800648,0.01211046743201741,False,0.1786994298000714,0.012045202626149313,False,0.22138862548007576,0.013068527473581028,False,0.5316825330400681,0.015752708696427024,False,0.0,0.0,False
nhis2024,NHIS 2024,True,m30,income,nhis2024|income,hgb_deep,False,45,hgb_deep|s45,7797,1950,0.07515711170963191,0.07487179487179488,5,1.0831337821692368,1.074086010771811,3.445178931402362,3.73158968621961,0.06555676755514339,1.866220735785953,0.8492771011147222,0.0,0.9324736999697052,0.06514471603861605,0.007799183679302175,False,0.06663872950369315,0.007879056974021135,False,0.08283133782169237,0.008716068161295996,False,0.3099640807904626,0.014623018414114527,False,0.0,0.0,False
nhis2024,NHIS 2024,True,m30,insurance,nhis2024|insurance,hgb_deep,False,45,hgb_deep|s45,7797,1950,0.07515711170963191,0.07487179487179488,2,1.2548317876698134,1.3230630956358786,2.8121864100614746,3.528820900198195,0.1564857225846814,5.398015435501654,0.8492771011147222,0.0,0.9324736999697052,0.20468683403971902,0.012736106563582929,False,0.20430029102613392,0.012730546946262779,False,0.24917001280670034,0.013654773298172572,False,0.5557204765057564,0.0157039262776137,False,4.831787669813399e-05,4.8293711717025626e-05,False
nhis2024,NHIS 2024,True,ev10,age_group,nhis2024|age_group,hgb_deep,False,45,hgb_deep|s45,7797,1950,0.07515711170963191,0.07487179487179488,3,1.1205191704115958,1.1415375660002007,2.2941437593285174,2.57063206200773,0.16936242766300103,4.216748768472907,0.8492771011147222,0.0,0.9324736999697052,0.07944605418408264,0.008427613404789052,False,0.08010053481283047,0.008484396247563504,False,0.09847347276940004,0.009277751070534015,False,0.3427696160889544,0.014856393456638705,False,0.0,0.0,False
nhis2024,NHIS 2024,True,ev10,sex,nhis2024|sex,hgb_deep,False,45,hgb_deep|s45,7797,1950,0.07515711170963191,0.07487179487179488,2,1.0492311490953616,1.1451526876593574,3.3401812790433696,3.5046222415974895,0.004742246286490004,2.3102983465133,0.8492771011147222,0.0,0.9324736999697052,0.061415426400489775,0.007583689576340934,False,0.06189236087335063,0.007605952728006395,False,0.08249231149095362,0.008699799108550905,False,0.30386160683716507,0.014540771645056481,False,0.0,0.0,False
nhis2024,NHIS 2024,True,ev10,race,nhis2024|race,hgb_deep,False,45,hgb_deep|s45,7797,1950,0.07515711170963191,0.07487179487179488,3,1.0879383913031977,1.2379885906973984,3.3184953301855966,3.610318471069292,0.13891979232888318,2.324450229499212,0.8492771011147222,0.0,0.9324736999697052,0.06567322304335174,0.007829723045762182,False,0.06731137478244767,0.007917760727563424,False,0.08287938391303198,0.008718373776887847,False,0.31082891043457556,0.014634674251494296,False,0.0,0.0,False
nhis2024,NHIS 2024,True,ev10,income,nhis2024|income,hgb_deep,False,45,hgb_deep|s45,7797,1950,0.07515711170963191,0.07487179487179488,5,1.0831337821692368,1.074086010771811,3.445178931402362,3.73158968621961,0.06555676755514339,1.866220735785953,0.8492771011147222,0.0,0.9324736999697052,0.06514471603861605,0.007799183679302175,False,0.06663872950369315,0.007879056974021135,False,0.08283133782169237,0.008716068161295996,False,0.3099640807904626,0.014623018414114527,False,0.0,0.0,False
nhis2024,NHIS 2024,True,m30,age_group,nhis2024|age_group,hgb_deep,False,46,hgb_deep|s46,7797,1950,0.07515711170963191,0.07487179487179488,5,1.32033648514721,1.5143612937816788,2.0493208382954498,2.705793072573948,0.2057140490483852,14.322212837837837,0.8327707833429517,0.0,0.9258336999919266,0.2682263905927935,0.013915513027892472,False,0.2625994717810167,0.013834581503623307,False,0.31926003910751455,0.01464471904142644,False,0.6061590935633516,0.015409446367546617,False,0.0007033648514720986,0.0007030130810817253,False
nhis2024,NHIS 2024,True,m30,sex,nhis2024|sex,hgb_deep,False,46,hgb_deep|s46,7797,1950,0.07515711170963191,0.07487179487179488,2,1.118924762124993,1.1432346132756463,3.634636362533521,4.06688462735867,0.02445641642627716,2.050383967035025,0.8327707833429517,0.0,0.9258336999919266,0.07847895407581534,0.008387112586059115,False,0.07923798606761909,0.008447916648446699,False,0.0972711320942569,0.009234735333468757,False,0.34045641718134206,0.014841438817093357,False,0.0,0.0,False
nhis2024,NHIS 2024,True,m30,race,nhis2024|race,hgb_deep,False,46,hgb_deep|s46,7797,1950,0.07515711170963191,0.07487179487179488,4,1.1513958369589707,1.355008089852162,3.5395390837270972,4.0754105657569495,0.14137700534759357,3.5327922077922076,0.8327707833429517,0.0,0.9258336999919266,0.09817452405708059,0.009211935893155197,False,0.0968043052400989,0.009190845421953737,False,0.12175751639528938,0.010110776451055231,False,0.3875660913257198,0.015145998962617212,False,0.0,0.0,False
nhis2024,NHIS 2024,True,m30,income,nhis2024|income,hgb_deep,False,46,hgb_deep|s46,7797,1950,0.07515711170963191,0.07487179487179488,5,1.0368925852473543,1.0356755138958695,3.8198350641082475,3.960758654841694,0.07911058979451557,1.865158371040724,0.8327707833429517,0.0,0.9258336999919266,0.06005818437720897,0.00750526240101026,False,0.0601649619346296,0.0075065588499771555,False,0.08236892585247355,0.008693878130507563,False,0.3016406653445238,0.014510838659936898,False,0.0,0.0,False
nhis2024,NHIS 2024,True,m30,insurance,nhis2024|insurance,hgb_deep,False,46,hgb_deep|s46,7797,1950,0.07515711170963191,0.07487179487179488,2,1.2545170760959352,1.4537714806067434,3.08442753140815,3.869467008131956,0.008287605406746001,5.654867256637168,0.8327707833429517,0.0,0.9258336999919266,0.20438156381305717,0.012730440208666123,False,0.20402019772538235,0.012725242709062343,False,0.24883327142265066,0.013650017190673243,False,0.5554781485938701,0.015705341080513975,False,4.517076095935209e-05,4.51481699296996e-05,False
nhis2024,NHIS 2024,True,ev10,age_group,nhis2024|age_group,hgb_deep,False,46,hgb_deep|s46,7797,1950,0.07515711170963191,0.07487179487179488,2,1.32033648514721,1.3988372838884524,2.0493208382954498,2.705793072573948,0.08289169391400575,2.504391891891892,0.8327707833429517,0.0,0.9258336999919266,0.2682263905927935,0.013915513027892472,False,0.2625994717810167,0.013834581503623307,False,0.31926003910751455,0.01464471904142644,False,0.6061590935633516,0.015409446367546617,False,0.0007033648514720986,0.0007030130810817253,False
nhis2024,NHIS 2024,True,ev10,sex,nhis2024|sex,hgb_deep,False,46,hgb_deep|s46,7797,1950,0.07515711170963191,0.07487179487179488,2,1.118924762124993,1.1432346132756463,3.634636362533521,4.06688462735867,0.02445641642627716,2.050383967035025,0.8327707833429517,0.0,0.9258336999919266,0.07847895407581534,0.008387112586059115,False,0.07923798606761909,0.008447916648446699,False,0.0972711320942569,0.009234735333468757,False,0.34045641718134206,0.014841438817093357,False,0.0,0.0,False
nhis2024,NHIS 2024,True,ev10,race,nhis2024|race,hgb_deep,False,46,hgb_deep|s46,7797,1950,0.07515711170963191,0.07487179487179488,2,1.0691879830552986,1.0679099094165074,3.8116875894088387,4.0754105657569495,0.01306861052496966,1.4522727272727274,0.8327707833429517,0.0,0.9258336999919266,0.06361067813608284,0.007710540491512387,False,0.0646863176277418,0.007766715937152821,False,0.08269187983055298,0.008709375909963697,False,0.3074538369499537,0.014589186324537455,False,0.0,0.0,False
nhis2024,NHIS 2024,True,ev10,income,nhis2024|income,hgb_deep,False,46,hgb_deep|s46,7797,1950,0.07515711170963191,0.07487179487179488,5,1.0368925852473543,1.0356755138958695,3.8198350641082475,3.960758654841694,0.07911058979451557,1.865158371040724,0.8327707833429517,0.0,0.9258336999919266,0.06005818437720897,0.00750526240101026,False,0.0601649619346296,0.0075065588499771555,False,0.08236892585247355,0.008693878130507563,False,0.3016406653445238,0.014510838659936898,False,0.0,0.0,False
nhis2024,NHIS 2024,True,m30,age_group,nhis2024|age_group,hgb_deep,False,47,hgb_deep|s47,7797,1950,0.07515711170963191,0.07487179487179488,4,1.359557135760955,1.6866286514998816,1.9719945152889808,2.6810392149426,0.3031471715386227,13.822487644151565,0.8214033502414725,0.0,0.9565660000080243,0.30732170662183134,0.014552223479675535,False,0.29932170662183133,0.014443272803929166,False,0.363519847846851,0.015160688341274754,False,0.6433357036414324,0.015070121346355084,False,0.001,0.0009994998749374,False
nhis2024,NHIS 2024,True,m30,sex,nhis2024|sex,hgb_deep,False,47,hgb_deep|s47,7797,1950,0.07515711170963191,0.07487179487179488,2,1.0770673956500378,1.0724997324679246,3.5874668344759946,3.863943560389945,0.014947331070079839,2.1910468498979636,0.8214033502414725,0.0,0.9565660000080243,0.06447741352150416,0.007760624122045298,False,0.06578943539100529,0.007830188913751313,False,0.08277067395650038,0.008713157049287738,False,0.3088721312170068,0.01460830154271477,False,0.0,0.0,False
nhis2024,NHIS 2024,True,m30,race,nhis2024|race,hgb_deep,False,47,hgb_deep|s47,7797,1950,0.07515711170963191,0.07487179487179488,4,1.1414085367329878,1.3885625363722807,3.2848093483073337,3.7493094316983133,0.04836774977224412,3.9460784313725488,0.8214033502414725,0.0,0.9565660000080243,0.09211665342820569,0.008958240626106732,False,0.09140133954407535,0.00896233888974089,False,0.11422610966749897,0.009841327851143581,False,0.3730763196863839,0.015052323787841878,False,0.0,0.0,False
nhis2024,NHIS 2024,True,m30,income,nhis2024|income,hgb_deep,False,47,hgb_deep|s47,7797,1950,0.07515711170963191,0.07487179487179488,5,1.1338459910761616,1.1469617292237981,3.5654067337651574,4.042622131635575,0.12342255445703709,1.9985085756897838,0.8214033502414725,0.0,0.9565660000080243,0.08752953557078649,0.008766138456695287,False,0.08731012631989066,0.008789310038736004,False,0.10852320638530213,0.009637297002676801,False,0.36210442967607037,0.014981391426731255,False,0.0,0.0,False
nhis2024,NHIS 2024,True,ev10,age_group,nhis2024|age_group,hgb_deep,False,47,hgb_deep|s47,7797,1950,0.07515711170963191,0.07487179487179488,2,1.359557135760955,1.5269209028118123,1.9719945152889808,2.6810392149426,0.06928676114114174,1.5560354423616365,0.8214033502414725,0.0,0.9565660000080243,0.30732170662183134,0.014552223479675535,False,0.29932170662183133,0.014443272803929166,False,0.363519847846851,0.015160688341274754,False,0.6433357036414324,0.015070121346355084,False,0.001,0.0009994998749374,False
nhis2024,NHIS 2024,True,ev10,sex,nhis2024|sex,hgb_deep,False,47,hgb_deep|s47,7797,1950,0.07515711170963191,0.07487179487179488,2,1.0770673956500378,1.0724997324679246,3.5874668344759946,3.863943560389945,0.014947331070079839,2.1910468498979636,0.8214033502414725,0.0,0.9565660000080243,0.06447741352150416,0.007760624122045298,False,0.06578943539100529,0.007830188913751313,False,0.08277067395650038,0.008713157049287738,False,0.3088721312170068,0.01460830154271477,False,0.0,0.0,False
nhis2024,NHIS 2024,True,ev10,race,nhis2024|race,hgb_deep,False,47,hgb_deep|s47,7797,1950,0.07515711170963191,0.07487179487179488,3,1.1414085367329878,1.3885625363722807,3.2848093483073337,3.7493094316983133,0.04134598399304268,2.6538461538461537,0.8214033502414725,0.0,0.9565660000080243,0.09211665342820569,0.008958240626106732,False,0.09140133954407535,0.00896233888974089,False,0.11422610966749897,0.009841327851143581,False,0.3730763196863839,0.015052323787841878,False,0.0,0.0,False
nhis2024,NHIS 2024,True,ev10,income,nhis2024|income,hgb_deep,False,47,hgb_deep|s47,7797,1950,0.07515711170963191,0.07487179487179488,5,1.1338459910761616,1.1469617292237981,3.5654067337651574,4.042622131635575,0.12342255445703709,1.9985085756897838,0.8214033502414725,0.0,0.9565660000080243,0.08752953557078649,0.008766138456695287,False,0.08731012631989066,0.008789310038736004,False,0.10852320638530213,0.009637297002676801,False,0.36210442967607037,0.014981391426731255,False,0.0,0.0,False
acs_income,ACS-Income,False,m30,sex,acs_income|sex,published,False,,published,16000,4000,0.4105625,0.4105,2,1.140702675820348,1.2197751508563746,1.758316055329918,2.0057158292527166,0.004002557629306791,1.3132584953613826,0.8655797921192944,0.0,0.0015178999747149646,0.09168850828447335,0.008940310497976073,False,0.09101948036182758,0.008946188996804631,False,0.11369382111042634,0.00982228434285409,False,0.3720522427885376,0.015045703215428667,False,0.0,0.0,False
acs_income,ACS-Income,False,m30,race,acs_income|race,published,False,,published,16000,4000,0.4105625,0.4105,2,1.0226712617797018,1.0018020294600434,1.8826644656838016,1.9253468446286615,0.009738611883558956,1.2479222162222499,0.8655797921192944,0.0,0.0015178999747149646,0.058493838795767195,0.007414867907552908,False,0.05817397664915825,0.007391998313793969,False,0.08222671261779702,0.008687053661709047,False,0.2990808271203463,0.014476338156557262,False,0.0,0.0,False
acs_income,ACS-Income,False,m30,age_group,acs_income|age_group,published,False,,published,16000,4000,0.4105625,0.4105,2,1.0117649862850997,1.128629815768947,1.767673762346732,1.788470419917272,0.052729798215596535,1.8444258404084442,0.8655797921192944,0.0,0.0015178999747149646,0.05729414849136097,0.007345544735832406,False,0.05664709807991396,0.007304142301569432,False,0.082117649862851,0.008681820004167241,False,0.29711769753131795,0.01444987985994256,False,0.0,0.0,False
acs_income,ACS-Income,False,ev10,sex,acs_income|sex,published,False,,published,16000,4000,0.4105625,0.4105,2,1.140702675820348,1.2197751508563746,1.758316055329918,2.0057158292527166,0.004002557629306791,1.3132584953613826,0.8655797921192944,0.0,0.0015178999747149646,0.09168850828447335,0.008940310497976073,False,0.09101948036182758,0.008946188996804631,False,0.11369382111042634,0.00982228434285409,False,0.3720522427885376,0.015045703215428667,False,0.0,0.0,False
acs_income,ACS-Income,False,ev10,race,acs_income|race,published,False,,published,16000,4000,0.4105625,0.4105,2,1.0226712617797018,1.0018020294600434,1.8826644656838016,1.9253468446286615,0.009738611883558956,1.2479222162222499,0.8655797921192944,0.0,0.0015178999747149646,0.058493838795767195,0.007414867907552908,False,0.05817397664915825,0.007391998313793969,False,0.08222671261779702,0.008687053661709047,False,0.2990808271203463,0.014476338156557262,False,0.0,0.0,False
acs_income,ACS-Income,False,ev10,age_group,acs_income|age_group,published,False,,published,16000,4000,0.4105625,0.4105,2,1.0117649862850997,1.128629815768947,1.767673762346732,1.788470419917272,0.052729798215596535,1.8444258404084442,0.8655797921192944,0.0,0.0015178999747149646,0.05729414849136097,0.007345544735832406,False,0.05664709807991396,0.007304142301569432,False,0.082117649862851,0.008681820004167241,False,0.29711769753131795,0.01444987985994256,False,0.0,0.0,False
acs_income,ACS-Income,False,m30,sex,acs_income|sex,xgb_published,False,42,xgb_published|s42,16000,4000,0.4105625,0.4105,2,1.029942675981442,1.0400953611935828,2.2839951829676295,2.3523841106744037,0.0055792538208008224,1.3186865193490842,0.9019497468384507,0.0,0.1552648000069894,0.05929369435795863,0.007461086939486186,False,0.05919197463740189,0.007450573530907634,False,0.08229942675981443,0.00869054303732544,False,0.3003896816766596,0.014493978388903603,False,0.0,0.0,False
acs_income,ACS-Income,False,m30,race,acs_income|race,xgb_published,False,42,xgb_published|s42,16000,4000,0.4105625,0.4105,2,1.001044056673411,1.0009962628512337,2.3197395421265363,2.3221614816760687,0.0021932929405579227,1.2582180872607664,0.9019497468384507,0.0,0.1552648000069894,0.0561148462340752,0.007277399671567125,False,0.055146167934277526,0.007217779351771483,False,0.08201044056673411,0.008676675289626961,False,0.2951879302012139,0.014423871206870135,False,0.0,0.0,False
acs_income,ACS-Income,False,m30,age_group,acs_income|age_group,xgb_published,False,42,xgb_published|s42,16000,4000,0.4105625,0.4105,2,1.355292010330359,1.4073697439080488,1.810519463867867,2.4537825639277253,0.03766330321077316,1.779996917754255,0.9019497468384507,0.0,0.1552648000069894,0.30271537115678754,0.014506425952851003,False,0.29471537115678753,0.014394747328825732,False,0.3579325335327701,0.015130485812140151,False,0.6369380154955383,0.015162041408869616,False,0.001,0.0009994998749374,False
acs_income,ACS-Income,False,ev10,sex,acs_income|sex,xgb_published,False,42,xgb_published|s42,16000,4000,0.4105625,0.4105,2,1.029942675981442,1.0400953611935828,2.2839951829676295,2.3523841106744037,0.0055792538208008224,1.3186865193490842,0.9019497468384507,0.0,0.1552648000069894,0.05929369435795863,0.007461086939486186,False,0.05919197463740189,0.007450573530907634,False,0.08229942675981443,0.00869054303732544,False,0.3003896816766596,0.014493978388903603,False,0.0,0.0,False
acs_income,ACS-Income,False,ev10,race,acs_income|race,xgb_published,False,42,xgb_published|s42,16000,4000,0.4105625,0.4105,2,1.001044056673411,1.0009962628512337,2.3197395421265363,2.3221614816760687,0.0021932929405579227,1.2582180872607664,0.9019497468384507,0.0,0.1552648000069894,0.0561148462340752,0.007277399671567125,False,0.055146167934277526,0.007217779351771483,False,0.08201044056673411,0.008676675289626961,False,0.2951879302012139,0.014423871206870135,False,0.0,0.0,False
acs_income,ACS-Income,False,ev10,age_group,acs_income|age_group,xgb_published,False,42,xgb_published|s42,16000,4000,0.4105625,0.4105,2,1.355292010330359,1.4073697439080488,1.810519463867867,2.4537825639277253,0.03766330321077316,1.779996917754255,0.9019497468384507,0.0,0.1552648000069894,0.30271537115678754,0.014506425952851003,False,0.29471537115678753,0.014394747328825732,False,0.3579325335327701,0.015130485812140151,False,0.6369380154955383,0.015162041408869616,False,0.001,0.0009994998749374,False
acs_income,ACS-Income,False,m30,sex,acs_income|sex,xgb_published,False,43,xgb_published|s43,16000,4000,0.4105625,0.4105,2,1.0363512901015268,1.004411196071515,2.2793538280362737,2.3622112802832462,0.009447811799515482,1.3210619606088505,0.8974658275815401,0.0,0.15051309997215867,0.05999864191116795,0.007501821785892455,False,0.060089180614213755,0.007502198421618965,False,0.08236351290101528,0.008693618376073183,False,0.30154323221827484,0.01450952549417912,False,0.0,0.0,False
acs_income,ACS-Income,False,m30,race,acs_income|race,xgb_published,False,43,xgb_published|s43,16000,4000,0.4105625,0.4105,2,1.0050734724906794,1.0235738004306052,2.331039549152486,2.342866014179797,0.010232754492380147,1.205870607028754,0.8974658275815401,0.0,0.15051309997215867,0.05655808197397473,0.007303011704269954,False,0.05571028614869511,0.007250238499303094,False,0.0820507347249068,0.008678608908715489,False,0.2959132250483223,0.014433646448558284,False,0.0,0.0,False
acs_income,ACS-Income,False,m30,age_group,acs_income|age_group,xgb_published,False,43,xgb_published|s43,16000,4000,0.4105625,0.4105,2,1.3774567261029687,1.43425116967496,1.8069855315703942,2.4890443744323876,0.05030773421208312,1.8211318467185162,0.8974658275815401,0.0,0.15051309997215867,0.326653264191206,0.014744423447103442,False,0.318653264191206,0.014646921240449279,False,0.3869683111948888,0.015287440275678368,False,0.6701850891544529,0.014684357436243667,False,0.001,0.0009994998749374,False
acs_income,ACS-Income,False,ev10,sex,acs_income|sex,xgb_published,False,43,xgb_published|s43,16000,4000,0.4105625,0.4105,2,1.0363512901015268,1.004411196071515,2.2793538280362737,2.3622112802832462,0.009447811799515482,1.3210619606088505,0.8974658275815401,0.0,0.15051309997215867,0.05999864191116795,0.007501821785892455,False,0.060089180614213755,0.007502198421618965,False,0.08236351290101528,0.008693618376073183,False,0.30154323221827484,0.01450952549417912,False,0.0,0.0,False
acs_income,ACS-Income,False,ev10,race,acs_income|race,xgb_published,False,43,xgb_published|s43,16000,4000,0.4105625,0.4105,2,1.0050734724906794,1.0235738004306052,2.331039549152486,2.342866014179797,0.010232754492380147,1.205870607028754,0.8974658275815401,0.0,0.15051309997215867,0.05655808197397473,0.007303011704269954,False,0.05571028614869511,0.007250238499303094,False,0.0820507347249068,0.008678608908715489,False,0.2959132250483223,0.014433646448558284,False,0.0,0.0,False
acs_income,ACS-Income,False,ev10,age_group,acs_income|age_group,xgb_published,False,43,xgb_published|s43,16000,4000,0.4105625,0.4105,2,1.3774567261029687,1.43425116967496,1.8069855315703942,2.4890443744323876,0.05030773421208312,1.8211318467185162,0.8974658275815401,0.0,0.15051309997215867,0.326653264191206,0.014744423447103442,False,0.318653264191206,0.014646921240449279,False,0.3869683111948888,0.015287440275678368,False,0.6701850891544529,0.014684357436243667,False,0.001,0.0009994998749374,False
acs_income,ACS-Income,False,m30,sex,acs_income|sex,xgb_published,False,44,xgb_published|s44,16000,4000,0.4105625,0.4105,2,1.0570048847236337,1.011443578424252,2.1871849104342287,2.311865134122803,0.00027295921636150133,1.3449548524871753,0.9017151036355878,0.0,0.13875000004190952,0.06227053731959971,0.007633101496123743,False,0.06298068386130871,0.007668574418860052,False,0.08257004884723634,0.008703529536057441,False,0.3052608792502541,0.014559630494088757,False,0.0,0.0,False
acs_income,ACS-Income,False,m30,race,acs_income|race,xgb_published,False,44,xgb_published|s44,16000,4000,0.4105625,0.4105,2,1.026714492766714,1.0672323433777486,2.2487420324600396,2.308816035220399,0.002939103229439244,1.266369281289876,0.9017151036355878,0.0,0.13875000004190952,0.05893859420433854,0.0074405677531286995,False,0.05874002898733996,0.007424568750071448,False,0.08226714492766714,0.008688993910363037,False,0.2998086086980085,0.01448614691343206,False,0.0,0.0,False
acs_income,ACS-Income,False,m30,age_group,acs_income|age_group,xgb_published,False,44,xgb_published|s44,16000,4000,0.4105625,0.4105,2,1.3448177040300373,1.3836053574624407,1.7763535566133932,2.3888717115504146,0.052545646605797414,1.92893607576206,0.9017151036355878,0.0,0.13875000004190952,0.2919731729091361,0.01435629527583044,False,0.2843877565867331,0.014247194838144468,False,0.34545494331213983,0.015014693705168438,False,0.6250096321031287,0.015299389724090852,False,0.0009481770403003723,0.000947702833198736,False
acs_income,ACS-Income,False,ev10,sex,acs_income|sex,xgb_published,False,44,xgb_published|s44,16000,4000,0.4105625,0.4105,2,1.0570048847236337,1.011443578424252,2.1871849104342287,2.311865134122803,0.00027295921636150133,1.3449548524871753,0.9017151036355878,0.0,0.13875000004190952,0.06227053731959971,0.007633101496123743,False,0.06298068386130871,0.007668574418860052,False,0.08257004884723634,0.008703529536057441,False,0.3052608792502541,0.014559630494088757,False,0.0,0.0,False
acs_income,ACS-Income,False,ev10,race,acs_income|race,xgb_published,False,44,xgb_published|s44,16000,4000,0.4105625,0.4105,2,1.026714492766714,1.0672323433777486,2.2487420324600396,2.308816035220399,0.002939103229439244,1.266369281289876,0.9017151036355878,0.0,0.13875000004190952,0.05893859420433854,0.0074405677531286995,False,0.05874002898733996,0.007424568750071448,False,0.08226714492766714,0.008688993910363037,False,0.2998086086980085,0.01448614691343206,False,0.0,0.0,False
acs_income,ACS-Income,False,ev10,age_group,acs_income|age_group,xgb_published,False,44,xgb_published|s44,16000,4000,0.4105625,0.4105,2,1.3448177040300373,1.3836053574624407,1.7763535566133932,2.3888717115504146,0.052545646605797414,1.92893607576206,0.9017151036355878,0.0,0.13875000004190952,0.2919731729091361,0.01435629527583044,False,0.2843877565867331,0.014247194838144468,False,0.34545494331213983,0.015014693705168438,False,0.6250096321031287,0.015299389724090852,False,0.0009481770403003723,0.000947702833198736,False
acs_income,ACS-Income,False,m30,sex,acs_income|sex,xgb_published,False,45,xgb_published|s45,16000,4000,0.4105625,0.4105,2,1.0430625825882667,1.0448710709155047,2.2284105063297193,2.324371617799104,0.012579829204658055,1.2942797836738726,0.9095501462355328,0.0,0.15854179998859763,0.060736884084709335,0.007544480536054695,False,0.06102876156235733,0.007556261552066136,False,0.08243062582588268,0.008696838962840488,False,0.302751264865888,0.014525806888076611,False,0.0,0.0,False
acs_income,ACS-Income,False,m30,race,acs_income|race,xgb_published,False,45,xgb_published|s45,16000,4000,0.4105625,0.4105,2,1.0010115753923041,1.0432317294521698,2.2880445369125693,2.290359066462606,0.012297964200101985,1.2513548713295457,0.9095501462355328,0.0,0.15854179998859763,0.056111273293153456,0.00727719321195321,False,0.055141620554922575,0.0072175176972927016,False,0.08201011575392304,0.00867665970264661,False,0.2951820835706147,0.014423792408258237,False,0.0,0.0,False
acs_income,ACS-Income,False,m30,age_group,acs_income|age_group,xgb_published,False,45,xgb_published|s45,16000,4000,0.4105625,0.4105,2,1.364850893639473,1.4326884344348878,1.7799050807653913,2.4293050400760827,0.03170803139494627,1.8921374692954807,0.9095501462355328,0.0,0.15854179998859763,0.3130389651306307,0.014609066126483725,False,0.30503896513063067,0.014503501306072357,False,0.37045467066770943,0.015198174900382845,False,0.6512763404592093,0.01495603266055947,False,0.001,0.0009994998749374,False
acs_income,ACS-Income,False,ev10,sex,acs_income|sex,xgb_published,False,45,xgb_published|s45,16000,4000,0.4105625,0.4105,2,1.0430625825882667,1.0448710709155047,2.2284105063297193,2.324371617799104,0.012579829204658055,1.2942797836738726,0.9095501462355328,0.0,0.15854179998859763,0.060736884084709335,0.007544480536054695,False,0.06102876156235733,0.007556261552066136,False,0.08243062582588268,0.008696838962840488,False,0.302751264865888,0.014525806888076611,False,0.0,0.0,False
acs_income,ACS-Income,False,ev10,race,acs_income|race,xgb_published,False,45,xgb_published|s45,16000,4000,0.4105625,0.4105,2,1.0010115753923041,1.0432317294521698,2.2880445369125693,2.290359066462606,0.012297964200101985,1.2513548713295457,0.9095501462355328,0.0,0.15854179998859763,0.056111273293153456,0.00727719321195321,False,0.055141620554922575,0.0072175176972927016,False,0.08201011575392304,0.00867665970264661,False,0.2951820835706147,0.014423792408258237,False,0.0,0.0,False
acs_income,ACS-Income,False,ev10,age_group,acs_income|age_group,xgb_published,False,45,xgb_published|s45,16000,4000,0.4105625,0.4105,2,1.364850893639473,1.4326884344348878,1.7799050807653913,2.4293050400760827,0.03170803139494627,1.8921374692954807,0.9095501462355328,0.0,0.15854179998859763,0.3130389651306307,0.014609066126483725,False,0.30503896513063067,0.014503501306072357,False,0.37045467066770943,0.015198174900382845,False,0.6512763404592093,0.01495603266055947,False,0.001,0.0009994998749374,False
acs_income,ACS-Income,False,m30,sex,acs_income|sex,xgb_published,False,46,xgb_published|s46,16000,4000,0.4105625,0.4105,2,1.0441108948163826,1.0010757386290883,2.2274146897716447,2.325667944864627,0.006347911529275385,1.2906621666197124,0.9005714601548206,0.0,0.14737969997804612,0.060852198429802086,0.007551143885852007,False,0.06117552527429357,0.007564706280238836,False,0.08244110894816382,0.008697342022496514,False,0.30293996106694887,0.014528350062040082,False,0.0,0.0,False
acs_income,ACS-Income,False,m30,race,acs_income|race,xgb_published,False,46,xgb_published|s46,16000,4000,0.4105625,0.4105,2,1.0299545621508897,1.0532580932477968,2.2621259317574545,2.3298869235734223,0.008873892167005737,1.2592275071983847,0.9005714601548206,0.0,0.14737969997804612,0.05929500183659786,0.007461162491123051,False,0.05919363870112455,0.007450669280501416,False,0.0822995456215089,0.008690548741210365,False,0.3003918211871601,0.014494007224393502,False,0.0,0.0,False
acs_income,ACS-Income,False,m30,age_group,acs_income|age_group,xgb_published,False,46,xgb_published|s46,16000,4000,0.4105625,0.4105,2,1.3454840835268587,1.3503240292601182,1.7918970791933895,2.4109689993729724,0.03821190075905678,1.8424803227655826,0.9005714601548206,0.0,0.14737969997804612,0.2926195610210528,0.014368293381561799,False,0.2849808343389041,0.01425842618522551,False,0.34616796937373867,0.015024764426378892,False,0.6255227443156811,0.015296393979024442,False,0.0009548408352685858,0.0009543632954360739,False
acs_income,ACS-Income,False,ev10,sex,acs_income|sex,xgb_published,False,46,xgb_published|s46,16000,4000,0.4105625,0.4105,2,1.0441108948163826,1.0010757386290883,2.2274146897716447,2.325667944864627,0.006347911529275385,1.2906621666197124,0.9005714601548206,0.0,0.14737969997804612,0.060852198429802086,0.007551143885852007,False,0.06117552527429357,0.007564706280238836,False,0.08244110894816382,0.008697342022496514,False,0.30293996106694887,0.014528350062040082,False,0.0,0.0,False
acs_income,ACS-Income,False,ev10,race,acs_income|race,xgb_published,False,46,xgb_published|s46,16000,4000,0.4105625,0.4105,2,1.0299545621508897,1.0532580932477968,2.2621259317574545,2.3298869235734223,0.008873892167005737,1.2592275071983847,0.9005714601548206,0.0,0.14737969997804612,0.05929500183659786,0.007461162491123051,False,0.05919363870112455,0.007450669280501416,False,0.0822995456215089,0.008690548741210365,False,0.3003918211871601,0.014494007224393502,False,0.0,0.0,False
acs_income,ACS-Income,False,ev10,age_group,acs_income|age_group,xgb_published,False,46,xgb_published|s46,16000,4000,0.4105625,0.4105,2,1.3454840835268587,1.3503240292601182,1.7918970791933895,2.4109689993729724,0.03821190075905678,1.8424803227655826,0.9005714601548206,0.0,0.14737969997804612,0.2926195610210528,0.014368293381561799,False,0.2849808343389041,0.01425842618522551,False,0.34616796937373867,0.015024764426378892,False,0.6255227443156811,0.015296393979024442,False,0.0009548408352685858,0.0009543632954360739,False
acs_income,ACS-Income,False,m30,sex,acs_income|sex,xgb_published,False,47,xgb_published|s47,16000,4000,0.4105625,0.4105,2,1.0402742996935004,1.0622334371805082,2.2511759302889627,2.341840464368215,0.006419221708157563,1.2570768678370063,0.8989629209501641,0.0,0.1562948999926448,0.06043017296628504,0.007526757472483186,False,0.060638401957090055,0.007533800408827155,False,0.08240274299693501,0.008695500933390552,False,0.30224937394483004,0.014519042597562225,False,0.0,0.0,False
acs_income,ACS-Income,False,m30,race,acs_income|race,xgb_published,False,47,xgb_published|s47,16000,4000,0.4105625,0.4105,2,1.0156797767164767,1.0177097311923173,2.295574381656601,2.3315684753970407,0.0004964403276157547,1.298630489058599,0.8989629209501641,0.0,0.1562948999926448,0.05772477543881244,0.007370428179264442,False,0.05719516874030674,0.007335678078945108,False,0.08215679776716477,0.008683698617308448,False,0.29782235980896576,0.014459377023889046,False,0.0,0.0,False
acs_income,ACS-Income,False,m30,age_group,acs_income|age_group,xgb_published,False,47,xgb_published|s47,16000,4000,0.4105625,0.4105,2,1.3493462949825994,1.410751738559638,1.8039588520539964,2.434165193320123,0.0415830749170476,1.86227429767772,0.8989629209501641,0.0,0.1562948999926448,0.2963659061331213,0.014437832167829803,False,0.28841820253451333,0.01432352098115893,False,0.35030053563138125,0.015083132450923638,False,0.6284966471366015,0.015279031198553027,False,0.0009934629498259931,0.0009929660941060204,False
acs_income,ACS-Income,False,ev10,sex,acs_income|sex,xgb_published,False,47,xgb_published|s47,16000,4000,0.4105625,0.4105,2,1.0402742996935004,1.0622334371805082,2.2511759302889627,2.341840464368215,0.006419221708157563,1.2570768678370063,0.8989629209501641,0.0,0.1562948999926448,0.06043017296628504,0.007526757472483186,False,0.060638401957090055,0.007533800408827155,False,0.08240274299693501,0.008695500933390552,False,0.30224937394483004,0.014519042597562225,False,0.0,0.0,False
acs_income,ACS-Income,False,ev10,race,acs_income|race,xgb_published,False,47,xgb_published|s47,16000,4000,0.4105625,0.4105,2,1.0156797767164767,1.0177097311923173,2.295574381656601,2.3315684753970407,0.0004964403276157547,1.298630489058599,0.8989629209501641,0.0,0.1562948999926448,0.05772477543881244,0.007370428179264442,False,0.05719516874030674,0.007335678078945108,False,0.08215679776716477,0.008683698617308448,False,0.29782235980896576,0.014459377023889046,False,0.0,0.0,False
acs_income,ACS-Income,False,ev10,age_group,acs_income|age_group,xgb_published,False,47,xgb_published|s47,16000,4000,0.4105625,0.4105,2,1.3493462949825994,1.410751738559638,1.8039588520539964,2.434165193320123,0.0415830749170476,1.86227429767772,0.8989629209501641,0.0,0.1562948999926448,0.2963659061331213,0.014437832167829803,False,0.28841820253451333,0.01432352098115893,False,0.35030053563138125,0.015083132450923638,False,0.6284966471366015,0.015279031198553027,False,0.0009934629498259931,0.0009929660941060204,False
acs_income,ACS-Income,False,m30,sex,acs_income|sex,logreg_l2,True,42,logreg_l2|s42,16000,4000,0.4105625,0.4105,2,1.106187915320154,1.1551502129641402,1.8490504079344838,2.0453972160749267,0.0015917633444815227,1.3186865193490842,0.8648666937339288,0.0,0.013646300008986145,0.07075332568599496,0.00806357392411897,False,0.07234756074696848,0.008156501288054488,False,0.08766629679880454,0.008891106378576168,False,0.3219775492759609,0.01472197446501291,False,0.0,0.0,False
acs_income,ACS-Income,False,m30,race,acs_income|race,logreg_l2,True,42,logreg_l2|s42,16000,4000,0.4105625,0.4105,2,1.0021035140130021,1.0187401147681925,1.958889634543587,1.963010186339774,0.002996256173042,1.2582180872607664,0.8648666937339288,0.0,0.013646300008986145,0.056231386541430235,0.007284133862640822,False,0.0552944919618203,0.007226313859910818,False,0.08202103514013002,0.008677183697552134,False,0.29537863252234037,0.014426441418539134,False,0.0,0.0,False
acs_income,ACS-Income,False,m30,age_group,acs_income|age_group,logreg_l2,True,42,logreg_l2|s42,16000,4000,0.4105625,0.4105,2,1.019696895986856,1.073175559039277,1.82268856379561,1.858589870853124,0.03217246556200526,1.779996917754255,0.8648666937339288,0.0,0.013646300008986145,0.05816665855855416,0.007395962051862844,False,0.05775756543815984,0.007368038171068266,False,0.08219696895986857,0.008685626335581854,False,0.29854544127763405,0.014469122434523952,False,0.0,0.0,False
acs_income,ACS-Income,False,ev10,sex,acs_income|sex,logreg_l2,True,42,logreg_l2|s42,16000,4000,0.4105625,0.4105,2,1.106187915320154,1.1551502129641402,1.8490504079344838,2.0453972160749267,0.0015917633444815227,1.3186865193490842,0.8648666937339288,0.0,0.013646300008986145,0.07075332568599496,0.00806357392411897,False,0.07234756074696848,0.008156501288054488,False,0.08766629679880454,0.008891106378576168,False,0.3219775492759609,0.01472197446501291,False,0.0,0.0,False
acs_income,ACS-Income,False,ev10,race,acs_income|race,logreg_l2,True,42,logreg_l2|s42,16000,4000,0.4105625,0.4105,2,1.0021035140130021,1.0187401147681925,1.958889634543587,1.963010186339774,0.002996256173042,1.2582180872607664,0.8648666937339288,0.0,0.013646300008986145,0.056231386541430235,0.007284133862640822,False,0.0552944919618203,0.007226313859910818,False,0.08202103514013002,0.008677183697552134,False,0.29537863252234037,0.014426441418539134,False,0.0,0.0,False
acs_income,ACS-Income,False,ev10,age_group,acs_income|age_group,logreg_l2,True,42,logreg_l2|s42,16000,4000,0.4105625,0.4105,2,1.019696895986856,1.073175559039277,1.82268856379561,1.858589870853124,0.03217246556200526,1.779996917754255,0.8648666937339288,0.0,0.013646300008986145,0.05816665855855416,0.007395962051862844,False,0.05775756543815984,0.007368038171068266,False,0.08219696895986857,0.008685626335581854,False,0.29854544127763405,0.014469122434523952,False,0.0,0.0,False
acs_income,ACS-Income,False,m30,sex,acs_income|sex,logreg_l2,True,43,logreg_l2|s43,16000,4000,0.4105625,0.4105,2,1.1057320065977418,1.2227703592232955,1.8491427023528024,2.0446562707581353,0.004772407631138953,1.3210619606088505,0.862284714538529,0.0,0.013794100028462708,0.07047679088715485,0.008051993028134573,False,0.07210092160205703,0.008146070228728472,False,0.08732249677862494,0.008878806361137836,False,0.32131610793278925,0.014717698301456472,False,0.0,0.0,False
acs_income,ACS-Income,False,m30,race,acs_income|race,logreg_l2,True,43,logreg_l2|s43,16000,4000,0.4105625,0.4105,2,1.0192921248456392,1.021326836561615,1.9409706192147853,1.9784160667223947,0.008263211321468789,1.205870607028754,0.862284714538529,0.0,0.013794100028462708,0.05812213373302032,0.00739338921942853,False,0.057700897478389496,0.007364777518213084,False,0.0821929212484564,0.0086854320957117,False,0.29847258247221503,0.014468140471898795,False,0.0,0.0,False
acs_income,ACS-Income,False,m30,age_group,acs_income|age_group,logreg_l2,True,43,logreg_l2|s43,16000,4000,0.4105625,0.4105,2,1.0182821379509561,1.1200423070113028,1.8068253537161545,1.8398579840860785,0.05503802361373478,1.8211318467185162,0.862284714538529,0.0,0.013794100028462708,0.05801103517460517,0.0073869694755874515,False,0.05755949931313386,0.007356641521555947,False,0.08218282137950957,0.008684947427455236,False,0.2982907848311721,0.01446569027404255,False,0.0,0.0,False
acs_income,ACS-Income,False,ev10,sex,acs_income|sex,logreg_l2,True,43,logreg_l2|s43,16000,4000,0.4105625,0.4105,2,1.1057320065977418,1.2227703592232955,1.8491427023528024,2.0446562707581353,0.004772407631138953,1.3210619606088505,0.862284714538529,0.0,0.013794100028462708,0.07047679088715485,0.008051993028134573,False,0.07210092160205703,0.008146070228728472,False,0.08732249677862494,0.008878806361137836,False,0.32131610793278925,0.014717698301456472,False,0.0,0.0,False
acs_income,ACS-Income,False,ev10,race,acs_income|race,logreg_l2,True,43,logreg_l2|s43,16000,4000,0.4105625,0.4105,2,1.0192921248456392,1.021326836561615,1.9409706192147853,1.9784160667223947,0.008263211321468789,1.205870607028754,0.862284714538529,0.0,0.013794100028462708,0.05812213373302032,0.00739338921942853,False,0.057700897478389496,0.007364777518213084,False,0.0821929212484564,0.0086854320957117,False,0.29847258247221503,0.014468140471898795,False,0.0,0.0,False
acs_income,ACS-Income,False,ev10,age_group,acs_income|age_group,logreg_l2,True,43,logreg_l2|s43,16000,4000,0.4105625,0.4105,2,1.0182821379509561,1.1200423070113028,1.8068253537161545,1.8398579840860785,0.05503802361373478,1.8211318467185162,0.862284714538529,0.0,0.013794100028462708,0.05801103517460517,0.0073869694755874515,False,0.05755949931313386,0.007356641521555947,False,0.08218282137950957,0.008684947427455236,False,0.2982907848311721,0.01446569027404255,False,0.0,0.0,False
acs_income,ACS-Income,False,m30,sex,acs_income|sex,logreg_l2,True,44,logreg_l2|s44,16000,4000,0.4105625,0.4105,2,1.134304508097012,1.1885736460634053,1.7857607449327924,2.025596463359945,0.013218183737547684,1.3449548524871753,0.8659310466662327,0.0,0.010731099988333881,0.08780765245228593,0.008777785608119482,False,0.08755817651149828,0.008799800775173717,False,0.10886897331905819,0.009649667389719176,False,0.36276965518992715,0.014985692054638072,False,0.0,0.0,False
acs_income,ACS-Income,False,m30,race,acs_income|race,logreg_l2,True,44,logreg_l2|s44,16000,4000,0.4105625,0.4105,2,1.0093371541778968,1.0321413114446616,1.9311876782878092,1.9492194753864371,0.013707051707154472,1.266369281289876,0.8659310466662327,0.0,0.010731099988333881,0.05702708695956865,0.007330112792804791,False,0.056307201584905556,0.0072845847865043575,False,0.08209337154177897,0.008680654946322848,False,0.2966806877520214,0.014443990012207203,False,0.0,0.0,False
acs_income,ACS-Income,False,m30,age_group,acs_income|age_group,logreg_l2,True,44,logreg_l2|s44,16000,4000,0.4105625,0.4105,2,1.0004237291692482,1.1251849451774592,1.8080239445031807,1.8087900569871658,0.05744268299162536,1.92893607576206,0.8659310466662327,0.0,0.010731099988333881,0.0560466102086173,0.007273456705875922,False,0.05505932208369474,0.007212782274555168,False,0.08200423729169248,0.008676377609477384,False,0.29507627125046465,0.01442236631098597,False,0.0,0.0,False
acs_income,ACS-Income,False,ev10,sex,acs_income|sex,logreg_l2,True,44,logreg_l2|s44,16000,4000,0.4105625,0.4105,2,1.134304508097012,1.1885736460634053,1.7857607449327924,2.025596463359945,0.013218183737547684,1.3449548524871753,0.8659310466662327,0.0,0.010731099988333881,0.08780765245228593,0.008777785608119482,False,0.08755817651149828,0.008799800775173717,False,0.10886897331905819,0.009649667389719176,False,0.36276965518992715,0.014985692054638072,False,0.0,0.0,False
acs_income,ACS-Income,False,ev10,race,acs_income|race,logreg_l2,True,44,logreg_l2|s44,16000,4000,0.4105625,0.4105,2,1.0093371541778968,1.0321413114446616,1.9311876782878092,1.9492194753864371,0.013707051707154472,1.266369281289876,0.8659310466662327,0.0,0.010731099988333881,0.05702708695956865,0.007330112792804791,False,0.056307201584905556,0.0072845847865043575,False,0.08209337154177897,0.008680654946322848,False,0.2966806877520214,0.014443990012207203,False,0.0,0.0,False
acs_income,ACS-Income,False,ev10,age_group,acs_income|age_group,logreg_l2,True,44,logreg_l2|s44,16000,4000,0.4105625,0.4105,2,1.0004237291692482,1.1251849451774592,1.8080239445031807,1.8087900569871658,0.05744268299162536,1.92893607576206,0.8659310466662327,0.0,0.010731099988333881,0.0560466102086173,0.007273456705875922,False,0.05505932208369474,0.007212782274555168,False,0.08200423729169248,0.008676377609477384,False,0.29507627125046465,0.01442236631098597,False,0.0,0.0,False
acs_income,ACS-Income,False,m30,sex,acs_income|sex,logreg_l2,True,45,logreg_l2|s45,16000,4000,0.4105625,0.4105,2,1.0955708807604552,1.1109116082614345,1.796753881707536,1.968471232692092,0.004870218868370135,1.2942797836738726,0.8755135806371963,0.0,0.011855599994305521,0.06651279688365007,0.007878237167522839,False,0.06837992330646372,0.007979244603281798,False,0.08295570880760456,0.008722036423776834,False,0.3122027585368819,0.014653190441560158,False,0.0,0.0,False
acs_income,ACS-Income,False,m30,race,acs_income|race,logreg_l2,True,45,logreg_l2|s45,16000,4000,0.4105625,0.4105,2,1.039796709971801,1.007985589174909,1.8775317869103645,1.9522513748968735,0.006076511943297613,1.2513548713295457,0.8755135806371963,0.0,0.011855599994305521,0.06037763809689812,0.007523721785891031,False,0.06057153939605215,0.007529953162491896,False,0.08239796709971801,0.008695271749646743,False,0.3021634077949242,0.014517883979249024,False,0.0,0.0,False
acs_income,ACS-Income,False,m30,age_group,acs_income|age_group,logreg_l2,True,45,logreg_l2|s45,16000,4000,0.4105625,0.4105,2,1.0238312931665658,1.1134740652679407,1.754292871231546,1.7960999389458814,0.03461182300710941,1.8921374692954807,0.8755135806371963,0.0,0.011855599994305521,0.05862144224832224,0.007422241373872603,False,0.058336381043319216,0.007401343000873955,False,0.08223831293166566,0.008687610332684358,False,0.29928963276998183,0.014479152357842678,False,0.0,0.0,False
acs_income,ACS-Income,False,ev10,sex,acs_income|sex,logreg_l2,True,45,logreg_l2|s45,16000,4000,0.4105625,0.4105,2,1.0955708807604552,1.1109116082614345,1.796753881707536,1.968471232692092,0.004870218868370135,1.2942797836738726,0.8755135806371963,0.0,0.011855599994305521,0.06651279688365007,0.007878237167522839,False,0.06837992330646372,0.007979244603281798,False,0.08295570880760456,0.008722036423776834,False,0.3122027585368819,0.014653190441560158,False,0.0,0.0,False
acs_income,ACS-Income,False,ev10,race,acs_income|race,logreg_l2,True,45,logreg_l2|s45,16000,4000,0.4105625,0.4105,2,1.039796709971801,1.007985589174909,1.8775317869103645,1.9522513748968735,0.006076511943297613,1.2513548713295457,0.8755135806371963,0.0,0.011855599994305521,0.06037763809689812,0.007523721785891031,False,0.06057153939605215,0.007529953162491896,False,0.08239796709971801,0.008695271749646743,False,0.3021634077949242,0.014517883979249024,False,0.0,0.0,False
acs_income,ACS-Income,False,ev10,age_group,acs_income|age_group,logreg_l2,True,45,logreg_l2|s45,16000,4000,0.4105625,0.4105,2,1.0238312931665658,1.1134740652679407,1.754292871231546,1.7960999389458814,0.03461182300710941,1.8921374692954807,0.8755135806371963,0.0,0.011855599994305521,0.05862144224832224,0.007422241373872603,False,0.058336381043319216,0.007401343000873955,False,0.08223831293166566,0.008687610332684358,False,0.29928963276998183,0.014479152357842678,False,0.0,0.0,False
acs_income,ACS-Income,False,m30,sex,acs_income|sex,logreg_l2,True,46,logreg_l2|s46,16000,4000,0.4105625,0.4105,2,1.1287948290878191,1.222531633730073,1.775586115440882,2.0042724257097952,0.003455899741958479,1.2906621666197124,0.8614992990405586,0.0,0.011765900009777397,0.08446571600408698,0.008637829918797952,False,0.08457753049013164,0.008673740917603683,False,0.10471413341048652,0.009501021082769541,False,0.3547761044962621,0.014934014410783993,False,0.0,0.0,False
acs_income,ACS-Income,False,m30,race,acs_income|race,logreg_l2,True,46,logreg_l2|s46,16000,4000,0.4105625,0.4105,2,1.0006708259213029,1.0000594623971524,1.9118867802164476,1.9131693234272131,0.00455661872347346,1.2592275071983847,0.8614992990405586,0.0,0.011765900009777397,0.056073790851343314,0.007275027318188324,False,0.0550939156289824,0.007214772773995595,False,0.08200670825921304,0.008676496185225868,False,0.2951207486658345,0.014422965760281162,False,0.0,0.0,False
acs_income,ACS-Income,False,m30,age_group,acs_income|age_group,logreg_l2,True,46,logreg_l2|s46,16000,4000,0.4105625,0.4105,2,1.0250129165000346,1.0238285478973392,1.7672342980917095,1.8114379820258746,0.04465673674394488,1.8424803227655826,0.8614992990405586,0.0,0.011765900009777397,0.0587514208150038,0.007429752084315919,False,0.05850180831000484,0.007410861622889455,False,0.08225012916500035,0.00868817736511205,False,0.29950232497000623,0.014482018940541717,False,0.0,0.0,False
acs_income,ACS-Income,False,ev10,sex,acs_income|sex,logreg_l2,True,46,logreg_l2|s46,16000,4000,0.4105625,0.4105,2,1.1287948290878191,1.222531633730073,1.775586115440882,2.0042724257097952,0.003455899741958479,1.2906621666197124,0.8614992990405586,0.0,0.011765900009777397,0.08446571600408698,0.008637829918797952,False,0.08457753049013164,0.008673740917603683,False,0.10471413341048652,0.009501021082769541,False,0.3547761044962621,0.014934014410783993,False,0.0,0.0,False
acs_income,ACS-Income,False,ev10,race,acs_income|race,logreg_l2,True,46,logreg_l2|s46,16000,4000,0.4105625,0.4105,2,1.0006708259213029,1.0000594623971524,1.9118867802164476,1.9131693234272131,0.00455661872347346,1.2592275071983847,0.8614992990405586,0.0,0.011765900009777397,0.056073790851343314,0.007275027318188324,False,0.0550939156289824,0.007214772773995595,False,0.08200670825921304,0.008676496185225868,False,0.2951207486658345,0.014422965760281162,False,0.0,0.0,False
acs_income,ACS-Income,False,ev10,age_group,acs_income|age_group,logreg_l2,True,46,logreg_l2|s46,16000,4000,0.4105625,0.4105,2,1.0250129165000346,1.0238285478973392,1.7672342980917095,1.8114379820258746,0.04465673674394488,1.8424803227655826,0.8614992990405586,0.0,0.011765900009777397,0.0587514208150038,0.007429752084315919,False,0.05850180831000484,0.007410861622889455,False,0.08225012916500035,0.00868817736511205,False,0.29950232497000623,0.014482018940541717,False,0.0,0.0,False
acs_income,ACS-Income,False,m30,sex,acs_income|sex,logreg_l2,True,47,logreg_l2|s47,16000,4000,0.4105625,0.4105,2,1.1080024885515378,1.1848572834639384,1.8324614542050144,2.0303718514339257,0.0006277482843314308,1.2570768678370063,0.8616700190813867,0.0,0.011023700004443526,0.07185396846568683,0.008109667325748901,False,0.07332921511804501,0.00819801819724593,False,0.08903466349788092,0.008940061972737796,False,0.32461016781657526,0.014738994126057075,False,0.0,0.0,False
acs_income,ACS-Income,False,m30,race,acs_income|race,logreg_l2,True,47,logreg_l2|s47,16000,4000,0.4105625,0.4105,2,1.0195691391411073,1.017807108392929,1.9430921314746135,1.981116771759431,0.005776001859486235,1.298630489058599,0.8616700190813867,0.0,0.011023700004443526,0.0581526053055218,0.007395149995559966,False,0.057739679479755016,0.007367009019823423,False,0.08219569139141107,0.00868556502816489,False,0.29852244504539927,0.01446881250025528,False,0.0,0.0,False
acs_income,ACS-Income,False,m30,age_group,acs_income|age_group,logreg_l2,True,47,logreg_l2|s47,16000,4000,0.4105625,0.4105,2,1.0020138051749048,1.1413712311802977,1.8153462877474578,1.8190020414959678,0.047246434092068856,1.86227429767772,0.8616700190813867,0.0,0.011023700004443526,0.05622151856923953,0.007283563649538159,False,0.05528193272448667,0.007225591206170737,False,0.08202013805174906,0.008677140648452805,False,0.29536248493148287,0.014426223787593673,False,0.0,0.0,False
acs_income,ACS-Income,False,ev10,sex,acs_income|sex,logreg_l2,True,47,logreg_l2|s47,16000,4000,0.4105625,0.4105,2,1.1080024885515378,1.1848572834639384,1.8324614542050144,2.0303718514339257,0.0006277482843314308,1.2570768678370063,0.8616700190813867,0.0,0.011023700004443526,0.07185396846568683,0.008109667325748901,False,0.07332921511804501,0.00819801819724593,False,0.08903466349788092,0.008940061972737796,False,0.32461016781657526,0.014738994126057075,False,0.0,0.0,False
acs_income,ACS-Income,False,ev10,race,acs_income|race,logreg_l2,True,47,logreg_l2|s47,16000,4000,0.4105625,0.4105,2,1.0195691391411073,1.017807108392929,1.9430921314746135,1.981116771759431,0.005776001859486235,1.298630489058599,0.8616700190813867,0.0,0.011023700004443526,0.0581526053055218,0.007395149995559966,False,0.057739679479755016,0.007367009019823423,False,0.08219569139141107,0.00868556502816489,False,0.29852244504539927,0.01446881250025528,False,0.0,0.0,False
acs_income,ACS-Income,False,ev10,age_group,acs_income|age_group,logreg_l2,True,47,logreg_l2|s47,16000,4000,0.4105625,0.4105,2,1.0020138051749048,1.1413712311802977,1.8153462877474578,1.8190020414959678,0.047246434092068856,1.86227429767772,0.8616700190813867,0.0,0.011023700004443526,0.05622151856923953,0.007283563649538159,False,0.05528193272448667,0.007225591206170737,False,0.08202013805174906,0.008677140648452805,False,0.29536248493148287,0.014426223787593673,False,0.0,0.0,False
acs_income,ACS-Income,False,m30,sex,acs_income|sex,random_forest,False,42,random_forest|s42,16000,4000,0.4105625,0.4105,2,1.296028714916446,1.0190776066662635,3.866606091063207,5.011232523288751,0.008241265550468224,1.3186865193490842,0.8979191009123321,0.0205,1.0475595999741927,0.24464785346895257,0.013477853708070307,False,0.2409655562756369,0.013424891521368167,False,0.2932507249605972,0.01427736563633299,False,0.5874421104856634,0.015518723263206758,False,0.0004602871491644596,0.0004600569480251697,False
acs_income,ACS-Income,False,m30,race,acs_income|race,random_forest,False,42,random_forest|s42,16000,4000,0.4105625,0.4105,2,1.0414795510004715,1.0403447354948205,4.385868077464081,4.567791916064592,0.0036073396444126216,1.2582180872607664,0.8979191009123321,0.0205,1.0475595999741927,0.06056275061005187,0.007534418368575612,False,0.06080713714006601,0.007543509367088048,False,0.08241479551000472,0.008696079304310636,False,0.3024663191800849,0.014521966501014956,False,0.0,0.0,False
acs_income,ACS-Income,False,m30,age_group,acs_income|age_group,random_forest,False,42,random_forest|s42,16000,4000,0.4105625,0.4105,2,3.124955388425798,1.366643103214505,1.8672520087505484,5.835079226293922,0.04192540065692563,1.779996917754255,0.8979191009123321,0.0205,1.0475595999741927,1.0,0.0,False,1.0,0.0,False,1.0,0.0,False,1.0,0.0,False,0.7931600288006929,0.01278049072638584,False
acs_income,ACS-Income,False,ev10,sex,acs_income|sex,random_forest,False,42,random_forest|s42,16000,4000,0.4105625,0.4105,2,1.296028714916446,1.0190776066662635,3.866606091063207,5.011232523288751,0.008241265550468224,1.3186865193490842,0.8979191009123321,0.0205,1.0475595999741927,0.24464785346895257,0.013477853708070307,False,0.2409655562756369,0.013424891521368167,False,0.2932507249605972,0.01427736563633299,False,0.5874421104856634,0.015518723263206758,False,0.0004602871491644596,0.0004600569480251697,False
acs_income,ACS-Income,False,ev10,race,acs_income|race,random_forest,False,42,random_forest|s42,16000,4000,0.4105625,0.4105,2,1.0414795510004715,1.0403447354948205,4.385868077464081,4.567791916064592,0.0036073396444126216,1.2582180872607664,0.8979191009123321,0.0205,1.0475595999741927,0.06056275061005187,0.007534418368575612,False,0.06080713714006601,0.007543509367088048,False,0.08241479551000472,0.008696079304310636,False,0.3024663191800849,0.014521966501014956,False,0.0,0.0,False
acs_income,ACS-Income,False,ev10,age_group,acs_income|age_group,random_forest,False,42,random_forest|s42,16000,4000,0.4105625,0.4105,2,3.124955388425798,1.366643103214505,1.8672520087505484,5.835079226293922,0.04192540065692563,1.779996917754255,0.8979191009123321,0.0205,1.0475595999741927,1.0,0.0,False,1.0,0.0,False,1.0,0.0,False,1.0,0.0,False,0.7931600288006929,0.01278049072638584,False
acs_income,ACS-Income,False,m30,sex,acs_income|sex,random_forest,False,43,random_forest|s43,16000,4000,0.4105625,0.4105,2,1.2822640456481942,1.0010033588253886,3.890401196104814,4.988521576911932,0.009316655147506014,1.3210619606088505,0.8937589298720297,0.02025,0.997518600022886,0.23129612427874835,0.013230022017531458,False,0.2287150006268928,0.013192897922007871,False,0.27852252884356776,0.014069345810669263,False,0.5768433151491096,0.015580603078308823,False,0.00032264045648194156,0.0003224790959034462,False
acs_income,ACS-Income,False,m30,race,acs_income|race,random_forest,False,43,random_forest|s43,16000,4000,0.4105625,0.4105,2,1.0210368109316177,1.0035058477090533,4.4010486960571855,4.493632725376983,0.009120948462705614,1.205870607028754,0.8937589298720297,0.02025,0.997518600022886,0.058314049202477944,0.0074044789056551905,False,0.05794515353042647,0.007378831918560257,False,0.08221036810931619,0.008686269328321172,False,0.2987866259676912,0.014472373027915302,False,0.0,0.0,False
acs_income,ACS-Income,False,m30,age_group,acs_income|age_group,random_forest,False,43,random_forest|s43,16000,4000,0.4105625,0.4105,2,3.250036678947808,1.4348566782592107,1.83184733615527,5.953571032737463,0.04792174808722183,1.8211318467185162,0.8937589298720297,0.02025,0.997518600022886,1.0,0.0,True,1.0,0.0,True,1.0,0.0,True,1.0,0.0,True,0.806,0.0125045591685592,True
acs_income,ACS-Income,False,ev10,sex,acs_income|sex,random_forest,False,43,random_forest|s43,16000,4000,0.4105625,0.4105,2,1.2822640456481942,1.0010033588253886,3.890401196104814,4.988521576911932,0.009316655147506014,1.3210619606088505,0.8937589298720297,0.02025,0.997518600022886,0.23129612427874835,0.013230022017531458,False,0.2287150006268928,0.013192897922007871,False,0.27852252884356776,0.014069345810669263,False,0.5768433151491096,0.015580603078308823,False,0.00032264045648194156,0.0003224790959034462,False
acs_income,ACS-Income,False,ev10,race,acs_income|race,random_forest,False,43,random_forest|s43,16000,4000,0.4105625,0.4105,2,1.0210368109316177,1.0035058477090533,4.4010486960571855,4.493632725376983,0.009120948462705614,1.205870607028754,0.8937589298720297,0.02025,0.997518600022886,0.058314049202477944,0.0074044789056551905,False,0.05794515353042647,0.007378831918560257,False,0.08221036810931619,0.008686269328321172,False,0.2987866259676912,0.014472373027915302,False,0.0,0.0,False
acs_income,ACS-Income,False,ev10,age_group,acs_income|age_group,random_forest,False,43,random_forest|s43,16000,4000,0.4105625,0.4105,2,3.250036678947808,1.4348566782592107,1.83184733615527,5.953571032737463,0.04792174808722183,1.8211318467185162,0.8937589298720297,0.02025,0.997518600022886,1.0,0.0,True,1.0,0.0,True,1.0,0.0,True,1.0,0.0,True,0.806,0.0125045591685592,True
acs_income,ACS-Income,False,m30,sex,acs_income|sex,random_forest,False,44,random_forest|s44,16000,4000,0.4105625,0.4105,2,1.005466446015811,1.000861883153152,3.7529177775462306,3.7734328999789644,0.001058270990564103,1.3449548524871753,0.895613347259543,0.01225,1.0442505999817513,0.0566013090617392,0.007305509547935996,False,0.05576530244221353,0.007253404115910245,False,0.08205466446015812,0.008678797487195335,False,0.29598396028284596,0.01443459979052134,False,0.0,0.0,False
acs_income,ACS-Income,False,m30,race,acs_income|race,random_forest,False,44,random_forest|s44,16000,4000,0.4105625,0.4105,2,1.5398037472398463,1.0047554154156897,3.0612822068983974,4.7137738135408185,0.005553013873423662,1.266369281289876,0.895613347259543,0.01225,1.0442505999817513,0.535133096246191,0.015629784247428138,False,0.5275311337185895,0.015643308955266243,False,0.6043468339394018,0.015326023454889919,False,0.8514842108715093,0.011168680348018694,False,0.007,0.0026364749192814,False
acs_income,ACS-Income,False,m30,age_group,acs_income|age_group,random_forest,False,44,random_forest|s44,16000,4000,0.4105625,0.4105,2,2.7021299290973513,1.4741025211353855,1.8069177642776355,4.8825265702722715,0.056589978002326125,1.92893607576206,0.895613347259543,0.01225,1.0442505999817513,0.9958085197163894,0.0020408932951632673,False,0.9958085197163894,0.0020408932951632673,False,0.9992340788655576,0.00038219387862992193,False,1.0,0.0,False,0.6005550615762174,0.015273543444666663,False
acs_income,ACS-Income,False,ev10,sex,acs_income|sex,random_forest,False,44,random_forest|s44,16000,4000,0.4105625,0.4105,2,1.005466446015811,1.000861883153152,3.7529177775462306,3.7734328999789644,0.001058270990564103,1.3449548524871753,0.895613347259543,0.01225,1.0442505999817513,0.0566013090617392,0.007305509547935996,False,0.05576530244221353,0.007253404115910245,False,0.08205466446015812,0.008678797487195335,False,0.29598396028284596,0.01443459979052134,False,0.0,0.0,False
acs_income,ACS-Income,False,ev10,race,acs_income|race,random_forest,False,44,random_forest|s44,16000,4000,0.4105625,0.4105,2,1.5398037472398463,1.0047554154156897,3.0612822068983974,4.7137738135408185,0.005553013873423662,1.266369281289876,0.895613347259543,0.01225,1.0442505999817513,0.535133096246191,0.015629784247428138,False,0.5275311337185895,0.015643308955266243,False,0.6043468339394018,0.015326023454889919,False,0.8514842108715093,0.011168680348018694,False,0.007,0.0026364749192814,False
acs_income,ACS-Income,False,ev10,age_group,acs_income|age_group,random_forest,False,44,random_forest|s44,16000,4000,0.4105625,0.4105,2,2.7021299290973513,1.4741025211353855,1.8069177642776355,4.8825265702722715,0.056589978002326125,1.92893607576206,0.895613347259543,0.01225,1.0442505999817513,0.9958085197163894,0.0020408932951632673,False,0.9958085197163894,0.0020408932951632673,False,0.9992340788655576,0.00038219387862992193,False,1.0,0.0,False,0.6005550615762174,0.015273543444666663,False
acs_income,ACS-Income,False,m30,sex,acs_income|sex,random_forest,False,45,random_forest|s45,16000,4000,0.4105625,0.4105,2,1.0476694371238593,1.0271523551447734,4.427848025467936,4.6389210485119845,0.01234567657083685,1.2942797836738726,0.9054235509975113,0.022,1.035963099973742,0.06124363808362452,0.0075737629219819825,False,0.0616737211973403,0.0075933722841942585,False,0.0824766943712386,0.008699049680788712,False,0.30358049868229464,0.014536982978743295,False,0.0,0.0,False
acs_income,ACS-Income,False,m30,race,acs_income|race,random_forest,False,45,random_forest|s45,16000,4000,0.4105625,0.4105,2,1.0559180897705474,1.014215495234978,4.383093061499048,4.628187252784615,0.012361070891573567,1.2513548713295457,0.9054235509975113,0.022,1.035963099973742,0.062150989874760205,0.007626193539947955,False,0.06282853256787663,0.007659819691296899,False,0.08255918089770548,0.008703008009473464,False,0.3050652561586985,0.014556993962190918,False,0.0,0.0,False
acs_income,ACS-Income,False,m30,age_group,acs_income|age_group,random_forest,False,45,random_forest|s45,16000,4000,0.4105625,0.4105,2,3.1129116198589877,1.3500368286193647,1.9203866909529905,5.9779940448901145,0.03370726220300202,1.8921374692954807,0.9054235509975113,0.022,1.035963099973742,1.0,0.0,False,1.0,0.0,False,1.0,0.0,False,1.0,0.0,False,0.7894819916934633,0.012859531909032482,False
acs_income,ACS-Income,False,ev10,sex,acs_income|sex,random_forest,False,45,random_forest|s45,16000,4000,0.4105625,0.4105,2,1.0476694371238593,1.0271523551447734,4.427848025467936,4.6389210485119845,0.01234567657083685,1.2942797836738726,0.9054235509975113,0.022,1.035963099973742,0.06124363808362452,0.0075737629219819825,False,0.0616737211973403,0.0075933722841942585,False,0.0824766943712386,0.008699049680788712,False,0.30358049868229464,0.014536982978743295,False,0.0,0.0,False
acs_income,ACS-Income,False,ev10,race,acs_income|race,random_forest,False,45,random_forest|s45,16000,4000,0.4105625,0.4105,2,1.0559180897705474,1.014215495234978,4.383093061499048,4.628187252784615,0.012361070891573567,1.2513548713295457,0.9054235509975113,0.022,1.035963099973742,0.062150989874760205,0.007626193539947955,False,0.06282853256787663,0.007659819691296899,False,0.08255918089770548,0.008703008009473464,False,0.3050652561586985,0.014556993962190918,False,0.0,0.0,False
acs_income,ACS-Income,False,ev10,age_group,acs_income|age_group,random_forest,False,45,random_forest|s45,16000,4000,0.4105625,0.4105,2,3.1129116198589877,1.3500368286193647,1.9203866909529905,5.9779940448901145,0.03370726220300202,1.8921374692954807,0.9054235509975113,0.022,1.035963099973742,1.0,0.0,False,1.0,0.0,False,1.0,0.0,False,1.0,0.0,False,0.7894819916934633,0.012859531909032482,False
acs_income,ACS-Income,False,m30,sex,acs_income|sex,random_forest,False,46,random_forest|s46,16000,4000,0.4105625,0.4105,2,1.201395774047375,1.0067528743052327,3.455223709941768,4.1510911635123335,0.002952994610744941,1.2906621666197124,0.8961479773420156,0.01275,1.007940299983602,0.12850235475004718,0.010482023615065127,False,0.12385345153382588,0.01033482947934771,False,0.15946238698654513,0.011459730897131794,False,0.46010698365889663,0.015614969829571498,False,0.0,0.0,False
acs_income,ACS-Income,False,m30,race,acs_income|race,random_forest,False,46,random_forest|s46,16000,4000,0.4105625,0.4105,2,1.1090746818669666,1.0232738560481158,3.6510280148535688,4.049262734061104,0.002613621122828369,1.2592275071983847,0.8961479773420156,0.01275,1.007940299983602,0.07250431523078295,0.008136902951326434,False,0.07390925412475237,0.008222549669298107,False,0.08984320271935177,0.008968988807932485,False,0.3261657269709268,0.014749050687284144,False,0.0,0.0,False
acs_income,ACS-Income,False,m30,age_group,acs_income|age_group,random_forest,False,46,random_forest|s46,16000,4000,0.4105625,0.4105,2,2.665673555904165,1.3412033359886262,1.845941568207908,4.920677624116085,0.036035790686103075,1.8424803227655826,0.8961479773420156,0.01275,1.007940299983602,0.9956626942236166,0.0020750856999238354,False,0.9956626942236166,0.0020750856999238354,False,0.9986507768944667,0.0006732609777328161,False,1.0,0.0,False,0.5705150100650318,0.015345596024537918,False
acs_income,ACS-Income,False,ev10,sex,acs_income|sex,random_forest,False,46,random_forest|s46,16000,4000,0.4105625,0.4105,2,1.201395774047375,1.0067528743052327,3.455223709941768,4.1510911635123335,0.002952994610744941,1.2906621666197124,0.8961479773420156,0.01275,1.007940299983602,0.12850235475004718,0.010482023615065127,False,0.12385345153382588,0.01033482947934771,False,0.15946238698654513,0.011459730897131794,False,0.46010698365889663,0.015614969829571498,False,0.0,0.0,False
acs_income,ACS-Income,False,ev10,race,acs_income|race,random_forest,False,46,random_forest|s46,16000,4000,0.4105625,0.4105,2,1.1090746818669666,1.0232738560481158,3.6510280148535688,4.049262734061104,0.002613621122828369,1.2592275071983847,0.8961479773420156,0.01275,1.007940299983602,0.07250431523078295,0.008136902951326434,False,0.07390925412475237,0.008222549669298107,False,0.08984320271935177,0.008968988807932485,False,0.3261657269709268,0.014749050687284144,False,0.0,0.0,False
acs_income,ACS-Income,False,ev10,age_group,acs_income|age_group,random_forest,False,46,random_forest|s46,16000,4000,0.4105625,0.4105,2,2.665673555904165,1.3412033359886262,1.845941568207908,4.920677624116085,0.036035790686103075,1.8424803227655826,0.8961479773420156,0.01275,1.007940299983602,0.9956626942236166,0.0020750856999238354,False,0.9956626942236166,0.0020750856999238354,False,0.9986507768944667,0.0006732609777328161,False,1.0,0.0,False,0.5705150100650318,0.015345596024537918,False
acs_income,ACS-Income,False,m30,sex,acs_income|sex,random_forest,False,47,random_forest|s47,16000,4000,0.4105625,0.4105,2,1.3965907969674252,1.0578460124962206,3.0365365060503424,4.240798939005528,0.010008869983828439,1.2570768678370063,0.8950536644630609,0.01125,1.021485399978701,0.347318060724819,0.014949878864051162,False,0.339318060724819,0.014864614692721509,False,0.4120339440273268,0.015422933907026629,False,0.6988861954511376,0.014271988557851147,False,0.001,0.0009994998749374,False
acs_income,ACS-Income,False,m30,race,acs_income|race,random_forest,False,47,random_forest|s47,16000,4000,0.4105625,0.4105,2,1.0503276067904765,1.021525387784177,3.6067947000131855,3.7883160454494242,0.006989202284558571,1.298630489058599,0.8950536644630609,0.01125,1.021485399978701,0.06153603674695242,0.007590658951460822,False,0.06204586495066671,0.007614785294239787,False,0.08250327606790477,0.008700325272050825,False,0.30405896922228576,0.014543431618476113,False,0.0,0.0,False
acs_income,ACS-Income,False,m30,age_group,acs_income|age_group,random_forest,False,47,random_forest|s47,16000,4000,0.4105625,0.4105,2,2.5744033001345286,1.3709379828594157,1.8320115764660867,4.716336648338954,0.043589246801577386,1.86227429767772,0.8950536644630609,0.01125,1.021485399978701,0.9952976132005381,0.0021606880035687642,False,0.9952976132005381,0.0021606880035687642,False,0.9971904528021525,0.0014019612365455138,False,1.0,0.0,False,0.4953083193108515,0.015525983068494904,False
acs_income,ACS-Income,False,ev10,sex,acs_income|sex,random_forest,False,47,random_forest|s47,16000,4000,0.4105625,0.4105,2,1.3965907969674252,1.0578460124962206,3.0365365060503424,4.240798939005528,0.010008869983828439,1.2570768678370063,0.8950536644630609,0.01125,1.021485399978701,0.347318060724819,0.014949878864051162,False,0.339318060724819,0.014864614692721509,False,0.4120339440273268,0.015422933907026629,False,0.6988861954511376,0.014271988557851147,False,0.001,0.0009994998749374,False
acs_income,ACS-Income,False,ev10,race,acs_income|race,random_forest,False,47,random_forest|s47,16000,4000,0.4105625,0.4105,2,1.0503276067904765,1.021525387784177,3.6067947000131855,3.7883160454494242,0.006989202284558571,1.298630489058599,0.8950536644630609,0.01125,1.021485399978701,0.06153603674695242,0.007590658951460822,False,0.06204586495066671,0.007614785294239787,False,0.08250327606790477,0.008700325272050825,False,0.30405896922228576,0.014543431618476113,False,0.0,0.0,False
acs_income,ACS-Income,False,ev10,age_group,acs_income|age_group,random_forest,False,47,random_forest|s47,16000,4000,0.4105625,0.4105,2,2.5744033001345286,1.3709379828594157,1.8320115764660867,4.716336648338954,0.043589246801577386,1.86227429767772,0.8950536644630609,0.01125,1.021485399978701,0.9952976132005381,0.0021606880035687642,False,0.9952976132005381,0.0021606880035687642,False,0.9971904528021525,0.0014019612365455138,False,1.0,0.0,False,0.4953083193108515,0.015525983068494904,False
acs_income,ACS-Income,False,m30,sex,acs_income|sex,hgb_deep,False,42,hgb_deep|s42,16000,4000,0.4105625,0.4105,2,1.0168284299654262,1.0377966417939182,3.282454902841889,3.3376934652890338,0.01118566362271256,1.3186865193490842,0.8952543444505396,0.0,1.030404399964027,0.05785112729619688,0.007377729323130067,False,0.05735598019515967,0.007344931108903081,False,0.08216828429965427,0.008684249828190866,False,0.2980291173937767,0.014462163622153796,False,0.0,0.0,False
acs_income,ACS-Income,False,m30,race,acs_income|race,hgb_deep,False,42,hgb_deep|s42,16000,4000,0.4105625,0.4105,2,1.0317665487989798,1.039251130453954,3.270397720643161,3.3742869694280446,0.007147884308870034,1.2582180872607664,0.8952543444505396,0.0,1.030404399964027,0.05949432036788777,0.007472679957523288,False,0.059447316831857167,0.007465265823673657,False,0.0823176654879898,0.00869141826973008,False,0.30071797878381634,0.0144984030495513,False,0.0,0.0,False
acs_income,ACS-Income,False,m30,age_group,acs_income|age_group,hgb_deep,False,42,hgb_deep|s42,16000,4000,0.4105625,0.4105,2,1.267967742114672,1.4054831054199606,2.724239617247713,3.4542479564609208,0.0400281783218811,1.779996917754255,0.8952543444505396,0.0,1.030404399964027,0.21742870985123183,0.01297261829760762,False,0.21599129048205806,0.012951944009519836,False,0.263225484062699,0.01385329161345449,False,0.5658351614282975,0.015644872884001706,False,0.00017967742114671987,0.00017958755996522104,False
acs_income,ACS-Income,False,ev10,sex,acs_income|sex,hgb_deep,False,42,hgb_deep|s42,16000,4000,0.4105625,0.4105,2,1.0168284299654262,1.0377966417939182,3.282454902841889,3.3376934652890338,0.01118566362271256,1.3186865193490842,0.8952543444505396,0.0,1.030404399964027,0.05785112729619688,0.007377729323130067,False,0.05735598019515967,0.007344931108903081,False,0.08216828429965427,0.008684249828190866,False,0.2980291173937767,0.014462163622153796,False,0.0,0.0,False
acs_income,ACS-Income,False,ev10,race,acs_income|race,hgb_deep,False,42,hgb_deep|s42,16000,4000,0.4105625,0.4105,2,1.0317665487989798,1.039251130453954,3.270397720643161,3.3742869694280446,0.007147884308870034,1.2582180872607664,0.8952543444505396,0.0,1.030404399964027,0.05949432036788777,0.007472679957523288,False,0.059447316831857167,0.007465265823673657,False,0.0823176654879898,0.00869141826973008,False,0.30071797878381634,0.0144984030495513,False,0.0,0.0,False
acs_income,ACS-Income,False,ev10,age_group,acs_income|age_group,hgb_deep,False,42,hgb_deep|s42,16000,4000,0.4105625,0.4105,2,1.267967742114672,1.4054831054199606,2.724239617247713,3.4542479564609208,0.0400281783218811,1.779996917754255,0.8952543444505396,0.0,1.030404399964027,0.21742870985123183,0.01297261829760762,False,0.21599129048205806,0.012951944009519836,False,0.263225484062699,0.01385329161345449,False,0.5658351614282975,0.015644872884001706,False,0.00017967742114671987,0.00017958755996522104,False
acs_income,ACS-Income,False,m30,sex,acs_income|sex,hgb_deep,False,43,hgb_deep|s43,16000,4000,0.4105625,0.4105,2,1.0177727461353774,1.0162052385152747,3.2787863948272404,3.3370594330546344,0.0101395144446631,1.3210619606088505,0.8932134522226663,0.0,1.0960389000247233,0.057955002074891515,0.007383731646475042,False,0.05748818445895283,0.007352538091966375,False,0.08217772746135378,0.008684702982656582,False,0.2981990943043679,0.014464454504805256,False,0.0,0.0,False
acs_income,ACS-Income,False,m30,race,acs_income|race,hgb_deep,False,43,hgb_deep|s43,16000,4000,0.4105625,0.4105,2,1.0312908273975605,1.0333106203924927,3.289196196408176,3.392117866866697,0.016312581182517216,1.205870607028754,0.8932134522226663,0.0,1.0960389000247233,0.059441991013731654,0.007469656146468998,False,0.05938071583565847,0.007461433627679777,False,0.08231290827397561,0.008691189982547937,False,0.3006323489315609,0.014497248963726957,False,0.0,0.0,False
acs_income,ACS-Income,False,m30,age_group,acs_income|age_group,hgb_deep,False,43,hgb_deep|s43,16000,4000,0.4105625,0.4105,2,1.3531191550392778,1.4836642596508303,2.6263237670303883,3.553728996503732,0.055462869899693734,1.8211318467185162,0.8932134522226663,0.0,1.0960389000247233,0.30036868744241996,0.014483094540891752,False,0.29236868744241995,0.014370026171840675,False,0.3550860931014538,0.01511509922473445,False,0.6336787325589166,0.015208869807574715,False,0.001,0.0009994998749374,False
acs_income,ACS-Income,False,ev10,sex,acs_income|sex,hgb_deep,False,43,hgb_deep|s43,16000,4000,0.4105625,0.4105,2,1.0177727461353774,1.0162052385152747,3.2787863948272404,3.3370594330546344,0.0101395144446631,1.3210619606088505,0.8932134522226663,0.0,1.0960389000247233,0.057955002074891515,0.007383731646475042,False,0.05748818445895283,0.007352538091966375,False,0.08217772746135378,0.008684702982656582,False,0.2981990943043679,0.014464454504805256,False,0.0,0.0,False
acs_income,ACS-Income,False,ev10,race,acs_income|race,hgb_deep,False,43,hgb_deep|s43,16000,4000,0.4105625,0.4105,2,1.0312908273975605,1.0333106203924927,3.289196196408176,3.392117866866697,0.016312581182517216,1.205870607028754,0.8932134522226663,0.0,1.0960389000247233,0.059441991013731654,0.007469656146468998,False,0.05938071583565847,0.007461433627679777,False,0.08231290827397561,0.008691189982547937,False,0.3006323489315609,0.014497248963726957,False,0.0,0.0,False
acs_income,ACS-Income,False,ev10,age_group,acs_income|age_group,hgb_deep,False,43,hgb_deep|s43,16000,4000,0.4105625,0.4105,2,1.3531191550392778,1.4836642596508303,2.6263237670303883,3.553728996503732,0.055462869899693734,1.8211318467185162,0.8932134522226663,0.0,1.0960389000247233,0.30036868744241996,0.014483094540891752,False,0.29236868744241995,0.014370026171840675,False,0.3550860931014538,0.01511509922473445,False,0.6336787325589166,0.015208869807574715,False,0.001,0.0009994998749374,False
acs_income,ACS-Income,False,m30,sex,acs_income|sex,hgb_deep,False,44,hgb_deep|s44,16000,4000,0.4105625,0.4105,2,1.0073613214757127,1.0390490319353305,3.2923185424288604,3.316554357620129,0.0022863652635773946,1.3449548524871753,0.8960772098818236,0.0,1.0308276999858208,0.05680974536232839,0.007317553877547948,False,0.05603058500659977,0.007268668373781917,False,0.08207361321475713,0.008679706792048894,False,0.29632503786562825,0.014439196701445771,False,0.0,0.0,False
acs_income,ACS-Income,False,m30,race,acs_income|race,hgb_deep,False,44,hgb_deep|s44,16000,4000,0.4105625,0.4105,2,1.0870884977049695,1.0627019016189296,3.221996392493744,3.5025952179268556,0.004551191947413824,1.266369281289876,0.8960772098818236,0.0,1.0308276999858208,0.06557973474754664,0.007824320897257564,False,0.06719238967869573,0.007910914369941848,False,0.0828708849770497,0.008717965933528096,False,0.3106759295868945,0.014632612435164423,False,0.0,0.0,False
acs_income,ACS-Income,False,m30,age_group,acs_income|age_group,hgb_deep,False,44,hgb_deep|s44,16000,4000,0.4105625,0.4105,2,1.3804646175701585,1.4771601555374014,2.5938398984850104,3.5807042035003285,0.060116178874910164,1.92893607576206,0.8960772098818236,0.0,1.0308276999858208,0.32990178697577105,0.01477672120537468,False,0.32190178697577104,0.014681142827804696,False,0.3909086490169074,0.015308739984479387,False,0.6746969263552376,0.014619532713923043,False,0.001,0.0009994998749374,False
acs_income,ACS-Income,False,ev10,sex,acs_income|sex,hgb_deep,False,44,hgb_deep|s44,16000,4000,0.4105625,0.4105,2,1.0073613214757127,1.0390490319353305,3.2923185424288604,3.316554357620129,0.0022863652635773946,1.3449548524871753,0.8960772098818236,0.0,1.0308276999858208,0.05680974536232839,0.007317553877547948,False,0.05603058500659977,0.007268668373781917,False,0.08207361321475713,0.008679706792048894,False,0.29632503786562825,0.014439196701445771,False,0.0,0.0,False
acs_income,ACS-Income,False,ev10,race,acs_income|race,hgb_deep,False,44,hgb_deep|s44,16000,4000,0.4105625,0.4105,2,1.0870884977049695,1.0627019016189296,3.221996392493744,3.5025952179268556,0.004551191947413824,1.266369281289876,0.8960772098818236,0.0,1.0308276999858208,0.06557973474754664,0.007824320897257564,False,0.06719238967869573,0.007910914369941848,False,0.0828708849770497,0.008717965933528096,False,0.3106759295868945,0.014632612435164423,False,0.0,0.0,False
acs_income,ACS-Income,False,ev10,age_group,acs_income|age_group,hgb_deep,False,44,hgb_deep|s44,16000,4000,0.4105625,0.4105,2,1.3804646175701585,1.4771601555374014,2.5938398984850104,3.5807042035003285,0.060116178874910164,1.92893607576206,0.8960772098818236,0.0,1.0308276999858208,0.32990178697577105,0.01477672120537468,False,0.32190178697577104,0.014681142827804696,False,0.3909086490169074,0.015308739984479387,False,0.6746969263552376,0.014619532713923043,False,0.001,0.0009994998749374,False
acs_income,ACS-Income,False,m30,sex,acs_income|sex,hgb_deep,False,45,hgb_deep|s45,16000,4000,0.4105625,0.4105,2,1.0075951328441433,1.075856436380887,3.30497761491854,3.330079358950766,0.012401910121753956,1.2942797836738726,0.90368651978028,0.0,1.0294328999589197,0.05683546461285576,0.007319040044448091,False,0.056063318598180055,0.007270551852193336,False,0.08207595132844143,0.008679818992463449,False,0.29636712391194575,0.014439763920799518,False,0.0,0.0,False
acs_income,ACS-Income,False,m30,race,acs_income|race,hgb_deep,False,45,hgb_deep|s45,16000,4000,0.4105625,0.4105,2,1.0083694065643327,1.0335340738491605,3.3214294047714183,3.34922779783468,0.01163010059181302,1.2513548713295457,0.90368651978028,0.0,1.0294328999589197,0.0569206347220766,0.007323961533006667,False,0.05617171691900658,0.007276789050351384,False,0.08208369406564334,0.008680190547674676,False,0.2965064931815799,0.014441642285577656,False,0.0,0.0,False
acs_income,ACS-Income,False,m30,age_group,acs_income|age_group,hgb_deep,False,45,hgb_deep|s45,16000,4000,0.4105625,0.4105,2,1.3422063312331884,1.4606544988310086,2.639503484689333,3.542758288462086,0.03279397534138084,1.8921374692954807,0.90368651978028,0.0,1.0294328999589197,0.28944014129619267,0.01430927773241856,False,0.2820636347975376,0.01420318202805757,False,0.34266077441951154,0.014975229094478777,False,0.6229988750495551,0.015311129291724653,False,0.0009220633123318836,0.0009216021653600824,False
acs_income,ACS-Income,False,ev10,sex,acs_income|sex,hgb_deep,False,45,hgb_deep|s45,16000,4000,0.4105625,0.4105,2,1.0075951328441433,1.075856436380887,3.30497761491854,3.330079358950766,0.012401910121753956,1.2942797836738726,0.90368651978028,0.0,1.0294328999589197,0.05683546461285576,0.007319040044448091,False,0.056063318598180055,0.007270551852193336,False,0.08207595132844143,0.008679818992463449,False,0.29636712391194575,0.014439763920799518,False,0.0,0.0,False
acs_income,ACS-Income,False,ev10,race,acs_income|race,hgb_deep,False,45,hgb_deep|s45,16000,4000,0.4105625,0.4105,2,1.0083694065643327,1.0335340738491605,3.3214294047714183,3.34922779783468,0.01163010059181302,1.2513548713295457,0.90368651978028,0.0,1.0294328999589197,0.0569206347220766,0.007323961533006667,False,0.05617171691900658,0.007276789050351384,False,0.08208369406564334,0.008680190547674676,False,0.2965064931815799,0.014441642285577656,False,0.0,0.0,False
acs_income,ACS-Income,False,ev10,age_group,acs_income|age_group,hgb_deep,False,45,hgb_deep|s45,16000,4000,0.4105625,0.4105,2,1.3422063312331884,1.4606544988310086,2.639503484689333,3.542758288462086,0.03279397534138084,1.8921374692954807,0.90368651978028,0.0,1.0294328999589197,0.28944014129619267,0.01430927773241856,False,0.2820636347975376,0.01420318202805757,False,0.34266077441951154,0.014975229094478777,False,0.6229988750495551,0.015311129291724653,False,0.0009220633123318836,0.0009216021653600824,False
acs_income,ACS-Income,False,m30,sex,acs_income|sex,hgb_deep,False,46,hgb_deep|s46,16000,4000,0.4105625,0.4105,2,1.018051246229424,1.042338075077587,3.3219661164994077,3.381931744834142,0.0032024203792890837,1.2906621666197124,0.8927428744399298,0.0,1.0253859999938868,0.05798563708523664,0.007385501866735233,False,0.05752717447211936,0.007354781562496641,False,0.08218051246229424,0.008684836628108535,False,0.2982492243212963,0.014465130137664444,False,0.0,0.0,False
acs_income,ACS-Income,False,m30,race,acs_income|race,hgb_deep,False,46,hgb_deep|s46,16000,4000,0.4105625,0.4105,2,1.0849410578357623,1.0572255650636107,3.2539190772176014,3.530310405748432,0.0019837802013262795,1.2592275071983847,0.8927428744399298,0.0,1.0253859999938868,0.06534351636193385,0.007810671201457547,False,0.06689174809700672,0.007893615567661097,False,0.08284941057835762,0.008716935429129723,False,0.3102893904104372,0.014627402810572615,False,0.0,0.0,False
acs_income,ACS-Income,False,m30,age_group,acs_income|age_group,hgb_deep,False,46,hgb_deep|s46,16000,4000,0.4105625,0.4105,2,1.3580627796299607,1.4067394435846943,2.6503504751205247,3.599342333235767,0.04110541470362372,1.8424803227655826,0.8927428744399298,0.0,1.0253859999938868,0.3057078020003574,0.014536177570567287,False,0.2977078020003574,0.014426271113730316,False,0.3615622413152484,0.015150106393494258,False,0.6410941694449409,0.01510232703671875,False,0.001,0.0009994998749374,False
acs_income,ACS-Income,False,ev10,sex,acs_income|sex,hgb_deep,False,46,hgb_deep|s46,16000,4000,0.4105625,0.4105,2,1.018051246229424,1.042338075077587,3.3219661164994077,3.381931744834142,0.0032024203792890837,1.2906621666197124,0.8927428744399298,0.0,1.0253859999938868,0.05798563708523664,0.007385501866735233,False,0.05752717447211936,0.007354781562496641,False,0.08218051246229424,0.008684836628108535,False,0.2982492243212963,0.014465130137664444,False,0.0,0.0,False
acs_income,ACS-Income,False,ev10,race,acs_income|race,hgb_deep,False,46,hgb_deep|s46,16000,4000,0.4105625,0.4105,2,1.0849410578357623,1.0572255650636107,3.2539190772176014,3.530310405748432,0.0019837802013262795,1.2592275071983847,0.8927428744399298,0.0,1.0253859999938868,0.06534351636193385,0.007810671201457547,False,0.06689174809700672,0.007893615567661097,False,0.08284941057835762,0.008716935429129723,False,0.3102893904104372,0.014627402810572615,False,0.0,0.0,False
acs_income,ACS-Income,False,ev10,age_group,acs_income|age_group,hgb_deep,False,46,hgb_deep|s46,16000,4000,0.4105625,0.4105,2,1.3580627796299607,1.4067394435846943,2.6503504751205247,3.599342333235767,0.04110541470362372,1.8424803227655826,0.8927428744399298,0.0,1.0253859999938868,0.3057078020003574,0.014536177570567287,False,0.2977078020003574,0.014426271113730316,False,0.3615622413152484,0.015150106393494258,False,0.6410941694449409,0.01510232703671875,False,0.001,0.0009994998749374,False
acs_income,ACS-Income,False,m30,sex,acs_income|sex,hgb_deep,False,47,hgb_deep|s47,16000,4000,0.4105625,0.4105,2,1.0039954673193165,1.0831006122704623,3.306284134037466,3.3194942842433877,0.011626616806873935,1.2570768678370063,0.8934404763011656,0.0,1.0175036000437103,0.05643950140512482,0.007296159618271672,False,0.05555936542470432,0.007241554578237627,False,0.08203995467319317,0.008678091600134939,False,0.29571918411747694,0.014431031240406773,False,0.0,0.0,False
acs_income,ACS-Income,False,m30,race,acs_income|race,hgb_deep,False,47,hgb_deep|s47,16000,4000,0.4105625,0.4105,2,1.0309730125755943,1.020329844769479,3.2952372319795464,3.397300656205215,0.00109166969193486,1.298630489058599,0.8934404763011656,0.0,1.0175036000437103,0.059407031383315365,0.007467636031399524,False,0.059336221760583195,0.007458873455520397,False,0.08230973012575594,0.008691037470909962,False,0.30057514226360693,0.014496477954519249,False,0.0,0.0,False
acs_income,ACS-Income,False,m30,age_group,acs_income|age_group,hgb_deep,False,47,hgb_deep|s47,16000,4000,0.4105625,0.4105,2,1.3232330046042469,1.4193105947465186,2.662425391865667,3.5230091508130457,0.04466601550964844,1.86227429767772,0.8934404763011656,0.0,1.0175036000437103,0.27103601446611936,0.013967664612483891,False,0.26517737409777964,0.013883400255556929,False,0.32235931492654407,0.014688492957148058,False,0.6083894135452701,0.015396424907680931,False,0.000732330046042468,0.000731963789432347,False
acs_income,ACS-Income,False,ev10,sex,acs_income|sex,hgb_deep,False,47,hgb_deep|s47,16000,4000,0.4105625,0.4105,2,1.0039954673193165,1.0831006122704623,3.306284134037466,3.3194942842433877,0.011626616806873935,1.2570768678370063,0.8934404763011656,0.0,1.0175036000437103,0.05643950140512482,0.007296159618271672,False,0.05555936542470432,0.007241554578237627,False,0.08203995467319317,0.008678091600134939,False,0.29571918411747694,0.014431031240406773,False,0.0,0.0,False
acs_income,ACS-Income,False,ev10,race,acs_income|race,hgb_deep,False,47,hgb_deep|s47,16000,4000,0.4105625,0.4105,2,1.0309730125755943,1.020329844769479,3.2952372319795464,3.397300656205215,0.00109166969193486,1.298630489058599,0.8934404763011656,0.0,1.0175036000437103,0.059407031383315365,0.007467636031399524,False,0.059336221760583195,0.007458873455520397,False,0.08230973012575594,0.008691037470909962,False,0.30057514226360693,0.014496477954519249,False,0.0,0.0,False
acs_income,ACS-Income,False,ev10,age_group,acs_income|age_group,hgb_deep,False,47,hgb_deep|s47,16000,4000,0.4105625,0.4105,2,1.3232330046042469,1.4193105947465186,2.662425391865667,3.5230091508130457,0.04466601550964844,1.86227429767772,0.8934404763011656,0.0,1.0175036000437103,0.27103601446611936,0.013967664612483891,False,0.26517737409777964,0.013883400255556929,False,0.32235931492654407,0.014688492957148058,False,0.6083894135452701,0.015396424907680931,False,0.000732330046042468,0.000731963789432347,False
synthetic,Synthetic baseline,False,m30,age_group,synthetic|age_group,published,False,,published,8000,2000,0.3,0.3,3,1.1280208544765087,1.2895737522144495,2.138984659659566,2.4128193035013275,0.03983572373105482,5.315704330512693,0.9609511904761905,0.0,0.002305199974216521,0.08399625599394786,0.00861816958104278,False,0.08415882291352106,0.00865603260299918,False,0.10413048042490813,0.009480139926634651,False,0.35365320690444285,0.014926754970760596,False,0.0,0.0,False
synthetic,Synthetic baseline,False,m30,sex,synthetic|sex,published,False,,published,8000,2000,0.3,0.3,2,1.0045856592162579,1.0092615613915474,3.351994546691167,3.3673656513770474,0.008320825913630814,1.0790389424169828,0.9609511904761905,0.0,0.002305199974216521,0.056504422513788365,0.007299911034072598,False,0.0556419922902761,0.007246308896660828,False,0.08204585659216258,0.008678374818936267,False,0.2958254186589264,0.014432463028213398,False,0.0,0.0,False
synthetic,Synthetic baseline,False,m30,race,synthetic|race,published,False,,published,8000,2000,0.3,0.3,5,1.0965010106509443,1.308765892012899,3.233814532520672,3.545880903166628,0.03093760142810764,1.3273273273273274,0.9609511904761905,0.0,0.002305199974216521,0.06661511117160387,0.007884149319123325,False,0.0685101414911322,0.007986737308107535,False,0.08296501010650945,0.008722482770590522,False,0.31237018191717,0.014655446908723942,False,0.0,0.0,False
synthetic,Synthetic baseline,False,m30,insurance,synthetic|insurance,published,False,,published,8000,2000,0.3,0.3,4,1.1033158459732166,1.1301170751444534,2.6487612769655415,2.9224202890763338,0.04555480059793182,3.6759039715471253,0.9609511904761905,0.0,0.002305199974216521,0.06901125083621332,0.007990618232043412,False,0.07079381831337946,0.008090789174480887,False,0.08550047401258953,0.008813620466781096,False,0.31781069456769945,0.014695036094086471,False,0.0,0.0,False
synthetic,Synthetic baseline,False,ev10,age_group,synthetic|age_group,published,False,,published,8000,2000,0.3,0.3,3,1.1280208544765087,1.2895737522144495,2.138984659659566,2.4128193035013275,0.03983572373105482,5.315704330512693,0.9609511904761905,0.0,0.002305199974216521,0.08399625599394786,0.00861816958104278,False,0.08415882291352106,0.00865603260299918,False,0.10413048042490813,0.009480139926634651,False,0.35365320690444285,0.014926754970760596,False,0.0,0.0,False
synthetic,Synthetic baseline,False,ev10,sex,synthetic|sex,published,False,,published,8000,2000,0.3,0.3,2,1.0045856592162579,1.0092615613915474,3.351994546691167,3.3673656513770474,0.008320825913630814,1.0790389424169828,0.9609511904761905,0.0,0.002305199974216521,0.056504422513788365,0.007299911034072598,False,0.0556419922902761,0.007246308896660828,False,0.08204585659216258,0.008678374818936267,False,0.2958254186589264,0.014432463028213398,False,0.0,0.0,False
synthetic,Synthetic baseline,False,ev10,race,synthetic|race,published,False,,published,8000,2000,0.3,0.3,5,1.0965010106509443,1.308765892012899,3.233814532520672,3.545880903166628,0.03093760142810764,1.3273273273273274,0.9609511904761905,0.0,0.002305199974216521,0.06661511117160387,0.007884149319123325,False,0.0685101414911322,0.007986737308107535,False,0.08296501010650945,0.008722482770590522,False,0.31237018191717,0.014655446908723942,False,0.0,0.0,False
synthetic,Synthetic baseline,False,ev10,insurance,synthetic|insurance,published,False,,published,8000,2000,0.3,0.3,4,1.1033158459732166,1.1301170751444534,2.6487612769655415,2.9224202890763338,0.04555480059793182,3.6759039715471253,0.9609511904761905,0.0,0.002305199974216521,0.06901125083621332,0.007990618232043412,False,0.07079381831337946,0.008090789174480887,False,0.08550047401258953,0.008813620466781096,False,0.31781069456769945,0.014695036094086471,False,0.0,0.0,False
synthetic,Synthetic baseline,False,m30,age_group,synthetic|age_group,xgb_published,True,42,xgb_published|s42,8000,2000,0.3,0.3,3,1.1002535840587953,1.2962498492191576,2.189667255835246,2.4091892461289164,0.07867398959713379,5.5115562403698,0.9544785714285714,0.0,0.1034990000189282,0.06715381328156428,0.007912831308993843,False,0.06913718481869247,0.008020725510131292,False,0.08319122732302586,0.00873100332633938,False,0.31336790474103887,0.014666313825450252,False,0.0,0.0,False
synthetic,Synthetic baseline,False,m30,sex,synthetic|sex,xgb_published,True,42,xgb_published|s42,8000,2000,0.3,0.3,2,1.009432438762455,1.0061958237509252,3.368005582318177,3.3997740887249996,0.005371816560559184,1.0997971748065982,0.9544785714285714,0.0,0.1034990000189282,0.05703756826387004,0.007330718446826727,False,0.05632054142674369,0.0072853523559307755,False,0.08209432438762455,0.0086807006710879,False,0.2966978389772419,0.014444221169746025,False,0.0,0.0,False
synthetic,Synthetic baseline,False,m30,race,synthetic|race,xgb_published,True,42,xgb_published|s42,8000,2000,0.3,0.3,5,1.0812272944533228,1.2001646111558917,3.2959544632678948,3.5636759269604994,0.03060580071729302,1.3667363470081004,0.9544785714285714,0.0,0.1034990000189282,0.0649350023898655,0.007787065539119602,False,0.06637182122346519,0.007863699173078166,False,0.08281227294453324,0.008715153284001938,False,0.3096209130015981,0.01461839333220596,False,0.0,0.0,False
synthetic,Synthetic baseline,False,m30,insurance,synthetic|insurance,xgb_published,True,42,xgb_published|s42,8000,2000,0.3,0.3,4,1.181169615688933,1.346325610386673,2.6545321059796065,3.1354526674538663,0.06258366427438922,3.0994256823090516,0.9544785714285714,0.0,0.1034990000189282,0.11623402918836923,0.009968243060760777,False,0.11291143143827527,0.009872060842989774,False,0.14420987412608066,0.010914046885641376,False,0.4307624752208291,0.015425260010462285,False,0.0,0.0,False
synthetic,Synthetic baseline,False,ev10,age_group,synthetic|age_group,xgb_published,True,42,xgb_published|s42,8000,2000,0.3,0.3,3,1.1002535840587953,1.2962498492191576,2.189667255835246,2.4091892461289164,0.07867398959713379,5.5115562403698,0.9544785714285714,0.0,0.1034990000189282,0.06715381328156428,0.007912831308993843,False,0.06913718481869247,0.008020725510131292,False,0.08319122732302586,0.00873100332633938,False,0.31336790474103887,0.014666313825450252,False,0.0,0.0,False
synthetic,Synthetic baseline,False,ev10,sex,synthetic|sex,xgb_published,True,42,xgb_published|s42,8000,2000,0.3,0.3,2,1.009432438762455,1.0061958237509252,3.368005582318177,3.3997740887249996,0.005371816560559184,1.0997971748065982,0.9544785714285714,0.0,0.1034990000189282,0.05703756826387004,0.007330718446826727,False,0.05632054142674369,0.0072853523559307755,False,0.08209432438762455,0.0086807006710879,False,0.2966978389772419,0.014444221169746025,False,0.0,0.0,False
synthetic,Synthetic baseline,False,ev10,race,synthetic|race,xgb_published,True,42,xgb_published|s42,8000,2000,0.3,0.3,5,1.0812272944533228,1.2001646111558917,3.2959544632678948,3.5636759269604994,0.03060580071729302,1.3667363470081004,0.9544785714285714,0.0,0.1034990000189282,0.0649350023898655,0.007787065539119602,False,0.06637182122346519,0.007863699173078166,False,0.08281227294453324,0.008715153284001938,False,0.3096209130015981,0.01461839333220596,False,0.0,0.0,False
synthetic,Synthetic baseline,False,ev10,insurance,synthetic|insurance,xgb_published,True,42,xgb_published|s42,8000,2000,0.3,0.3,4,1.181169615688933,1.346325610386673,2.6545321059796065,3.1354526674538663,0.06258366427438922,3.0994256823090516,0.9544785714285714,0.0,0.1034990000189282,0.11623402918836923,0.009968243060760777,False,0.11291143143827527,0.009872060842989774,False,0.14420987412608066,0.010914046885641376,False,0.4307624752208291,0.015425260010462285,False,0.0,0.0,False
synthetic,Synthetic baseline,False,m30,age_group,synthetic|age_group,xgb_published,True,43,xgb_published|s43,8000,2000,0.3,0.3,3,1.0743490374544118,1.315777295485798,2.151049056464166,2.3109774833294976,0.029725470256944164,5.19213835573077,0.9603904761904762,0.0,0.10949689999688417,0.0641783941199853,0.007743345518356396,False,0.06540886524361765,0.007808291052195936,False,0.08274349037454412,0.008711852575007869,False,0.3083828267417941,0.01460170688741925,False,0.0,0.0,False
synthetic,Synthetic baseline,False,m30,sex,synthetic|sex,xgb_published,True,43,xgb_published|s43,8000,2000,0.3,0.3,2,1.0241257582534025,1.0083980693061392,3.285484198475957,3.3647489959937618,0.0003467446058708079,1.0094807270363246,0.9603904761904762,0.0,0.10949689999688417,0.05865383340787427,0.007424113071849659,False,0.058377606155476346,0.007403715078150163,False,0.08224125758253403,0.0086877516393498,False,0.29934263648561243,0.014479866721294624,False,0.0,0.0,False
synthetic,Synthetic baseline,False,m30,race,synthetic|race,xgb_published,True,43,xgb_published|s43,8000,2000,0.3,0.3,5,1.1260465775971347,1.219329322560898,3.2457101390722243,3.6548207939745985,0.030867007672634172,1.3761814744801513,0.9603904761904762,0.0,0.10949689999688417,0.08279874378842592,0.008568019421459376,False,0.08309077148697447,0.008610861720666026,False,0.10264168146669167,0.009426875668131508,False,0.3507888871696133,0.014908237380666616,False,0.0,0.0,False
synthetic,Synthetic baseline,False,m30,insurance,synthetic|insurance,xgb_published,True,43,xgb_published|s43,8000,2000,0.3,0.3,4,1.1734764815810703,1.2337311013575756,2.5888258633401713,3.037926265538501,0.0447852517397882,3.99,0.9603904761904762,0.0,0.10949689999688417,0.1115677019426164,0.009772823711409855,False,0.1087495720028741,0.009696044166104197,False,0.1384084943070366,0.010706492875309002,False,0.4196011249167987,0.015353102804228585,False,0.0,0.0,False
synthetic,Synthetic baseline,False,ev10,age_group,synthetic|age_group,xgb_published,True,43,xgb_published|s43,8000,2000,0.3,0.3,3,1.0743490374544118,1.315777295485798,2.151049056464166,2.3109774833294976,0.029725470256944164,5.19213835573077,0.9603904761904762,0.0,0.10949689999688417,0.0641783941199853,0.007743345518356396,False,0.06540886524361765,0.007808291052195936,False,0.08274349037454412,0.008711852575007869,False,0.3083828267417941,0.01460170688741925,False,0.0,0.0,False
synthetic,Synthetic baseline,False,ev10,sex,synthetic|sex,xgb_published,True,43,xgb_published|s43,8000,2000,0.3,0.3,2,1.0241257582534025,1.0083980693061392,3.285484198475957,3.3647489959937618,0.0003467446058708079,1.0094807270363246,0.9603904761904762,0.0,0.10949689999688417,0.05865383340787427,0.007424113071849659,False,0.058377606155476346,0.007403715078150163,False,0.08224125758253403,0.0086877516393498,False,0.29934263648561243,0.014479866721294624,False,0.0,0.0,False
synthetic,Synthetic baseline,False,ev10,race,synthetic|race,xgb_published,True,43,xgb_published|s43,8000,2000,0.3,0.3,5,1.1260465775971347,1.219329322560898,3.2457101390722243,3.6548207939745985,0.030867007672634172,1.3761814744801513,0.9603904761904762,0.0,0.10949689999688417,0.08279874378842592,0.008568019421459376,False,0.08309077148697447,0.008610861720666026,False,0.10264168146669167,0.009426875668131508,False,0.3507888871696133,0.014908237380666616,False,0.0,0.0,False
synthetic,Synthetic baseline,False,ev10,insurance,synthetic|insurance,xgb_published,True,43,xgb_published|s43,8000,2000,0.3,0.3,4,1.1734764815810703,1.2337311013575756,2.5888258633401713,3.037926265538501,0.0447852517397882,3.99,0.9603904761904762,0.0,0.10949689999688417,0.1115677019426164,0.009772823711409855,False,0.1087495720028741,0.009696044166104197,False,0.1384084943070366,0.010706492875309002,False,0.4196011249167987,0.015353102804228585,False,0.0,0.0,False
synthetic,Synthetic baseline,False,m30,age_group,synthetic|age_group,xgb_published,True,44,xgb_published|s44,8000,2000,0.3,0.3,4,2.30328443450515,3.570703811895075,1.027333624271208,2.3662415458276356,0.07512041373163147,127.79411764705883,0.9537059523809523,0.0,0.11054850002983585,0.9800496170223914,0.004283680787408732,False,0.9784758924984326,0.0044351210780217525,False,0.984197066070309,0.0038225352888481678,False,0.9992131377380206,0.0007864687324413692,False,0.2860698947478729,0.014056989762123842,False
synthetic,Synthetic baseline,False,m30,sex,synthetic|sex,xgb_published,True,44,xgb_published|s44,8000,2000,0.3,0.3,2,1.0033280608846085,1.0152974690267247,3.440750785646828,3.452201813750225,0.002353893966426046,1.0474833808167143,0.9537059523809523,0.0,0.11054850002983585,0.05636608669730693,0.007291917406445688,False,0.05546592852384519,0.007236178254494891,False,0.08203328060884608,0.008677771327946492,False,0.2955990509592295,0.014429412132451835,False,0.0,0.0,False
synthetic,Synthetic baseline,False,m30,race,synthetic|race,xgb_published,True,44,xgb_published|s44,8000,2000,0.3,0.3,5,1.0567177224104312,1.1534228979571255,3.388576496098452,3.5807688371706754,0.027289920161634562,1.118421052631579,0.9537059523809523,0.0,0.11054850002983585,0.06223894946514742,0.007631276216507467,False,0.06294048113746036,0.00766626116941833,False,0.08256717722410431,0.008703391733816249,False,0.3052091900338776,0.014558933846946197,False,0.0,0.0,False
synthetic,Synthetic baseline,False,m30,insurance,synthetic|insurance,xgb_published,True,44,xgb_published|s44,8000,2000,0.3,0.3,4,1.2261565625496724,1.2596304029073884,2.6217553381633403,3.2146825132886154,0.07291253891354743,3.5939510039711395,0.9537059523809523,0.0,0.11054850002983585,0.14975847108680979,0.01124941325556197,False,0.1446491630617396,0.011079818658163617,False,0.1852429577116928,0.012248105876185925,False,0.4992038170742747,0.015795967133057698,False,0.0,0.0,False
synthetic,Synthetic baseline,False,ev10,age_group,synthetic|age_group,xgb_published,True,44,xgb_published|s44,8000,2000,0.3,0.3,3,1.1088131900373435,1.3574861578430741,2.1340308422448904,2.3662415458276356,0.049776902281249535,6.0392156862745106,0.9537059523809523,0.0,0.11054850002983585,0.07234570543248697,0.008130260591725124,False,0.07376779133167757,0.008216566812085734,False,0.08964601215930813,0.00896193398773223,False,0.325786349480408,0.014746598043197353,False,0.0,0.0,False
synthetic,Synthetic baseline,False,ev10,sex,synthetic|sex,xgb_published,True,44,xgb_published|s44,8000,2000,0.3,0.3,2,1.0033280608846085,1.0152974690267247,3.440750785646828,3.452201813750225,0.002353893966426046,1.0474833808167143,0.9537059523809523,0.0,0.11054850002983585,0.05636608669730693,0.007291917406445688,False,0.05546592852384519,0.007236178254494891,False,0.08203328060884608,0.008677771327946492,False,0.2955990509592295,0.014429412132451835,False,0.0,0.0,False
synthetic,Synthetic baseline,False,ev10,race,synthetic|race,xgb_published,True,44,xgb_published|s44,8000,2000,0.3,0.3,5,1.0567177224104312,1.1534228979571255,3.388576496098452,3.5807688371706754,0.027289920161634562,1.118421052631579,0.9537059523809523,0.0,0.11054850002983585,0.06223894946514742,0.007631276216507467,False,0.06294048113746036,0.00766626116941833,False,0.08256717722410431,0.008703391733816249,False,0.3052091900338776,0.014558933846946197,False,0.0,0.0,False
synthetic,Synthetic baseline,False,ev10,insurance,synthetic|insurance,xgb_published,True,44,xgb_published|s44,8000,2000,0.3,0.3,4,1.2261565625496724,1.2596304029073884,2.6217553381633403,3.2146825132886154,0.07291253891354743,3.5939510039711395,0.9537059523809523,0.0,0.11054850002983585,0.14975847108680979,0.01124941325556197,False,0.1446491630617396,0.011079818658163617,False,0.1852429577116928,0.012248105876185925,False,0.4992038170742747,0.015795967133057698,False,0.0,0.0,False
synthetic,Synthetic baseline,False,m30,age_group,synthetic|age_group,xgb_published,True,45,xgb_published|s45,8000,2000,0.3,0.3,3,1.079307467545381,1.4189074493044962,2.2139502628761876,2.3895330514963287,0.03857832222150703,5.747293766330721,0.9580630952380951,0.0,0.1145939999842085,0.06472382142999192,0.007774862611504327,False,0.06610304545635334,0.007848233917650079,False,0.08279307467545381,0.0087142320055526,False,0.3092753441581686,0.014613735889818378,False,0.0,0.0,False
synthetic,Synthetic baseline,False,m30,sex,synthetic|sex,xgb_published,True,45,xgb_published|s45,8000,2000,0.3,0.3,2,1.0266496596547439,1.0257794601823647,3.2821340925211437,3.3696018490280637,0.015499657311392245,1.0678672879672,0.9580630952380951,0.0,0.1145939999842085,0.05893146256202182,0.007440155656720855,False,0.05873095235166414,0.007424046483906374,False,0.08226649659654744,0.008688962798522373,False,0.2997969387378539,0.014485989630250665,False,0.0,0.0,False
synthetic,Synthetic baseline,False,m30,race,synthetic|race,xgb_published,True,45,xgb_published|s45,8000,2000,0.3,0.3,5,1.161024376964261,1.4455235103983723,3.1507120682140908,3.6580535159920426,0.0274117552746872,1.4285714285714286,0.9580630952380951,0.0,0.1145939999842085,0.10401478602750253,0.009456518009708976,False,0.10201318753804281,0.009411143624380607,False,0.12901838262878695,0.010370546014892833,False,0.4015353665792966,0.015236309171324099,False,0.0,0.0,False
synthetic,Synthetic baseline,False,m30,insurance,synthetic|insurance,xgb_published,True,45,xgb_published|s45,8000,2000,0.3,0.3,4,1.1626704788463422,1.1765424159498257,2.6255637230363957,3.052665431104311,0.05934606274704102,3.5700206644412655,0.9580630952380951,0.0,0.1145939999842085,0.10501324126745346,0.00949833193810948,False,0.10290370167097201,0.009448805957967502,False,0.13025970535953674,0.010414956399821967,False,0.4039235635721522,0.015251748667285259,False,0.0,0.0,False
synthetic,Synthetic baseline,False,ev10,age_group,synthetic|age_group,xgb_published,True,45,xgb_published|s45,8000,2000,0.3,0.3,3,1.079307467545381,1.4189074493044962,2.2139502628761876,2.3895330514963287,0.03857832222150703,5.747293766330721,0.9580630952380951,0.0,0.1145939999842085,0.06472382142999192,0.007774862611504327,False,0.06610304545635334,0.007848233917650079,False,0.08279307467545381,0.0087142320055526,False,0.3092753441581686,0.014613735889818378,False,0.0,0.0,False
synthetic,Synthetic baseline,False,ev10,sex,synthetic|sex,xgb_published,True,45,xgb_published|s45,8000,2000,0.3,0.3,2,1.0266496596547439,1.0257794601823647,3.2821340925211437,3.3696018490280637,0.015499657311392245,1.0678672879672,0.9580630952380951,0.0,0.1145939999842085,0.05893146256202182,0.007440155656720855,False,0.05873095235166414,0.007424046483906374,False,0.08226649659654744,0.008688962798522373,False,0.2997969387378539,0.014485989630250665,False,0.0,0.0,False
synthetic,Synthetic baseline,False,ev10,race,synthetic|race,xgb_published,True,45,xgb_published|s45,8000,2000,0.3,0.3,5,1.161024376964261,1.4455235103983723,3.1507120682140908,3.6580535159920426,0.0274117552746872,1.4285714285714286,0.9580630952380951,0.0,0.1145939999842085,0.10401478602750253,0.009456518009708976,False,0.10201318753804281,0.009411143624380607,False,0.12901838262878695,0.010370546014892833,False,0.4015353665792966,0.015236309171324099,False,0.0,0.0,False
synthetic,Synthetic baseline,False,ev10,insurance,synthetic|insurance,xgb_published,True,45,xgb_published|s45,8000,2000,0.3,0.3,4,1.1626704788463422,1.1765424159498257,2.6255637230363957,3.052665431104311,0.05934606274704102,3.5700206644412655,0.9580630952380951,0.0,0.1145939999842085,0.10501324126745346,0.00949833193810948,False,0.10290370167097201,0.009448805957967502,False,0.13025970535953674,0.010414956399821967,False,0.4039235635721522,0.015251748667285259,False,0.0,0.0,False
synthetic,Synthetic baseline,False,m30,age_group,synthetic|age_group,xgb_published,True,46,xgb_published|s46,8000,2000,0.3,0.3,3,1.166869619124304,1.4893915886723423,2.0863353814767702,2.4344813719493583,0.056041040032416944,5.002037964364737,0.9573964285714286,0.0,0.10920329997316003,0.10756026078031551,0.009604997602511956,False,0.10517536772298411,0.009544881069507256,False,0.1334262701593112,0.010528245521319068,False,0.41001575889345737,0.015291134205973769,False,0.0,0.0,False
synthetic,Synthetic baseline,False,m30,sex,synthetic|sex,xgb_published,True,46,xgb_published|s46,8000,2000,0.3,0.3,2,1.017526137696655,1.054404225321247,3.3511496020297367,3.4098823113970003,0.002025779124378846,1.1061875789232005,0.9573964285714286,0.0,0.10920329997316003,0.05792787514663204,0.007382164138011338,False,0.05745365927753168,0.0073505515261568285,False,0.08217526137696655,0.008684584641237843,False,0.29815470478539785,0.014463856240143536,False,0.0,0.0,False
synthetic,Synthetic baseline,False,m30,race,synthetic|race,xgb_published,True,46,xgb_published|s46,8000,2000,0.3,0.3,5,1.0551394565071655,1.1539120855994347,3.261857227943418,3.441714262696187,0.012949571997626808,1.064750957854406,0.9573964285714286,0.0,0.10920329997316003,0.062065340215788196,0.007621244340979762,False,0.06271952391100316,0.007653547374634812,False,0.08255139456507166,0.008702634362223014,False,0.30492510217128976,0.014555105021292,False,0.0,0.0,False
synthetic,Synthetic baseline,False,m30,insurance,synthetic|insurance,xgb_published,True,46,xgb_published|s46,8000,2000,0.3,0.3,4,1.1619205310361431,1.3205048977271403,2.673735706779996,3.1066684122721107,0.06574904102147017,3.219316738937735,0.9573964285714286,0.0,0.10920329997316003,0.1045583548907753,0.009479281924024002,False,0.10249799219988069,0.009431647369603112,False,0.12969417094528823,0.010394723465706374,False,0.40283552453604365,0.015244714584940361,False,0.0,0.0,False
synthetic,Synthetic baseline,False,ev10,age_group,synthetic|age_group,xgb_published,True,46,xgb_published|s46,8000,2000,0.3,0.3,3,1.166869619124304,1.4893915886723423,2.0863353814767702,2.4344813719493583,0.056041040032416944,5.002037964364737,0.9573964285714286,0.0,0.10920329997316003,0.10756026078031551,0.009604997602511956,False,0.10517536772298411,0.009544881069507256,False,0.1334262701593112,0.010528245521319068,False,0.41001575889345737,0.015291134205973769,False,0.0,0.0,False
synthetic,Synthetic baseline,False,ev10,sex,synthetic|sex,xgb_published,True,46,xgb_published|s46,8000,2000,0.3,0.3,2,1.017526137696655,1.054404225321247,3.3511496020297367,3.4098823113970003,0.002025779124378846,1.1061875789232005,0.9573964285714286,0.0,0.10920329997316003,0.05792787514663204,0.007382164138011338,False,0.05745365927753168,0.0073505515261568285,False,0.08217526137696655,0.008684584641237843,False,0.29815470478539785,0.014463856240143536,False,0.0,0.0,False
synthetic,Synthetic baseline,False,ev10,race,synthetic|race,xgb_published,True,46,xgb_published|s46,8000,2000,0.3,0.3,5,1.0551394565071655,1.1539120855994347,3.261857227943418,3.441714262696187,0.012949571997626808,1.064750957854406,0.9573964285714286,0.0,0.10920329997316003,0.062065340215788196,0.007621244340979762,False,0.06271952391100316,0.007653547374634812,False,0.08255139456507166,0.008702634362223014,False,0.30492510217128976,0.014555105021292,False,0.0,0.0,False
synthetic,Synthetic baseline,False,ev10,insurance,synthetic|insurance,xgb_published,True,46,xgb_published|s46,8000,2000,0.3,0.3,4,1.1619205310361431,1.3205048977271403,2.673735706779996,3.1066684122721107,0.06574904102147017,3.219316738937735,0.9573964285714286,0.0,0.10920329997316003,0.1045583548907753,0.009479281924024002,False,0.10249799219988069,0.009431647369603112,False,0.12969417094528823,0.010394723465706374,False,0.40283552453604365,0.015244714584940361,False,0.0,0.0,False
synthetic,Synthetic baseline,False,m30,age_group,synthetic|age_group,xgb_published,True,47,xgb_published|s47,8000,2000,0.3,0.3,3,1.0749021872296736,1.3543292162761635,2.1775217574270975,2.3406228997985896,0.03491036133079406,6.699806576402321,0.9574880952380952,0.0,0.11516690003918484,0.06423924059526409,0.0077468614846343984,False,0.06548630621215429,0.007812746976075858,False,0.08274902187229674,0.008712118018191885,False,0.30848239370134123,0.014603048812151801,False,0.0,0.0,False
synthetic,Synthetic baseline,False,m30,sex,synthetic|sex,xgb_published,True,47,xgb_published|s47,8000,2000,0.3,0.3,2,1.005424522225839,1.008626705710424,3.3454067756306296,3.36355400903951,0.014159067274705173,1.0107920705261808,0.9574880952380952,0.0,0.11516690003918484,0.056596697444842275,0.007305243069238219,False,0.05575943311161744,0.007253066396859767,False,0.08205424522225839,0.008678777368983606,False,0.295976414000651,0.014434498084666684,False,0.0,0.0,False
synthetic,Synthetic baseline,False,m30,race,synthetic|race,xgb_published,True,47,xgb_published|s47,8000,2000,0.3,0.3,5,1.0758100116474665,1.2591376405912098,3.2572237047295496,3.5041538717235006,0.06334475468396894,1.1691698300049513,0.9574880952380952,0.0,0.11516690003918484,0.0643391012812213,0.007752631856750698,False,0.0656134016306453,0.007820059998123284,False,0.08275810011647466,0.008712553661149296,False,0.30864580209654396,0.014605251166909108,False,0.0,0.0,False
synthetic,Synthetic baseline,False,m30,insurance,synthetic|insurance,xgb_published,True,47,xgb_published|s47,8000,2000,0.3,0.3,4,1.2346799802388622,1.217665129268218,2.5745655851503404,3.1787645857970768,0.047381634040886245,3.6243412131463804,0.9574880952380952,0.0,0.11516690003918484,0.167718529789031,0.011749769191094593,False,0.16443566841164434,0.011640800314902236,False,0.2062470941600532,0.012724850344908726,False,0.5180770991003377,0.015770829788484188,False,0.0,0.0,False
synthetic,Synthetic baseline,False,ev10,age_group,synthetic|age_group,xgb_published,True,47,xgb_published|s47,8000,2000,0.3,0.3,3,1.0749021872296736,1.3543292162761635,2.1775217574270975,2.3406228997985896,0.03491036133079406,6.699806576402321,0.9574880952380952,0.0,0.11516690003918484,0.06423924059526409,0.0077468614846343984,False,0.06548630621215429,0.007812746976075858,False,0.08274902187229674,0.008712118018191885,False,0.30848239370134123,0.014603048812151801,False,0.0,0.0,False
synthetic,Synthetic baseline,False,ev10,sex,synthetic|sex,xgb_published,True,47,xgb_published|s47,8000,2000,0.3,0.3,2,1.005424522225839,1.008626705710424,3.3454067756306296,3.36355400903951,0.014159067274705173,1.0107920705261808,0.9574880952380952,0.0,0.11516690003918484,0.056596697444842275,0.007305243069238219,False,0.05575943311161744,0.007253066396859767,False,0.08205424522225839,0.008678777368983606,False,0.295976414000651,0.014434498084666684,False,0.0,0.0,False
synthetic,Synthetic baseline,False,ev10,race,synthetic|race,xgb_published,True,47,xgb_published|s47,8000,2000,0.3,0.3,5,1.0758100116474665,1.2591376405912098,3.2572237047295496,3.5041538717235006,0.06334475468396894,1.1691698300049513,0.9574880952380952,0.0,0.11516690003918484,0.0643391012812213,0.007752631856750698,False,0.0656134016306453,0.007820059998123284,False,0.08275810011647466,0.008712553661149296,False,0.30864580209654396,0.014605251166909108,False,0.0,0.0,False
synthetic,Synthetic baseline,False,ev10,insurance,synthetic|insurance,xgb_published,True,47,xgb_published|s47,8000,2000,0.3,0.3,4,1.2346799802388622,1.217665129268218,2.5745655851503404,3.1787645857970768,0.047381634040886245,3.6243412131463804,0.9574880952380952,0.0,0.11516690003918484,0.167718529789031,0.011749769191094593,False,0.16443566841164434,0.011640800314902236,False,0.2062470941600532,0.012724850344908726,False,0.5180770991003377,0.015770829788484188,False,0.0,0.0,False
synthetic,Synthetic baseline,False,m30,age_group,synthetic|age_group,logreg_l2,False,42,logreg_l2|s42,8000,2000,0.3,0.3,3,1.161397563986547,1.1540230695663802,2.564503355224834,2.978407949593449,0.07331093563640867,5.5115562403698,0.9581904761904761,0.0,0.01634349999949336,0.10424114536888916,0.009465997626736165,False,0.10221507559927953,0.00941968203520234,False,0.12929980235051086,0.010380614273419653,False,0.4020767936526133,0.015239809452555816,False,0.0,0.0,False
synthetic,Synthetic baseline,False,m30,sex,synthetic|sex,logreg_l2,False,42,logreg_l2|s42,8000,2000,0.3,0.3,2,1.0203176960448312,1.010710567452571,4.093444161728177,4.17661351598266,0.004930273228798687,1.0997971748065982,0.9581904761904761,0.0,0.01634349999949336,0.05823494656493144,0.007399908021231068,False,0.057844477446276375,0.007373039054963915,False,0.08220317696044832,0.008685924242498562,False,0.2986571852880696,0.014470628476809466,False,0.0,0.0,False
synthetic,Synthetic baseline,False,m30,race,synthetic|race,logreg_l2,False,42,logreg_l2|s42,8000,2000,0.3,0.3,5,1.0989428553278708,1.2503445462329739,3.9910987828151354,4.385989492282455,0.028325276781537734,1.3667363470081004,0.9581904761904761,0.0,0.01634349999949336,0.06688371408606579,0.007899670329750386,False,0.0688519997459019,0.008006407702083246,False,0.08298942855327872,0.008723654552727845,False,0.31280971395901674,0.01466137075053237,False,0.0,0.0,False
synthetic,Synthetic baseline,False,m30,insurance,synthetic|insurance,logreg_l2,False,42,logreg_l2|s42,8000,2000,0.3,0.3,4,1.2132299220168186,1.3255555106905363,3.2430151234463382,3.9345229853181642,0.058666701697603685,3.0994256823090516,0.9581904761904761,0.0,0.01634349999949336,0.1356804445020047,0.010782632114005444,False,0.13025553158286907,0.01060559135222663,False,0.1683864985700599,0.011779005829231876,False,0.4772761983358761,0.015725967381890065,False,0.0,0.0,False
synthetic,Synthetic baseline,False,ev10,age_group,synthetic|age_group,logreg_l2,False,42,logreg_l2|s42,8000,2000,0.3,0.3,3,1.161397563986547,1.1540230695663802,2.564503355224834,2.978407949593449,0.07331093563640867,5.5115562403698,0.9581904761904761,0.0,0.01634349999949336,0.10424114536888916,0.009465997626736165,False,0.10221507559927953,0.00941968203520234,False,0.12929980235051086,0.010380614273419653,False,0.4020767936526133,0.015239809452555816,False,0.0,0.0,False
synthetic,Synthetic baseline,False,ev10,sex,synthetic|sex,logreg_l2,False,42,logreg_l2|s42,8000,2000,0.3,0.3,2,1.0203176960448312,1.010710567452571,4.093444161728177,4.17661351598266,0.004930273228798687,1.0997971748065982,0.9581904761904761,0.0,0.01634349999949336,0.05823494656493144,0.007399908021231068,False,0.057844477446276375,0.007373039054963915,False,0.08220317696044832,0.008685924242498562,False,0.2986571852880696,0.014470628476809466,False,0.0,0.0,False
synthetic,Synthetic baseline,False,ev10,race,synthetic|race,logreg_l2,False,42,logreg_l2|s42,8000,2000,0.3,0.3,5,1.0989428553278708,1.2503445462329739,3.9910987828151354,4.385989492282455,0.028325276781537734,1.3667363470081004,0.9581904761904761,0.0,0.01634349999949336,0.06688371408606579,0.007899670329750386,False,0.0688519997459019,0.008006407702083246,False,0.08298942855327872,0.008723654552727845,False,0.31280971395901674,0.01466137075053237,False,0.0,0.0,False
synthetic,Synthetic baseline,False,ev10,insurance,synthetic|insurance,logreg_l2,False,42,logreg_l2|s42,8000,2000,0.3,0.3,4,1.2132299220168186,1.3255555106905363,3.2430151234463382,3.9345229853181642,0.058666701697603685,3.0994256823090516,0.9581904761904761,0.0,0.01634349999949336,0.1356804445020047,0.010782632114005444,False,0.13025553158286907,0.01060559135222663,False,0.1683864985700599,0.011779005829231876,False,0.4772761983358761,0.015725967381890065,False,0.0,0.0,False
synthetic,Synthetic baseline,False,m30,age_group,synthetic|age_group,logreg_l2,False,43,logreg_l2|s43,8000,2000,0.3,0.3,3,1.2257767122556702,1.2814571888285475,2.476897668162245,3.0361234802736528,0.030935727520993272,5.19213835573077,0.9633285714285713,0.0,0.017707099963445216,0.14895807225301938,0.011227114647638663,False,0.1437673677363773,0.011054818235209775,False,0.1843068980586159,0.012226859524873356,False,0.49836271999469833,0.015797087391160123,False,0.0,0.0,False
synthetic,Synthetic baseline,False,m30,sex,synthetic|sex,logreg_l2,False,43,logreg_l2|s43,8000,2000,0.3,0.3,2,1.0433114180262073,1.0539256378801898,4.017490190115884,4.19149338715618,3.876720294615499e-05,1.0094807270363246,0.9633285714285713,0.0,0.017707099963445216,0.0607642559828828,0.007546062199914464,False,0.06106359852366902,0.007558266057572019,False,0.08243311418026207,0.00869695837294223,False,0.3027960552447173,0.014526410555371514,False,0.0,0.0,False
synthetic,Synthetic baseline,False,m30,race,synthetic|race,logreg_l2,False,43,logreg_l2|s43,8000,2000,0.3,0.3,5,1.1637119437201322,1.1580181439166373,3.9793185673549107,4.630780544698195,0.02783972719522576,1.3761814744801513,0.9633285714285713,0.0,0.017707099963445216,0.10564494946958836,0.009524787006376113,False,0.10346711709449774,0.009472634372188203,False,0.1310450723135423,0.010443054208614157,False,0.4054345412988803,0.01526151701327138,False,0.0,0.0,False
synthetic,Synthetic baseline,False,m30,insurance,synthetic|insurance,logreg_l2,False,43,logreg_l2|s43,8000,2000,0.3,0.3,4,1.2092069351708095,1.250116348211308,3.220183897402123,3.893868701264013,0.04327380348590093,3.99,0.9633285714285713,0.0,0.017707099963445216,0.13324027215278605,0.010680441061454975,False,0.12807916164978217,0.01051354658011416,False,0.16535277078454486,0.01167046917281896,False,0.4714395698789613,0.015688234061834425,False,0.0,0.0,False
synthetic,Synthetic baseline,False,ev10,age_group,synthetic|age_group,logreg_l2,False,43,logreg_l2|s43,8000,2000,0.3,0.3,3,1.2257767122556702,1.2814571888285475,2.476897668162245,3.0361234802736528,0.030935727520993272,5.19213835573077,0.9633285714285713,0.0,0.017707099963445216,0.14895807225301938,0.011227114647638663,False,0.1437673677363773,0.011054818235209775,False,0.1843068980586159,0.012226859524873356,False,0.49836271999469833,0.015797087391160123,False,0.0,0.0,False
synthetic,Synthetic baseline,False,ev10,sex,synthetic|sex,logreg_l2,False,43,logreg_l2|s43,8000,2000,0.3,0.3,2,1.0433114180262073,1.0539256378801898,4.017490190115884,4.19149338715618,3.876720294615499e-05,1.0094807270363246,0.9633285714285713,0.0,0.017707099963445216,0.0607642559828828,0.007546062199914464,False,0.06106359852366902,0.007558266057572019,False,0.08243311418026207,0.00869695837294223,False,0.3027960552447173,0.014526410555371514,False,0.0,0.0,False
synthetic,Synthetic baseline,False,ev10,race,synthetic|race,logreg_l2,False,43,logreg_l2|s43,8000,2000,0.3,0.3,5,1.1637119437201322,1.1580181439166373,3.9793185673549107,4.630780544698195,0.02783972719522576,1.3761814744801513,0.9633285714285713,0.0,0.017707099963445216,0.10564494946958836,0.009524787006376113,False,0.10346711709449774,0.009472634372188203,False,0.1310450723135423,0.010443054208614157,False,0.4054345412988803,0.01526151701327138,False,0.0,0.0,False
synthetic,Synthetic baseline,False,ev10,insurance,synthetic|insurance,logreg_l2,False,43,logreg_l2|s43,8000,2000,0.3,0.3,4,1.2092069351708095,1.250116348211308,3.220183897402123,3.893868701264013,0.04327380348590093,3.99,0.9633285714285713,0.0,0.017707099963445216,0.13324027215278605,0.010680441061454975,False,0.12807916164978217,0.01051354658011416,False,0.16535277078454486,0.01167046917281896,False,0.4714395698789613,0.015688234061834425,False,0.0,0.0,False
synthetic,Synthetic baseline,False,m30,age_group,synthetic|age_group,logreg_l2,False,44,logreg_l2|s44,8000,2000,0.3,0.3,4,1.699702767982869,1.889289560452476,1.7907761216383105,3.043787130786263,0.07836779289077023,127.79411764705883,0.9557345238095236,0.0,0.017060299986042082,0.7280024150209273,0.013804294317209954,False,0.7303080066993285,0.013718183550734092,False,0.7797087126232115,0.012851998237894792,False,0.9361866988715486,0.007426228055176146,False,0.020958387517601644,0.004351642167829293,False
synthetic,Synthetic baseline,False,m30,sex,synthetic|sex,logreg_l2,False,44,logreg_l2|s44,8000,2000,0.3,0.3,2,1.0031354727918635,1.0099957173780738,4.211661656698379,4.224867207231491,0.0031659524081504298,1.0474833808167143,0.9557345238095236,0.0,0.017060299986042082,0.05634490200710499,0.007290693265589235,False,0.055438966190860896,0.007234626852108359,False,0.08203135472791864,0.008677678909583821,False,0.2955643851025354,0.014428944919526137,False,0.0,0.0,False
synthetic,Synthetic baseline,False,m30,race,synthetic|race,logreg_l2,False,44,logreg_l2|s44,8000,2000,0.3,0.3,5,1.0904261541480869,1.1937892969443005,4.0492130272104765,4.415367788587452,0.021387597840174633,1.118421052631579,0.9557345238095236,0.0,0.017060299986042082,0.06594687695628955,0.00784553592441003,False,0.06765966158073215,0.007937801017488295,False,0.08290426154148087,0.008719567594042184,False,0.3112767077466556,0.014640709489398353,False,0.0,0.0,False
synthetic,Synthetic baseline,False,m30,insurance,synthetic|insurance,logreg_l2,False,44,logreg_l2|s44,8000,2000,0.3,0.3,4,1.2045603996373513,1.2854307264773315,3.27284052832404,3.9423340947473253,0.069015575835921,3.5939510039711395,0.9557345238095236,0.0,0.017060299986042082,0.13042188174724587,0.010562410758336211,False,0.12556546209889496,0.010407235194901967,False,0.1618488259560354,0.011545109719753473,False,0.46469828471976377,0.015644652211049156,False,0.0,0.0,False
synthetic,Synthetic baseline,False,ev10,age_group,synthetic|age_group,logreg_l2,False,44,logreg_l2|s44,8000,2000,0.3,0.3,3,1.2062440322879278,1.1409500366436234,2.5233593280565287,3.043787130786263,0.05274658219746453,6.0392156862745106,0.9557345238095236,0.0,0.017060299986042082,0.13144310155169386,0.010605178035301442,False,0.1264762797623216,0.010445756221585702,False,0.16311845057778157,0.011590532651897151,False,0.4671409320898624,0.01566044372419401,False,0.0,0.0,False
synthetic,Synthetic baseline,False,ev10,sex,synthetic|sex,logreg_l2,False,44,logreg_l2|s44,8000,2000,0.3,0.3,2,1.0031354727918635,1.0099957173780738,4.211661656698379,4.224867207231491,0.0031659524081504298,1.0474833808167143,0.9557345238095236,0.0,0.017060299986042082,0.05634490200710499,0.007290693265589235,False,0.055438966190860896,0.007234626852108359,False,0.08203135472791864,0.008677678909583821,False,0.2955643851025354,0.014428944919526137,False,0.0,0.0,False
synthetic,Synthetic baseline,False,ev10,race,synthetic|race,logreg_l2,False,44,logreg_l2|s44,8000,2000,0.3,0.3,5,1.0904261541480869,1.1937892969443005,4.0492130272104765,4.415367788587452,0.021387597840174633,1.118421052631579,0.9557345238095236,0.0,0.017060299986042082,0.06594687695628955,0.00784553592441003,False,0.06765966158073215,0.007937801017488295,False,0.08290426154148087,0.008719567594042184,False,0.3112767077466556,0.014640709489398353,False,0.0,0.0,False
synthetic,Synthetic baseline,False,ev10,insurance,synthetic|insurance,logreg_l2,False,44,logreg_l2|s44,8000,2000,0.3,0.3,4,1.2045603996373513,1.2854307264773315,3.27284052832404,3.9423340947473253,0.069015575835921,3.5939510039711395,0.9557345238095236,0.0,0.017060299986042082,0.13042188174724587,0.010562410758336211,False,0.12556546209889496,0.010407235194901967,False,0.1618488259560354,0.011545109719753473,False,0.46469828471976377,0.015644652211049156,False,0.0,0.0,False
synthetic,Synthetic baseline,False,m30,age_group,synthetic|age_group,logreg_l2,False,45,logreg_l2|s45,8000,2000,0.3,0.3,3,1.1597841745578088,1.3016904954260697,2.5889323337702215,3.002602749707718,0.03305086356904807,5.747293766330721,0.9605940476190475,0.0,0.01767979998840019,0.10326253210883482,0.009425014653088086,False,0.10134225836733918,0.009382768153059225,False,0.12808314802720006,0.01033708644178856,False,0.3997360565305914,0.0152246767807328,False,0.0,0.0,False
synthetic,Synthetic baseline,False,m30,sex,synthetic|sex,logreg_l2,False,45,logreg_l2|s45,8000,2000,0.3,0.3,2,1.0357130530554703,1.0176671084850994,4.025863668104614,4.169639550877724,0.01470346183742477,1.0678672879672,0.9605940476190475,0.0,0.01767979998840019,0.05992843583610174,0.007497764982415956,False,0.05999982742776584,0.007497057073250474,False,0.08235713053055471,0.008693312101568087,False,0.30142834954998465,0.014507977150284505,False,0.0,0.0,False
synthetic,Synthetic baseline,False,m30,race,synthetic|race,logreg_l2,False,45,logreg_l2|s45,8000,2000,0.3,0.3,5,1.1796702705825675,1.4146897799859175,3.8430728308087683,4.533558766188693,0.018777292183086325,1.4285714285714286,0.9605940476190475,0.0,0.01767979998840019,0.11532459035336057,0.009930157016629686,False,0.11210031031515943,0.009837756261862375,False,0.14307922043931315,0.010873595869795916,False,0.42858719584520033,0.01541119700927985,False,0.0,0.0,False
synthetic,Synthetic baseline,False,m30,insurance,synthetic|insurance,logreg_l2,False,45,logreg_l2|s45,8000,2000,0.3,0.3,4,1.2199419207951347,1.1485719966325947,3.199635633609846,3.9033696407105536,0.04860206915005949,3.5700206644412655,0.9605940476190475,0.0,0.01767979998840019,0.13975165687573748,0.010953128873286186,False,0.13388661288917128,0.010759159937364357,False,0.17344800584551145,0.011960089668958743,False,0.4870140982027775,0.01578892209882296,False,0.0,0.0,False
synthetic,Synthetic baseline,False,ev10,age_group,synthetic|age_group,logreg_l2,False,45,logreg_l2|s45,8000,2000,0.3,0.3,3,1.1597841745578088,1.3016904954260697,2.5889323337702215,3.002602749707718,0.03305086356904807,5.747293766330721,0.9605940476190475,0.0,0.01767979998840019,0.10326253210883482,0.009425014653088086,False,0.10134225836733918,0.009382768153059225,False,0.12808314802720006,0.01033708644178856,False,0.3997360565305914,0.0152246767807328,False,0.0,0.0,False
synthetic,Synthetic baseline,False,ev10,sex,synthetic|sex,logreg_l2,False,45,logreg_l2|s45,8000,2000,0.3,0.3,2,1.0357130530554703,1.0176671084850994,4.025863668104614,4.169639550877724,0.01470346183742477,1.0678672879672,0.9605940476190475,0.0,0.01767979998840019,0.05992843583610174,0.007497764982415956,False,0.05999982742776584,0.007497057073250474,False,0.08235713053055471,0.008693312101568087,False,0.30142834954998465,0.014507977150284505,False,0.0,0.0,False
synthetic,Synthetic baseline,False,ev10,race,synthetic|race,logreg_l2,False,45,logreg_l2|s45,8000,2000,0.3,0.3,5,1.1796702705825675,1.4146897799859175,3.8430728308087683,4.533558766188693,0.018777292183086325,1.4285714285714286,0.9605940476190475,0.0,0.01767979998840019,0.11532459035336057,0.009930157016629686,False,0.11210031031515943,0.009837756261862375,False,0.14307922043931315,0.010873595869795916,False,0.42858719584520033,0.01541119700927985,False,0.0,0.0,False
synthetic,Synthetic baseline,False,ev10,insurance,synthetic|insurance,logreg_l2,False,45,logreg_l2|s45,8000,2000,0.3,0.3,4,1.2199419207951347,1.1485719966325947,3.199635633609846,3.9033696407105536,0.04860206915005949,3.5700206644412655,0.9605940476190475,0.0,0.01767979998840019,0.13975165687573748,0.010953128873286186,False,0.13388661288917128,0.010759159937364357,False,0.17344800584551145,0.011960089668958743,False,0.4870140982027775,0.01578892209882296,False,0.0,0.0,False
synthetic,Synthetic baseline,False,m30,age_group,synthetic|age_group,logreg_l2,False,46,logreg_l2|s46,8000,2000,0.3,0.3,3,1.2825095734582297,1.2542684250038856,2.497212999646589,3.202699579011093,0.052794703060038306,5.002037964364737,0.9596821428571428,0.0,0.015374900016468018,0.23153428625448277,0.013234442724709344,False,0.22893352037782438,0.013197036116633773,False,0.2787852436003057,0.014073056372197754,False,0.5770323715628368,0.015579499294760426,False,0.00032509573458229665,0.0003249331460576876,False
synthetic,Synthetic baseline,False,m30,sex,synthetic|sex,logreg_l2,False,46,logreg_l2|s46,8000,2000,0.3,0.3,2,1.0272934424503433,1.004683307373093,4.137834480309296,4.250770227566664,0.0006201229494474658,1.1061875789232005,0.9596821428571428,0.0,0.015374900016468018,0.05900227866953776,0.007444247710448283,False,0.058821081943048054,0.007429232506319628,False,0.08227293442450344,0.008689271734298398,False,0.29991281964106176,0.01448755142796702,False,0.0,0.0,False
synthetic,Synthetic baseline,False,m30,race,synthetic|race,logreg_l2,False,46,logreg_l2|s46,8000,2000,0.3,0.3,5,1.0829899766994402,1.2464619363737528,3.9838270307267623,4.314444743181376,0.01166150928833587,1.064750957854406,0.9596821428571428,0.0,0.015374900016468018,0.06512889743693842,0.007798269613700036,False,0.06661859673792161,0.00787789854233484,False,0.08282989976699441,0.00871599915253293,False,0.3099381958058992,0.014622669546366178,False,0.0,0.0,False
synthetic,Synthetic baseline,False,m30,insurance,synthetic|insurance,logreg_l2,False,46,logreg_l2|s46,8000,2000,0.3,0.3,4,1.1875336666487326,1.2715357453004985,3.3550195296066256,3.9841986436718626,0.06273888822167217,3.219316738937735,0.9596821428571428,0.0,0.015374900016468018,0.12009419124595255,0.010129901323877371,False,0.11635427867882256,0.010017668482967021,False,0.14900899452199506,0.011085743398420996,False,0.43999556554775143,0.015484951175486783,False,0.0,0.0,False
synthetic,Synthetic baseline,False,ev10,age_group,synthetic|age_group,logreg_l2,False,46,logreg_l2|s46,8000,2000,0.3,0.3,3,1.2825095734582297,1.2542684250038856,2.497212999646589,3.202699579011093,0.052794703060038306,5.002037964364737,0.9596821428571428,0.0,0.015374900016468018,0.23153428625448277,0.013234442724709344,False,0.22893352037782438,0.013197036116633773,False,0.2787852436003057,0.014073056372197754,False,0.5770323715628368,0.015579499294760426,False,0.00032509573458229665,0.0003249331460576876,False
synthetic,Synthetic baseline,False,ev10,sex,synthetic|sex,logreg_l2,False,46,logreg_l2|s46,8000,2000,0.3,0.3,2,1.0272934424503433,1.004683307373093,4.137834480309296,4.250770227566664,0.0006201229494474658,1.1061875789232005,0.9596821428571428,0.0,0.015374900016468018,0.05900227866953776,0.007444247710448283,False,0.058821081943048054,0.007429232506319628,False,0.08227293442450344,0.008689271734298398,False,0.29991281964106176,0.01448755142796702,False,0.0,0.0,False
synthetic,Synthetic baseline,False,ev10,race,synthetic|race,logreg_l2,False,46,logreg_l2|s46,8000,2000,0.3,0.3,5,1.0829899766994402,1.2464619363737528,3.9838270307267623,4.314444743181376,0.01166150928833587,1.064750957854406,0.9596821428571428,0.0,0.015374900016468018,0.06512889743693842,0.007798269613700036,False,0.06661859673792161,0.00787789854233484,False,0.08282989976699441,0.00871599915253293,False,0.3099381958058992,0.014622669546366178,False,0.0,0.0,False
synthetic,Synthetic baseline,False,ev10,insurance,synthetic|insurance,logreg_l2,False,46,logreg_l2|s46,8000,2000,0.3,0.3,4,1.1875336666487326,1.2715357453004985,3.3550195296066256,3.9841986436718626,0.06273888822167217,3.219316738937735,0.9596821428571428,0.0,0.015374900016468018,0.12009419124595255,0.010129901323877371,False,0.11635427867882256,0.010017668482967021,False,0.14900899452199506,0.011085743398420996,False,0.43999556554775143,0.015484951175486783,False,0.0,0.0,False
synthetic,Synthetic baseline,False,m30,age_group,synthetic|age_group,logreg_l2,False,47,logreg_l2|s47,8000,2000,0.3,0.3,3,1.2094444057695068,1.1851111162683052,2.4654454020035,2.9818191491832864,0.038267240006370495,6.699806576402321,0.9587630952380952,0.0,0.015858400030992925,0.13338431169625825,0.010686473238879255,False,0.12820762935071683,0.01051897983853065,False,0.16553184697372647,0.011676875921278642,False,0.4717840968951042,0.015690461400487882,False,0.0,0.0,False
synthetic,Synthetic baseline,False,m30,sex,synthetic|sex,logreg_l2,False,47,logreg_l2|s47,8000,2000,0.3,0.3,2,1.0000605445474176,1.028490824919515,4.060082727174501,4.060328543045695,0.010305731492069259,1.0107920705261808,0.9587630952380952,0.0,0.015858400030992925,0.05600665990021593,0.007271148208358335,False,0.05500847623663846,0.0072098566238514876,False,0.08200060544547418,0.008676203325970971,False,0.29501089801853514,0.014421485236007161,False,0.0,0.0,False
synthetic,Synthetic baseline,False,m30,race,synthetic|race,logreg_l2,False,47,logreg_l2|s47,8000,2000,0.3,0.3,5,1.0713435165326304,1.1699861889863143,3.9940086464377567,4.278955268336357,0.061470646434559795,1.1691698300049513,0.9587630952380952,0.0,0.015858400030992925,0.06384778681858934,0.007724241632426379,False,0.06498809231456824,0.007784079937872277,False,0.08271343516532631,0.008710410298288642,False,0.3078418329758735,0.01459441558397936,False,0.0,0.0,False
synthetic,Synthetic baseline,False,m30,insurance,synthetic|insurance,logreg_l2,False,47,logreg_l2|s47,8000,2000,0.3,0.3,4,1.2439781809932866,1.2677847039885746,3.1747950138326084,3.9493757263340448,0.04709544466792848,3.6243412131463804,0.9587630952380952,0.0,0.015858400030992925,0.1873111670929968,0.012295607739304057,False,0.18602077730584393,0.012252775493652527,False,0.22916051744774202,0.01324493113179404,False,0.5386659721994204,0.015743407446320426,False,0.0,0.0,False
synthetic,Synthetic baseline,False,ev10,age_group,synthetic|age_group,logreg_l2,False,47,logreg_l2|s47,8000,2000,0.3,0.3,3,1.2094444057695068,1.1851111162683052,2.4654454020035,2.9818191491832864,0.038267240006370495,6.699806576402321,0.9587630952380952,0.0,0.015858400030992925,0.13338431169625825,0.010686473238879255,False,0.12820762935071683,0.01051897983853065,False,0.16553184697372647,0.011676875921278642,False,0.4717840968951042,0.015690461400487882,False,0.0,0.0,False
synthetic,Synthetic baseline,False,ev10,sex,synthetic|sex,logreg_l2,False,47,logreg_l2|s47,8000,2000,0.3,0.3,2,1.0000605445474176,1.028490824919515,4.060082727174501,4.060328543045695,0.010305731492069259,1.0107920705261808,0.9587630952380952,0.0,0.015858400030992925,0.05600665990021593,0.007271148208358335,False,0.05500847623663846,0.0072098566238514876,False,0.08200060544547418,0.008676203325970971,False,0.29501089801853514,0.014421485236007161,False,0.0,0.0,False
synthetic,Synthetic baseline,False,ev10,race,synthetic|race,logreg_l2,False,47,logreg_l2|s47,8000,2000,0.3,0.3,5,1.0713435165326304,1.1699861889863143,3.9940086464377567,4.278955268336357,0.061470646434559795,1.1691698300049513,0.9587630952380952,0.0,0.015858400030992925,0.06384778681858934,0.007724241632426379,False,0.06498809231456824,0.007784079937872277,False,0.08271343516532631,0.008710410298288642,False,0.3078418329758735,0.01459441558397936,False,0.0,0.0,False
synthetic,Synthetic baseline,False,ev10,insurance,synthetic|insurance,logreg_l2,False,47,logreg_l2|s47,8000,2000,0.3,0.3,4,1.2439781809932866,1.2677847039885746,3.1747950138326084,3.9493757263340448,0.04709544466792848,3.6243412131463804,0.9587630952380952,0.0,0.015858400030992925,0.1873111670929968,0.012295607739304057,False,0.18602077730584393,0.012252775493652527,False,0.22916051744774202,0.01324493113179404,False,0.5386659721994204,0.015743407446320426,False,0.0,0.0,False
synthetic,Synthetic baseline,False,m30,age_group,synthetic|age_group,random_forest,False,42,random_forest|s42,8000,2000,0.3,0.3,3,1.485711904668154,1.5518495467904991,1.7153489371967532,2.548514336653082,0.07945669831971458,5.5115562403698,0.9485166666666667,0.0,0.5946006000158377,0.45928209509559415,0.015720926932560896,False,0.45128209509559414,0.015698002570950505,False,0.5327109046287788,0.015744835661471026,False,0.813997666574791,0.01227305116134594,False,0.005285428560178487,0.0021686898094926037,False
synthetic,Synthetic baseline,False,m30,sex,synthetic|sex,random_forest,False,42,random_forest|s42,8000,2000,0.3,0.3,2,1.0094996569767059,1.1110968619225343,3.180643524539255,3.2108585469875583,0.013705355506491435,1.0997971748065982,0.9485166666666667,0.0,0.5946006000158377,0.057044962267437646,0.007331145703575519,False,0.05632995197673882,0.0072858938353987995,False,0.08209499656976706,0.008680732927481399,False,0.29670993825580705,0.01444438423911388,False,0.0,0.0,False
synthetic,Synthetic baseline,False,m30,race,synthetic|race,random_forest,False,42,random_forest|s42,8000,2000,0.3,0.3,5,1.1099499279171752,1.2036305219014385,3.0430318051637215,3.3776129327911444,0.03354904101044753,1.3667363470081004,0.9485166666666667,0.0,0.5946006000158377,0.07303520217927015,0.008159135764540871,False,0.07438274788961932,0.008242575045049388,False,0.0905032243309845,0.008992602178660379,False,0.3274355511585245,0.01475725999559265,False,0.0,0.0,False
synthetic,Synthetic baseline,False,m30,insurance,synthetic|insurance,random_forest,False,42,random_forest|s42,8000,2000,0.3,0.3,4,1.5788297953802812,1.6137492955165473,2.022998263398364,3.193969934255903,0.06482678968882194,3.0994256823090516,0.9485166666666667,0.0,0.5946006000158377,0.5882085217171824,0.01546292525519945,False,0.5809968196709853,0.015501132688981827,False,0.6546904360405628,0.014937480680113609,False,0.8745095792743659,0.010418492710012965,False,0.007,0.0026364749192814,False
synthetic,Synthetic baseline,False,ev10,age_group,synthetic|age_group,random_forest,False,42,random_forest|s42,8000,2000,0.3,0.3,3,1.485711904668154,1.5518495467904991,1.7153489371967532,2.548514336653082,0.07945669831971458,5.5115562403698,0.9485166666666667,0.0,0.5946006000158377,0.45928209509559415,0.015720926932560896,False,0.45128209509559414,0.015698002570950505,False,0.5327109046287788,0.015744835661471026,False,0.813997666574791,0.01227305116134594,False,0.005285428560178487,0.0021686898094926037,False
synthetic,Synthetic baseline,False,ev10,sex,synthetic|sex,random_forest,False,42,random_forest|s42,8000,2000,0.3,0.3,2,1.0094996569767059,1.1110968619225343,3.180643524539255,3.2108585469875583,0.013705355506491435,1.0997971748065982,0.9485166666666667,0.0,0.5946006000158377,0.057044962267437646,0.007331145703575519,False,0.05632995197673882,0.0072858938353987995,False,0.08209499656976706,0.008680732927481399,False,0.29670993825580705,0.01444438423911388,False,0.0,0.0,False
synthetic,Synthetic baseline,False,ev10,race,synthetic|race,random_forest,False,42,random_forest|s42,8000,2000,0.3,0.3,5,1.1099499279171752,1.2036305219014385,3.0430318051637215,3.3776129327911444,0.03354904101044753,1.3667363470081004,0.9485166666666667,0.0,0.5946006000158377,0.07303520217927015,0.008159135764540871,False,0.07438274788961932,0.008242575045049388,False,0.0905032243309845,0.008992602178660379,False,0.3274355511585245,0.01475725999559265,False,0.0,0.0,False
synthetic,Synthetic baseline,False,ev10,insurance,synthetic|insurance,random_forest,False,42,random_forest|s42,8000,2000,0.3,0.3,4,1.5788297953802812,1.6137492955165473,2.022998263398364,3.193969934255903,0.06482678968882194,3.0994256823090516,0.9485166666666667,0.0,0.5946006000158377,0.5882085217171824,0.01546292525519945,False,0.5809968196709853,0.015501132688981827,False,0.6546904360405628,0.014937480680113609,False,0.8745095792743659,0.010418492710012965,False,0.007,0.0026364749192814,False
synthetic,Synthetic baseline,False,m30,age_group,synthetic|age_group,random_forest,False,43,random_forest|s43,8000,2000,0.3,0.3,3,1.9168584528832444,1.5343994907742584,1.6879028277792827,3.235470803074249,0.030194955538113466,5.19213835573077,0.9572726190476192,0.015,0.6725435999687761,0.8780920573839573,0.010304646225820984,False,0.87758630379746,0.010328726718230057,False,0.8989234728551249,0.009479141035994659,False,0.974697352461319,0.004917887136652591,False,0.08091196568213024,0.008583134144338691,False
synthetic,Synthetic baseline,False,m30,sex,synthetic|sex,random_forest,False,43,random_forest|s43,8000,2000,0.3,0.3,2,1.1033445359502831,1.042657391200857,4.1059298835219336,4.530255301978908,0.00020528583287082736,1.0094807270363246,0.9572726190476192,0.015,0.6725435999687761,0.06902865295345038,0.007991347008712664,False,0.07080933912064494,0.008091445592834236,False,0.08552210907726264,0.00881439449719744,False,0.3178523185508205,0.014695305189693413,False,0.0,0.0,False
synthetic,Synthetic baseline,False,m30,race,synthetic|race,random_forest,False,43,random_forest|s43,8000,2000,0.3,0.3,5,1.7850974134045974,1.222224959402562,3.197709951686093,5.708223763572985,0.026833759590792927,1.3761814744801513,0.9572726190476192,0.015,0.6725435999687761,0.8041225170186359,0.012456725149970295,False,0.8094846377264213,0.01233754787904915,False,0.8435069308739003,0.011426275617825847,False,0.9635738103163372,0.005910228441954264,False,0.03876320677740987,0.005933123119329705,False
synthetic,Synthetic baseline,False,m30,insurance,synthetic|insurance,random_forest,False,43,random_forest|s43,8000,2000,0.3,0.3,4,2.9170037555234347,1.6596581256341978,2.011706626457207,5.868155784387053,0.043647571092583104,3.99,0.9572726190476192,0.015,0.6725435999687761,0.998672060088375,0.000662640685298433,False,0.998672060088375,0.000662640685298433,False,1.0,0.0,False,1.0,0.0,False,0.71682172754078,0.014124550343536747,False
synthetic,Synthetic baseline,False,ev10,age_group,synthetic|age_group,random_forest,False,43,random_forest|s43,8000,2000,0.3,0.3,3,1.9168584528832444,1.5343994907742584,1.6879028277792827,3.235470803074249,0.030194955538113466,5.19213835573077,0.9572726190476192,0.015,0.6725435999687761,0.8780920573839573,0.010304646225820984,False,0.87758630379746,0.010328726718230057,False,0.8989234728551249,0.009479141035994659,False,0.974697352461319,0.004917887136652591,False,0.08091196568213024,0.008583134144338691,False
synthetic,Synthetic baseline,False,ev10,sex,synthetic|sex,random_forest,False,43,random_forest|s43,8000,2000,0.3,0.3,2,1.1033445359502831,1.042657391200857,4.1059298835219336,4.530255301978908,0.00020528583287082736,1.0094807270363246,0.9572726190476192,0.015,0.6725435999687761,0.06902865295345038,0.007991347008712664,False,0.07080933912064494,0.008091445592834236,False,0.08552210907726264,0.00881439449719744,False,0.3178523185508205,0.014695305189693413,False,0.0,0.0,False
synthetic,Synthetic baseline,False,ev10,race,synthetic|race,random_forest,False,43,random_forest|s43,8000,2000,0.3,0.3,5,1.7850974134045974,1.222224959402562,3.197709951686093,5.708223763572985,0.026833759590792927,1.3761814744801513,0.9572726190476192,0.015,0.6725435999687761,0.8041225170186359,0.012456725149970295,False,0.8094846377264213,0.01233754787904915,False,0.8435069308739003,0.011426275617825847,False,0.9635738103163372,0.005910228441954264,False,0.03876320677740987,0.005933123119329705,False
synthetic,Synthetic baseline,False,ev10,insurance,synthetic|insurance,random_forest,False,43,random_forest|s43,8000,2000,0.3,0.3,4,2.9170037555234347,1.6596581256341978,2.011706626457207,5.868155784387053,0.043647571092583104,3.99,0.9572726190476192,0.015,0.6725435999687761,0.998672060088375,0.000662640685298433,False,0.998672060088375,0.000662640685298433,False,1.0,0.0,False,1.0,0.0,False,0.71682172754078,0.014124550343536747,False
synthetic,Synthetic baseline,False,m30,age_group,synthetic|age_group,random_forest,False,44,random_forest|s44,8000,2000,0.3,0.3,4,1.363236082795858,1.4200171879730648,1.7220647465406873,2.3475807993949687,0.07433501612401938,127.79411764705883,0.9498083333333334,0.0,0.6336764000006951,0.3112949694195266,0.014591726813928814,False,0.3032949694195266,0.014485129170325428,False,0.3683392684625739,0.015186739979571071,False,0.648854124193787,0.014990834336643702,False,0.001,0.0009994998749374,False
synthetic,Synthetic baseline,False,m30,sex,synthetic|sex,random_forest,False,44,random_forest|s44,8000,2000,0.3,0.3,2,1.012378633235412,1.010981187671564,3.1126186283894786,3.151148592792023,0.004045679890133158,1.0474833808167143,0.9498083333333334,0.0,0.6336764000006951,0.05736164965589533,0.00734944523815635,False,0.056733008652957696,0.007309085563271824,False,0.08212378633235412,0.008682114478480777,False,0.2972281539823742,0.014451368549003836,False,0.0,0.0,False
synthetic,Synthetic baseline,False,m30,race,synthetic|race,random_forest,False,44,random_forest|s44,8000,2000,0.3,0.3,5,1.0568067073763103,1.2035815658112448,3.095854249468939,3.2717195358982276,0.03131667660370696,1.118421052631579,0.9498083333333334,0.0,0.6336764000006951,0.06224873781139413,0.007631841828486848,False,0.06295293903268344,0.007666977991971909,False,0.0825680670737631,0.008703434435546827,False,0.30522520732773584,0.014559149721799409,False,0.0,0.0,False
synthetic,Synthetic baseline,False,m30,insurance,synthetic|insurance,random_forest,False,44,random_forest|s44,8000,2000,0.3,0.3,4,1.4307544672887382,1.5123018593443274,2.079706499748318,2.975549365164331,0.07656730974631754,3.5939510039711395,0.9498083333333334,0.0,0.6336764000006951,0.3842148246718371,0.01531671722166217,False,0.3762148246718371,0.015253303926038414,False,0.45678835214824687,0.015664856276020166,False,0.7501317009331071,0.013535708520426303,False,0.001,0.0009994998749374,False
synthetic,Synthetic baseline,False,ev10,age_group,synthetic|age_group,random_forest,False,44,random_forest|s44,8000,2000,0.3,0.3,3,1.363236082795858,1.4200171879730648,1.7220647465406873,2.3475807993949687,0.05965999334891181,6.0392156862745106,0.9498083333333334,0.0,0.6336764000006951,0.3112949694195266,0.014591726813928814,False,0.3032949694195266,0.014485129170325428,False,0.3683392684625739,0.015186739979571071,False,0.648854124193787,0.014990834336643702,False,0.001,0.0009994998749374,False
synthetic,Synthetic baseline,False,ev10,sex,synthetic|sex,random_forest,False,44,random_forest|s44,8000,2000,0.3,0.3,2,1.012378633235412,1.010981187671564,3.1126186283894786,3.151148592792023,0.004045679890133158,1.0474833808167143,0.9498083333333334,0.0,0.6336764000006951,0.05736164965589533,0.00734944523815635,False,0.056733008652957696,0.007309085563271824,False,0.08212378633235412,0.008682114478480777,False,0.2972281539823742,0.014451368549003836,False,0.0,0.0,False
synthetic,Synthetic baseline,False,ev10,race,synthetic|race,random_forest,False,44,random_forest|s44,8000,2000,0.3,0.3,5,1.0568067073763103,1.2035815658112448,3.095854249468939,3.2717195358982276,0.03131667660370696,1.118421052631579,0.9498083333333334,0.0,0.6336764000006951,0.06224873781139413,0.007631841828486848,False,0.06295293903268344,0.007666977991971909,False,0.0825680670737631,0.008703434435546827,False,0.30522520732773584,0.014559149721799409,False,0.0,0.0,False
synthetic,Synthetic baseline,False,ev10,insurance,synthetic|insurance,random_forest,False,44,random_forest|s44,8000,2000,0.3,0.3,4,1.4307544672887382,1.5123018593443274,2.079706499748318,2.975549365164331,0.07656730974631754,3.5939510039711395,0.9498083333333334,0.0,0.6336764000006951,0.3842148246718371,0.01531671722166217,False,0.3762148246718371,0.015253303926038414,False,0.45678835214824687,0.015664856276020166,False,0.7501317009331071,0.013535708520426303,False,0.001,0.0009994998749374,False
synthetic,Synthetic baseline,False,m30,age_group,synthetic|age_group,random_forest,False,45,random_forest|s45,8000,2000,0.3,0.3,3,1.4235092751643141,1.4378506013218484,1.722759936574549,2.452364748595356,0.030123691030698563,5.747293766330721,0.9528892857142857,0.007,0.6278510999982245,0.3763900171774591,0.015238920709914372,False,0.3683900171774591,0.015170873433483308,False,0.4472971504652513,0.015613551072976437,False,0.739263912746471,0.013691853638276632,False,0.001,0.0009994998749374,False
synthetic,Synthetic baseline,False,m30,sex,synthetic|sex,random_forest,False,45,random_forest|s45,8000,2000,0.3,0.3,2,1.3662254198433232,1.0224048959365437,3.2335465208325966,4.417753453007432,0.015987101499022383,1.0678672879672,0.9528892857142857,0.007,0.6278510999982245,0.31452345343078897,0.014623825340888132,False,0.30652345343078896,0.01451913965907494,False,0.37225529999475326,0.015207908299410282,False,0.6533381297649847,0.01492640949082115,False,0.001,0.0009994998749374,False
synthetic,Synthetic baseline,False,m30,race,synthetic|race,random_forest,False,45,random_forest|s45,8000,2000,0.3,0.3,5,1.2183996536365582,1.3561127100608443,3.6388288411785603,4.433547799734677,0.023968301435406625,1.4285714285714286,0.9528892857142857,0.007,0.6278510999982245,0.1388161833533222,0.010913952532353003,False,0.13305227163944955,0.010723873312132521,False,0.17228498470953574,0.01191848065379296,False,0.4847765466694328,0.015774456513293244,False,0.0,0.0,False
synthetic,Synthetic baseline,False,m30,insurance,synthetic|insurance,random_forest,False,45,random_forest|s45,8000,2000,0.3,0.3,4,2.215341433014589,1.455292341377743,2.086358710260295,4.621996894970512,0.062086054854431416,3.5700206644412655,0.9528892857142857,0.007,0.6278510999982245,0.9679592124593847,0.0053716828349779705,False,0.965820578191443,0.005557264556027522,False,0.9750387264785093,0.0047759924196686225,False,0.9974750230526419,0.0013382879771728206,False,0.2278389108996447,0.013129748529111297,False
synthetic,Synthetic baseline,False,ev10,age_group,synthetic|age_group,random_forest,False,45,random_forest|s45,8000,2000,0.3,0.3,3,1.4235092751643141,1.4378506013218484,1.722759936574549,2.452364748595356,0.030123691030698563,5.747293766330721,0.9528892857142857,0.007,0.6278510999982245,0.3763900171774591,0.015238920709914372,False,0.3683900171774591,0.015170873433483308,False,0.4472971504652513,0.015613551072976437,False,0.739263912746471,0.013691853638276632,False,0.001,0.0009994998749374,False
synthetic,Synthetic baseline,False,ev10,sex,synthetic|sex,random_forest,False,45,random_forest|s45,8000,2000,0.3,0.3,2,1.3662254198433232,1.0224048959365437,3.2335465208325966,4.417753453007432,0.015987101499022383,1.0678672879672,0.9528892857142857,0.007,0.6278510999982245,0.31452345343078897,0.014623825340888132,False,0.30652345343078896,0.01451913965907494,False,0.37225529999475326,0.015207908299410282,False,0.6533381297649847,0.01492640949082115,False,0.001,0.0009994998749374,False
synthetic,Synthetic baseline,False,ev10,race,synthetic|race,random_forest,False,45,random_forest|s45,8000,2000,0.3,0.3,5,1.2183996536365582,1.3561127100608443,3.6388288411785603,4.433547799734677,0.023968301435406625,1.4285714285714286,0.9528892857142857,0.007,0.6278510999982245,0.1388161833533222,0.010913952532353003,False,0.13305227163944955,0.010723873312132521,False,0.17228498470953574,0.01191848065379296,False,0.4847765466694328,0.015774456513293244,False,0.0,0.0,False
synthetic,Synthetic baseline,False,ev10,insurance,synthetic|insurance,random_forest,False,45,random_forest|s45,8000,2000,0.3,0.3,4,2.215341433014589,1.455292341377743,2.086358710260295,4.621996894970512,0.062086054854431416,3.5700206644412655,0.9528892857142857,0.007,0.6278510999982245,0.9679592124593847,0.0053716828349779705,False,0.965820578191443,0.005557264556027522,False,0.9750387264785093,0.0047759924196686225,False,0.9974750230526419,0.0013382879771728206,False,0.2278389108996447,0.013129748529111297,False
synthetic,Synthetic baseline,False,m30,age_group,synthetic|age_group,random_forest,False,46,random_forest|s46,8000,2000,0.3,0.3,3,2.1445750797479093,1.442605788263956,1.7263203927647943,3.7022236939840005,0.06210638637715271,5.002037964364737,0.9515678571428572,0.012,0.6651897000265308,0.951541418501515,0.006457617878378846,False,0.9491197188205066,0.006629153408827988,False,0.9628669137166403,0.005712575852568299,False,0.9943613035089081,0.0020300303257653543,False,0.1907573417879045,0.012130275281776615,False
synthetic,Synthetic baseline,False,m30,sex,synthetic|sex,random_forest,False,46,random_forest|s46,8000,2000,0.3,0.3,2,1.135837526708903,1.024231205641063,3.954211612409812,4.491341937923184,0.00094721366492867,1.1061875789232005,0.9515678571428572,0.012,0.6651897000265308,0.08873751620048206,0.008816727019445249,False,0.08838751444907861,0.008834875796340057,False,0.11002502014113986,0.009691026887207584,False,0.3649937887498017,0.015000070894079499,False,0.0,0.0,False
synthetic,Synthetic baseline,False,m30,race,synthetic|race,random_forest,False,46,random_forest|s46,8000,2000,0.3,0.3,5,1.4793037708834238,1.2797356529067887,3.548028125451845,5.248611385181359,0.014650613818026015,1.064750957854406,0.9515678571428572,0.012,0.6651897000265308,0.44954173174280426,0.01568547728067186,False,0.44154173174280426,0.01565749637833332,False,0.5236113546544618,0.015754938751944492,False,0.8077176954657553,0.012425195633286146,False,0.004516452506010862,0.0019588907077641837,False
synthetic,Synthetic baseline,False,m30,insurance,synthetic|insurance,random_forest,False,46,random_forest|s46,8000,2000,0.3,0.3,4,2.589994537843433,1.63738003131239,2.0637097113207457,5.344996880015179,0.06992855720783497,3.219316738937735,0.9515678571428572,0.012,0.6651897000265308,0.9953599781513738,0.0021460649935497447,False,0.9953599781513738,0.0021460649935497447,False,0.9974399126054949,0.0012774810446375988,False,1.0,0.0,False,0.5081554991829886,0.015495168459088764,False
synthetic,Synthetic baseline,False,ev10,age_group,synthetic|age_group,random_forest,False,46,random_forest|s46,8000,2000,0.3,0.3,3,2.1445750797479093,1.442605788263956,1.7263203927647943,3.7022236939840005,0.06210638637715271,5.002037964364737,0.9515678571428572,0.012,0.6651897000265308,0.951541418501515,0.006457617878378846,False,0.9491197188205066,0.006629153408827988,False,0.9628669137166403,0.005712575852568299,False,0.9943613035089081,0.0020300303257653543,False,0.1907573417879045,0.012130275281776615,False
synthetic,Synthetic baseline,False,ev10,sex,synthetic|sex,random_forest,False,46,random_forest|s46,8000,2000,0.3,0.3,2,1.135837526708903,1.024231205641063,3.954211612409812,4.491341937923184,0.00094721366492867,1.1061875789232005,0.9515678571428572,0.012,0.6651897000265308,0.08873751620048206,0.008816727019445249,False,0.08838751444907861,0.008834875796340057,False,0.11002502014113986,0.009691026887207584,False,0.3649937887498017,0.015000070894079499,False,0.0,0.0,False
synthetic,Synthetic baseline,False,ev10,race,synthetic|race,random_forest,False,46,random_forest|s46,8000,2000,0.3,0.3,5,1.4793037708834238,1.2797356529067887,3.548028125451845,5.248611385181359,0.014650613818026015,1.064750957854406,0.9515678571428572,0.012,0.6651897000265308,0.44954173174280426,0.01568547728067186,False,0.44154173174280426,0.01565749637833332,False,0.5236113546544618,0.015754938751944492,False,0.8077176954657553,0.012425195633286146,False,0.004516452506010862,0.0019588907077641837,False
synthetic,Synthetic baseline,False,ev10,insurance,synthetic|insurance,random_forest,False,46,random_forest|s46,8000,2000,0.3,0.3,4,2.589994537843433,1.63738003131239,2.0637097113207457,5.344996880015179,0.06992855720783497,3.219316738937735,0.9515678571428572,0.012,0.6651897000265308,0.9953599781513738,0.0021460649935497447,False,0.9953599781513738,0.0021460649935497447,False,0.9974399126054949,0.0012774810446375988,False,1.0,0.0,False,0.5081554991829886,0.015495168459088764,False
synthetic,Synthetic baseline,False,m30,age_group,synthetic|age_group,random_forest,False,47,random_forest|s47,8000,2000,0.3,0.3,3,2.5997088646103794,1.4647305275124736,1.700650870413688,4.421197143421822,0.02711690181016224,6.699806576402321,0.9554678571428571,0.024,0.6063072999822907,0.9953988354584415,0.0021369539338447177,False,0.9953988354584415,0.0021369539338447177,False,0.9975953418337661,0.0011999220154711647,False,1.0,0.0,False,0.5161601044389527,0.01547596900933654,False
synthetic,Synthetic baseline,False,m30,sex,synthetic|sex,random_forest,False,47,random_forest|s47,8000,2000,0.3,0.3,2,1.3151211741694189,1.0954705997516287,4.187659686889478,5.507279924444031,0.01464082383940224,1.0107920705261808,0.9554678571428571,0.024,0.6063072999822907,0.26316753894433625,0.01382161180069096,False,0.2579578450107827,0.013746681188552774,False,0.31367965636127815,0.014565902176361289,False,0.6021433041104525,0.015432892080096341,False,0.0006512117416941881,0.0006508860543811074,False
synthetic,Synthetic baseline,False,m30,race,synthetic|race,random_forest,False,47,random_forest|s47,8000,2000,0.3,0.3,5,1.319772377652564,1.2308186339006253,4.283963949778798,5.653857287777433,0.06915454233016372,1.1691698300049513,0.9554678571428571,0.024,0.6063072999822907,0.2676792063229871,0.013905356320795544,False,0.26209741611078197,0.013825073877572976,False,0.31865644408824345,0.014636193915220719,False,0.6057247307924742,0.015411982343296276,False,0.0006977237765256399,0.0006973748273782274,False
synthetic,Synthetic baseline,False,m30,insurance,synthetic|insurance,random_forest,False,47,random_forest|s47,8000,2000,0.3,0.3,4,3.5443150569339745,1.6534219479281296,2.007709055984839,7.115953437069762,0.04812268886375548,3.6243412131463804,0.9554678571428571,0.024,0.6063072999822907,1.0,0.0,True,1.0,0.0,True,1.0,0.0,True,1.0,0.0,True,0.806,0.0125045591685592,True
synthetic,Synthetic baseline,False,ev10,age_group,synthetic|age_group,random_forest,False,47,random_forest|s47,8000,2000,0.3,0.3,3,2.5997088646103794,1.4647305275124736,1.700650870413688,4.421197143421822,0.02711690181016224,6.699806576402321,0.9554678571428571,0.024,0.6063072999822907,0.9953988354584415,0.0021369539338447177,False,0.9953988354584415,0.0021369539338447177,False,0.9975953418337661,0.0011999220154711647,False,1.0,0.0,False,0.5161601044389527,0.01547596900933654,False
synthetic,Synthetic baseline,False,ev10,sex,synthetic|sex,random_forest,False,47,random_forest|s47,8000,2000,0.3,0.3,2,1.3151211741694189,1.0954705997516287,4.187659686889478,5.507279924444031,0.01464082383940224,1.0107920705261808,0.9554678571428571,0.024,0.6063072999822907,0.26316753894433625,0.01382161180069096,False,0.2579578450107827,0.013746681188552774,False,0.31367965636127815,0.014565902176361289,False,0.6021433041104525,0.015432892080096341,False,0.0006512117416941881,0.0006508860543811074,False
synthetic,Synthetic baseline,False,ev10,race,synthetic|race,random_forest,False,47,random_forest|s47,8000,2000,0.3,0.3,5,1.319772377652564,1.2308186339006253,4.283963949778798,5.653857287777433,0.06915454233016372,1.1691698300049513,0.9554678571428571,0.024,0.6063072999822907,0.2676792063229871,0.013905356320795544,False,0.26209741611078197,0.013825073877572976,False,0.31865644408824345,0.014636193915220719,False,0.6057247307924742,0.015411982343296276,False,0.0006977237765256399,0.0006973748273782274,False
synthetic,Synthetic baseline,False,ev10,insurance,synthetic|insurance,random_forest,False,47,random_forest|s47,8000,2000,0.3,0.3,4,3.5443150569339745,1.6534219479281296,2.007709055984839,7.115953437069762,0.04812268886375548,3.6243412131463804,0.9554678571428571,0.024,0.6063072999822907,1.0,0.0,True,1.0,0.0,True,1.0,0.0,True,1.0,0.0,True,0.806,0.0125045591685592,True
synthetic,Synthetic baseline,False,m30,age_group,synthetic|age_group,hgb_deep,False,42,hgb_deep|s42,8000,2000,0.3,0.3,3,1.0359446507452499,1.3133996295831307,3.930640952476943,4.071926468718703,0.08330589590471515,5.5115562403698,0.9446988095238095,0.0,1.012840999988839,0.059953911581977486,0.007499237078589082,False,0.06003225110433498,0.007498922719270008,False,0.0823594465074525,0.008693423239691855,False,0.30147003713414494,0.014508538999320366,False,0.0,0.0,False
synthetic,Synthetic baseline,False,m30,sex,synthetic|sex,hgb_deep,False,42,hgb_deep|s42,8000,2000,0.3,0.3,2,1.0063368500269612,1.0187631290285455,5.783413138316478,5.820061760017946,0.006230723372767977,1.0997971748065982,0.9446988095238095,0.0,1.012840999988839,0.05669705350296573,0.00731104206605009,False,0.05588715900377456,0.007260415696122183,False,0.08206336850026962,0.00867921517300564,False,0.296140633004853,0.01443671136449662,False,0.0,0.0,False
synthetic,Synthetic baseline,False,m30,race,synthetic|race,hgb_deep,False,42,hgb_deep|s42,8000,2000,0.3,0.3,5,1.1038076527694842,1.3681940030787887,5.59817738793563,6.17931104236443,0.037360309787410895,1.3667363470081004,0.9446988095238095,0.0,1.012840999988839,0.06930955987657235,0.008003111003232042,False,0.07105987772775373,0.008102041571323973,False,0.08587134471141428,0.008826888982764682,False,0.31852421754261223,0.01469964896108292,False,0.0,0.0,False
synthetic,Synthetic baseline,False,m30,insurance,synthetic|insurance,hgb_deep,False,42,hgb_deep|s42,8000,2000,0.3,0.3,4,1.2071432681736132,1.2123197779841468,4.471456090108172,5.397688118107985,0.06768175165448231,3.0994256823090516,0.9446988095238095,0.0,1.012840999988839,0.13198853971186372,0.01062802023319242,False,0.1269627516349055,0.0104663304778141,False,0.16379656288501976,0.011614793247343946,False,0.4684455612027011,0.015668878043464465,False,0.0,0.0,False
synthetic,Synthetic baseline,False,ev10,age_group,synthetic|age_group,hgb_deep,False,42,hgb_deep|s42,8000,2000,0.3,0.3,3,1.0359446507452499,1.3133996295831307,3.930640952476943,4.071926468718703,0.08330589590471515,5.5115562403698,0.9446988095238095,0.0,1.012840999988839,0.059953911581977486,0.007499237078589082,False,0.06003225110433498,0.007498922719270008,False,0.0823594465074525,0.008693423239691855,False,0.30147003713414494,0.014508538999320366,False,0.0,0.0,False
synthetic,Synthetic baseline,False,ev10,sex,synthetic|sex,hgb_deep,False,42,hgb_deep|s42,8000,2000,0.3,0.3,2,1.0063368500269612,1.0187631290285455,5.783413138316478,5.820061760017946,0.006230723372767977,1.0997971748065982,0.9446988095238095,0.0,1.012840999988839,0.05669705350296573,0.00731104206605009,False,0.05588715900377456,0.007260415696122183,False,0.08206336850026962,0.00867921517300564,False,0.296140633004853,0.01443671136449662,False,0.0,0.0,False
synthetic,Synthetic baseline,False,ev10,race,synthetic|race,hgb_deep,False,42,hgb_deep|s42,8000,2000,0.3,0.3,5,1.1038076527694842,1.3681940030787887,5.59817738793563,6.17931104236443,0.037360309787410895,1.3667363470081004,0.9446988095238095,0.0,1.012840999988839,0.06930955987657235,0.008003111003232042,False,0.07105987772775373,0.008102041571323973,False,0.08587134471141428,0.008826888982764682,False,0.31852421754261223,0.01469964896108292,False,0.0,0.0,False
synthetic,Synthetic baseline,False,ev10,insurance,synthetic|insurance,hgb_deep,False,42,hgb_deep|s42,8000,2000,0.3,0.3,4,1.2071432681736132,1.2123197779841468,4.471456090108172,5.397688118107985,0.06768175165448231,3.0994256823090516,0.9446988095238095,0.0,1.012840999988839,0.13198853971186372,0.01062802023319242,False,0.1269627516349055,0.0104663304778141,False,0.16379656288501976,0.011614793247343946,False,0.4684455612027011,0.015668878043464465,False,0.0,0.0,False
synthetic,Synthetic baseline,False,m30,age_group,synthetic|age_group,hgb_deep,False,43,hgb_deep|s43,8000,2000,0.3,0.3,3,1.0291129285434177,1.1905605461637914,3.8329463480880475,3.944534641230689,0.029505478496879456,5.19213835573077,0.9490940476190476,0.0,1.04383850004524,0.05920242213977595,0.007455812845304421,False,0.059075809996078484,0.007443889461621614,False,0.08229112928543418,0.008690144861620182,False,0.3002403271378152,0.014491965446552992,False,0.0,0.0,False
synthetic,Synthetic baseline,False,m30,sex,synthetic|sex,hgb_deep,False,43,hgb_deep|s43,8000,2000,0.3,0.3,2,1.060780020814011,1.0804644256635803,5.53679896433214,5.873325720627242,0.0016932107833026455,1.0094807270363246,0.9490940476190476,0.0,1.04383850004524,0.06268580228954121,0.007657097259626235,False,0.06350920291396153,0.007698985204161563,False,0.08260780020814011,0.00870534113246178,False,0.305940403746522,0.014568788860800609,False,0.0,0.0,False
synthetic,Synthetic baseline,False,m30,race,synthetic|race,hgb_deep,False,43,hgb_deep|s43,8000,2000,0.3,0.3,5,1.1275222297690117,1.1800790737505258,5.563240622345798,6.272677471248879,0.031779198635976225,1.3761814744801513,0.9490940476190476,0.0,1.04383850004524,0.08369381149923659,0.00860550362272941,False,0.08388907512094074,0.008644624214324796,False,0.10375446835040224,0.009466687469386307,False,0.3529297923697956,0.014922078155648884,False,0.0,0.0,False
synthetic,Synthetic baseline,False,m30,insurance,synthetic|insurance,hgb_deep,False,43,hgb_deep|s43,8000,2000,0.3,0.3,4,1.228870327222682,1.1565092021727363,4.384772874341042,5.388317276888616,0.05257804516445519,3.99,0.9490940476190476,0.0,1.04383850004524,0.15547676093350846,0.011408721212920582,False,0.15094897390979747,0.011258429194192428,False,0.19193044922732347,0.01239989619603773,False,0.505212867421653,0.01578796367245487,False,0.0,0.0,False
synthetic,Synthetic baseline,False,ev10,age_group,synthetic|age_group,hgb_deep,False,43,hgb_deep|s43,8000,2000,0.3,0.3,3,1.0291129285434177,1.1905605461637914,3.8329463480880475,3.944534641230689,0.029505478496879456,5.19213835573077,0.9490940476190476,0.0,1.04383850004524,0.05920242213977595,0.007455812845304421,False,0.059075809996078484,0.007443889461621614,False,0.08229112928543418,0.008690144861620182,False,0.3002403271378152,0.014491965446552992,False,0.0,0.0,False
synthetic,Synthetic baseline,False,ev10,sex,synthetic|sex,hgb_deep,False,43,hgb_deep|s43,8000,2000,0.3,0.3,2,1.060780020814011,1.0804644256635803,5.53679896433214,5.873325720627242,0.0016932107833026455,1.0094807270363246,0.9490940476190476,0.0,1.04383850004524,0.06268580228954121,0.007657097259626235,False,0.06350920291396153,0.007698985204161563,False,0.08260780020814011,0.00870534113246178,False,0.305940403746522,0.014568788860800609,False,0.0,0.0,False
synthetic,Synthetic baseline,False,ev10,race,synthetic|race,hgb_deep,False,43,hgb_deep|s43,8000,2000,0.3,0.3,5,1.1275222297690117,1.1800790737505258,5.563240622345798,6.272677471248879,0.031779198635976225,1.3761814744801513,0.9490940476190476,0.0,1.04383850004524,0.08369381149923659,0.00860550362272941,False,0.08388907512094074,0.008644624214324796,False,0.10375446835040224,0.009466687469386307,False,0.3529297923697956,0.014922078155648884,False,0.0,0.0,False
synthetic,Synthetic baseline,False,ev10,insurance,synthetic|insurance,hgb_deep,False,43,hgb_deep|s43,8000,2000,0.3,0.3,4,1.228870327222682,1.1565092021727363,4.384772874341042,5.388317276888616,0.05257804516445519,3.99,0.9490940476190476,0.0,1.04383850004524,0.15547676093350846,0.011408721212920582,False,0.15094897390979747,0.011258429194192428,False,0.19193044922732347,0.01239989619603773,False,0.505212867421653,0.01578796367245487,False,0.0,0.0,False
synthetic,Synthetic baseline,False,m30,age_group,synthetic|age_group,hgb_deep,False,44,hgb_deep|s44,8000,2000,0.3,0.3,4,2.275667107740526,4.209140425922292,1.7913623319688339,4.07654433690684,0.09077634281296665,127.79411764705883,0.9416333333333333,0.0,1.1078697000048123,0.97795070018828,0.004571935409924014,False,0.9761560370502042,0.0047446367328334285,False,0.9825400264644315,0.004078967119665125,False,0.9991026684309621,0.0008968827910307573,False,0.26530166502087565,0.013830109767735091,False
synthetic,Synthetic baseline,False,m30,sex,synthetic|sex,hgb_deep,False,44,hgb_deep|s44,8000,2000,0.3,0.3,2,1.0135641748146094,1.0378455143623977,5.871026643271005,5.950662275001562,0.0012777502607825841,1.0474833808167143,0.9416333333333333,0.0,1.1078697000048123,0.05749205922960703,0.0073569808540058824,False,0.05689898447404531,0.0073186357488990075,False,0.0821356417481461,0.008682683391179724,False,0.29744155146662965,0.014454244637249269,False,0.0,0.0,False
synthetic,Synthetic baseline,False,m30,race,synthetic|race,hgb_deep,False,44,hgb_deep|s44,8000,2000,0.3,0.3,5,1.0748559888962348,1.1083304121093225,5.782360943178363,6.215205289734944,0.031204310253689305,1.118421052631579,0.9416333333333333,0.0,1.1078697000048123,0.06423415877858582,0.007746567835807743,False,0.06547983844547287,0.007812374823240605,False,0.08274855988896235,0.008712095848730244,False,0.30847407800132226,0.014602936736383146,False,0.0,0.0,False
synthetic,Synthetic baseline,False,m30,insurance,synthetic|insurance,hgb_deep,False,44,hgb_deep|s44,8000,2000,0.3,0.3,4,1.2337018412561922,1.2611290959350516,4.479114416961584,5.525891703402663,0.09663598246787097,3.5939510039711395,0.9416333333333333,0.0,1.1078697000048123,0.16565745121840503,0.011692348838883593,False,0.16216498863044623,0.011576422614896432,False,0.20383668023847365,0.012670139621272421,False,0.5159112199244257,0.015773714525281653,False,0.0,0.0,False
synthetic,Synthetic baseline,False,ev10,age_group,synthetic|age_group,hgb_deep,False,44,hgb_deep|s44,8000,2000,0.3,0.3,3,1.0752539694124184,1.3543576159323256,3.791238584438337,4.07654433690684,0.06561440394449669,6.0392156862745106,0.9416333333333333,0.0,1.1078697000048123,0.06427793663536602,0.007749097505233246,False,0.06553555571773856,0.007815580773898304,False,0.08275253969412419,0.008712286829943863,False,0.3085457144942353,0.014603902225156033,False,0.0,0.0,False
synthetic,Synthetic baseline,False,ev10,sex,synthetic|sex,hgb_deep,False,44,hgb_deep|s44,8000,2000,0.3,0.3,2,1.0135641748146094,1.0378455143623977,5.871026643271005,5.950662275001562,0.0012777502607825841,1.0474833808167143,0.9416333333333333,0.0,1.1078697000048123,0.05749205922960703,0.0073569808540058824,False,0.05689898447404531,0.0073186357488990075,False,0.0821356417481461,0.008682683391179724,False,0.29744155146662965,0.014454244637249269,False,0.0,0.0,False
synthetic,Synthetic baseline,False,ev10,race,synthetic|race,hgb_deep,False,44,hgb_deep|s44,8000,2000,0.3,0.3,5,1.0748559888962348,1.1083304121093225,5.782360943178363,6.215205289734944,0.031204310253689305,1.118421052631579,0.9416333333333333,0.0,1.1078697000048123,0.06423415877858582,0.007746567835807743,False,0.06547983844547287,0.007812374823240605,False,0.08274855988896235,0.008712095848730244,False,0.30847407800132226,0.014602936736383146,False,0.0,0.0,False
synthetic,Synthetic baseline,False,ev10,insurance,synthetic|insurance,hgb_deep,False,44,hgb_deep|s44,8000,2000,0.3,0.3,4,1.2337018412561922,1.2611290959350516,4.479114416961584,5.525891703402663,0.09663598246787097,3.5939510039711395,0.9416333333333333,0.0,1.1078697000048123,0.16565745121840503,0.011692348838883593,False,0.16216498863044623,0.011576422614896432,False,0.20383668023847365,0.012670139621272421,False,0.5159112199244257,0.015773714525281653,False,0.0,0.0,False
synthetic,Synthetic baseline,False,m30,age_group,synthetic|age_group,hgb_deep,False,45,hgb_deep|s45,8000,2000,0.3,0.3,3,1.0809733448929821,1.2267189114303572,3.9106251833472525,4.227281585065611,0.03481492983821499,5.747293766330721,0.9478595238095238,0.0,1.0553813999867998,0.06490706793822804,0.007785451368545188,False,0.0663362682850175,0.007861653470520154,False,0.08280973344892982,0.00871503141975668,False,0.30957520208073674,0.014617777258203795,False,0.0,0.0,False
synthetic,Synthetic baseline,False,m30,sex,synthetic|sex,hgb_deep,False,45,hgb_deep|s45,8000,2000,0.3,0.3,2,1.0128272474016884,1.02503041542415,5.886077055452125,5.961579222067811,0.018691629982477642,1.0678672879672,0.9478595238095238,0.0,1.0553813999867998,0.05741099721418572,0.007352296748454289,False,0.056795814636236376,0.007312699395665474,False,0.08212827247401688,0.008682329757557108,False,0.2973089045323039,0.0144524568734903,False,0.0,0.0,False
synthetic,Synthetic baseline,False,m30,race,synthetic|race,hgb_deep,False,45,hgb_deep|s45,8000,2000,0.3,0.3,5,1.128398081363791,1.4182288351038246,5.64834895403709,6.373586122608629,0.040168418890874524,1.4285714285714286,0.9478595238095238,0.0,1.0553813999867998,0.08422506574525027,0.008627751817857687,False,0.08436289647549348,0.008664663444760209,False,0.10441494660220305,0.009490317177175576,False,0.3542004950933689,0.014930293143619783,False,0.0,0.0,False
synthetic,Synthetic baseline,False,m30,insurance,synthetic|insurance,hgb_deep,False,45,hgb_deep|s45,8000,2000,0.3,0.3,4,1.2151279461085458,1.1806166954375894,4.5154594157141155,5.486860925553187,0.06617737846254501,3.5700206644412655,0.9478595238095238,0.0,1.0553813999867998,0.13683170501665892,0.010830845316564674,False,0.13128233150134447,0.010649017592896626,False,0.16981779542611652,0.011830212854408106,False,0.48002988902633287,0.01574376976436554,False,0.0,0.0,False
synthetic,Synthetic baseline,False,ev10,age_group,synthetic|age_group,hgb_deep,False,45,hgb_deep|s45,8000,2000,0.3,0.3,3,1.0809733448929821,1.2267189114303572,3.9106251833472525,4.227281585065611,0.03481492983821499,5.747293766330721,0.9478595238095238,0.0,1.0553813999867998,0.06490706793822804,0.007785451368545188,False,0.0663362682850175,0.007861653470520154,False,0.08280973344892982,0.00871503141975668,False,0.30957520208073674,0.014617777258203795,False,0.0,0.0,False
synthetic,Synthetic baseline,False,ev10,sex,synthetic|sex,hgb_deep,False,45,hgb_deep|s45,8000,2000,0.3,0.3,2,1.0128272474016884,1.02503041542415,5.886077055452125,5.961579222067811,0.018691629982477642,1.0678672879672,0.9478595238095238,0.0,1.0553813999867998,0.05741099721418572,0.007352296748454289,False,0.056795814636236376,0.007312699395665474,False,0.08212827247401688,0.008682329757557108,False,0.2973089045323039,0.0144524568734903,False,0.0,0.0,False
synthetic,Synthetic baseline,False,ev10,race,synthetic|race,hgb_deep,False,45,hgb_deep|s45,8000,2000,0.3,0.3,5,1.128398081363791,1.4182288351038246,5.64834895403709,6.373586122608629,0.040168418890874524,1.4285714285714286,0.9478595238095238,0.0,1.0553813999867998,0.08422506574525027,0.008627751817857687,False,0.08436289647549348,0.008664663444760209,False,0.10441494660220305,0.009490317177175576,False,0.3542004950933689,0.014930293143619783,False,0.0,0.0,False
synthetic,Synthetic baseline,False,ev10,insurance,synthetic|insurance,hgb_deep,False,45,hgb_deep|s45,8000,2000,0.3,0.3,4,1.2151279461085458,1.1806166954375894,4.5154594157141155,5.486860925553187,0.06617737846254501,3.5700206644412655,0.9478595238095238,0.0,1.0553813999867998,0.13683170501665892,0.010830845316564674,False,0.13128233150134447,0.010649017592896626,False,0.16981779542611652,0.011830212854408106,False,0.48002988902633287,0.01574376976436554,False,0.0,0.0,False
synthetic,Synthetic baseline,False,m30,age_group,synthetic|age_group,hgb_deep,False,46,hgb_deep|s46,8000,2000,0.3,0.3,3,1.1037124432255834,1.4326507326611675,3.758608025607982,4.148422447071072,0.06225150379178157,5.002037964364737,0.9494464285714287,0.0,1.0160253000212833,0.0692518098253538,0.008000692510734675,False,0.07100837092531556,0.008099863204576396,False,0.08579954735043986,0.00882432031278162,False,0.31838608566334625,0.014698755949912396,False,0.0,0.0,False
synthetic,Synthetic baseline,False,m30,sex,synthetic|sex,hgb_deep,False,46,hgb_deep|s46,8000,2000,0.3,0.3,2,1.027884646223958,1.0789051661935223,5.637067790354576,5.794255431429081,0.006193044722302643,1.1061875789232005,0.9494464285714287,0.0,1.0160253000212833,0.05906731108463537,0.007448005558004984,False,0.05890385047135411,0.007433994975962688,False,0.08227884646223958,0.008689555438674843,False,0.3000192363203124,0.014488985670556048,False,0.0,0.0,False
synthetic,Synthetic baseline,False,m30,race,synthetic|race,hgb_deep,False,46,hgb_deep|s46,8000,2000,0.3,0.3,5,1.0724509447309618,1.1763395883068941,5.419994965039989,5.812678720694192,0.030708744247205932,1.064750957854406,0.9494464285714287,0.0,1.0160253000212833,0.0639696039204058,0.007731280738966375,False,0.06514313226233465,0.007793000877507312,False,0.08272450944730962,0.00871094172626743,False,0.3080411700515731,0.01459710217151013,False,0.0,0.0,False
synthetic,Synthetic baseline,False,m30,insurance,synthetic|insurance,hgb_deep,False,46,hgb_deep|s46,8000,2000,0.3,0.3,4,1.1717232533167896,1.24857515875312,4.4691191260268575,5.236570801808477,0.07056723475917992,3.219316738937735,0.9494464285714287,0.0,1.0160253000212833,0.11050426840526581,0.009728288581530966,False,0.10780110425334519,0.009655930811966102,False,0.13708638774708723,0.010659192314552157,False,0.41705750686124393,0.015336658523956498,False,0.0,0.0,False
synthetic,Synthetic baseline,False,ev10,age_group,synthetic|age_group,hgb_deep,False,46,hgb_deep|s46,8000,2000,0.3,0.3,3,1.1037124432255834,1.4326507326611675,3.758608025607982,4.148422447071072,0.06225150379178157,5.002037964364737,0.9494464285714287,0.0,1.0160253000212833,0.0692518098253538,0.008000692510734675,False,0.07100837092531556,0.008099863204576396,False,0.08579954735043986,0.00882432031278162,False,0.31838608566334625,0.014698755949912396,False,0.0,0.0,False
synthetic,Synthetic baseline,False,ev10,sex,synthetic|sex,hgb_deep,False,46,hgb_deep|s46,8000,2000,0.3,0.3,2,1.027884646223958,1.0789051661935223,5.637067790354576,5.794255431429081,0.006193044722302643,1.1061875789232005,0.9494464285714287,0.0,1.0160253000212833,0.05906731108463537,0.007448005558004984,False,0.05890385047135411,0.007433994975962688,False,0.08227884646223958,0.008689555438674843,False,0.3000192363203124,0.014488985670556048,False,0.0,0.0,False
synthetic,Synthetic baseline,False,ev10,race,synthetic|race,hgb_deep,False,46,hgb_deep|s46,8000,2000,0.3,0.3,5,1.0724509447309618,1.1763395883068941,5.419994965039989,5.812678720694192,0.030708744247205932,1.064750957854406,0.9494464285714287,0.0,1.0160253000212833,0.0639696039204058,0.007731280738966375,False,0.06514313226233465,0.007793000877507312,False,0.08272450944730962,0.00871094172626743,False,0.3080411700515731,0.01459710217151013,False,0.0,0.0,False
synthetic,Synthetic baseline,False,ev10,insurance,synthetic|insurance,hgb_deep,False,46,hgb_deep|s46,8000,2000,0.3,0.3,4,1.1717232533167896,1.24857515875312,4.4691191260268575,5.236570801808477,0.07056723475917992,3.219316738937735,0.9494464285714287,0.0,1.0160253000212833,0.11050426840526581,0.009728288581530966,False,0.10780110425334519,0.009655930811966102,False,0.13708638774708723,0.010659192314552157,False,0.41705750686124393,0.015336658523956498,False,0.0,0.0,False
synthetic,Synthetic baseline,False,m30,age_group,synthetic|age_group,hgb_deep,False,47,hgb_deep|s47,8000,2000,0.3,0.3,3,1.053020067085326,1.252169735680148,3.8158435900163847,4.018159873146165,0.02188327199676232,6.699806576402321,0.9487654761904765,0.0,1.0618987999623641,0.06183220737938586,0.0076077729412424725,False,0.06242280939194564,0.007636474534044472,False,0.08253020067085326,0.008701617318555161,False,0.3045436120753587,0.014549963446242585,False,0.0,0.0,False
synthetic,Synthetic baseline,False,m30,sex,synthetic|sex,hgb_deep,False,47,hgb_deep|s47,8000,2000,0.3,0.3,2,1.0140131506242158,1.0331662968010467,5.696360458502076,5.776184415616892,0.020733992657744005,1.0107920705261808,0.9487654761904765,0.0,1.0618987999623641,0.05754144656866374,0.007359834663004482,False,0.05696184108739021,0.007322252494527414,False,0.08214013150624216,0.008682898843799934,False,0.29752236711235885,0.014455333839071584,False,0.0,0.0,False
synthetic,Synthetic baseline,False,m30,race,synthetic|race,hgb_deep,False,47,hgb_deep|s47,8000,2000,0.3,0.3,5,1.08726923992096,1.284616162642456,5.513030249176932,5.994148208683864,0.06993824138972504,1.1691698300049513,0.9487654761904765,0.0,1.0618987999623641,0.0655996163913056,0.007825469742588168,False,0.0672176935889344,0.00791237034731427,False,0.08287269239920961,0.00871805266734133,False,0.3107084631857728,0.014633050910349086,False,0.0,0.0,False
synthetic,Synthetic baseline,False,m30,insurance,synthetic|insurance,hgb_deep,False,47,hgb_deep|s47,8000,2000,0.3,0.3,4,1.2493455643939841,1.2479458303582827,4.311141423649881,5.386105415112144,0.05583969873668104,3.6243412131463804,0.9487654761904765,0.0,1.0618987999623641,0.19862101068732374,0.012610692866039596,False,0.19848077448603463,0.012606037969137392,False,0.2423872836851752,0.013545147599073656,False,0.5505508925866792,0.015727577908109178,False,0.0,0.0,False
synthetic,Synthetic baseline,False,ev10,age_group,synthetic|age_group,hgb_deep,False,47,hgb_deep|s47,8000,2000,0.3,0.3,3,1.053020067085326,1.252169735680148,3.8158435900163847,4.018159873146165,0.02188327199676232,6.699806576402321,0.9487654761904765,0.0,1.0618987999623641,0.06183220737938586,0.0076077729412424725,False,0.06242280939194564,0.007636474534044472,False,0.08253020067085326,0.008701617318555161,False,0.3045436120753587,0.014549963446242585,False,0.0,0.0,False
synthetic,Synthetic baseline,False,ev10,sex,synthetic|sex,hgb_deep,False,47,hgb_deep|s47,8000,2000,0.3,0.3,2,1.0140131506242158,1.0331662968010467,5.696360458502076,5.776184415616892,0.020733992657744005,1.0107920705261808,0.9487654761904765,0.0,1.0618987999623641,0.05754144656866374,0.007359834663004482,False,0.05696184108739021,0.007322252494527414,False,0.08214013150624216,0.008682898843799934,False,0.29752236711235885,0.014455333839071584,False,0.0,0.0,False
synthetic,Synthetic baseline,False,ev10,race,synthetic|race,hgb_deep,False,47,hgb_deep|s47,8000,2000,0.3,0.3,5,1.08726923992096,1.284616162642456,5.513030249176932,5.994148208683864,0.06993824138972504,1.1691698300049513,0.9487654761904765,0.0,1.0618987999623641,0.0655996163913056,0.007825469742588168,False,0.0672176935889344,0.00791237034731427,False,0.08287269239920961,0.00871805266734133,False,0.3107084631857728,0.014633050910349086,False,0.0,0.0,False
synthetic,Synthetic baseline,False,ev10,insurance,synthetic|insurance,hgb_deep,False,47,hgb_deep|s47,8000,2000,0.3,0.3,4,1.2493455643939841,1.2479458303582827,4.311141423649881,5.386105415112144,0.05583969873668104,3.6243412131463804,0.9487654761904765,0.0,1.0618987999623641,0.19862101068732374,0.012610692866039596,False,0.19848077448603463,0.012606037969137392,False,0.2423872836851752,0.013545147599073656,False,0.5505508925866792,0.015727577908109178,False,0.0,0.0,False
nhanes2123,NHANES 21-23,True,m30,age_group,nhanes2123|age_group,published,False,,published,3276,820,0.13095238095238096,0.13048780487804879,4,1.60152271596277,2.26869858453278,1.8562453058666586,2.972819023744714,0.07484407484407474,4.244094488188976,0.9638882699138824,0.0,0.0015720999799668789,0.6186952904385505,0.015348461213348721,False,0.6118374105950758,0.015397954975735623,False,0.6834922616435146,0.014698078782803157,False,0.8877512065416332,0.009972058968889416,False,0.007213180234787798,0.0026626699046466296,False
nhanes2123,NHANES 21-23,True,m30,sex,nhanes2123|sex,published,False,,published,3276,820,0.13095238095238096,0.13048780487804879,2,1.089801412991661,1.1971060134647704,2.736013497547178,2.9817113755911704,0.020325548619559597,1.2386259541984732,0.9638882699138824,0.0,0.0015720999799668789,0.0658781554290827,0.007841564904377644,False,0.06757219781883252,0.00793276838588979,False,0.08289801412991661,0.008719267795887753,False,0.3111642543384989,0.01463919388612643,False,0.0,0.0,False
nhanes2123,NHANES 21-23,True,m30,race,nhanes2123|race,published,False,,published,3276,820,0.13095238095238096,0.13048780487804879,5,1.316005146392062,1.6140069666545487,2.5781873681826526,3.3929078448913765,0.0464975845410629,2.6160657811511703,0.9638882699138824,0.0,0.0015720999799668789,0.2640249920003,0.01383752764480298,False,0.25874458028893504,0.013761579904509465,False,0.31462550663950617,0.014579261287580176,False,0.6028239627218877,0.015428918135163377,False,0.0006600514639206184,0.0006597213556409058,False
nhanes2123,NHANES 21-23,True,m30,insured,nhanes2123|insured,published,False,,published,3276,820,0.13095238095238096,0.13048780487804879,2,1.139703464064713,1.288255244888587,2.5338250823694355,2.8878092237105024,0.032843606941339476,1.5221631205673758,0.9638882699138824,0.0,0.0015720999799668789,0.09108242902285868,0.008914928734391528,False,0.09047892318254963,0.0089233273216712,False,0.11294031716355404,0.009795326486128138,False,0.37060256671683767,0.015036331179570251,False,0.0,0.0,False
nhanes2123,NHANES 21-23,True,ev10,age_group,nhanes2123|age_group,published,False,,published,3276,820,0.13095238095238096,0.13048780487804879,3,1.3222429858578326,1.7709790643515062,2.2483152155396278,2.972819023744714,0.04017254199735931,2.395341207349081,0.9638882699138824,0.0,0.0015720999799668789,0.2700756962820976,0.013949839409799587,False,0.26429625741347096,0.013866714201723106,False,0.32129999486788086,0.014673531208120937,False,0.607627099110531,0.015400875590496608,False,0.0007224298585783256,0.0007220685533000799,False
nhanes2123,NHANES 21-23,True,ev10,sex,nhanes2123|sex,published,False,,published,3276,820,0.13095238095238096,0.13048780487804879,2,1.089801412991661,1.1971060134647704,2.736013497547178,2.9817113755911704,0.020325548619559597,1.2386259541984732,0.9638882699138824,0.0,0.0015720999799668789,0.0658781554290827,0.007841564904377644,False,0.06757219781883252,0.00793276838588979,False,0.08289801412991661,0.008719267795887753,False,0.3111642543384989,0.01463919388612643,False,0.0,0.0,False
nhanes2123,NHANES 21-23,True,ev10,race,nhanes2123|race,published,False,,published,3276,820,0.13095238095238096,0.13048780487804879,4,1.2923497776068837,1.6140069666545487,2.5781873681826526,3.331919871899728,0.0464975845410629,2.6160657811511703,0.9638882699138824,0.0,0.0015720999799668789,0.2410792842786772,0.0134116147570976,False,0.2376913020701265,0.013362885679336437,False,0.28931426203936556,0.014221767359116982,False,0.5846093287573004,0.015535262124842387,False,0.00042349777606883707,0.0004232859742170696,False
nhanes2123,NHANES 21-23,True,m30,age_group,nhanes2123|age_group,xgb_published,True,42,xgb_published|s42,3276,820,0.13095238095238096,0.13048780487804879,4,1.7322298423467657,2.3184249275101214,1.8130923576157416,3.140692688792842,0.09819863680623175,8.379310344827587,0.9515670262547352,0.0,0.07863709999946877,0.7642158911460658,0.013292711460738346,False,0.7695573430984306,0.013161674881904008,False,0.8115852454998304,0.012240391318459824,False,0.952233388891071,0.006582793673706204,False,0.025512177928547198,0.004911199076516356,False
nhanes2123,NHANES 21-23,True,m30,sex,nhanes2123|sex,xgb_published,True,42,xgb_published|s42,3276,820,0.13095238095238096,0.13048780487804879,2,1.1382449821241774,1.0870772289535973,2.7501438505456646,3.130337438003266,0.034938259365740465,1.633693330168526,0.9515670262547352,0.0,0.07863709999946877,0.09019777604253378,0.008877880687670458,False,0.08968990836225986,0.008889957677925053,False,0.1118404783231501,0.00975597792265436,False,0.36848657242606053,0.015022651451556178,False,0.0,0.0,False
nhanes2123,NHANES 21-23,True,m30,race,nhanes2123|race,xgb_published,True,42,xgb_published|s42,3276,820,0.13095238095238096,0.13048780487804879,5,1.2461653700061244,1.4554389339654408,2.7657626300117655,3.4465976111777232,0.11228330397700925,1.655803195962994,0.9515670262547352,0.0,0.07863709999946877,0.19191988679861924,0.012424003770639364,False,0.19109818037136017,0.012396728654316987,False,0.23455037608652077,0.013367268239037323,False,0.5435090335849897,0.015736956967666443,False,0.0,0.0,False
nhanes2123,NHANES 21-23,True,m30,insured,nhanes2123|insured,xgb_published,True,42,xgb_published|s42,3276,820,0.13095238095238096,0.13048780487804879,2,1.1868925829253782,1.5172922881673712,2.49252041781616,2.9583539966960655,0.05060520402986157,3.9960629921259843,0.9515670262547352,0.0,0.07863709999946877,0.11970533718424581,0.010113616652072504,False,0.11600746289405708,0.010003000673332072,False,0.14852555433717046,0.011068447521880248,False,0.43906546867042584,0.0154789381761304,False,0.0,0.0,False
nhanes2123,NHANES 21-23,True,ev10,age_group,nhanes2123|age_group,xgb_published,True,42,xgb_published|s42,3276,820,0.13095238095238096,0.13048780487804879,3,1.4119683725784975,1.5277025440642829,2.224336429758264,3.140692688792842,0.08199031493868458,3.310344827586207,0.9515670262547352,0.0,0.07863709999946877,0.36392584238477715,0.015114998259249331,False,0.35592584238477715,0.015039569491732421,False,0.4321785680778315,0.015531826759762274,False,0.721952558867746,0.013940577973451487,False,0.001,0.0009994998749374,False
nhanes2123,NHANES 21-23,True,ev10,sex,nhanes2123|sex,xgb_published,True,42,xgb_published|s42,3276,820,0.13095238095238096,0.13048780487804879,2,1.1382449821241774,1.0870772289535973,2.7501438505456646,3.130337438003266,0.034938259365740465,1.633693330168526,0.9515670262547352,0.0,0.07863709999946877,0.09019777604253378,0.008877880687670458,False,0.08968990836225986,0.008889957677925053,False,0.1118404783231501,0.00975597792265436,False,0.36848657242606053,0.015022651451556178,False,0.0,0.0,False
nhanes2123,NHANES 21-23,True,ev10,race,nhanes2123|race,xgb_published,True,42,xgb_published|s42,3276,820,0.13095238095238096,0.13048780487804879,4,1.2461653700061244,1.3447407536626217,2.7657626300117655,3.4465976111777232,0.1096813231141589,1.655803195962994,0.9515670262547352,0.0,0.07863709999946877,0.19191988679861924,0.012424003770639364,False,0.19109818037136017,0.012396728654316987,False,0.23455037608652077,0.013367268239037323,False,0.5435090335849897,0.015736956967666443,False,0.0,0.0,False
nhanes2123,NHANES 21-23,True,m30,age_group,nhanes2123|age_group,xgb_published,True,43,xgb_published|s43,3276,820,0.13095238095238096,0.13048780487804879,4,1.398895613758276,2.3781114874684057,1.959586983291794,2.7412576357047027,0.04832419404778365,3.280334728033473,0.9653694406941842,0.0,0.0818122000200674,0.34980726285893793,0.0149746272355873,False,0.3418072628589379,0.014890837211055928,False,0.41505325402334137,0.015439254950196012,False,0.7023434206374137,0.014222316184330836,False,0.001,0.0009994998749374,False
nhanes2123,NHANES 21-23,True,m30,sex,nhanes2123|sex,xgb_published,True,43,xgb_published|s43,3276,820,0.13095238095238096,0.13048780487804879,2,1.0949542546079236,1.0697735836843667,2.6229780612191074,2.872040987875104,0.02572252770425698,1.0414772727272728,0.9653694406941842,0.0,0.0818122000200674,0.0664449680068716,0.0078743177286016,False,0.0682935956451093,0.007974277342476622,False,0.08294954254607924,0.008721740519816286,False,0.3120917658294262,0.014651694525043824,False,0.0,0.0,False
nhanes2123,NHANES 21-23,True,m30,race,nhanes2123|race,xgb_published,True,43,xgb_published|s43,3276,820,0.13095238095238096,0.13048780487804879,5,1.2617233203664595,1.4008720417817595,2.5961587249282103,3.2756340066147756,0.07817460317460301,1.7300073367571533,0.9653694406941842,0.0,0.0818122000200674,0.21137162075546573,0.012860188019179753,False,0.21043375512614895,0.012846698772670384,False,0.2565439527921117,0.01375892221756715,False,0.5610269566821738,0.01567294501967517,False,0.00011723320366459502,0.00011717457240127343,False
nhanes2123,NHANES 21-23,True,m30,insured,nhanes2123|insured,xgb_published,True,43,xgb_published|s43,3276,820,0.13095238095238096,0.13048780487804879,2,1.0200731527072169,1.0095254508320326,2.7234392873804056,2.778107300084826,0.04691609095823046,1.2504736642667678,0.9653694406941842,0.0,0.0818122000200674,0.05820804679779386,0.007398353639096219,False,0.05781024137901036,0.007371069124672908,False,0.08220073152707218,0.008685806892071844,False,0.29861316748729905,0.014470035222020979,False,0.0,0.0,False
nhanes2123,NHANES 21-23,True,ev10,age_group,nhanes2123|age_group,xgb_published,True,43,xgb_published|s43,3276,820,0.13095238095238096,0.13048780487804879,3,1.2490406986720242,1.3333972591881555,2.1946904040990804,2.7412576357047027,0.03395866978685347,2.653556485355648,0.9653694406941842,0.0,0.0818122000200674,0.19797861505890807,0.012592796128007318,False,0.19777305048862753,0.012585972769469326,False,0.24163600744177383,0.01352809539631326,False,0.5498758327737678,0.015728477020998045,False,0.0,0.0,False
nhanes2123,NHANES 21-23,True,ev10,sex,nhanes2123|sex,xgb_published,True,43,xgb_published|s43,3276,820,0.13095238095238096,0.13048780487804879,2,1.0949542546079236,1.0697735836843667,2.6229780612191074,2.872040987875104,0.02572252770425698,1.0414772727272728,0.9653694406941842,0.0,0.0818122000200674,0.0664449680068716,0.0078743177286016,False,0.0682935956451093,0.007974277342476622,False,0.08294954254607924,0.008721740519816286,False,0.3120917658294262,0.014651694525043824,False,0.0,0.0,False
nhanes2123,NHANES 21-23,True,ev10,race,nhanes2123|race,xgb_published,True,43,xgb_published|s43,3276,820,0.13095238095238096,0.13048780487804879,4,1.2617233203664595,1.3608485512528061,2.5961587249282103,3.2756340066147756,0.036255411255411096,1.7300073367571533,0.9653694406941842,0.0,0.0818122000200674,0.21137162075546573,0.012860188019179753,False,0.21043375512614895,0.012846698772670384,False,0.2565439527921117,0.01375892221756715,False,0.5610269566821738,0.01567294501967517,False,0.00011723320366459502,0.00011717457240127343,False
nhanes2123,NHANES 21-23,True,m30,age_group,nhanes2123|age_group,xgb_published,True,44,xgb_published|s44,3276,820,0.13095238095238096,0.13048780487804879,4,1.9848069470529943,2.7970765564457327,1.4550982475025558,2.88808911028771,0.044636316064887493,6.052631578947368,0.974662804262626,0.0,0.08262070000637323,0.9107073345854373,0.008973756665911322,False,0.9081631261738474,0.009094894296919918,False,0.9308592651149072,0.007964644435676425,False,0.985569111528479,0.003712724544662702,False,0.10877084829172767,0.009813298948843023,False
nhanes2123,NHANES 21-23,True,m30,sex,nhanes2123|sex,xgb_published,True,44,xgb_published|s44,3276,820,0.13095238095238096,0.13048780487804879,2,1.0280267426966292,1.0127147063951414,2.7529177406512972,2.830073057833517,0.0016838606390843225,1.057834155508574,0.974662804262626,0.0,0.08262070000637323,0.05908294169662921,0.007448908760769369,False,0.05892374397752809,0.007435139640742726,False,0.0822802674269663,0.008689623627331569,False,0.30004481368539326,0.014489330392328728,False,0.0,0.0,False
nhanes2123,NHANES 21-23,True,m30,race,nhanes2123|race,xgb_published,True,44,xgb_published|s44,3276,820,0.13095238095238096,0.13048780487804879,5,1.2888120457504124,2.1528526363628813,2.585279982700899,3.3319399833423367,0.0630577061217974,1.9342421812349642,0.974662804262626,0.0,0.08262070000637323,0.23764768437790001,0.013347918198206448,False,0.23454272071786703,0.013303259753645118,False,0.28552888895294126,0.014168303062250398,False,0.5818852752278175,0.015551166189727118,False,0.0003881204575041238,0.00038792634873601817,False
nhanes2123,NHANES 21-23,True,m30,insured,nhanes2123|insured,xgb_published,True,44,xgb_published|s44,3276,820,0.13095238095238096,0.13048780487804879,2,1.0935307708442452,1.321184147013364,2.56402133800601,2.8038362302108055,0.006753810203510624,1.707737321196359,0.974662804262626,0.0,0.08262070000637323,0.06628838479286697,0.007865269689292518,False,0.06809430791819432,0.007962810402456168,False,0.08293530770844246,0.008721057424424179,False,0.3118355387519641,0.01464824119620904,False,0.0,0.0,False
nhanes2123,NHANES 21-23,True,ev10,age_group,nhanes2123|age_group,xgb_published,True,44,xgb_published|s44,3276,820,0.13095238095238096,0.13048780487804879,2,1.0781607276414564,1.1008277998415557,2.678718521500578,2.88808911028771,0.02064058956916104,1.044763070466865,0.974662804262626,0.0,0.08262070000637323,0.0645976800405602,0.007767573629365753,False,0.0659425018698039,0.00783899630073242,False,0.08278160727641456,0.008713681712838133,False,0.3090689309754621,0.014610953933271161,False,0.0,0.0,False
nhanes2123,NHANES 21-23,True,ev10,sex,nhanes2123|sex,xgb_published,True,44,xgb_published|s44,3276,820,0.13095238095238096,0.13048780487804879,2,1.0280267426966292,1.0127147063951414,2.7529177406512972,2.830073057833517,0.0016838606390843225,1.057834155508574,0.974662804262626,0.0,0.08262070000637323,0.05908294169662921,0.007448908760769369,False,0.05892374397752809,0.007435139640742726,False,0.0822802674269663,0.008689623627331569,False,0.30004481368539326,0.014489330392328728,False,0.0,0.0,False
nhanes2123,NHANES 21-23,True,ev10,race,nhanes2123|race,xgb_published,True,44,xgb_published|s44,3276,820,0.13095238095238096,0.13048780487804879,4,1.2888120457504124,1.2176155101611097,2.585279982700899,3.3319399833423367,0.0630577061217974,1.8702791461412152,0.974662804262626,0.0,0.08262070000637323,0.23764768437790001,0.013347918198206448,False,0.23454272071786703,0.013303259753645118,False,0.28552888895294126,0.014168303062250398,False,0.5818852752278175,0.015551166189727118,False,0.0003881204575041238,0.00038792634873601817,False
nhanes2123,NHANES 21-23,True,m30,age_group,nhanes2123|age_group,xgb_published,True,45,xgb_published|s45,3276,820,0.13095238095238096,0.13048780487804879,4,2.12199436207313,2.749304796748485,1.4883353815757336,3.1582392885776676,0.0912082031701954,8.100418410041842,0.9511082565440223,0.0,0.08097760000964627,0.9463026920009662,0.006804127080792841,False,0.9437906694492587,0.006971180635702581,False,0.9589830302765784,0.006011428698602135,False,0.9933677519312177,0.002250757238432357,False,0.17892504572632018,0.011811355029711208,False
nhanes2123,NHANES 21-23,True,m30,sex,nhanes2123|sex,xgb_published,True,45,xgb_published|s45,3276,820,0.13095238095238096,0.13048780487804879,2,1.1252470163751356,1.1132451309979654,2.7797281424617033,3.1278807986390293,0.008807019890237688,1.5354691075514875,0.9511082565440223,0.0,0.08097760000964627,0.0823137640308199,0.008547709138084803,False,0.08265822197343398,0.008592567991830726,False,0.10203873365993826,0.009405304207683086,False,0.3496288680196638,0.014900737952841317,False,0.0,0.0,False
nhanes2123,NHANES 21-23,True,m30,race,nhanes2123|race,xgb_published,True,45,xgb_published|s45,3276,820,0.13095238095238096,0.13048780487804879,5,1.343633237269812,2.0717209212135,2.666694002616205,3.583058695543204,0.08229308005427416,2.4585470085470083,0.9511082565440223,0.0,0.08097760000964627,0.29082424015171765,0.01433496905332172,False,0.2833335811701327,0.014227231502907561,False,0.34418756387869887,0.014996793342714046,False,0.6240975926977552,0.015304714558468553,False,0.0009363323726981202,0.00093586408941161,False
nhanes2123,NHANES 21-23,True,m30,insured,nhanes2123|insured,xgb_published,True,45,xgb_published|s45,3276,820,0.13095238095238096,0.13048780487804879,2,1.0960606736594247,1.2445438794422121,2.7058057013349543,2.965727219796702,0.046413558530501775,1.8513071895424837,0.9511082565440223,0.0,0.08097760000964627,0.06656667410253672,0.007881350420737426,False,0.06844849431231946,0.007983190152882179,False,0.08296060673659425,0.008722271463529946,False,0.31229092125869645,0.014654378664414708,False,0.0,0.0,False
nhanes2123,NHANES 21-23,True,ev10,age_group,nhanes2123|age_group,xgb_published,True,45,xgb_published|s45,3276,820,0.13095238095238096,0.13048780487804879,3,1.3182181818825687,1.4600810196142937,2.3958395749536203,3.1582392885776676,0.06363393635174264,1.8525104602510463,0.9511082565440223,0.0,0.08097760000964627,0.26617163642609154,0.01387737315915179,False,0.26071418187548606,0.013798879025828633,False,0.3169934546143484,0.014612705989225473,False,0.6045280000495779,0.015418969314432701,False,0.0006821818188256862,0.0006818406426008412,False
nhanes2123,NHANES 21-23,True,ev10,sex,nhanes2123|sex,xgb_published,True,45,xgb_published|s45,3276,820,0.13095238095238096,0.13048780487804879,2,1.1252470163751356,1.1132451309979654,2.7797281424617033,3.1278807986390293,0.008807019890237688,1.5354691075514875,0.9511082565440223,0.0,0.08097760000964627,0.0823137640308199,0.008547709138084803,False,0.08265822197343398,0.008592567991830726,False,0.10203873365993826,0.009405304207683086,False,0.3496288680196638,0.014900737952841317,False,0.0,0.0,False
nhanes2123,NHANES 21-23,True,ev10,race,nhanes2123|race,xgb_published,True,45,xgb_published|s45,3276,820,0.13095238095238096,0.13048780487804879,5,1.343633237269812,2.0717209212135,2.666694002616205,3.583058695543204,0.08229308005427416,2.4585470085470083,0.9511082565440223,0.0,0.08097760000964627,0.29082424015171765,0.01433496905332172,False,0.2833335811701327,0.014227231502907561,False,0.34418756387869887,0.014996793342714046,False,0.6240975926977552,0.015304714558468553,False,0.0009363323726981202,0.00093586408941161,False
nhanes2123,NHANES 21-23,True,m30,age_group,nhanes2123|age_group,xgb_published,True,46,xgb_published|s46,3276,820,0.13095238095238096,0.13048780487804879,4,1.8153873574935215,2.6201854742926605,1.6223957251407455,2.9452766882720436,0.09782526125550017,13.744493392070485,0.9573999554337996,0.0,0.08889700000872836,0.8214887516296191,0.011976452710264198,False,0.8254373416132548,0.011888692250572755,False,0.8560267744306556,0.011012038096989057,False,0.9657950728828583,0.005727456123480597,False,0.04805212296467995,0.006551245326747427,False
nhanes2123,NHANES 21-23,True,m30,sex,nhanes2123|sex,xgb_published,True,46,xgb_published|s46,3276,820,0.13095238095238096,0.13048780487804879,2,1.0240532736490298,1.002740083327388,2.8886854359217278,2.9581677771979202,0.013821432694429259,1.0611957134799774,0.9573999554337996,0.0,0.08889700000872836,0.05864586010139328,0.007423652340532307,False,0.058367458310864165,0.007403131175030257,False,0.0822405327364903,0.008687716855743193,False,0.29932958925682535,0.01447969087582259,False,0.0,0.0,False
nhanes2123,NHANES 21-23,True,m30,race,nhanes2123|race,xgb_published,True,46,xgb_published|s46,3276,820,0.13095238095238096,0.13048780487804879,5,1.2597128467547873,1.9632411467628605,2.7677275190948043,3.486541912120481,0.10683760683760679,1.723404255319149,0.9573999554337996,0.0,0.08889700000872836,0.20942146135214373,0.01282398961409975,False,0.20864443361176074,0.012812813686112838,False,0.25439274602762246,0.01372853875087782,False,0.5594788920011863,0.0156819832125248,False,9.712846754787332e-05,9.707989116696068e-05,False
nhanes2123,NHANES 21-23,True,ev10,age_group,nhanes2123|age_group,xgb_published,True,46,xgb_published|s46,3276,820,0.13095238095238096,0.13048780487804879,3,1.207690736141167,1.2536402705657232,2.4387673103155856,2.9452766882720436,0.07655450133240471,3.3736483780536646,0.9573999554337996,0.0,0.08889700000872836,0.13232061044628166,0.010641926897564814,False,0.12725892283046744,0.010478856386110909,False,0.1642094075818637,0.011629563452906617,False,0.4692398384998899,0.015674012980472874,False,0.0,0.0,False
nhanes2123,NHANES 21-23,True,ev10,sex,nhanes2123|sex,xgb_published,True,46,xgb_published|s46,3276,820,0.13095238095238096,0.13048780487804879,2,1.0240532736490298,1.002740083327388,2.8886854359217278,2.9581677771979202,0.013821432694429259,1.0611957134799774,0.9573999554337996,0.0,0.08889700000872836,0.05864586010139328,0.007423652340532307,False,0.058367458310864165,0.007403131175030257,False,0.0822405327364903,0.008687716855743193,False,0.29932958925682535,0.01447969087582259,False,0.0,0.0,False
nhanes2123,NHANES 21-23,True,ev10,race,nhanes2123|race,xgb_published,True,46,xgb_published|s46,3276,820,0.13095238095238096,0.13048780487804879,3,1.1137225672920872,1.1460414021331484,2.7677275190948043,3.0824805981312244,0.020467836257309968,1.723404255319149,0.9573999554337996,0.0,0.08889700000872836,0.07532352442306924,0.008254967544104869,False,0.0764236839448996,0.008328891939639982,False,0.09334816549895093,0.009094384679890991,False,0.3329089705795034,0.014792645199282611,False,0.0,0.0,False
nhanes2123,NHANES 21-23,True,m30,age_group,nhanes2123|age_group,xgb_published,True,47,xgb_published|s47,3276,820,0.13095238095238096,0.13048780487804879,4,1.8892620302045817,2.5710718806963233,1.4518388353740455,2.7429039856486246,0.07361111111111107,8.3671875,0.9587500491538977,0.0,0.07858739997027442,0.8638435639839602,0.010805107884031787,False,0.8643446692410798,0.010793970432966758,False,0.8865616391512272,0.010001746985634753,False,0.9712125488816693,0.005281689529516463,False,0.07070702259607176,0.008058794354714093,False
nhanes2123,NHANES 21-23,True,m30,sex,nhanes2123|sex,xgb_published,True,47,xgb_published|s47,3276,820,0.13095238095238096,0.13048780487804879,2,1.0699868875325973,1.1194051520124653,2.5576680575376867,2.7366712842262935,0.007419459346889812,1.1612648221343873,0.9587500491538977,0.0,0.07858739997027442,0.0636985576285857,0.0077156185396779105,False,0.06479816425456361,0.007773151549526498,False,0.08269986887532597,0.008709759284878889,False,0.3075976397558675,0.014591124442792184,False,0.0,0.0,False
nhanes2123,NHANES 21-23,True,m30,race,nhanes2123|race,xgb_published,True,47,xgb_published|s47,3276,820,0.13095238095238096,0.13048780487804879,5,1.2982807574148758,1.3997342800326342,2.443625762377044,3.172512305617372,0.053560323383084474,1.7801164352888492,0.9587500491538977,0.0,0.07858739997027442,0.2468323346924295,0.01351840154025386,False,0.24296987409923942,0.013462848077747487,False,0.29566041043391705,0.014311399834959992,False,0.5891761832094544,0.01550859908436243,False,0.00048280757414875764,0.0004825661099805127,False
nhanes2123,NHANES 21-23,True,m30,insured,nhanes2123|insured,xgb_published,True,47,xgb_published|s47,3276,820,0.13095238095238096,0.13048780487804879,2,1.1128620664171642,1.1516117400614512,2.3871890561802642,2.6566121459892087,0.05070089662296062,1.4250440917107585,0.9587500491538977,0.0,0.07858739997027442,0.07480158126942744,0.008233109284683461,False,0.07595816707813799,0.00830920392922219,False,0.09269926319982871,0.009071169121058834,False,0.33166053898227915,0.014784574192300861,False,0.0,0.0,False
nhanes2123,NHANES 21-23,True,ev10,age_group,nhanes2123|age_group,xgb_published,True,47,xgb_published|s47,3276,820,0.13095238095238096,0.13048780487804879,2,1.1189883345049483,1.0798877670639435,2.4512355500668495,2.7429039856486246,0.003621665194228907,1.0516896802325582,0.9587500491538977,0.0,0.07858739997027442,0.07851751437185384,0.00838872743807565,False,0.07927237768300477,0.00844937116606001,False,0.09731907192176423,0.009236450460518554,False,0.34054864924078554,0.014842035089726445,False,0.0,0.0,False
nhanes2123,NHANES 21-23,True,ev10,sex,nhanes2123|sex,xgb_published,True,47,xgb_published|s47,3276,820,0.13095238095238096,0.13048780487804879,2,1.0699868875325973,1.1194051520124653,2.5576680575376867,2.7366712842262935,0.007419459346889812,1.1612648221343873,0.9587500491538977,0.0,0.07858739997027442,0.0636985576285857,0.0077156185396779105,False,0.06479816425456361,0.007773151549526498,False,0.08269986887532597,0.008709759284878889,False,0.3075976397558675,0.014591124442792184,False,0.0,0.0,False
nhanes2123,NHANES 21-23,True,ev10,race,nhanes2123|race,xgb_published,True,47,xgb_published|s47,3276,820,0.13095238095238096,0.13048780487804879,4,1.2982807574148758,1.3997342800326342,2.443625762377044,3.172512305617372,0.049965325331262855,1.7801164352888492,0.9587500491538977,0.0,0.07858739997027442,0.2468323346924295,0.01351840154025386,False,0.24296987409923942,0.013462848077747487,False,0.29566041043391705,0.014311399834959992,False,0.5891761832094544,0.01550859908436243,False,0.00048280757414875764,0.0004825661099805127,False
nhanes2123,NHANES 21-23,True,m30,age_group,nhanes2123|age_group,logreg_l2,False,42,logreg_l2|s42,3276,820,0.13095238095238096,0.13048780487804879,4,1.5210243036636197,2.301907443180005,2.1450394320233315,3.262657108424294,0.0984945682265117,8.379310344827587,0.9524059194400388,0.0,0.009791200049221516,0.509593052982523,0.015710077261429162,False,0.5018032960191592,0.015711724572470394,False,0.5801213517260697,0.015512991325415917,False,0.8404043391615357,0.011529672738762826,False,0.007,0.0026364749192814,False
nhanes2123,NHANES 21-23,True,m30,sex,nhanes2123|sex,logreg_l2,False,42,logreg_l2|s42,3276,820,0.13095238095238096,0.13048780487804879,2,1.055808466934723,1.2302757070601855,2.7234452247343697,2.875436527507487,0.018121784915678507,1.633693330168526,0.9524059194400388,0.0,0.009791200049221516,0.062138931362819526,0.007625496748208548,False,0.06281318537086121,0.007658936619416949,False,0.08255808466934723,0.008702955404128793,False,0.30504552404825014,0.01455672802048539,False,0.0,0.0,False
nhanes2123,NHANES 21-23,True,m30,race,nhanes2123|race,logreg_l2,False,42,logreg_l2|s42,3276,820,0.13095238095238096,0.13048780487804879,5,1.5422363405641766,1.2149790299084882,2.417050221098771,3.7276626879472023,0.08971191340594309,1.655803195962994,0.9524059194400388,0.0,0.009791200049221516,0.5384414231672803,0.015619383499980193,False,0.530863786572922,0.015634446745211125,False,0.6074848793277879,0.015301804590690898,False,0.8529194409328642,0.011121919235193716,False,0.007,0.0026364749192814,False
nhanes2123,NHANES 21-23,True,m30,insured,nhanes2123|insured,logreg_l2,False,42,logreg_l2|s42,3276,820,0.13095238095238096,0.13048780487804879,2,1.194067291632358,2.1120074397798456,2.7469395519108684,3.280030671028014,0.02122472276581866,3.9960629921259843,0.9524059194400388,0.0,0.009791200049221516,0.1240572096786434,0.010295867070126103,False,0.11988886268635762,0.010167155927422063,False,0.15393599041128636,0.011262014869624554,False,0.4494746772043227,0.015546232848051839,False,0.0,0.0,False
nhanes2123,NHANES 21-23,True,ev10,age_group,nhanes2123|age_group,logreg_l2,False,42,logreg_l2|s42,3276,820,0.13095238095238096,0.13048780487804879,3,1.4946192895956525,1.6130278111888319,2.1829352338326626,3.262657108424294,0.07844807446389934,3.310344827586207,0.9524059194400388,0.0,0.009791200049221516,0.472821320185392,0.015770202385528793,False,0.464821320185392,0.015754306677841726,False,0.5453593912258268,0.015730792241213643,False,0.8227269038037396,0.012061568470489562,False,0.00635431475147832,0.002460313146226226,False
nhanes2123,NHANES 21-23,True,ev10,sex,nhanes2123|sex,logreg_l2,False,42,logreg_l2|s42,3276,820,0.13095238095238096,0.13048780487804879,2,1.055808466934723,1.2302757070601855,2.7234452247343697,2.875436527507487,0.018121784915678507,1.633693330168526,0.9524059194400388,0.0,0.009791200049221516,0.062138931362819526,0.007625496748208548,False,0.06281318537086121,0.007658936619416949,False,0.08255808466934723,0.008702955404128793,False,0.30504552404825014,0.01455672802048539,False,0.0,0.0,False
nhanes2123,NHANES 21-23,True,ev10,race,nhanes2123|race,logreg_l2,False,42,logreg_l2|s42,3276,820,0.13095238095238096,0.13048780487804879,4,1.5339931990363742,1.2016664373826653,2.417050221098771,3.707738600894879,0.08971191340594309,1.655803195962994,0.9524059194400388,0.0,0.009791200049221516,0.5272307506894691,0.01565462771131253,False,0.5195706826798328,0.01566447743344939,False,0.5968512267569229,0.01538387318934995,False,0.8480559874314608,0.011280375014529515,False,0.007,0.0026364749192814,False
nhanes2123,NHANES 21-23,True,m30,age_group,nhanes2123|age_group,logreg_l2,False,43,logreg_l2|s43,3276,820,0.13095238095238096,0.13048780487804879,4,1.5505307329747493,1.8023592940994428,2.0243840822546355,3.138869734880695,0.022650833684259686,3.280334728033473,0.9620925141890918,0.0,0.009297199954744428,0.5497217968456591,0.015583920161396763,False,0.5422271041754066,0.015604229344264213,False,0.6181846455374267,0.015219225738979075,False,0.8578131324551022,0.010962478273383054,False,0.007,0.0026364749192814,False
nhanes2123,NHANES 21-23,True,m30,sex,nhanes2123|sex,logreg_l2,False,43,logreg_l2|s43,3276,820,0.13095238095238096,0.13048780487804879,2,1.2438576117974007,1.2361392656649823,2.369989613015985,2.9479296200307092,0.033401653592491254,1.0414772727272728,0.9620925141890918,0.0,0.009297199954744428,0.18705711057309443,0.01228852988450405,False,0.1857408845296803,0.012244840049242067,False,0.22886340050073753,0.013238187276296986,False,0.5383989975513874,0.01574376303014049,False,0.0,0.0,False
nhanes2123,NHANES 21-23,True,m30,race,nhanes2123|race,logreg_l2,False,43,logreg_l2|s43,3276,820,0.13095238095238096,0.13048780487804879,5,1.4503749764631857,1.6372412282119206,2.4249740155400255,3.5171216307127016,0.03809523809523796,1.7300073367571533,0.9620925141890918,0.0,0.009297199954744428,0.405569964224042,0.015525443840950205,False,0.397569964224042,0.015474635758013337,False,0.4825324665777234,0.015800548009980337,False,0.7793674769339218,0.013112034625540298,False,0.0010449971755822625,0.0010117764171864213,False
nhanes2123,NHANES 21-23,True,m30,insured,nhanes2123|insured,logreg_l2,False,43,logreg_l2|s43,3276,820,0.13095238095238096,0.13048780487804879,2,1.13041585515821,1.0993843098931504,2.5926334283525985,2.930753934022964,0.03931577700276179,1.2504736642667678,0.9620925141890918,0.0,0.009297199954744428,0.08544896132547158,0.0086790068767861,False,0.0854544790200152,0.008710829523892695,False,0.10593654651274846,0.009544754944294076,False,0.35712792100822255,0.01494921870994626,False,0.0,0.0,False
nhanes2123,NHANES 21-23,True,ev10,age_group,nhanes2123|age_group,logreg_l2,False,43,logreg_l2|s43,3276,820,0.13095238095238096,0.13048780487804879,3,1.5295862251042096,1.7886391837981317,2.0521038195586825,3.138869734880695,0.017525579225535437,2.653556485355648,0.9620925141890918,0.0,0.009297199954744428,0.5212372661417253,0.01567347008106652,False,0.5135331283927673,0.01568053253329023,False,0.5911662303844306,0.015427748958523614,False,0.8454558728114837,0.011365089135544959,False,0.007,0.0026364749192814,False
nhanes2123,NHANES 21-23,True,ev10,sex,nhanes2123|sex,logreg_l2,False,43,logreg_l2|s43,3276,820,0.13095238095238096,0.13048780487804879,2,1.2438576117974007,1.2361392656649823,2.369989613015985,2.9479296200307092,0.033401653592491254,1.0414772727272728,0.9620925141890918,0.0,0.009297199954744428,0.18705711057309443,0.01228852988450405,False,0.1857408845296803,0.012244840049242067,False,0.22886340050073753,0.013238187276296986,False,0.5383989975513874,0.01574376303014049,False,0.0,0.0,False
nhanes2123,NHANES 21-23,True,ev10,race,nhanes2123|race,logreg_l2,False,43,logreg_l2|s43,3276,820,0.13095238095238096,0.13048780487804879,4,1.4503749764631857,1.4085352909741131,2.4249740155400255,3.5171216307127016,0.024891774891774854,1.7300073367571533,0.9620925141890918,0.0,0.009297199954744428,0.405569964224042,0.015525443840950205,False,0.397569964224042,0.015474635758013337,False,0.4825324665777234,0.015800548009980337,False,0.7793674769339218,0.013112034625540298,False,0.0010449971755822625,0.0010117764171864213,False
nhanes2123,NHANES 21-23,True,m30,age_group,nhanes2123|age_group,logreg_l2,False,44,logreg_l2|s44,3276,820,0.13095238095238096,0.13048780487804879,4,2.2301549272912307,2.1434750280441555,1.378864390809929,3.0750812152311844,0.0435453251067871,6.052631578947368,0.974728342792728,0.0,0.00821249996079132,0.9713959431315655,0.005144364458268602,False,0.9693165628407304,0.005332886463146029,False,0.9775866474940916,0.004579937759757395,False,0.9981268168008142,0.0011934858099172845,False,0.23560118190060486,0.013338967890369806,False
nhanes2123,NHANES 21-23,True,m30,sex,nhanes2123|sex,logreg_l2,False,44,logreg_l2|s44,3276,820,0.13095238095238096,0.13048780487804879,2,1.0848284250025686,1.1888699607920166,2.5355875906325585,2.750677492401976,0.014930150004776488,1.057834155508574,0.974728342792728,0.0,0.00821249996079132,0.06533112675028255,0.007809955277378724,False,0.0668759795003596,0.007892708248606588,False,0.08284828425002569,0.008716881379360194,False,0.31026911650046235,0.01462712956670392,False,0.0,0.0,False
nhanes2123,NHANES 21-23,True,m30,race,nhanes2123|race,logreg_l2,False,44,logreg_l2|s44,3276,820,0.13095238095238096,0.13048780487804879,5,1.778644250893176,1.7456062409509914,2.38699105175624,4.245607911139691,0.04261497940163439,1.9342421812349642,0.974728342792728,0.0,0.00821249996079132,0.8004227038454209,0.012559045447891003,False,0.8060859721370727,0.012433174939509245,False,0.8408396237025126,0.011514527416259033,False,0.9631005783988329,0.005949167420191966,False,0.03678423694057395,0.005801434429358049,False
nhanes2123,NHANES 21-23,True,m30,insured,nhanes2123|insured,logreg_l2,False,44,logreg_l2|s44,3276,820,0.13095238095238096,0.13048780487804879,2,1.0175861783788143,1.3148044339451646,2.6307922183819876,2.6770577996120495,0.0020323463310447654,1.707737321196359,0.974728342792728,0.0,0.00821249996079132,0.05793447962166957,0.007382545772467721,False,0.057462064973033994,0.007351035186679468,False,0.08217586178378815,0.008684613453307477,False,0.29816551210818654,0.014464001897034222,False,0.0,0.0,False
nhanes2123,NHANES 21-23,True,ev10,age_group,nhanes2123|age_group,logreg_l2,False,44,logreg_l2|s44,3276,820,0.13095238095238096,0.13048780487804879,2,1.2594085649114362,1.0907696073867763,2.4416867575038523,3.0750812152311844,0.015860139921601957,1.044763070466865,0.974728342792728,0.0,0.00821249996079132,0.20912630796409307,0.012818511045587252,False,0.20837362277117819,0.012807685234518156,False,0.2540671644552367,0.013723940263636828,False,0.5592445949818059,0.01568335112800744,False,9.40856491143615e-05,9.403859452320838e-05,False
nhanes2123,NHANES 21-23,True,ev10,sex,nhanes2123|sex,logreg_l2,False,44,logreg_l2|s44,3276,820,0.13095238095238096,0.13048780487804879,2,1.0848284250025686,1.1888699607920166,2.5355875906325585,2.750677492401976,0.014930150004776488,1.057834155508574,0.974728342792728,0.0,0.00821249996079132,0.06533112675028255,0.007809955277378724,False,0.0668759795003596,0.007892708248606588,False,0.08284828425002569,0.008716881379360194,False,0.31026911650046235,0.01462712956670392,False,0.0,0.0,False
nhanes2123,NHANES 21-23,True,ev10,race,nhanes2123|race,logreg_l2,False,44,logreg_l2|s44,3276,820,0.13095238095238096,0.13048780487804879,4,1.1571326394172103,1.32635608444479,2.38699105175624,2.7620652559839605,0.04261497940163439,1.8702791461412152,0.974728342792728,0.0,0.00821249996079132,0.10165422390879969,0.009357660923815738,False,0.09990782132406459,0.009322101798157591,False,0.12608362972445367,0.010265550349442794,False,0.39588915718726414,0.01519980689476779,False,0.0,0.0,False
nhanes2123,NHANES 21-23,True,m30,age_group,nhanes2123|age_group,logreg_l2,False,45,logreg_l2|s45,3276,820,0.13095238095238096,0.13048780487804879,4,2.4091919373932917,1.801317693720421,1.6319041099061615,3.9315702241849007,0.08520623626055768,8.100418410041842,0.9507543484814722,0.0,0.00945700000738725,0.9880985872418901,0.003178275925933792,False,0.9873721227410365,0.003248183964764229,False,0.9905515162435975,0.0028391651352369903,False,0.9996367677495732,0.00036305058887485,False,0.36571233691975535,0.014927033914687035,False
nhanes2123,NHANES 21-23,True,m30,sex,nhanes2123|sex,logreg_l2,False,45,logreg_l2|s45,3276,820,0.13095238095238096,0.13048780487804879,2,1.2012838379317974,1.2633508694741407,2.918261354902846,3.5056602005057376,0.008861619747291383,1.5354691075514875,0.9507543484814722,0.0,0.00945700000738725,0.1284344590733853,0.010479180237766828,False,0.12379289593031662,0.010332268413491944,False,0.1593779761452898,0.01145671095891631,False,0.45994458454039455,0.015613919932707165,False,0.0,0.0,False
nhanes2123,NHANES 21-23,True,m30,race,nhanes2123|race,logreg_l2,False,45,logreg_l2|s45,3276,820,0.13095238095238096,0.13048780487804879,5,1.6274151949179372,1.5966444605181418,2.7170791126162013,4.421815833665751,0.11183853459972848,2.4585470085470083,0.9507543484814722,0.0,0.00945700000738725,0.64752225034197,0.014941226667849052,False,0.643081001867644,0.014954958202191039,False,0.7088668910195784,0.014211222230223638,False,0.900524829492849,0.009300661144174062,False,0.010838127288511195,0.0031080931640615423,False
nhanes2123,NHANES 21-23,True,m30,insured,nhanes2123|insured,logreg_l2,False,45,logreg_l2|s45,3276,820,0.13095238095238096,0.13048780487804879,2,1.0618144457027425,1.6393672180958148,3.185332822789873,3.382232405609381,0.03726959648435679,1.8513071895424837,0.9507543484814722,0.0,0.00945700000738725,0.06279958902730168,0.00766367233782126,False,0.06365402239838396,0.007707318062222478,False,0.08261814445702743,0.008705837527919882,False,0.30612660022649363,0.01457129834449605,False,0.0,0.0,False
nhanes2123,NHANES 21-23,True,ev10,age_group,nhanes2123|age_group,logreg_l2,False,45,logreg_l2|s45,3276,820,0.13095238095238096,0.13048780487804879,3,1.5605068273323166,1.5851768273557862,2.5194187909487793,3.9315702241849007,0.0516946896676157,1.8525104602510463,0.9507543484814722,0.0,0.00945700000738725,0.5632892851719506,0.015541266571545906,False,0.5558943534452738,0.015567885314687967,False,0.6310538072586885,0.015119903886836341,False,0.8636990281260668,0.010770710389643078,False,0.007,0.0026364749192814,False
nhanes2123,NHANES 21-23,True,ev10,sex,nhanes2123|sex,logreg_l2,False,45,logreg_l2|s45,3276,820,0.13095238095238096,0.13048780487804879,2,1.2012838379317974,1.2633508694741407,2.918261354902846,3.5056602005057376,0.008861619747291383,1.5354691075514875,0.9507543484814722,0.0,0.00945700000738725,0.1284344590733853,0.010479180237766828,False,0.12379289593031662,0.010332268413491944,False,0.1593779761452898,0.01145671095891631,False,0.45994458454039455,0.015613919932707165,False,0.0,0.0,False
nhanes2123,NHANES 21-23,True,ev10,race,nhanes2123|race,logreg_l2,False,45,logreg_l2|s45,3276,820,0.13095238095238096,0.13048780487804879,5,1.6274151949179372,1.5966444605181418,2.7170791126162013,4.421815833665751,0.11183853459972848,2.4585470085470083,0.9507543484814722,0.0,0.00945700000738725,0.64752225034197,0.014941226667849052,False,0.643081001867644,0.014954958202191039,False,0.7088668910195784,0.014211222230223638,False,0.900524829492849,0.009300661144174062,False,0.010838127288511195,0.0031080931640615423,False
nhanes2123,NHANES 21-23,True,m30,age_group,nhanes2123|age_group,logreg_l2,False,46,logreg_l2|s46,3276,820,0.13095238095238096,0.13048780487804879,4,2.384703207104294,2.139911203954499,1.3344147319302126,3.182183090841195,0.10339788047723841,13.744493392070485,0.9577538634963496,0.0,0.008591199992224574,0.9862374437399264,0.003433875961574303,False,0.9853150693967607,0.0035226365015902997,False,0.9890821924262576,0.0030665473868180596,False,0.9995388128284172,0.00046095652031976513,False,0.3472968117424292,0.014725855754399912,False
nhanes2123,NHANES 21-23,True,m30,sex,nhanes2123|sex,logreg_l2,False,46,logreg_l2|s46,3276,820,0.13095238095238096,0.13048780487804879,2,1.049653973649114,1.0910463942851092,2.6875241196881743,2.8209703715085293,0.010197668850539299,1.0611957134799774,0.9577538634963496,0.0,0.008591199992224574,0.06146193710140253,0.007586377161040397,False,0.06195155631087595,0.007609358810970435,False,0.08249653973649114,0.008700002011816617,False,0.3039377152568405,0.014541797404717944,False,0.0,0.0,False
nhanes2123,NHANES 21-23,True,m30,race,nhanes2123|race,logreg_l2,False,46,logreg_l2|s46,3276,820,0.13095238095238096,0.13048780487804879,5,1.357399951292976,1.6242880038214353,2.5020219715567844,3.396244502325135,0.1318376068376068,1.723404255319149,0.9577538634963496,0.0,0.008591199992224574,0.30499194739641394,0.014529060335907468,False,0.29699194739641394,0.014418729938098418,False,0.36069393619379836,0.015145412723288123,False,0.6400999269394638,0.01511661201453792,False,0.001,0.0009994998749374,False
nhanes2123,NHANES 21-23,True,ev10,age_group,nhanes2123|age_group,logreg_l2,False,46,logreg_l2|s46,3276,820,0.13095238095238096,0.13048780487804879,3,1.6591172636268137,1.4934952361580554,1.91799769709163,3.182183090841195,0.07069513698491248,3.3736483780536646,0.9577538634963496,0.0,0.008591199992224574,0.6828172201711858,0.014442619425011757,False,0.6813348314430218,0.014412564630025234,False,0.7399349183542774,0.013615127900747988,False,0.9161645167225614,0.008478619345589581,False,0.015276416907753908,0.0036534576615649883,False
nhanes2123,NHANES 21-23,True,ev10,sex,nhanes2123|sex,logreg_l2,False,46,logreg_l2|s46,3276,820,0.13095238095238096,0.13048780487804879,2,1.049653973649114,1.0910463942851092,2.6875241196881743,2.8209703715085293,0.010197668850539299,1.0611957134799774,0.9577538634963496,0.0,0.008591199992224574,0.06146193710140253,0.007586377161040397,False,0.06195155631087595,0.007609358810970435,False,0.08249653973649114,0.008700002011816617,False,0.3039377152568405,0.014541797404717944,False,0.0,0.0,False
nhanes2123,NHANES 21-23,True,ev10,race,nhanes2123|race,logreg_l2,False,46,logreg_l2|s46,3276,820,0.13095238095238096,0.13048780487804879,3,1.2420424426383134,1.3017626317881477,2.5487225108950824,3.1656215330393835,0.04002601423601149,1.723404255319149,0.9577538634963496,0.0,0.008591199992224574,0.1832322898450176,0.012181972785478268,False,0.18152709898179906,0.012125371939235312,False,0.22439030507298666,0.01313665853654173,False,0.5343796944134084,0.015749116344300967,False,0.0,0.0,False
nhanes2123,NHANES 21-23,True,m30,age_group,nhanes2123|age_group,logreg_l2,False,47,logreg_l2|s47,3276,820,0.13095238095238096,0.13048780487804879,4,1.6483274486528112,1.9886416126547934,1.8738831266812472,3.088772993276053,0.0854166666666667,8.3671875,0.9542803214009518,0.0,0.008048199990298599,0.6708045595001297,0.014612320650011171,False,0.6683151213743921,0.01459716855415712,False,0.7293608996797549,0.01381800890454486,False,0.9108415413353869,0.008758401683741516,False,0.013765842811393564,0.0034678425815054216,False
nhanes2123,NHANES 21-23,True,m30,sex,nhanes2123|sex,logreg_l2,False,47,logreg_l2|s47,3276,820,0.13095238095238096,0.13048780487804879,2,1.1934681324032725,1.0849641805103645,2.345108004875416,2.798811670862627,0.009724826635278294,1.1612648221343873,0.9542803214009518,0.0,0.008048199990298599,0.12369378522821448,0.01028064735536956,False,0.11956472736570482,0.010153447338055194,False,0.15348416541886126,0.011245850079165846,False,0.44860540520802655,0.015540613076518706,False,0.0,0.0,False
nhanes2123,NHANES 21-23,True,m30,race,nhanes2123|race,logreg_l2,False,47,logreg_l2|s47,3276,820,0.13095238095238096,0.13048780487804879,5,1.5299006280967946,1.565566009736821,2.2449231053628047,3.4345092689235615,0.06024564676616917,1.7801164352888492,0.9542803214009518,0.0,0.008048199990298599,0.5216648542116409,0.015672125825908847,False,0.5139638604926088,0.01567938712795906,False,0.5915718102448653,0.015424618766845038,False,0.8456413705771089,0.011359045448068827,False,0.007,0.0026364749192814,False
nhanes2123,NHANES 21-23,True,m30,insured,nhanes2123|insured,logreg_l2,False,47,logreg_l2|s47,3276,820,0.13095238095238096,0.13048780487804879,2,1.3366069807742365,1.5090726170824333,2.4660814305732957,3.2961816552619823,0.02456825966882037,1.4250440917107585,0.9542803214009518,0.0,0.008048199990298599,0.28400877135100927,0.014208461907271036,False,0.27708021288907037,0.014108809003778072,False,0.3366694694284329,0.014890608397562516,False,0.618687375196162,0.015336301474531164,False,0.0008660698077423638,0.0008656366645255505,False
nhanes2123,NHANES 21-23,True,ev10,age_group,nhanes2123|age_group,logreg_l2,False,47,logreg_l2|s47,3276,820,0.13095238095238096,0.13048780487804879,2,1.5441209454759173,1.0109441614919896,2.0003439512466783,3.088772993276053,0.007292327027237477,1.0516896802325582,0.9542803214009518,0.0,0.008048199990298599,0.5410044858472476,0.015611325720847889,False,0.5334456953020068,0.01562758091834574,False,0.6099160196639335,0.01528304149125716,False,0.8540313578307912,0.011085691962008763,False,0.007,0.0026364749192814,False
nhanes2123,NHANES 21-23,True,ev10,sex,nhanes2123|sex,logreg_l2,False,47,logreg_l2|s47,3276,820,0.13095238095238096,0.13048780487804879,2,1.1934681324032725,1.0849641805103645,2.345108004875416,2.798811670862627,0.009724826635278294,1.1612648221343873,0.9542803214009518,0.0,0.008048199990298599,0.12369378522821448,0.01028064735536956,False,0.11956472736570482,0.010153447338055194,False,0.15348416541886126,0.011245850079165846,False,0.44860540520802655,0.015540613076518706,False,0.0,0.0,False
nhanes2123,NHANES 21-23,True,ev10,race,nhanes2123|race,logreg_l2,False,47,logreg_l2|s47,3276,820,0.13095238095238096,0.13048780487804879,4,1.5299006280967946,1.4713511967283004,2.2449231053628047,3.4345092689235615,0.055402596892800804,1.7801164352888492,0.9542803214009518,0.0,0.008048199990298599,0.5216648542116409,0.015672125825908847,False,0.5139638604926088,0.01567938712795906,False,0.5915718102448653,0.015424618766845038,False,0.8456413705771089,0.011359045448068827,False,0.007,0.0026364749192814,False
nhanes2123,NHANES 21-23,True,m30,age_group,nhanes2123|age_group,random_forest,False,42,random_forest|s42,3276,820,0.13095238095238096,0.13048780487804879,4,1.1492973282926102,1.079717839858869,1.9281122134042628,2.2159742155138704,0.08673559004906739,8.379310344827587,0.9525763196183037,0.0,0.4533227999927476,0.09690165814469798,0.009158630024254731,False,0.09566904645337929,0.009142832152369518,False,0.12017503445016506,0.010054160527906926,False,0.38452153367042624,0.015126316149280184,False,0.0,0.0,False
nhanes2123,NHANES 21-23,True,m30,sex,nhanes2123|sex,random_forest,False,42,random_forest|s42,3276,820,0.13095238095238096,0.13048780487804879,2,1.009642406079071,1.000033020750481,2.2783441647151506,2.300312884339216,0.03822780008371596,1.633693330168526,0.9525763196183037,0.0,0.4533227999927476,0.05706066466869781,0.007332053054626857,False,0.05634993685106993,0.007287043757467854,False,0.08209642406079071,0.008680801429319315,False,0.29673563309423273,0.014444730544146587,False,0.0,0.0,False
nhanes2123,NHANES 21-23,True,m30,race,nhanes2123|race,random_forest,False,42,random_forest|s42,3276,820,0.13095238095238096,0.13048780487804879,5,1.1877391464059885,1.4446754907434418,2.1850741024578224,2.5952980492870856,0.09500633478569886,1.655803195962994,0.9525763196183037,0.0,0.4533227999927476,0.12021882650855042,0.010135120876780614,False,0.11646543985897741,0.010022369800210729,False,0.1491639464700897,0.011091287062038793,False,0.44029367962180305,0.015486878458309788,False,0.0,0.0,False
nhanes2123,NHANES 21-23,True,m30,insured,nhanes2123|insured,random_forest,False,42,random_forest|s42,3276,820,0.13095238095238096,0.13048780487804879,2,1.3020733126970643,1.426802957223356,1.7945686600027122,2.336659959992063,0.049648474306008494,3.9960629921259843,0.9525763196183037,0.0,0.4533227999927476,0.2505111133161523,0.013586686173086612,False,0.24634524830038718,0.01352676886898053,False,0.2997184445858587,0.014368715174198876,False,0.5920964507767394,0.01549154944698629,False,0.0005207331269706423,0.0005204726952829182,False
nhanes2123,NHANES 21-23,True,ev10,age_group,nhanes2123|age_group,random_forest,False,42,random_forest|s42,3276,820,0.13095238095238096,0.13048780487804879,3,1.1492973282926102,1.019357185736733,1.9281122134042628,2.2159742155138704,0.07867944209456368,3.310344827586207,0.9525763196183037,0.0,0.4533227999927476,0.09690165814469798,0.009158630024254731,False,0.09566904645337929,0.009142832152369518,False,0.12017503445016506,0.010054160527906926,False,0.38452153367042624,0.015126316149280184,False,0.0,0.0,False
nhanes2123,NHANES 21-23,True,ev10,sex,nhanes2123|sex,random_forest,False,42,random_forest|s42,3276,820,0.13095238095238096,0.13048780487804879,2,1.009642406079071,1.000033020750481,2.2783441647151506,2.300312884339216,0.03822780008371596,1.633693330168526,0.9525763196183037,0.0,0.4533227999927476,0.05706066466869781,0.007332053054626857,False,0.05634993685106993,0.007287043757467854,False,0.08209642406079071,0.008680801429319315,False,0.29673563309423273,0.014444730544146587,False,0.0,0.0,False
nhanes2123,NHANES 21-23,True,ev10,race,nhanes2123|race,random_forest,False,42,random_forest|s42,3276,820,0.13095238095238096,0.13048780487804879,4,1.1877391464059885,1.275443533637762,2.1850741024578224,2.5952980492870856,0.07100859339665289,1.655803195962994,0.9525763196183037,0.0,0.4533227999927476,0.12021882650855042,0.010135120876780614,False,0.11646543985897741,0.010022369800210729,False,0.1491639464700897,0.011091287062038793,False,0.44029367962180305,0.015486878458309788,False,0.0,0.0,False
nhanes2123,NHANES 21-23,True,m30,age_group,nhanes2123|age_group,random_forest,False,43,random_forest|s43,3276,820,0.13095238095238096,0.13048780487804879,4,1.132468809516322,1.3461651724347359,1.852375790769368,2.097757806549442,0.031262843014590924,3.280334728033473,0.9663918417637729,0.0,0.44447679998120293,0.0866941959361297,0.008731155584878861,False,0.08656509367276434,0.008757800524117858,False,0.10748467602870179,0.009600141852163001,False,0.3601063875769589,0.014968474249877023,False,0.0,0.0,False
nhanes2123,NHANES 21-23,True,m30,sex,nhanes2123|sex,random_forest,False,43,random_forest|s43,3276,820,0.13095238095238096,0.13048780487804879,2,1.0029499577473593,1.0013222266705661,2.235746735329227,2.242342093732245,0.027777606799026966,1.0414772727272728,0.9663918417637729,0.0,0.44447679998120293,0.05632449535220952,0.007289514082898198,False,0.0554129940846303,0.007233132426992666,False,0.0820294995774736,0.008677589885405743,False,0.2955309923945247,0.014428494865602923,False,0.0,0.0,False
nhanes2123,NHANES 21-23,True,m30,race,nhanes2123|race,random_forest,False,43,random_forest|s43,3276,820,0.13095238095238096,0.13048780487804879,5,1.207044905085254,1.4901719678315626,2.161412250803445,2.60892164512115,0.05476190476190468,1.7300073367571533,0.9663918417637729,0.0,0.44447679998120293,0.13192887685499016,0.010625521635032324,False,0.12690953881661288,0.01046407995888405,False,0.16372238744133916,0.011612139497497478,False,0.4683028540990981,0.01566795545384715,False,0.0,0.0,False
nhanes2123,NHANES 21-23,True,m30,insured,nhanes2123|insured,random_forest,False,43,random_forest|s43,3276,820,0.13095238095238096,0.13048780487804879,2,1.110106376964042,1.1398728568165277,2.0347300827610373,2.2587668402736005,0.07333100088114863,1.2504736642667678,0.9663918417637729,0.0,0.44447679998120293,0.07313009750277955,0.008163109849811794,False,0.07446738425923581,0.008246154553861445,False,0.09062120230075293,0.008996823036718306,False,0.3276625305134051,0.01475872739834185,False,0.0,0.0,False
nhanes2123,NHANES 21-23,True,ev10,age_group,nhanes2123|age_group,random_forest,False,43,random_forest|s43,3276,820,0.13095238095238096,0.13048780487804879,3,1.132468809516322,1.3461651724347359,1.852375790769368,2.097757806549442,0.023264483703680505,2.653556485355648,0.9663918417637729,0.0,0.44447679998120293,0.0866941959361297,0.008731155584878861,False,0.08656509367276434,0.008757800524117858,False,0.10748467602870179,0.009600141852163001,False,0.3601063875769589,0.014968474249877023,False,0.0,0.0,False
nhanes2123,NHANES 21-23,True,ev10,sex,nhanes2123|sex,random_forest,False,43,random_forest|s43,3276,820,0.13095238095238096,0.13048780487804879,2,1.0029499577473593,1.0013222266705661,2.235746735329227,2.242342093732245,0.027777606799026966,1.0414772727272728,0.9663918417637729,0.0,0.44447679998120293,0.05632449535220952,0.007289514082898198,False,0.0554129940846303,0.007233132426992666,False,0.0820294995774736,0.008677589885405743,False,0.2955309923945247,0.014428494865602923,False,0.0,0.0,False
nhanes2123,NHANES 21-23,True,ev10,race,nhanes2123|race,random_forest,False,43,random_forest|s43,3276,820,0.13095238095238096,0.13048780487804879,4,1.207044905085254,1.4733520331355627,2.161412250803445,2.60892164512115,0.03506493506493491,1.7300073367571533,0.9663918417637729,0.0,0.44447679998120293,0.13192887685499016,0.010625521635032324,False,0.12690953881661288,0.01046407995888405,False,0.16372238744133916,0.011612139497497478,False,0.4683028540990981,0.01566795545384715,False,0.0,0.0,False
nhanes2123,NHANES 21-23,True,m30,age_group,nhanes2123|age_group,random_forest,False,44,random_forest|s44,3276,820,0.13095238095238096,0.13048780487804879,4,1.288460258834785,1.3076762159428807,1.661663726856677,2.1409876756021275,0.04674893213099185,6.052631578947368,0.9758031746863982,0.0,0.4615466000395827,0.23730645106974152,0.013341584304938816,False,0.2342296303629587,0.013297330638228414,False,0.28515247695322,0.014162986650251428,False,0.5816143993027846,0.015552747666831295,False,0.0003846025883478507,0.000384410238954277,False
nhanes2123,NHANES 21-23,True,m30,sex,nhanes2123|sex,random_forest,False,44,random_forest|s44,3276,820,0.13095238095238096,0.13048780487804879,2,1.0105729705307085,1.02969432641098,2.2069876036920295,2.230322018587504,0.004074698104548968,1.057834155508574,0.9758031746863982,0.0,0.4615466000395827,0.057163026758377936,0.007337967968412942,False,0.05648021587429919,0.007294539962921242,False,0.08210572970530709,0.008681247984668374,False,0.29690313469552754,0.014446988065542659,False,0.0,0.0,False
nhanes2123,NHANES 21-23,True,m30,race,nhanes2123|race,random_forest,False,44,random_forest|s44,3276,820,0.13095238095238096,0.13048780487804879,5,1.1752964993017927,1.833585150128525,2.1137421314655347,2.484273727538153,0.03855987442466824,1.9342421812349642,0.9758031746863982,0.0,0.4615466000395827,0.1126716471174808,0.009819055412795015,False,0.10973417175342884,0.00973768564363245,False,0.13978096668659776,0.010755595357017443,False,0.42224164242965,0.015370173531474707,False,0.0,0.0,False
nhanes2123,NHANES 21-23,True,m30,insured,nhanes2123|insured,random_forest,False,44,random_forest|s44,3276,820,0.13095238095238096,0.13048780487804879,2,1.2389028361788896,1.4871251628306001,1.8141339198894788,2.2475356585594017,0.0030389819689552455,1.707737321196359,0.9758031746863982,0.0,0.4615466000395827,0.17661669051980317,0.01199766635060747,False,0.17423872684385097,0.011918733980456332,False,0.21665341772654947,0.012961049400854874,False,0.5274277086818271,0.01575837570155338,False,0.0,0.0,False
nhanes2123,NHANES 21-23,True,ev10,age_group,nhanes2123|age_group,random_forest,False,44,random_forest|s44,3276,820,0.13095238095238096,0.13048780487804879,2,1.082712139770523,1.1257151675828014,1.9774301930852112,2.1409876756021275,0.021193376575436296,1.044763070466865,0.9758031746863982,0.0,0.4615466000395827,0.06509833537475754,0.007796503608692813,False,0.06657969956787323,0.007875660413962286,False,0.08282712139770523,0.008715865825317864,False,0.30988818515869415,0.014621995522325664,False,0.0,0.0,False
nhanes2123,NHANES 21-23,True,ev10,sex,nhanes2123|sex,random_forest,False,44,random_forest|s44,3276,820,0.13095238095238096,0.13048780487804879,2,1.0105729705307085,1.02969432641098,2.2069876036920295,2.230322018587504,0.004074698104548968,1.057834155508574,0.9758031746863982,0.0,0.4615466000395827,0.057163026758377936,0.007337967968412942,False,0.05648021587429919,0.007294539962921242,False,0.08210572970530709,0.008681247984668374,False,0.29690313469552754,0.014446988065542659,False,0.0,0.0,False
nhanes2123,NHANES 21-23,True,ev10,race,nhanes2123|race,random_forest,False,44,random_forest|s44,3276,820,0.13095238095238096,0.13048780487804879,4,1.1752964993017927,1.202824957897994,2.1137421314655347,2.484273727538153,0.03855987442466824,1.8702791461412152,0.9758031746863982,0.0,0.4615466000395827,0.1126716471174808,0.009819055412795015,False,0.10973417175342884,0.00973768564363245,False,0.13978096668659776,0.010755595357017443,False,0.42224164242965,0.015370173531474707,False,0.0,0.0,False
nhanes2123,NHANES 21-23,True,m30,age_group,nhanes2123|age_group,random_forest,False,45,random_forest|s45,3276,820,0.13095238095238096,0.13048780487804879,4,1.3669901707068863,1.6407348818244605,1.7289422997362407,2.3634471294588004,0.10226543704891733,8.100418410041842,0.950990287189839,0.0,0.4626852000365034,0.3153493843634371,0.014632036986420727,False,0.3073493843634371,0.014527840434607578,False,0.3732571236260209,0.015213323711128724,False,0.6544852560603294,0.01490992792460917,False,0.001,0.0009994998749374,False
nhanes2123,NHANES 21-23,True,m30,sex,nhanes2123|sex,random_forest,False,45,random_forest|s45,3276,820,0.13095238095238096,0.13048780487804879,2,1.0858930245129952,1.0573542951965007,2.193241351065227,2.381625484195187,0.01959606336164821,1.5354691075514875,0.950990287189839,0.0,0.4626852000365034,0.06544823269642946,0.00781672215345034,False,0.06702502343181932,0.007901284179743536,False,0.08285893024512996,0.008717392254888646,False,0.3104607444123391,0.014629712253124842,False,0.0,0.0,False
nhanes2123,NHANES 21-23,True,m30,race,nhanes2123|race,random_forest,False,45,random_forest|s45,3276,820,0.13095238095238096,0.13048780487804879,5,1.1695934710313294,1.8612772426586652,2.173115387381573,2.5416615688792064,0.09002713704206233,2.4585470085470083,0.950990287189839,0.0,0.4626852000365034,0.10921243324851124,0.009674188306838187,False,0.1066489269513749,0.009607202011048237,False,0.13548032241706803,0.010601732656591647,False,0.41396757682414176,0.015316682381925155,False,0.0,0.0,False
nhanes2123,NHANES 21-23,True,m30,insured,nhanes2123|insured,random_forest,False,45,random_forest|s45,3276,820,0.13095238095238096,0.13048780487804879,2,1.209621973549831,1.7734835157295419,1.9177384420746348,2.319738559054698,0.046706873873827326,1.8513071895424837,0.950990287189839,0.0,0.4626852000365034,0.13349201674334013,0.01069098377770649,False,0.128303690608925,0.010523042537838423,False,0.1656657505457742,0.011681666544241322,False,0.47204171572393516,0.01569212688490108,False,0.0,0.0,False
nhanes2123,NHANES 21-23,True,ev10,age_group,nhanes2123|age_group,random_forest,False,45,random_forest|s45,3276,820,0.13095238095238096,0.13048780487804879,3,1.2332263048853933,1.2924919099742955,1.9164747946877774,2.3634471294588004,0.0751024837231733,1.8525104602510463,0.950990287189839,0.0,0.4626852000365034,0.1646554281513645,0.011664433106677644,False,0.16106106491252023,0.011545124467737861,False,0.20266482275329067,0.012643541214069824,False,0.5148582465319423,0.015775116981672492,False,0.0,0.0,False
nhanes2123,NHANES 21-23,True,ev10,sex,nhanes2123|sex,random_forest,False,45,random_forest|s45,3276,820,0.13095238095238096,0.13048780487804879,2,1.0858930245129952,1.0573542951965007,2.193241351065227,2.381625484195187,0.01959606336164821,1.5354691075514875,0.950990287189839,0.0,0.4626852000365034,0.06544823269642946,0.00781672215345034,False,0.06702502343181932,0.007901284179743536,False,0.08285893024512996,0.008717392254888646,False,0.3104607444123391,0.014629712253124842,False,0.0,0.0,False
nhanes2123,NHANES 21-23,True,ev10,race,nhanes2123|race,random_forest,False,45,random_forest|s45,3276,820,0.13095238095238096,0.13048780487804879,5,1.1695934710313294,1.8612772426586652,2.173115387381573,2.5416615688792064,0.09002713704206233,2.4585470085470083,0.950990287189839,0.0,0.4626852000365034,0.10921243324851124,0.009674188306838187,False,0.1066489269513749,0.009607202011048237,False,0.13548032241706803,0.010601732656591647,False,0.41396757682414176,0.015316682381925155,False,0.0,0.0,False
nhanes2123,NHANES 21-23,True,m30,age_group,nhanes2123|age_group,random_forest,False,46,random_forest|s46,3276,820,0.13095238095238096,0.13048780487804879,4,1.2776998251142615,1.2342672541754405,1.692602080549734,2.16263738230643,0.08481152302007622,13.744493392070485,0.9599297426957308,0.0,0.4646147000021301,0.22686883036083363,0.013147843617972981,False,0.22465284435169272,0.01311597126802836,False,0.2736388128722598,0.014000368609600628,False,0.5733288653379813,0.015601121778556581,False,0.00027699825114261477,0.0002768597173749219,False
nhanes2123,NHANES 21-23,True,m30,sex,nhanes2123|sex,random_forest,False,46,random_forest|s46,3276,820,0.13095238095238096,0.13048780487804879,2,1.0525276464454434,1.0040019210318252,2.181319531181285,2.2958991122997157,0.014740544690839075,1.0611957134799774,0.9599297426957308,0.0,0.4646147000021301,0.061778041108998774,0.007604642985411612,False,0.062353870502362074,0.007632507816554293,False,0.08252527646445444,0.008701381017812811,False,0.3044549763601798,0.014548768848567543,False,0.0,0.0,False
nhanes2123,NHANES 21-23,True,m30,race,nhanes2123|race,random_forest,False,46,random_forest|s46,3276,820,0.13095238095238096,0.13048780487804879,5,1.3915745978465728,1.9084156365174743,1.9578562512348583,2.7245030254535463,0.09839234839234856,1.723404255319149,0.9599297426957308,0.0,0.4646147000021301,0.3419005656742985,0.01489601655272347,False,0.3339005656742985,0.014807544050951712,False,0.40546272317901016,0.015387412818008777,False,0.691361896769859,0.014380095422297956,False,0.001,0.0009994998749374,False
nhanes2123,NHANES 21-23,True,ev10,age_group,nhanes2123|age_group,random_forest,False,46,random_forest|s46,3276,820,0.13095238095238096,0.13048780487804879,3,1.1280318773612332,1.1455052355052957,1.9171775423274513,2.16263738230643,0.05324528483953461,3.3736483780536646,0.9599297426957308,0.0,0.4646147000021301,0.08400294200599388,0.008618449582006058,False,0.08416478611345402,0.008656284803404335,False,0.10413879276420862,0.00948043731439599,False,0.3536691991224448,0.014926858359126794,False,0.0,0.0,False
nhanes2123,NHANES 21-23,True,ev10,sex,nhanes2123|sex,random_forest,False,46,random_forest|s46,3276,820,0.13095238095238096,0.13048780487804879,2,1.0525276464454434,1.0040019210318252,2.181319531181285,2.2958991122997157,0.014740544690839075,1.0611957134799774,0.9599297426957308,0.0,0.4646147000021301,0.061778041108998774,0.007604642985411612,False,0.062353870502362074,0.007632507816554293,False,0.08252527646445444,0.008701381017812811,False,0.3044549763601798,0.014548768848567543,False,0.0,0.0,False
nhanes2123,NHANES 21-23,True,ev10,race,nhanes2123|race,random_forest,False,46,random_forest|s46,3276,820,0.13095238095238096,0.13048780487804879,3,1.0289618742550342,1.1479255123560572,2.1813515143138447,2.2445275425774307,0.006798812601742976,1.723404255319149,0.9599297426957308,0.0,0.4646147000021301,0.05918580616805376,0.007454852704294054,False,0.05905466239570478,0.007442672636738237,False,0.08228961874255035,0.008690072374324587,False,0.30021313736590616,0.014491598993388576,False,0.0,0.0,False
nhanes2123,NHANES 21-23,True,m30,age_group,nhanes2123|age_group,random_forest,False,47,random_forest|s47,3276,820,0.13095238095238096,0.13048780487804879,4,1.188692792292247,1.283028698506412,1.7942659186188856,2.132830964917897,0.09430894308943083,8.3671875,0.9587893722719587,0.0,0.477235300000757,0.1207972674559531,0.01015934518588415,False,0.11698134664990412,0.010044188941469849,False,0.14988308926956329,0.011117015591576268,False,0.4416772478338338,0.015495823112325158,False,0.0,0.0,False
nhanes2123,NHANES 21-23,True,m30,sex,nhanes2123|sex,random_forest,False,47,random_forest|s47,3276,820,0.13095238095238096,0.13048780487804879,2,1.0142479670631002,1.058383818061002,2.2182009077266294,2.2498057611992572,0.004663904551909459,1.1612648221343873,0.9587893722719587,0.0,0.477235300000757,0.05756727637694102,0.007361327218398267,False,0.05699471538883402,0.007324144069330871,False,0.082142479670631,0.008683011526523465,False,0.297564634071358,0.014455903496696048,False,0.0,0.0,False
nhanes2123,NHANES 21-23,True,m30,race,nhanes2123|race,random_forest,False,47,random_forest|s47,3276,820,0.13095238095238096,0.13048780487804879,5,1.2080115713495596,1.688229681925704,2.1339765497265524,2.577868365058284,0.06545398009950243,1.7801164352888492,0.9587893722719587,0.0,0.477235300000757,0.13251521540874928,0.010650076684997851,False,0.12743248941861424,0.01048619700261614,False,0.16445134888655316,0.011638219305414067,False,0.46970531253173814,0.0156770222315758,False,0.0,0.0,False
nhanes2123,NHANES 21-23,True,m30,insured,nhanes2123|insured,random_forest,False,47,random_forest|s47,3276,820,0.13095238095238096,0.13048780487804879,2,1.080821987934584,1.1456600950306826,2.0846667949889732,2.2531537095411998,0.06912132513593561,1.4250440917107585,0.9587893722719587,0.0,0.477235300000757,0.06489041867280423,0.007784489303684153,False,0.06631507831084174,0.007860434207464321,False,0.08280821987934585,0.008714958787217075,False,0.3095479578282251,0.01461741007077102,False,0.0,0.0,False
nhanes2123,NHANES 21-23,True,ev10,age_group,nhanes2123|age_group,random_forest,False,47,random_forest|s47,3276,820,0.13095238095238096,0.13048780487804879,2,1.1460405301528587,1.2124674521795469,1.861043225612117,2.132830964917897,0.0017189200768472634,1.0516896802325582,0.9587893722719587,0.0,0.477235300000757,0.09492622320747163,0.009075901533562353,False,0.09390717204990713,0.009068317555612352,False,0.11771908831199175,0.009966294970739843,False,0.37979650686111455,0.015095769241903203,False,0.0,0.0,False
nhanes2123,NHANES 21-23,True,ev10,sex,nhanes2123|sex,random_forest,False,47,random_forest|s47,3276,820,0.13095238095238096,0.13048780487804879,2,1.0142479670631002,1.058383818061002,2.2182009077266294,2.2498057611992572,0.004663904551909459,1.1612648221343873,0.9587893722719587,0.0,0.477235300000757,0.05756727637694102,0.007361327218398267,False,0.05699471538883402,0.007324144069330871,False,0.082142479670631,0.008683011526523465,False,0.297564634071358,0.014455903496696048,False,0.0,0.0,False
nhanes2123,NHANES 21-23,True,ev10,race,nhanes2123|race,random_forest,False,47,random_forest|s47,3276,820,0.13095238095238096,0.13048780487804879,4,1.2080115713495596,1.688229681925704,2.1339765497265524,2.577868365058284,0.047841229271526675,1.7801164352888492,0.9587893722719587,0.0,0.477235300000757,0.13251521540874928,0.010650076684997851,False,0.12743248941861424,0.01048619700261614,False,0.16445134888655316,0.011638219305414067,False,0.46970531253173814,0.0156770222315758,False,0.0,0.0,False
nhanes2123,NHANES 21-23,True,m30,age_group,nhanes2123|age_group,hgb_deep,False,42,hgb_deep|s42,3276,820,0.13095238095238096,0.13048780487804879,4,1.8380060727733816,2.71387479628871,3.2802775623863525,6.029170080048381,0.09133445978196553,8.379310344827587,0.9493518239372929,0.0,0.9086571999941953,0.8344568150567389,0.011617814030094162,False,0.837349864993981,0.011553513762541717,False,0.8653758434129978,0.01070271033743507,False,0.967453778670048,0.005590972707715316,False,0.054988528983837034,0.007012821953521472,False
nhanes2123,NHANES 21-23,True,m30,sex,nhanes2123|sex,hgb_deep,False,42,hgb_deep|s42,3276,820,0.13095238095238096,0.13048780487804879,2,1.1663861052464237,1.1971627285144542,4.923379493505261,5.742561432079712,0.040886784970754486,1.633693330168526,0.9493518239372929,0.0,0.9086571999941953,0.10726698187078158,0.00959271548626483,False,0.10491379464150791,0.00953381841223139,False,0.13306165313664736,0.010515200740999583,False,0.4093142674476803,0.015286599121817703,False,0.0,0.0,False
nhanes2123,NHANES 21-23,True,m30,race,nhanes2123|race,hgb_deep,False,42,hgb_deep|s42,3276,820,0.13095238095238096,0.13048780487804879,5,1.2278305774921456,1.8012609463915665,4.990876679123837,6.127950995120703,0.13079632891443382,1.655803195962994,0.9493518239372929,0.0,0.9086571999941953,0.15328585971559264,0.011347684083436465,False,0.1485352691781953,0.011189996489413738,False,0.18936820881993036,0.012341739368463984,False,0.502910564446894,0.015791030112256344,False,0.0,0.0,False
nhanes2123,NHANES 21-23,True,m30,insured,nhanes2123|insured,hgb_deep,False,42,hgb_deep|s42,3276,820,0.13095238095238096,0.13048780487804879,2,1.2151651045239666,1.3201893661319293,4.431470653925176,5.384968500371878,0.0521997535696167,3.9960629921259843,0.9493518239372929,0.0,0.9086571999941953,0.1368542437276519,0.01083178920669614,False,0.1313024335949328,0.010649867766663131,False,0.16984581652626995,0.011831215355863308,False,0.48008379918641064,0.015744118289089955,False,0.0,0.0,False
nhanes2123,NHANES 21-23,True,ev10,age_group,nhanes2123|age_group,hgb_deep,False,42,hgb_deep|s42,3276,820,0.13095238095238096,0.13048780487804879,3,1.5259731866839235,1.9584281963918488,3.9510327787281168,6.029170080048381,0.06539168552036223,3.310344827586207,0.9493518239372929,0.0,0.9086571999941953,0.5163235338901361,0.01568891791599777,False,0.5085832657569753,0.0156936952371,False,0.5865054108222615,0.015463720317143883,False,0.8433241801435148,0.011434541639390209,False,0.007,0.0026364749192814,False
nhanes2123,NHANES 21-23,True,ev10,sex,nhanes2123|sex,hgb_deep,False,42,hgb_deep|s42,3276,820,0.13095238095238096,0.13048780487804879,2,1.1663861052464237,1.1971627285144542,4.923379493505261,5.742561432079712,0.040886784970754486,1.633693330168526,0.9493518239372929,0.0,0.9086571999941953,0.10726698187078158,0.00959271548626483,False,0.10491379464150791,0.00953381841223139,False,0.13306165313664736,0.010515200740999583,False,0.4093142674476803,0.015286599121817703,False,0.0,0.0,False
nhanes2123,NHANES 21-23,True,ev10,race,nhanes2123|race,hgb_deep,False,42,hgb_deep|s42,3276,820,0.13095238095238096,0.13048780487804879,4,1.2278305774921456,1.6915787548926728,4.990876679123837,6.127950995120703,0.09746369503832175,1.655803195962994,0.9493518239372929,0.0,0.9086571999941953,0.15328585971559264,0.011347684083436465,False,0.1485352691781953,0.011189996489413738,False,0.18936820881993036,0.012341739368463984,False,0.502910564446894,0.015791030112256344,False,0.0,0.0,False
nhanes2123,NHANES 21-23,True,m30,age_group,nhanes2123|age_group,hgb_deep,False,43,hgb_deep|s43,3276,820,0.13095238095238096,0.13048780487804879,4,1.624063595221086,3.734043095432713,3.3350541827451474,5.416340086286205,0.04776803292271159,3.280334728033473,0.9589466647442032,0.0,0.9090456999838352,0.6437908026794756,0.014993940321941707,False,0.6390367382334436,0.015012301025737943,False,0.7055823233166643,0.014274242394374814,False,0.8988713736424024,0.00938756888096044,False,0.010368903330952032,0.0030504362489469096,False
nhanes2123,NHANES 21-23,True,m30,sex,nhanes2123|sex,hgb_deep,False,43,hgb_deep|s43,3276,820,0.13095238095238096,0.13048780487804879,2,1.1249795245336092,1.0359656006950122,4.679962971563522,5.264862518584428,0.02907027739592516,1.0414772727272728,0.9589466647442032,0.0,0.9090456999838352,0.08215151488104158,0.00854091436746273,False,0.08251351327228033,0.008586447856086392,False,0.10183701850075441,0.009398087512424484,False,0.3492407855938427,0.014898229032068036,False,0.0,0.0,False
nhanes2123,NHANES 21-23,True,m30,race,nhanes2123|race,hgb_deep,False,43,hgb_deep|s43,3276,820,0.13095238095238096,0.13048780487804879,5,1.2337159171139347,1.4334203344716534,4.655038229248948,5.742994758198292,0.06904761904761891,1.7300073367571533,0.9589466647442032,0.0,0.9090456999838352,0.16568711106150527,0.011693175143451313,False,0.162197664728777,0.011577349038812792,False,0.2038713671736248,0.012670926933072212,False,0.5159423878951411,0.015773673012628026,False,0.0,0.0,False
nhanes2123,NHANES 21-23,True,m30,insured,nhanes2123|insured,hgb_deep,False,43,hgb_deep|s43,3276,820,0.13095238095238096,0.13048780487804879,2,1.0162418022606732,1.0251448080671166,4.863542560488589,4.942535257042413,0.078358027708051,1.2504736642667678,0.9589466647442032,0.0,0.9090456999838352,0.05778659824867405,0.007374000562277407,False,0.05727385231649425,0.007340205501996714,False,0.08216241802260674,0.00868396831975907,False,0.29792352440692116,0.014460740480970315,False,0.0,0.0,False
nhanes2123,NHANES 21-23,True,ev10,age_group,nhanes2123|age_group,hgb_deep,False,43,hgb_deep|s43,3276,820,0.13095238095238096,0.13048780487804879,3,1.428597759579165,1.9222056714881515,3.7913681790189457,5.416340086286205,0.03384306406542126,2.653556485355648,0.9589466647442032,0.0,0.9090456999838352,0.3818855803454981,0.015293559197170485,False,0.37388558034549807,0.015228766484415821,False,0.453963065048706,0.01564958403409126,False,0.7468966393687473,0.01358218891372668,False,0.001,0.0009994998749374,False
nhanes2123,NHANES 21-23,True,ev10,sex,nhanes2123|sex,hgb_deep,False,43,hgb_deep|s43,3276,820,0.13095238095238096,0.13048780487804879,2,1.1249795245336092,1.0359656006950122,4.679962971563522,5.264862518584428,0.02907027739592516,1.0414772727272728,0.9589466647442032,0.0,0.9090456999838352,0.08215151488104158,0.00854091436746273,False,0.08251351327228033,0.008586447856086392,False,0.10183701850075441,0.009398087512424484,False,0.3492407855938427,0.014898229032068036,False,0.0,0.0,False
nhanes2123,NHANES 21-23,True,ev10,race,nhanes2123|race,hgb_deep,False,43,hgb_deep|s43,3276,820,0.13095238095238096,0.13048780487804879,4,1.2337159171139347,1.4334203344716534,4.655038229248948,5.742994758198292,0.04588744588744598,1.7300073367571533,0.9589466647442032,0.0,0.9090456999838352,0.16568711106150527,0.011693175143451313,False,0.162197664728777,0.011577349038812792,False,0.2038713671736248,0.012670926933072212,False,0.5159423878951411,0.015773673012628026,False,0.0,0.0,False
nhanes2123,NHANES 21-23,True,m30,age_group,nhanes2123|age_group,hgb_deep,False,44,hgb_deep|s44,3276,820,0.13095238095238096,0.13048780487804879,4,2.1037488700127773,2.905049894689744,2.660827475166249,5.597712794179947,0.060868533459895624,6.052631578947368,0.9659592874651005,0.0,0.9077853999915533,0.9420697378429643,0.007084110693029628,False,0.9394847333230154,0.007247542757679552,False,0.9558448056421976,0.006252905400452688,False,0.9925649502805622,0.0024291072444230927,False,0.16936440788669532,0.011553663621902488,False
nhanes2123,NHANES 21-23,True,m30,sex,nhanes2123|sex,hgb_deep,False,44,hgb_deep|s44,3276,820,0.13095238095238096,0.13048780487804879,2,1.0232897151750147,1.052086975895539,5.037383408854681,5.154702633674251,0.004925726567517663,1.057834155508574,0.9659592874651005,0.0,0.9077853999915533,0.058561868669251615,0.0074187989609125655,False,0.05826056012450205,0.007396980294038811,False,0.08223289715175015,0.008687350442519164,False,0.2991921487315026,0.014477838505909675,False,0.0,0.0,False
nhanes2123,NHANES 21-23,True,m30,race,nhanes2123|race,hgb_deep,False,44,hgb_deep|s44,3276,820,0.13095238095238096,0.13048780487804879,5,1.2916618393291344,2.3881707273750563,4.609351960866788,5.953724031888548,0.08955223880597019,1.9342421812349642,0.9659592874651005,0.0,0.9077853999915533,0.2404119841492603,0.013399228487363225,False,0.23707903700292954,0.013351290974510445,False,0.28857816808217374,0.014211370828854182,False,0.5840796162834334,0.015538354788574377,False,0.0004166183932913433,0.00041641003199131805,False
nhanes2123,NHANES 21-23,True,m30,insured,nhanes2123|insured,hgb_deep,False,44,hgb_deep|s44,3276,820,0.13095238095238096,0.13048780487804879,2,1.0831277116152167,1.2432817871597603,4.7235259800983895,5.1161818855789924,0.007457726265823972,1.707737321196359,0.9659592874651005,0.0,0.9077853999915533,0.06514404827767384,0.007799145093255179,False,0.06663787962613033,0.007879008072389367,False,0.08283127711615217,0.008716065248184105,False,0.30996298809073897,0.014623003687132896,False,0.0,0.0,False
nhanes2123,NHANES 21-23,True,ev10,age_group,nhanes2123|age_group,hgb_deep,False,44,hgb_deep|s44,3276,820,0.13095238095238096,0.13048780487804879,2,1.0724566877028126,1.0898570014015339,5.219523416064635,5.597712794179947,0.026887051978414234,1.044763070466865,0.9659592874651005,0.0,0.9077853999915533,0.06397023564730937,0.0077313172428144575,False,0.06514393627839375,0.007793047140285597,False,0.08272456687702813,0.00871094448218057,False,0.30804220378650626,0.014597116103787262,False,0.0,0.0,False
nhanes2123,NHANES 21-23,True,ev10,sex,nhanes2123|sex,hgb_deep,False,44,hgb_deep|s44,3276,820,0.13095238095238096,0.13048780487804879,2,1.0232897151750147,1.052086975895539,5.037383408854681,5.154702633674251,0.004925726567517663,1.057834155508574,0.9659592874651005,0.0,0.9077853999915533,0.058561868669251615,0.0074187989609125655,False,0.05826056012450205,0.007396980294038811,False,0.08223289715175015,0.008687350442519164,False,0.2991921487315026,0.014477838505909675,False,0.0,0.0,False
nhanes2123,NHANES 21-23,True,ev10,race,nhanes2123|race,hgb_deep,False,44,hgb_deep|s44,3276,820,0.13095238095238096,0.13048780487804879,4,1.2857845707320206,1.5848360602401725,4.609351960866788,5.926633632355901,0.08955223880597019,1.8702791461412152,0.9659592874651005,0.0,0.9077853999915533,0.23471103361005993,0.013293408769955762,False,0.23184826795149827,0.01325223383992338,False,0.282289490683262,0.014122550068607482,False,0.5795541194636559,0.015564776367401077,False,0.0003578457073202054,0.0003576667397134307,False
nhanes2123,NHANES 21-23,True,m30,age_group,nhanes2123|age_group,hgb_deep,False,45,hgb_deep|s45,3276,820,0.13095238095238096,0.13048780487804879,4,2.1888890471973625,2.8174995879481415,2.8877193277056565,6.320897207795043,0.08737562189054748,8.100418410041842,0.9433484945799636,0.0,0.9307335000485182,0.9618222589497881,0.005777604172089063,False,0.9595778151385775,0.0059579354423823895,False,0.9704889161179463,0.005126086287353478,False,0.9963111180766839,0.0015968605140693883,False,0.213977860731418,0.01275614651725036,False
nhanes2123,NHANES 21-23,True,m30,sex,nhanes2123|sex,hgb_deep,False,45,hgb_deep|s45,3276,820,0.13095238095238096,0.13048780487804879,2,1.1295755819692563,1.0934573021470069,5.174361447834668,5.84483234375713,0.009207116391572456,1.5354691075514875,0.9433484945799636,0.0,0.9307335000485182,0.08493928742397512,0.008657662436723043,False,0.0849999049997616,0.008691604317062554,False,0.10530289787845555,0.00952208511068701,False,0.35590883613572427,0.014941337427111737,False,0.0,0.0,False
nhanes2123,NHANES 21-23,True,m30,race,nhanes2123|race,hgb_deep,False,45,hgb_deep|s45,3276,820,0.13095238095238096,0.13048780487804879,5,1.3966935964280256,2.277579570020861,4.905733299481217,6.851806285169146,0.10593622795115343,2.4585470085470083,0.9433484945799636,0.0,0.9307335000485182,0.34742908414226753,0.014950982691155665,False,0.3394290841422675,0.01486578426973564,False,0.41216861132071336,0.01542366185835053,False,0.6990403946420383,0.014269773070171216,False,0.001,0.0009994998749374,False
nhanes2123,NHANES 21-23,True,m30,insured,nhanes2123|insured,hgb_deep,False,45,hgb_deep|s45,3276,820,0.13095238095238096,0.13048780487804879,2,1.0899869515859464,1.3005538051890582,5.078742151954049,5.535762676099443,0.058545742527791766,1.8513071895424837,0.9433484945799636,0.0,0.9307335000485182,0.0658985646744541,0.007842744236757319,False,0.06759817322203249,0.007934263000711846,False,0.08289986951585947,0.0087193568313668,False,0.31119765128547033,0.014639643997180703,False,0.0,0.0,False
nhanes2123,NHANES 21-23,True,ev10,age_group,nhanes2123|age_group,hgb_deep,False,45,hgb_deep|s45,3276,820,0.13095238095238096,0.13048780487804879,3,1.4552509742205135,1.7037671191618509,4.3435100335052175,6.320897207795043,0.051985721093669945,1.8525104602510463,0.9433484945799636,0.0,0.9307335000485182,0.4129814808151804,0.015552417750814708,False,0.4049814808151804,0.015505457228193928,False,0.489456383393129,0.015792860491563025,False,0.7841459547361032,0.012996266739149095,False,0.001630116906461607,0.0011714141500868821,False
nhanes2123,NHANES 21-23,True,ev10,sex,nhanes2123|sex,hgb_deep,False,45,hgb_deep|s45,3276,820,0.13095238095238096,0.13048780487804879,2,1.1295755819692563,1.0934573021470069,5.174361447834668,5.84483234375713,0.009207116391572456,1.5354691075514875,0.9433484945799636,0.0,0.9307335000485182,0.08493928742397512,0.008657662436723043,False,0.0849999049997616,0.008691604317062554,False,0.10530289787845555,0.00952208511068701,False,0.35590883613572427,0.014941337427111737,False,0.0,0.0,False
nhanes2123,NHANES 21-23,True,ev10,race,nhanes2123|race,hgb_deep,False,45,hgb_deep|s45,3276,820,0.13095238095238096,0.13048780487804879,5,1.3966935964280256,2.277579570020861,4.905733299481217,6.851806285169146,0.10593622795115343,2.4585470085470083,0.9433484945799636,0.0,0.9307335000485182,0.34742908414226753,0.014950982691155665,False,0.3394290841422675,0.01486578426973564,False,0.41216861132071336,0.01542366185835053,False,0.6990403946420383,0.014269773070171216,False,0.001,0.0009994998749374,False
nhanes2123,NHANES 21-23,True,m30,age_group,nhanes2123|age_group,hgb_deep,False,46,hgb_deep|s46,3276,820,0.13095238095238096,0.13048780487804879,4,1.9684624950289944,3.364887943932011,2.840881436879024,5.592168561320438,0.09361093253786013,13.744493392070485,0.9504528712430037,0.0,0.9165028000134043,0.9028619976139174,0.009293891215278127,False,0.9008081227630476,0.009391682548994784,False,0.9231773726636273,0.008328944150142098,False,0.9829539992046391,0.0040026165048390235,False,0.10206962296188771,0.009517392911858534,False
nhanes2123,NHANES 21-23,True,m30,sex,nhanes2123|sex,hgb_deep,False,46,hgb_deep|s46,3276,820,0.13095238095238096,0.13048780487804879,2,1.0415833019889036,1.031009218917252,5.13079895326546,5.3441545155834485,0.009946373179280377,1.0611957134799774,0.9504528712430037,0.0,0.9165028000134043,0.06057416321877939,0.007535077837299908,False,0.0608216622784465,0.007544345138026761,False,0.08241583301988904,0.008696129091897915,False,0.30248499435800263,0.014522218197795159,False,0.0,0.0,False
nhanes2123,NHANES 21-23,True,m30,race,nhanes2123|race,hgb_deep,False,46,hgb_deep|s46,3276,820,0.13095238095238096,0.13048780487804879,5,1.304342188036538,2.5376011562088827,4.8714528904561325,6.3540415220544695,0.11665649165649161,1.723404255319149,0.9504528712430037,0.0,0.9165028000134043,0.2527119223954418,0.013627537079130581,False,0.24836454735251878,0.0135650091307875,False,0.3021461411990956,0.014403003760678658,False,0.5938434847881342,0.015481349595194711,False,0.0005434218803653796,0.0005431501014634436,False
nhanes2123,NHANES 21-23,True,ev10,age_group,nhanes2123|age_group,hgb_deep,False,46,hgb_deep|s46,3276,820,0.13095238095238096,0.13048780487804879,3,1.3085988684268917,1.5884938478771646,4.273401648316387,5.592168561320438,0.06432623533253456,3.3736483780536646,0.9504528712430037,0.0,0.9165028000134043,0.25684090237408486,0.013704178244760192,False,0.25215299289993354,0.013636752416865738,False,0.306700789216774,0.014467333233145528,False,0.5971211286887066,0.015462213458294481,False,0.0005859886842689161,0.0005856956166415131,False
nhanes2123,NHANES 21-23,True,ev10,sex,nhanes2123|sex,hgb_deep,False,46,hgb_deep|s46,3276,820,0.13095238095238096,0.13048780487804879,2,1.0415833019889036,1.031009218917252,5.13079895326546,5.3441545155834485,0.009946373179280377,1.0611957134799774,0.9504528712430037,0.0,0.9165028000134043,0.06057416321877939,0.007535077837299908,False,0.0608216622784465,0.007544345138026761,False,0.08241583301988904,0.008696129091897915,False,0.30248499435800263,0.014522218197795159,False,0.0,0.0,False
nhanes2123,NHANES 21-23,True,ev10,race,nhanes2123|race,hgb_deep,False,46,hgb_deep|s46,3276,820,0.13095238095238096,0.13048780487804879,3,1.1824754817202012,1.3344098566755425,4.8714528904561325,5.7603736033193815,0.01123076651698185,1.723404255319149,0.9504528712430037,0.0,0.9165028000134043,0.11702611186307287,0.010001414390753461,False,0.11361788355355149,0.009901938679000282,False,0.145194625559496,0.010949278005747486,False,0.4326570513481608,0.015437508288369659,False,0.0,0.0,False
nhanes2123,NHANES 21-23,True,m30,age_group,nhanes2123|age_group,hgb_deep,False,47,hgb_deep|s47,3276,820,0.13095238095238096,0.13048780487804879,4,2.2792778442590964,3.771423814961582,2.4025828282199706,5.476153809359138,0.08055555555555549,8.3671875,0.9466778519091373,0.0,0.9074760000221431,0.9782251161636913,0.004534248507747232,False,0.976459338917764,0.004704170126944214,False,0.9827566706555457,0.004045440783682432,False,0.9991171113770364,0.0008824470682357858,False,0.2680169388828405,0.013859772446098364,False
nhanes2123,NHANES 21-23,True,m30,sex,nhanes2123|sex,hgb_deep,False,47,hgb_deep|s47,3276,820,0.13095238095238096,0.13048780487804879,2,1.0918355150040864,1.0538497260577497,4.633989321782929,5.059554117672302,0.018487470983246324,1.1612648221343873,0.9466778519091373,0.0,0.9074760000221431,0.0661019066504495,0.007854494194782439,False,0.0678569721005721,0.007949154189765554,False,0.08291835515004087,0.008720243912192846,False,0.3115303927007355,0.014644128556483504,False,0.0,0.0,False
nhanes2123,NHANES 21-23,True,m30,race,nhanes2123|race,hgb_deep,False,47,hgb_deep|s47,3276,820,0.13095238095238096,0.13048780487804879,5,1.297081372354878,1.978982734333086,4.440178963837646,5.759273423915793,0.0670678863745785,1.7801164352888492,0.9466778519091373,0.0,0.9074760000221431,0.24566893118423158,0.013496806715036237,False,0.24190242139584134,0.013442633305298893,False,0.2943770684197194,0.014293274018333225,False,0.588252656713256,0.015513990984763554,False,0.0004708137235487793,0.00047057825780581644,False
nhanes2123,NHANES 21-23,True,m30,insured,nhanes2123|insured,hgb_deep,False,47,hgb_deep|s47,3276,820,0.13095238095238096,0.13048780487804879,2,1.1379880775007956,1.1154081109564733,4.282369592721012,4.87328553996845,0.049512812560540076,1.4250440917107585,0.9466778519091373,0.0,0.9074760000221431,0.0900419486480235,0.008871354851302261,False,0.08955092717256151,0.008884079774660896,False,0.111646746967813,0.009749046861254908,False,0.36811385014459674,0.015020241832845279,False,0.0,0.0,False
nhanes2123,NHANES 21-23,True,ev10,age_group,nhanes2123|age_group,hgb_deep,False,47,hgb_deep|s47,3276,820,0.13095238095238096,0.13048780487804879,2,1.1107454355289368,1.0820366482369173,4.930160983962446,5.476153809359138,0.006919805086946229,1.0516896802325582,0.9466778519091373,0.0,0.9074760000221431,0.07351772318968293,0.008179343078974045,False,0.07481310446647396,0.008260776028458264,False,0.0911031153169031,0.009014064276260147,False,0.32858968925099835,0.014764721402867963,False,0.0,0.0,False
nhanes2123,NHANES 21-23,True,ev10,sex,nhanes2123|sex,hgb_deep,False,47,hgb_deep|s47,3276,820,0.13095238095238096,0.13048780487804879,2,1.0918355150040864,1.0538497260577497,4.633989321782929,5.059554117672302,0.018487470983246324,1.1612648221343873,0.9466778519091373,0.0,0.9074760000221431,0.0661019066504495,0.007854494194782439,False,0.0678569721005721,0.007949154189765554,False,0.08291835515004087,0.008720243912192846,False,0.3115303927007355,0.014644128556483504,False,0.0,0.0,False
nhanes2123,NHANES 21-23,True,ev10,race,nhanes2123|race,hgb_deep,False,47,hgb_deep|s47,3276,820,0.13095238095238096,0.13048780487804879,4,1.297081372354878,1.978982734333086,4.440178963837646,5.759273423915793,0.0670678863745785,1.7801164352888492,0.9466778519091373,0.0,0.9074760000221431,0.24566893118423158,0.013496806715036237,False,0.24190242139584134,0.013442633305298893,False,0.2943770684197194,0.014293274018333225,False,0.588252656713256,0.015513990984763554,False,0.0004708137235487793,0.00047057825780581644,False
german_credit,German Credit,False,m30,sex,german_credit|sex,published,False,,published,800,200,0.7,0.7,2,1.157365088277686,1.1938461640100009,0.5795301892628926,0.6707280086558317,0.028000000000000136,1.0714285714285716,0.6545238095238095,0.0,0.0005377999623306096,0.10179521747990788,0.009363565540118357,False,0.10003357234694489,0.009327420160660196,False,0.12625891902907468,0.010271821615809983,False,0.39622639856680675,0.015201987132383432,False,0.0,0.0,False
german_credit,German Credit,False,m30,age_group,german_credit|age_group,published,False,,published,800,200,0.7,0.7,2,1.050664586688737,1.024478638833158,0.6492312543024965,0.6821242874671428,0.02913943691975729,1.0875420875420876,0.6545238095238095,0.0,0.0005377999623306096,0.061573104535761064,0.007592800884824327,False,0.06209304213642317,0.0076174998515674145,False,0.08250664586688737,0.008700486980544878,False,0.30411962560397265,0.014544249121582998,False,0.0,0.0,False
german_credit,German Credit,False,ev10,sex,german_credit|sex,published,False,,published,800,200,0.7,0.7,2,1.157365088277686,1.1938461640100009,0.5795301892628926,0.6707280086558317,0.028000000000000136,1.0714285714285716,0.6545238095238095,0.0,0.0005377999623306096,0.10179521747990788,0.009363565540118357,False,0.10003357234694489,0.009327420160660196,False,0.12625891902907468,0.010271821615809983,False,0.39622639856680675,0.015201987132383432,False,0.0,0.0,False
german_credit,German Credit,False,ev10,age_group,german_credit|age_group,published,False,,published,800,200,0.7,0.7,2,1.050664586688737,1.024478638833158,0.6492312543024965,0.6821242874671428,0.02913943691975729,1.0875420875420876,0.6545238095238095,0.0,0.0005377999623306096,0.061573104535761064,0.007592800884824327,False,0.06209304213642317,0.0076174998515674145,False,0.08250664586688737,0.008700486980544878,False,0.30411962560397265,0.014544249121582998,False,0.0,0.0,False
german_credit,German Credit,False,m30,sex,german_credit|sex,xgb_published,False,42,xgb_published|s42,800,200,0.7,0.7,2,1.0933428876738713,1.064972852759043,1.0757363646214977,1.176148703271061,0.04218557616615892,1.2801341487472873,0.6486904761904762,0.0,0.04302630003076047,0.06626771764412584,0.007864075454167093,False,0.06806800427434198,0.007961296900791798,False,0.08293342887673871,0.008720967263839835,False,0.31180171978129684,0.01464778539728363,False,0.0,0.0,False
german_credit,German Credit,False,m30,age_group,german_credit|age_group,xgb_published,False,42,xgb_published|s42,800,200,0.7,0.7,2,1.0901598294951405,1.185205674038782,1.0510817616144752,1.145847114027088,0.03133417508417513,1.0953389830508475,0.6486904761904762,0.0,0.04302630003076047,0.06591758124446545,0.00784384309447384,False,0.06762237612931965,0.007935655626793136,False,0.0829015982949514,0.008719439791289618,False,0.31122876930912524,0.0146400633937934,False,0.0,0.0,False
german_credit,German Credit,False,ev10,sex,german_credit|sex,xgb_published,False,42,xgb_published|s42,800,200,0.7,0.7,2,1.0933428876738713,1.064972852759043,1.0757363646214977,1.176148703271061,0.04218557616615892,1.2801341487472873,0.6486904761904762,0.0,0.04302630003076047,0.06626771764412584,0.007864075454167093,False,0.06806800427434198,0.007961296900791798,False,0.08293342887673871,0.008720967263839835,False,0.31180171978129684,0.01464778539728363,False,0.0,0.0,False
german_credit,German Credit,False,ev10,age_group,german_credit|age_group,xgb_published,False,42,xgb_published|s42,800,200,0.7,0.7,2,1.0901598294951405,1.185205674038782,1.0510817616144752,1.145847114027088,0.03133417508417513,1.0953389830508475,0.6486904761904762,0.0,0.04302630003076047,0.06591758124446545,0.00784384309447384,False,0.06762237612931965,0.007935655626793136,False,0.0829015982949514,0.008719439791289618,False,0.31122876930912524,0.0146400633937934,False,0.0,0.0,False
german_credit,German Credit,False,m30,sex,german_credit|sex,xgb_published,False,43,xgb_published|s43,800,200,0.7,0.7,2,1.1045138424721073,1.1774998249038073,1.060565110588216,1.1714088454876457,0.010972510972511063,1.2088258471237192,0.6930952380952381,0.0,0.04880739998770878,0.06973790445029453,0.008021049483215624,False,0.07144191477999241,0.00811819898687968,False,0.08640388120847427,0.008845941361519529,False,0.3195487714554342,0.014706272617358483,False,0.0,0.0,False
german_credit,German Credit,False,m30,age_group,german_credit|age_group,xgb_published,False,43,xgb_published|s43,800,200,0.7,0.7,2,1.2205963530054917,1.1227236101691629,1.0706068102506137,1.3067787680947416,0.16129227053140105,1.134575569358178,0.6930952380952381,0.0,0.04880739998770878,0.14014860756070813,0.01096975262050665,False,0.13424064998657753,0.010774133156510008,False,0.17394151210250197,0.01197774567597043,False,0.4879635613276397,0.01579506029936732,False,0.0,0.0,False
german_credit,German Credit,False,ev10,sex,german_credit|sex,xgb_published,False,43,xgb_published|s43,800,200,0.7,0.7,2,1.1045138424721073,1.1774998249038073,1.060565110588216,1.1714088454876457,0.010972510972511063,1.2088258471237192,0.6930952380952381,0.0,0.04880739998770878,0.06973790445029453,0.008021049483215624,False,0.07144191477999241,0.00811819898687968,False,0.08640388120847427,0.008845941361519529,False,0.3195487714554342,0.014706272617358483,False,0.0,0.0,False
german_credit,German Credit,False,ev10,age_group,german_credit|age_group,xgb_published,False,43,xgb_published|s43,800,200,0.7,0.7,2,1.2205963530054917,1.1227236101691629,1.0706068102506137,1.3067787680947416,0.16129227053140105,1.134575569358178,0.6930952380952381,0.0,0.04880739998770878,0.14014860756070813,0.01096975262050665,False,0.13424064998657753,0.010774133156510008,False,0.17394151210250197,0.01197774567597043,False,0.4879635613276397,0.01579506029936732,False,0.0,0.0,False
german_credit,German Credit,False,m30,sex,german_credit|sex,xgb_published,False,44,xgb_published|s44,800,200,0.7,0.7,2,1.1364778254268726,1.011647628796779,1.053551618760966,1.1973380526644242,0.05275226369617614,1.054054054054054,0.6491666666666666,0.0,0.04808500001672655,0.0891258941113817,0.008832991750711013,False,0.0887339055587999,0.008849525645279506,False,0.11050786835469076,0.009708301584991606,False,0.36592274672587244,0.015006076530533501,False,0.0,0.0,False
german_credit,German Credit,False,m30,age_group,german_credit|age_group,xgb_published,False,44,xgb_published|s44,800,200,0.7,0.7,2,1.2084806705514515,1.285721054604304,1.0710597053384654,1.2943549509080687,0.07326432022084184,1.1805555555555556,0.6491666666666666,0.0,0.04808500001672655,0.13279975099022467,0.010661992642724502,False,0.12768626439668687,0.010496929856286571,False,0.16480509582568473,0.011650875190418965,False,0.47038589088202387,0.015681422114299844,False,0.0,0.0,False
german_credit,German Credit,False,ev10,sex,german_credit|sex,xgb_published,False,44,xgb_published|s44,800,200,0.7,0.7,2,1.1364778254268726,1.011647628796779,1.053551618760966,1.1973380526644242,0.05275226369617614,1.054054054054054,0.6491666666666666,0.0,0.04808500001672655,0.0891258941113817,0.008832991750711013,False,0.0887339055587999,0.008849525645279506,False,0.11050786835469076,0.009708301584991606,False,0.36592274672587244,0.015006076530533501,False,0.0,0.0,False
german_credit,German Credit,False,ev10,age_group,german_credit|age_group,xgb_published,False,44,xgb_published|s44,800,200,0.7,0.7,2,1.2084806705514515,1.285721054604304,1.0710597053384654,1.2943549509080687,0.07326432022084184,1.1805555555555556,0.6491666666666666,0.0,0.04808500001672655,0.13279975099022467,0.010661992642724502,False,0.12768626439668687,0.010496929856286571,False,0.16480509582568473,0.011650875190418965,False,0.47038589088202387,0.015681422114299844,False,0.0,0.0,False
german_credit,German Credit,False,m30,sex,german_credit|sex,xgb_published,False,45,xgb_published|s45,800,200,0.7,0.7,2,1.0447928573830967,1.2304126865147762,1.064703398021526,1.1123945054844027,0.08682215743440225,1.175438596491228,0.7079761904761905,0.0,0.05484460003208369,0.06092721431214063,0.007555478620303073,False,0.06127100003363353,0.007570199861583591,False,0.08244792857383097,0.008697669279820271,False,0.30306271432895737,0.014530004482733854,False,0.0,0.0,False
german_credit,German Credit,False,m30,age_group,german_credit|age_group,xgb_published,False,45,xgb_published|s45,800,200,0.7,0.7,2,1.127920716300563,1.207478572596464,1.0395195364106145,1.1724956201166894,0.03808474700741704,1.163432073544433,0.7079761904761905,0.0,0.05484460003208369,0.08393551644460369,0.008615625892486965,False,0.08410464980194383,0.008653741470580035,False,0.10405496639058837,0.00947743828648208,False,0.3535079244688494,0.014925815731835044,False,0.0,0.0,False
german_credit,German Credit,False,ev10,sex,german_credit|sex,xgb_published,False,45,xgb_published|s45,800,200,0.7,0.7,2,1.0447928573830967,1.2304126865147762,1.064703398021526,1.1123945054844027,0.08682215743440225,1.175438596491228,0.7079761904761905,0.0,0.05484460003208369,0.06092721431214063,0.007555478620303073,False,0.06127100003363353,0.007570199861583591,False,0.08244792857383097,0.008697669279820271,False,0.30306271432895737,0.014530004482733854,False,0.0,0.0,False
german_credit,German Credit,False,ev10,age_group,german_credit|age_group,xgb_published,False,45,xgb_published|s45,800,200,0.7,0.7,2,1.127920716300563,1.207478572596464,1.0395195364106145,1.1724956201166894,0.03808474700741704,1.163432073544433,0.7079761904761905,0.0,0.05484460003208369,0.08393551644460369,0.008615625892486965,False,0.08410464980194383,0.008653741470580035,False,0.10405496639058837,0.00947743828648208,False,0.3535079244688494,0.014925815731835044,False,0.0,0.0,False
german_credit,German Credit,False,m30,sex,german_credit|sex,xgb_published,False,46,xgb_published|s46,800,200,0.7,0.7,2,1.1703144672558272,1.5381461212601806,0.9372658617946646,1.0968957977232967,0.07138548222916563,1.0071225071225072,0.7278571428571428,0.0,0.05459830001927912,0.10964975882730502,0.009692502898927754,False,0.107038974089218,0.009623698195529598,False,0.13602402448800083,0.010621184502319397,False,0.41501361233017553,0.01532344491492346,False,0.0,0.0,False
german_credit,German Credit,False,m30,age_group,german_credit|age_group,xgb_published,False,46,xgb_published|s46,800,200,0.7,0.7,2,1.1140818223078819,1.1763744944238803,0.9132471980419801,1.0174321026121762,0.009777777777777885,1.2962962962962963,0.7278571428571428,0.0,0.05459830001927912,0.07554143320314143,0.008264093263279048,False,0.07661803501901804,0.008337111590194369,False,0.09361907911741907,0.00910407706510289,False,0.33343018482373016,0.014796014806246656,False,0.0,0.0,False
german_credit,German Credit,False,ev10,sex,german_credit|sex,xgb_published,False,46,xgb_published|s46,800,200,0.7,0.7,2,1.1703144672558272,1.5381461212601806,0.9372658617946646,1.0968957977232967,0.07138548222916563,1.0071225071225072,0.7278571428571428,0.0,0.05459830001927912,0.10964975882730502,0.009692502898927754,False,0.107038974089218,0.009623698195529598,False,0.13602402448800083,0.010621184502319397,False,0.41501361233017553,0.01532344491492346,False,0.0,0.0,False
german_credit,German Credit,False,ev10,age_group,german_credit|age_group,xgb_published,False,46,xgb_published|s46,800,200,0.7,0.7,2,1.1140818223078819,1.1763744944238803,0.9132471980419801,1.0174321026121762,0.009777777777777885,1.2962962962962963,0.7278571428571428,0.0,0.05459830001927912,0.07554143320314143,0.008264093263279048,False,0.07661803501901804,0.008337111590194369,False,0.09361907911741907,0.00910407706510289,False,0.33343018482373016,0.014796014806246656,False,0.0,0.0,False
german_credit,German Credit,False,m30,sex,german_credit|sex,xgb_published,False,47,xgb_published|s47,800,200,0.7,0.7,2,1.0184437696493025,1.1060374078235042,1.1660009293814366,1.1875063819338205,0.03389654609166792,1.0848356309650053,0.6504761904761904,0.0,0.045865299995057285,0.058028814661423275,0.007387996849413236,False,0.05758212775090235,0.0073579435532598785,False,0.08218443769649303,0.008685024990593766,False,0.2983198785368744,0.014466082387685682,False,0.0,0.0,False
german_credit,German Credit,False,m30,age_group,german_credit|age_group,xgb_published,False,47,xgb_published|s47,800,200,0.7,0.7,2,1.109359600698073,1.022157404600758,1.1429368758620742,1.2679279962294536,0.1627777777777778,1.2365591397849462,0.6504761904761904,0.0,0.045865299995057285,0.07267713484965081,0.008144140398615406,False,0.07406339054158047,0.008229068529509088,False,0.09005805954280913,0.008976675668084178,False,0.3265790928160567,0.014751723063271325,False,0.0,0.0,False
german_credit,German Credit,False,ev10,sex,german_credit|sex,xgb_published,False,47,xgb_published|s47,800,200,0.7,0.7,2,1.0184437696493025,1.1060374078235042,1.1660009293814366,1.1875063819338205,0.03389654609166792,1.0848356309650053,0.6504761904761904,0.0,0.045865299995057285,0.058028814661423275,0.007387996849413236,False,0.05758212775090235,0.0073579435532598785,False,0.08218443769649303,0.008685024990593766,False,0.2983198785368744,0.014466082387685682,False,0.0,0.0,False
german_credit,German Credit,False,ev10,age_group,german_credit|age_group,xgb_published,False,47,xgb_published|s47,800,200,0.7,0.7,2,1.109359600698073,1.022157404600758,1.1429368758620742,1.2679279962294536,0.1627777777777778,1.2365591397849462,0.6504761904761904,0.0,0.045865299995057285,0.07267713484965081,0.008144140398615406,False,0.07406339054158047,0.008229068529509088,False,0.09005805954280913,0.008976675668084178,False,0.3265790928160567,0.014751723063271325,False,0.0,0.0,False
german_credit,German Credit,False,m30,sex,german_credit|sex,logreg_l2,True,42,logreg_l2|s42,800,200,0.7,0.7,2,1.0284251790199073,1.2022916956241576,0.6297781760341942,0.6476797334307968,0.06552062320194829,1.2801341487472873,0.645,0.0,0.0035077000502496958,0.0591267696921898,0.007451441327425324,False,0.05897952506278702,0.007438349263175787,False,0.08228425179019908,0.008689814827275976,False,0.3001165322235833,0.01449029698687593,False,0.0,0.0,False
german_credit,German Credit,False,m30,age_group,german_credit|age_group,logreg_l2,True,42,logreg_l2|s42,800,200,0.7,0.7,2,1.134930643330765,1.0632007110806694,0.5705064657469403,0.6474852701945361,0.021338383838383934,1.0953389830508475,0.645,0.0,0.0035077000502496958,0.08818743939734928,0.008793690561584501,False,0.08789690540844666,0.00881412656770261,False,0.1093411408723802,0.009666559969122288,False,0.3636780645044706,0.014991564845695481,False,0.0,0.0,False
german_credit,German Credit,False,ev10,sex,german_credit|sex,logreg_l2,True,42,logreg_l2|s42,800,200,0.7,0.7,2,1.0284251790199073,1.2022916956241576,0.6297781760341942,0.6476797334307968,0.06552062320194829,1.2801341487472873,0.645,0.0,0.0035077000502496958,0.0591267696921898,0.007451441327425324,False,0.05897952506278702,0.007438349263175787,False,0.08228425179019908,0.008689814827275976,False,0.3001165322235833,0.01449029698687593,False,0.0,0.0,False
german_credit,German Credit,False,ev10,age_group,german_credit|age_group,logreg_l2,True,42,logreg_l2|s42,800,200,0.7,0.7,2,1.134930643330765,1.0632007110806694,0.5705064657469403,0.6474852701945361,0.021338383838383934,1.0953389830508475,0.645,0.0,0.0035077000502496958,0.08818743939734928,0.008793690561584501,False,0.08789690540844666,0.00881412656770261,False,0.1093411408723802,0.009666559969122288,False,0.3636780645044706,0.014991564845695481,False,0.0,0.0,False
german_credit,German Credit,False,m30,sex,german_credit|sex,logreg_l2,True,43,logreg_l2|s43,800,200,0.7,0.7,2,1.0778597436691029,1.0106918688998974,0.5968664938342764,0.6433383660488893,0.054295097773358614,1.2088258471237192,0.6636904761904762,0.0,0.002605099987704307,0.06456457180360131,0.007765660495628125,False,0.06590036411367439,0.007836571710269108,False,0.08277859743669103,0.00871353727791737,False,0.3090147538604385,0.014610223755198845,False,0.0,0.0,False
german_credit,German Credit,False,m30,age_group,german_credit|age_group,logreg_l2,True,43,logreg_l2|s43,800,200,0.7,0.7,2,1.2096983838057032,1.165247260107668,0.5901556445257401,0.7139103293766008,0.009903381642512032,1.134575569358178,0.6636904761904762,0.0,0.002605099987704307,0.1335383639477216,0.010692924734704888,False,0.12834502730472466,0.010524790782328902,False,0.1657233713944647,0.011683728025922834,False,0.47215257322630705,0.015692843569481647,False,0.0,0.0,False
german_credit,German Credit,False,ev10,sex,german_credit|sex,logreg_l2,True,43,logreg_l2|s43,800,200,0.7,0.7,2,1.0778597436691029,1.0106918688998974,0.5968664938342764,0.6433383660488893,0.054295097773358614,1.2088258471237192,0.6636904761904762,0.0,0.002605099987704307,0.06456457180360131,0.007765660495628125,False,0.06590036411367439,0.007836571710269108,False,0.08277859743669103,0.00871353727791737,False,0.3090147538604385,0.014610223755198845,False,0.0,0.0,False
german_credit,German Credit,False,ev10,age_group,german_credit|age_group,logreg_l2,True,43,logreg_l2|s43,800,200,0.7,0.7,2,1.2096983838057032,1.165247260107668,0.5901556445257401,0.7139103293766008,0.009903381642512032,1.134575569358178,0.6636904761904762,0.0,0.002605099987704307,0.1335383639477216,0.010692924734704888,False,0.12834502730472466,0.010524790782328902,False,0.1657233713944647,0.011683728025922834,False,0.47215257322630705,0.015692843569481647,False,0.0,0.0,False
german_credit,German Credit,False,m30,sex,german_credit|sex,logreg_l2,True,44,logreg_l2|s44,800,200,0.7,0.7,2,1.3481537038134872,1.4208599468719663,0.47923015034698946,0.6460759021693881,0.024115692788743148,1.054054054054054,0.6822619047619048,0.0,0.0023373999865725636,0.29520909269908246,0.014416359666035338,False,0.2873567963940035,0.014303420714854255,False,0.3490244630804312,0.01506510930759545,False,0.6275783519363851,0.015284392556650254,False,0.0009815370381348711,0.0009810461468622296,False
german_credit,German Credit,False,m30,age_group,german_credit|age_group,logreg_l2,True,44,logreg_l2|s44,800,200,0.7,0.7,2,1.0783082389888936,1.061276341376365,0.5611917041920088,0.6051376382824611,0.1258523119392686,1.1805555555555556,0.6822619047619048,0.0,0.0023373999865725636,0.06461390628877829,0.007768511250506368,False,0.0659631534584451,0.007840184585289336,False,0.08278308238988893,0.008713752499962151,False,0.3090954830180008,0.014611311791367307,False,0.0,0.0,False
german_credit,German Credit,False,ev10,sex,german_credit|sex,logreg_l2,True,44,logreg_l2|s44,800,200,0.7,0.7,2,1.3481537038134872,1.4208599468719663,0.47923015034698946,0.6460759021693881,0.024115692788743148,1.054054054054054,0.6822619047619048,0.0,0.0023373999865725636,0.29520909269908246,0.014416359666035338,False,0.2873567963940035,0.014303420714854255,False,0.3490244630804312,0.01506510930759545,False,0.6275783519363851,0.015284392556650254,False,0.0009815370381348711,0.0009810461468622296,False
german_credit,German Credit,False,ev10,age_group,german_credit|age_group,logreg_l2,True,44,logreg_l2|s44,800,200,0.7,0.7,2,1.0783082389888936,1.061276341376365,0.5611917041920088,0.6051376382824611,0.1258523119392686,1.1805555555555556,0.6822619047619048,0.0,0.0023373999865725636,0.06461390628877829,0.007768511250506368,False,0.0659631534584451,0.007840184585289336,False,0.08278308238988893,0.008713752499962151,False,0.3090954830180008,0.014611311791367307,False,0.0,0.0,False
german_credit,German Credit,False,m30,sex,german_credit|sex,logreg_l2,True,45,logreg_l2|s45,800,200,0.7,0.7,2,1.2230200898895127,1.0894135926253674,0.5401991353293398,0.6606743950487263,0.07166180758017482,1.175438596491228,0.6617857142857143,0.0,0.0023336000158451498,0.1431494751243304,0.011065290786222341,False,0.1373680658149403,0.010873386955134052,False,0.17751379294201353,0.012072672024818074,False,0.49225877046963534,0.015805217248079494,False,0.0,0.0,False
german_credit,German Credit,False,m30,age_group,german_credit|age_group,logreg_l2,True,45,logreg_l2|s45,800,200,0.7,0.7,2,1.063559094359721,1.2297497218470905,0.5952252109283271,0.6330571862750056,0.07615480649188511,1.163432073544433,0.6617857142857143,0.0,0.0023336000158451498,0.06299150037956931,0.007674761786139297,False,0.06389827321036094,0.0077213721610585925,False,0.08263559094359721,0.008706674742568083,False,0.30644063698474977,0.014575530809710928,False,0.0,0.0,False
german_credit,German Credit,False,ev10,sex,german_credit|sex,logreg_l2,True,45,logreg_l2|s45,800,200,0.7,0.7,2,1.2230200898895127,1.0894135926253674,0.5401991353293398,0.6606743950487263,0.07166180758017482,1.175438596491228,0.6617857142857143,0.0,0.0023336000158451498,0.1431494751243304,0.011065290786222341,False,0.1373680658149403,0.010873386955134052,False,0.17751379294201353,0.012072672024818074,False,0.49225877046963534,0.015805217248079494,False,0.0,0.0,False
german_credit,German Credit,False,ev10,age_group,german_credit|age_group,logreg_l2,True,45,logreg_l2|s45,800,200,0.7,0.7,2,1.063559094359721,1.2297497218470905,0.5952252109283271,0.6330571862750056,0.07615480649188511,1.163432073544433,0.6617857142857143,0.0,0.0023336000158451498,0.06299150037956931,0.007674761786139297,False,0.06389827321036094,0.0077213721610585925,False,0.08263559094359721,0.008706674742568083,False,0.30644063698474977,0.014575530809710928,False,0.0,0.0,False
german_credit,German Credit,False,m30,sex,german_credit|sex,logreg_l2,True,46,logreg_l2|s46,800,200,0.7,0.7,2,1.1466680176518123,1.049443141260709,0.5091916536501127,0.5838737840958228,0.029163276213973188,1.0071225071225072,0.693452380952381,0.0,0.0021874000085517764,0.09530683037896806,0.009091840836979151,False,0.09424663250016072,0.009082674287576788,False,0.11819227560628462,0.009983224033071947,False,0.3807068780686128,0.01510165471643624,False,0.0,0.0,False
german_credit,German Credit,False,m30,age_group,german_credit|age_group,logreg_l2,True,46,logreg_l2|s46,800,200,0.7,0.7,2,1.2853121780246268,1.2712740896554169,0.4728627800159335,0.6077762896890595,0.020444444444444487,1.2962962962962963,0.693452380952381,0.0,0.0021874000085517764,0.23425281268388798,0.013284903379743326,False,0.23142783844191783,0.013244272000640208,False,0.28178403048635065,0.01411541099052854,False,0.5791903770789627,0.01556690003436462,False,0.00035312178024626795,0.0003529451751938168,False
german_credit,German Credit,False,ev10,sex,german_credit|sex,logreg_l2,True,46,logreg_l2|s46,800,200,0.7,0.7,2,1.1466680176518123,1.049443141260709,0.5091916536501127,0.5838737840958228,0.029163276213973188,1.0071225071225072,0.693452380952381,0.0,0.0021874000085517764,0.09530683037896806,0.009091840836979151,False,0.09424663250016072,0.009082674287576788,False,0.11819227560628462,0.009983224033071947,False,0.3807068780686128,0.01510165471643624,False,0.0,0.0,False
german_credit,German Credit,False,ev10,age_group,german_credit|age_group,logreg_l2,True,46,logreg_l2|s46,800,200,0.7,0.7,2,1.2853121780246268,1.2712740896554169,0.4728627800159335,0.6077762896890595,0.020444444444444487,1.2962962962962963,0.693452380952381,0.0,0.0021874000085517764,0.23425281268388798,0.013284903379743326,False,0.23142783844191783,0.013244272000640208,False,0.28178403048635065,0.01411541099052854,False,0.5791903770789627,0.01556690003436462,False,0.00035312178024626795,0.0003529451751938168,False
german_credit,German Credit,False,m30,sex,german_credit|sex,logreg_l2,True,47,logreg_l2|s47,800,200,0.7,0.7,2,1.168972885314185,1.4555697627807012,0.5295431593639512,0.6190215949000674,0.07321946346336594,1.0848356309650053,0.6754761904761905,0.0,0.0021990000386722386,0.10883601240368596,0.00965842432100868,False,0.10631320025193612,0.009593003189849635,False,0.13501233974512308,0.010584989798278977,False,0.41306721885746506,0.015310861642165541,False,0.0,0.0,False
german_credit,German Credit,False,m30,age_group,german_credit|age_group,logreg_l2,True,47,logreg_l2|s47,800,200,0.7,0.7,2,1.0850855836876272,1.133827869524811,0.5580509246118786,0.6055330132599003,0.21388888888888896,1.2365591397849462,0.6754761904761905,0.0,0.0021990000386722386,0.06535941420563898,0.0078115898459986495,False,0.0669119817162678,0.007894779802418827,False,0.08285085583687628,0.008717004783586703,False,0.31031540506377286,0.014627753425946216,False,0.0,0.0,False
german_credit,German Credit,False,ev10,sex,german_credit|sex,logreg_l2,True,47,logreg_l2|s47,800,200,0.7,0.7,2,1.168972885314185,1.4555697627807012,0.5295431593639512,0.6190215949000674,0.07321946346336594,1.0848356309650053,0.6754761904761905,0.0,0.0021990000386722386,0.10883601240368596,0.00965842432100868,False,0.10631320025193612,0.009593003189849635,False,0.13501233974512308,0.010584989798278977,False,0.41306721885746506,0.015310861642165541,False,0.0,0.0,False
german_credit,German Credit,False,ev10,age_group,german_credit|age_group,logreg_l2,True,47,logreg_l2|s47,800,200,0.7,0.7,2,1.0850855836876272,1.133827869524811,0.5580509246118786,0.6055330132599003,0.21388888888888896,1.2365591397849462,0.6754761904761905,0.0,0.0021990000386722386,0.06535941420563898,0.0078115898459986495,False,0.0669119817162678,0.007894779802418827,False,0.08285085583687628,0.008717004783586703,False,0.31031540506377286,0.014627753425946216,False,0.0,0.0,False
german_credit,German Credit,False,m30,sex,german_credit|sex,random_forest,False,42,random_forest|s42,800,200,0.7,0.7,2,1.0764128935641082,1.1092136656781184,0.6658179641341179,0.7166950413605694,0.07174753719585225,1.2801341487472873,0.6535714285714286,0.0,0.38628129998687655,0.0644054182920519,0.007756463933673311,False,0.06569780509897515,0.007824916541593568,False,0.08276412893564108,0.008712842969583823,False,0.3087543208415395,0.01460671374032219,False,0.0,0.0,False
german_credit,German Credit,False,m30,age_group,german_credit|age_group,random_forest,False,42,random_forest|s42,800,200,0.7,0.7,2,1.0188941434363625,1.3631707436893892,0.6816925615764677,0.6945725586143949,0.0261784511784513,1.0953389830508475,0.6535714285714286,0.0,0.38628129998687655,0.05807835577799988,0.007390859544326291,False,0.057645180081090756,0.007361571560361033,False,0.08218894143436363,0.008685241114069507,False,0.29840094581854526,0.01446717498095929,False,0.0,0.0,False
german_credit,German Credit,False,ev10,sex,german_credit|sex,random_forest,False,42,random_forest|s42,800,200,0.7,0.7,2,1.0764128935641082,1.1092136656781184,0.6658179641341179,0.7166950413605694,0.07174753719585225,1.2801341487472873,0.6535714285714286,0.0,0.38628129998687655,0.0644054182920519,0.007756463933673311,False,0.06569780509897515,0.007824916541593568,False,0.08276412893564108,0.008712842969583823,False,0.3087543208415395,0.01460671374032219,False,0.0,0.0,False
german_credit,German Credit,False,ev10,age_group,german_credit|age_group,random_forest,False,42,random_forest|s42,800,200,0.7,0.7,2,1.0188941434363625,1.3631707436893892,0.6816925615764677,0.6945725586143949,0.0261784511784513,1.0953389830508475,0.6535714285714286,0.0,0.38628129998687655,0.05807835577799988,0.007390859544326291,False,0.057645180081090756,0.007361571560361033,False,0.08218894143436363,0.008685241114069507,False,0.29840094581854526,0.01446717498095929,False,0.0,0.0,False
german_credit,German Credit,False,m30,sex,german_credit|sex,random_forest,False,43,random_forest|s43,800,200,0.7,0.7,2,1.2040403297201496,1.2865994258594622,0.6306852237917607,0.759370444803858,0.005070706157662586,1.2088258471237192,0.6773809523809524,0.0,0.40491699997801334,0.13010642950238582,0.01054920005338663,False,0.12528411279942522,0.010395336146050026,False,0.16145664208404725,0.011531078689557587,False,0.46394375705300395,0.015639774252112614,False,0.0,0.0,False
german_credit,German Credit,False,m30,age_group,german_credit|age_group,random_forest,False,43,random_forest|s43,800,200,0.7,0.7,2,1.1193370083798377,1.206623636809283,0.6922818345370558,0.7748966776264139,0.1755434782608697,1.134575569358178,0.6773809523809524,0.0,0.40491699997801334,0.07872900508285235,0.008397584377368691,False,0.0794610045333548,0.008457348723179693,False,0.09758200631922186,0.009245857375829893,False,0.3410545121576333,0.014845305451629143,False,0.0,0.0,False
german_credit,German Credit,False,ev10,sex,german_credit|sex,random_forest,False,43,random_forest|s43,800,200,0.7,0.7,2,1.2040403297201496,1.2865994258594622,0.6306852237917607,0.759370444803858,0.005070706157662586,1.2088258471237192,0.6773809523809524,0.0,0.40491699997801334,0.13010642950238582,0.01054920005338663,False,0.12528411279942522,0.010395336146050026,False,0.16145664208404725,0.011531078689557587,False,0.46394375705300395,0.015639774252112614,False,0.0,0.0,False
german_credit,German Credit,False,ev10,age_group,german_credit|age_group,random_forest,False,43,random_forest|s43,800,200,0.7,0.7,2,1.1193370083798377,1.206623636809283,0.6922818345370558,0.7748966776264139,0.1755434782608697,1.134575569358178,0.6773809523809524,0.0,0.40491699997801334,0.07872900508285235,0.008397584377368691,False,0.0794610045333548,0.008457348723179693,False,0.09758200631922186,0.009245857375829893,False,0.3410545121576333,0.014845305451629143,False,0.0,0.0,False
german_credit,German Credit,False,m30,sex,german_credit|sex,random_forest,False,44,random_forest|s44,800,200,0.7,0.7,2,1.236129962173263,1.2331903035432072,0.591731806232083,0.7314574152543813,0.0825744251188848,1.054054054054054,0.6754761904761905,0.0,0.3765177999739535,0.17077384886509012,0.011834888458241708,False,0.16780169790221794,0.011736233074091423,False,0.20982026392696979,0.012805952889941848,False,0.5212877733836541,0.01576655348796255,False,0.0,0.0,False
german_credit,German Credit,False,m30,age_group,german_credit|age_group,random_forest,False,44,random_forest|s44,800,200,0.7,0.7,2,1.0316230044160621,1.1079863462341935,0.6814971544348323,0.7030481419590587,0.05729468599033827,1.1805555555555556,0.6754761904761905,0.0,0.3765177999739535,0.05947853048576683,0.007471767551458409,False,0.0594272206182487,0.007464109495184924,False,0.08231623004416062,0.008691349386256285,False,0.30069214079489115,0.014498054815191872,False,0.0,0.0,False
german_credit,German Credit,False,ev10,sex,german_credit|sex,random_forest,False,44,random_forest|s44,800,200,0.7,0.7,2,1.236129962173263,1.2331903035432072,0.591731806232083,0.7314574152543813,0.0825744251188848,1.054054054054054,0.6754761904761905,0.0,0.3765177999739535,0.17077384886509012,0.011834888458241708,False,0.16780169790221794,0.011736233074091423,False,0.20982026392696979,0.012805952889941848,False,0.5212877733836541,0.01576655348796255,False,0.0,0.0,False
german_credit,German Credit,False,ev10,age_group,german_credit|age_group,random_forest,False,44,random_forest|s44,800,200,0.7,0.7,2,1.0316230044160621,1.1079863462341935,0.6814971544348323,0.7030481419590587,0.05729468599033827,1.1805555555555556,0.6754761904761905,0.0,0.3765177999739535,0.05947853048576683,0.007471767551458409,False,0.0594272206182487,0.007464109495184924,False,0.08231623004416062,0.008691349386256285,False,0.30069214079489115,0.014498054815191872,False,0.0,0.0,False
german_credit,German Credit,False,m30,sex,german_credit|sex,random_forest,False,45,random_forest|s45,800,200,0.7,0.7,2,1.2138890544687553,1.0272754793849075,0.5937070376309518,0.7206944745412818,0.012555879494655087,1.175438596491228,0.7227380952380953,0.0,0.35729720001108944,0.13608024615317943,0.010799375255758544,False,0.1306121114339168,0.010620672111536255,False,0.16888354927152038,0.011796788644638649,False,0.47823248066368595,0.015732149668017264,False,0.0,0.0,False
german_credit,German Credit,False,m30,age_group,german_credit|age_group,random_forest,False,45,random_forest|s45,800,200,0.7,0.7,2,1.0676474807652756,1.1271504479170082,0.6539446356465164,0.6981823428079693,0.023220973782771437,1.163432073544433,0.7227380952380953,0.0,0.35729720001108944,0.06344122288418032,0.007700748651498814,False,0.06447064730713858,0.007754306348921608,False,0.08267647480765276,0.008708636660214106,False,0.3071765465377496,0.014585449112274182,False,0.0,0.0,False
german_credit,German Credit,False,ev10,sex,german_credit|sex,random_forest,False,45,random_forest|s45,800,200,0.7,0.7,2,1.2138890544687553,1.0272754793849075,0.5937070376309518,0.7206944745412818,0.012555879494655087,1.175438596491228,0.7227380952380953,0.0,0.35729720001108944,0.13608024615317943,0.010799375255758544,False,0.1306121114339168,0.010620672111536255,False,0.16888354927152038,0.011796788644638649,False,0.47823248066368595,0.015732149668017264,False,0.0,0.0,False
german_credit,German Credit,False,ev10,age_group,german_credit|age_group,random_forest,False,45,random_forest|s45,800,200,0.7,0.7,2,1.0676474807652756,1.1271504479170082,0.6539446356465164,0.6981823428079693,0.023220973782771437,1.163432073544433,0.7227380952380953,0.0,0.35729720001108944,0.06344122288418032,0.007700748651498814,False,0.06447064730713858,0.007754306348921608,False,0.08267647480765276,0.008708636660214106,False,0.3071765465377496,0.014585449112274182,False,0.0,0.0,False
german_credit,German Credit,False,m30,sex,german_credit|sex,random_forest,False,46,random_forest|s46,800,200,0.7,0.7,2,1.1067270211709879,1.3285441343299662,0.6373443964327763,0.7053662653240677,0.08458749694815837,1.0071225071225072,0.7308333333333333,0.0,0.4093822999857366,0.07108032431682866,0.008077268175788594,False,0.07263920817446881,0.008168835873546295,False,0.08807283563713833,0.008905650981564418,False,0.32275969464971177,0.014727030970140081,False,0.0,0.0,False
german_credit,German Credit,False,m30,age_group,german_credit|age_group,random_forest,False,46,random_forest|s46,800,200,0.7,0.7,2,1.1556373151907169,1.2910332271061824,0.5839486062132926,0.6748327994936907,0.07200000000000006,1.2962962962962963,0.7308333333333333,0.0,0.4093822999857366,0.10074722396813973,0.009319677017216298,False,0.09909887543104354,0.009287889213595356,False,0.12495600817660615,0.01022520781340944,False,0.3937197113832531,0.0151857816071432,False,0.0,0.0,False
german_credit,German Credit,False,ev10,sex,german_credit|sex,random_forest,False,46,random_forest|s46,800,200,0.7,0.7,2,1.1067270211709879,1.3285441343299662,0.6373443964327763,0.7053662653240677,0.08458749694815837,1.0071225071225072,0.7308333333333333,0.0,0.4093822999857366,0.07108032431682866,0.008077268175788594,False,0.07263920817446881,0.008168835873546295,False,0.08807283563713833,0.008905650981564418,False,0.32275969464971177,0.014727030970140081,False,0.0,0.0,False
german_credit,German Credit,False,ev10,age_group,german_credit|age_group,random_forest,False,46,random_forest|s46,800,200,0.7,0.7,2,1.1556373151907169,1.2910332271061824,0.5839486062132926,0.6748327994936907,0.07200000000000006,1.2962962962962963,0.7308333333333333,0.0,0.4093822999857366,0.10074722396813973,0.009319677017216298,False,0.09909887543104354,0.009287889213595356,False,0.12495600817660615,0.01022520781340944,False,0.3937197113832531,0.0151857816071432,False,0.0,0.0,False
german_credit,German Credit,False,m30,sex,german_credit|sex,random_forest,False,47,random_forest|s47,800,200,0.7,0.7,2,1.1623897276395696,1.1894540966378777,0.6697032925955911,0.7784562278795122,0.026437880096416566,1.0848356309650053,0.6830952380952381,0.0,0.3926746999495663,0.10484294955187007,0.009491200355923629,False,0.10275181987058682,0.0094423824517924,False,0.1300479913347574,0.010407381978519242,False,0.40351624419839194,0.015249115381235204,False,0.0,0.0,False
german_credit,German Credit,False,m30,age_group,german_credit|age_group,random_forest,False,47,random_forest|s47,800,200,0.7,0.7,2,1.1712168486319476,1.1273066427076117,0.7057362234477779,0.8265701555919185,0.1499074074074075,1.2365591397849462,0.6830952380952381,0.0,0.3926746999495663,0.11019710490790265,0.009715424997894885,False,0.10752714762056183,0.009644344419666755,False,0.1367045088044195,0.010645529960339115,False,0.4163228049824158,0.015331908737098563,False,0.0,0.0,False
german_credit,German Credit,False,ev10,sex,german_credit|sex,random_forest,False,47,random_forest|s47,800,200,0.7,0.7,2,1.1623897276395696,1.1894540966378777,0.6697032925955911,0.7784562278795122,0.026437880096416566,1.0848356309650053,0.6830952380952381,0.0,0.3926746999495663,0.10484294955187007,0.009491200355923629,False,0.10275181987058682,0.0094423824517924,False,0.1300479913347574,0.010407381978519242,False,0.40351624419839194,0.015249115381235204,False,0.0,0.0,False
german_credit,German Credit,False,ev10,age_group,german_credit|age_group,random_forest,False,47,random_forest|s47,800,200,0.7,0.7,2,1.1712168486319476,1.1273066427076117,0.7057362234477779,0.8265701555919185,0.1499074074074075,1.2365591397849462,0.6830952380952381,0.0,0.3926746999495663,0.11019710490790265,0.009715424997894885,False,0.10752714762056183,0.009644344419666755,False,0.1367045088044195,0.010645529960339115,False,0.4163228049824158,0.015331908737098563,False,0.0,0.0,False
german_credit,German Credit,False,m30,sex,german_credit|sex,hgb_deep,False,42,hgb_deep|s42,800,200,0.7,0.7,2,1.0306480659729944,1.0801872218816184,2.616381212967902,2.6965682369934454,0.012885419795756858,1.2801341487472873,0.625357142857143,0.0,0.45694030000595376,0.059371287257029386,0.007465570584846008,False,0.05929072923621922,0.007456255832968641,False,0.08230648065972995,0.008690881536903141,False,0.300516651875139,0.014495689643826035,False,0.0,0.0,False
german_credit,German Credit,False,m30,age_group,german_credit|age_group,hgb_deep,False,42,hgb_deep|s42,800,200,0.7,0.7,2,1.0602897195768843,1.030473693584149,2.6022718212574274,2.7591620596238657,0.10090488215488214,1.0953389830508475,0.625357142857143,0.0,0.45694030000595376,0.06263186915345728,0.007653980775279867,False,0.0634405607407638,0.0076950355596193875,False,0.08260289719576884,0.008705105848769495,False,0.30585214952383916,0.014567599404732965,False,0.0,0.0,False
german_credit,German Credit,False,ev10,sex,german_credit|sex,hgb_deep,False,42,hgb_deep|s42,800,200,0.7,0.7,2,1.0306480659729944,1.0801872218816184,2.616381212967902,2.6965682369934454,0.012885419795756858,1.2801341487472873,0.625357142857143,0.0,0.45694030000595376,0.059371287257029386,0.007465570584846008,False,0.05929072923621922,0.007456255832968641,False,0.08230648065972995,0.008690881536903141,False,0.300516651875139,0.014495689643826035,False,0.0,0.0,False
german_credit,German Credit,False,ev10,age_group,german_credit|age_group,hgb_deep,False,42,hgb_deep|s42,800,200,0.7,0.7,2,1.0602897195768843,1.030473693584149,2.6022718212574274,2.7591620596238657,0.10090488215488214,1.0953389830508475,0.625357142857143,0.0,0.45694030000595376,0.06263186915345728,0.007653980775279867,False,0.0634405607407638,0.0076950355596193875,False,0.08260289719576884,0.008705105848769495,False,0.30585214952383916,0.014567599404732965,False,0.0,0.0,False
german_credit,German Credit,False,m30,sex,german_credit|sex,hgb_deep,False,43,hgb_deep|s43,800,200,0.7,0.7,2,1.136818825799208,1.2268150586965396,2.320484633758236,2.6379706166341435,0.0032465575943838587,1.2088258471237192,0.6648809523809525,0.0,0.4501495999866165,0.08933273040279827,0.008841653769331239,False,0.08891838117006333,0.008857327634886562,False,0.1107650161764519,0.009717501475934715,False,0.36641747677426073,0.015009274919362733,False,0.0,0.0,False
german_credit,German Credit,False,m30,age_group,german_credit|age_group,hgb_deep,False,43,hgb_deep|s43,800,200,0.7,0.7,2,1.0004114410087896,1.07765375459161,2.5779665361308086,2.5790272172830604,0.15664251207729474,1.134575569358178,0.6648809523809525,0.0,0.4501495999866165,0.05604525851096686,0.007273378599077867,False,0.055057601741230554,0.007212683286703999,False,0.0820041144100879,0.008676371712686707,False,0.2950740593815821,0.01442233650027796,False,0.0,0.0,False
german_credit,German Credit,False,ev10,sex,german_credit|sex,hgb_deep,False,43,hgb_deep|s43,800,200,0.7,0.7,2,1.136818825799208,1.2268150586965396,2.320484633758236,2.6379706166341435,0.0032465575943838587,1.2088258471237192,0.6648809523809525,0.0,0.4501495999866165,0.08933273040279827,0.008841653769331239,False,0.08891838117006333,0.008857327634886562,False,0.1107650161764519,0.009717501475934715,False,0.36641747677426073,0.015009274919362733,False,0.0,0.0,False
german_credit,German Credit,False,ev10,age_group,german_credit|age_group,hgb_deep,False,43,hgb_deep|s43,800,200,0.7,0.7,2,1.0004114410087896,1.07765375459161,2.5779665361308086,2.5790272172830604,0.15664251207729474,1.134575569358178,0.6648809523809525,0.0,0.4501495999866165,0.05604525851096686,0.007273378599077867,False,0.055057601741230554,0.007212683286703999,False,0.0820041144100879,0.008676371712686707,False,0.2950740593815821,0.01442233650027796,False,0.0,0.0,False
german_credit,German Credit,False,m30,sex,german_credit|sex,hgb_deep,False,44,hgb_deep|s44,800,200,0.7,0.7,2,1.0638246265468814,1.0380261839083575,2.6928843233862985,2.8647566596603804,0.026447788417692797,1.054054054054054,0.6354761904761905,0.0,0.46621980000054464,0.06302070892015695,0.007676449578953347,False,0.06393544771656338,0.007723511168008555,False,0.08263824626546881,0.008706802165035507,False,0.3064884327784386,0.014576174982817696,False,0.0,0.0,False
german_credit,German Credit,False,m30,age_group,german_credit|age_group,hgb_deep,False,44,hgb_deep|s44,800,200,0.7,0.7,2,1.0059627628499075,1.2645780135155538,2.8111272939137444,2.827889379308254,0.013809523809523827,1.1805555555555556,0.6354761904761905,0.0,0.46621980000054464,0.056655903913489826,0.007308664269007813,False,0.05583478679898705,0.0072574022193751,False,0.08205962762849908,0.008679035657626953,False,0.2960732973129833,0.014435803840246463,False,0.0,0.0,False
german_credit,German Credit,False,ev10,sex,german_credit|sex,hgb_deep,False,44,hgb_deep|s44,800,200,0.7,0.7,2,1.0638246265468814,1.0380261839083575,2.6928843233862985,2.8647566596603804,0.026447788417692797,1.054054054054054,0.6354761904761905,0.0,0.46621980000054464,0.06302070892015695,0.007676449578953347,False,0.06393544771656338,0.007723511168008555,False,0.08263824626546881,0.008706802165035507,False,0.3064884327784386,0.014576174982817696,False,0.0,0.0,False
german_credit,German Credit,False,ev10,age_group,german_credit|age_group,hgb_deep,False,44,hgb_deep|s44,800,200,0.7,0.7,2,1.0059627628499075,1.2645780135155538,2.8111272939137444,2.827889379308254,0.013809523809523827,1.1805555555555556,0.6354761904761905,0.0,0.46621980000054464,0.056655903913489826,0.007308664269007813,False,0.05583478679898705,0.0072574022193751,False,0.08205962762849908,0.008679035657626953,False,0.2960732973129833,0.014435803840246463,False,0.0,0.0,False
german_credit,German Credit,False,m30,sex,german_credit|sex,hgb_deep,False,45,hgb_deep|s45,800,200,0.7,0.7,2,1.0945566179612336,1.0285580018730693,2.482000946743229,2.7166905620438486,0.08744412050534489,1.175438596491228,0.6744047619047621,0.0,0.44638419995317236,0.0664012279757357,0.00787179024490155,False,0.0682379265145727,0.007971074161875709,False,0.08294556617961234,0.008721549703617312,False,0.31202019123302205,0.014650729870487994,False,0.0,0.0,False
german_credit,German Credit,False,m30,age_group,german_credit|age_group,hgb_deep,False,45,hgb_deep|s45,800,200,0.7,0.7,2,1.1415781894565062,1.3352529559462967,2.4166239336623208,2.758765174787492,0.021429095982962276,1.163432073544433,0.6744047619047621,0.0,0.44638419995317236,0.09221955753919228,0.008962550108351647,False,0.09149311888630664,0.008966220494844822,False,0.114354044508185,0.009845904932816195,False,0.37332245519509505,0.015053915033540626,False,0.0,0.0,False
german_credit,German Credit,False,ev10,sex,german_credit|sex,hgb_deep,False,45,hgb_deep|s45,800,200,0.7,0.7,2,1.0945566179612336,1.0285580018730693,2.482000946743229,2.7166905620438486,0.08744412050534489,1.175438596491228,0.6744047619047621,0.0,0.44638419995317236,0.0664012279757357,0.00787179024490155,False,0.0682379265145727,0.007971074161875709,False,0.08294556617961234,0.008721549703617312,False,0.31202019123302205,0.014650729870487994,False,0.0,0.0,False
german_credit,German Credit,False,ev10,age_group,german_credit|age_group,hgb_deep,False,45,hgb_deep|s45,800,200,0.7,0.7,2,1.1415781894565062,1.3352529559462967,2.4166239336623208,2.758765174787492,0.021429095982962276,1.163432073544433,0.6744047619047621,0.0,0.44638419995317236,0.09221955753919228,0.008962550108351647,False,0.09149311888630664,0.008966220494844822,False,0.114354044508185,0.009845904932816195,False,0.37332245519509505,0.015053915033540626,False,0.0,0.0,False
german_credit,German Credit,False,m30,sex,german_credit|sex,hgb_deep,False,46,hgb_deep|s46,800,200,0.7,0.7,2,1.0173150389965586,1.0871513671958513,2.416615364390123,2.458459153664221,0.028046033057478104,1.0071225071225072,0.6997619047619048,0.0,0.4371183000039309,0.057904654289621445,0.007380822338838559,False,0.057424105459518204,0.0073488510107072216,False,0.08217315038996559,0.008684483340082892,False,0.29811670701938053,0.01446334412104065,False,0.0,0.0,False
german_credit,German Credit,False,m30,age_group,german_credit|age_group,hgb_deep,False,46,hgb_deep|s46,800,200,0.7,0.7,2,1.1657499358223464,1.0093495725526058,2.2154911742357206,2.5827086941802664,0.05555555555555569,1.2962962962962963,0.6997619047619048,0.0,0.4371183000039309,0.10688110861355438,0.009576555646440502,False,0.10456963741208905,0.00951926304033844,False,0.13258191881685139,0.010498037447942839,False,0.4083913003324206,0.015280632215783164,False,0.0,0.0,False
german_credit,German Credit,False,ev10,sex,german_credit|sex,hgb_deep,False,46,hgb_deep|s46,800,200,0.7,0.7,2,1.0173150389965586,1.0871513671958513,2.416615364390123,2.458459153664221,0.028046033057478104,1.0071225071225072,0.6997619047619048,0.0,0.4371183000039309,0.057904654289621445,0.007380822338838559,False,0.057424105459518204,0.0073488510107072216,False,0.08217315038996559,0.008684483340082892,False,0.29811670701938053,0.01446334412104065,False,0.0,0.0,False
german_credit,German Credit,False,ev10,age_group,german_credit|age_group,hgb_deep,False,46,hgb_deep|s46,800,200,0.7,0.7,2,1.1657499358223464,1.0093495725526058,2.2154911742357206,2.5827086941802664,0.05555555555555569,1.2962962962962963,0.6997619047619048,0.0,0.4371183000039309,0.10688110861355438,0.009576555646440502,False,0.10456963741208905,0.00951926304033844,False,0.13258191881685139,0.010498037447942839,False,0.4083913003324206,0.015280632215783164,False,0.0,0.0,False
german_credit,German Credit,False,m30,sex,german_credit|sex,hgb_deep,False,47,hgb_deep|s47,800,200,0.7,0.7,2,1.0537660254366783,1.1990728200891512,2.5770331045241246,2.7155899319731307,0.06933084981865478,1.0848356309650053,0.6452380952380953,0.0,0.44047229998977855,0.06191426279803461,0.0076125144498273905,False,0.06252724356113495,0.0076424836364248246,False,0.08253766025436679,0.00870197528590647,False,0.30467788457860207,0.014551773118786806,False,0.0,0.0,False
german_credit,German Credit,False,m30,age_group,german_credit|age_group,hgb_deep,False,47,hgb_deep|s47,800,200,0.7,0.7,2,1.084963712731539,1.2050406174072712,2.5379733360989696,2.753608973547588,0.1488425925925927,1.2365591397849462,0.6452380952380953,0.0,0.44047229998977855,0.06534600840046928,0.007810815201967254,False,0.06689491978241546,0.007893798065233368,False,0.0828496371273154,0.008716946300665674,False,0.31029346829167703,0.014627457770668987,False,0.0,0.0,False
german_credit,German Credit,False,ev10,sex,german_credit|sex,hgb_deep,False,47,hgb_deep|s47,800,200,0.7,0.7,2,1.0537660254366783,1.1990728200891512,2.5770331045241246,2.7155899319731307,0.06933084981865478,1.0848356309650053,0.6452380952380953,0.0,0.44047229998977855,0.06191426279803461,0.0076125144498273905,False,0.06252724356113495,0.0076424836364248246,False,0.08253766025436679,0.00870197528590647,False,0.30467788457860207,0.014551773118786806,False,0.0,0.0,False
german_credit,German Credit,False,ev10,age_group,german_credit|age_group,hgb_deep,False,47,hgb_deep|s47,800,200,0.7,0.7,2,1.084963712731539,1.2050406174072712,2.5379733360989696,2.753608973547588,0.1488425925925927,1.2365591397849462,0.6452380952380953,0.0,0.44047229998977855,0.06534600840046928,0.007810815201967254,False,0.06689491978241546,0.007893798065233368,False,0.0828496371273154,0.008716946300665674,False,0.31029346829167703,0.014627457770668987,False,0.0,0.0,False
